[ {
  "date" : "20141001",
  "summary" : [ {
    "activity" : "walking",
    "group" : "walking",
    "duration" : 449.0,
    "distance" : 368.0,
    "steps" : 615
  } ],
  "lastUpdate" : "20141002T120758Z"
}, {
  "date" : "20141002",
  "summary" : [ {
    "activity" : "walking",
    "group" : "walking",
    "duration" : 1787.0,
    "distance" : 1626.0,
    "steps" : 2426
  }, {
    "activity" : "transport",
    "group" : "transport",
    "duration" : 129.0,
    "distance" : 537.0
  }, {
    "activity" : "cycling",
    "group" : "cycling",
    "duration" : 171.0,
    "distance" : 449.0
  } ],
  "lastUpdate" : "20141003T171222Z"
}, {
  "date" : "20141003",
  "summary" : [ {
    "activity" : "walking",
    "group" : "walking",
    "duration" : 784.0,
    "distance" : 795.0,
    "steps" : 1126
  } ],
  "lastUpdate" : "20141005T110523Z"
}, {
  "date" : "20141004",
  "summary" : [ {
    "activity" : "walking",
    "group" : "walking",
    "duration" : 949.0,
    "distance" : 805.0,
    "steps" : 1232
  } ],
  "lastUpdate" : "20141005T110523Z"
}, {
  "date" : "20141005",
  "summary" : [ {
    "activity" : "walking",
    "group" : "walking",
    "duration" : 1653.0,
    "distance" : 1783.0,
    "steps" : 2428
  } ],
  "lastUpdate" : "20141006T123521Z"
}, {
  "date" : "20141006",
  "summary" : [ {
    "activity" : "walking",
    "group" : "walking",
    "duration" : 2279.0,
    "distance" : 2667.0,
    "steps" : 3483
  }, {
    "activity" : "transport",
    "group" : "transport",
    "duration" : 520.0,
    "distance" : 925.0
  } ],
  "lastUpdate" : "20141007T114220Z"
}, {
  "date" : "20141007",
  "summary" : [ {
    "activity" : "walking",
    "group" : "walking",
    "duration" : 2079.0,
    "distance" : 3213.0,
    "steps" : 3236
  }, {
    "activity" : "transport",
    "group" : "transport",
    "duration" : 563.0,
    "distance" : 1539.0
  } ],
  "lastUpdate" : "20141009T093705Z"
}, {
  "date" : "20141008",
  "summary" : [ {
    "activity" : "walking",
    "group" : "walking",
    "duration" : 668.0,
    "distance" : 519.0,
    "steps" : 803
  } ],
  "lastUpdate" : "20141009T093705Z"
}, {
  "date" : "20141009",
  "summary" : [ {
    "activity" : "walking",
    "group" : "walking",
    "duration" : 5313.0,
    "distance" : 6570.0,
    "steps" : 8369
  }, {
    "activity" : "transport",
    "group" : "transport",
    "duration" : 965.0,
    "distance" : 3576.0
  } ],
  "lastUpdate" : "20141010T050522Z"
}, {
  "date" : "20141010",
  "summary" : [ {
    "activity" : "walking",
    "group" : "walking",
    "duration" : 8150.0,
    "distance" : 8891.0,
    "steps" : 11271
  }, {
    "activity" : "transport",
    "group" : "transport",
    "duration" : 17629.0,
    "distance" : 268789.0
  } ],
  "lastUpdate" : "20141011T003948Z"
}, {
  "date" : "20141011",
  "summary" : [ {
    "activity" : "walking",
    "group" : "walking",
    "duration" : 3299.0,
    "distance" : 3431.0,
    "steps" : 4860
  } ],
  "lastUpdate" : "20141013T085909Z"
}, {
  "date" : "20141012",
  "summary" : [ {
    "activity" : "walking",
    "group" : "walking",
    "duration" : 842.0,
    "distance" : 772.0,
    "steps" : 1089
  } ],
  "lastUpdate" : "20141013T085909Z"
}, {
  "date" : "20141013",
  "summary" : [ {
    "activity" : "walking",
    "group" : "walking",
    "duration" : 3608.0,
    "distance" : 4515.0,
    "steps" : 6047
  }, {
    "activity" : "transport",
    "group" : "transport",
    "duration" : 2549.0,
    "distance" : 9510.0
  } ],
  "lastUpdate" : "20141013T235159Z"
}, {
  "date" : "20141014",
  "summary" : [ {
    "activity" : "walking",
    "group" : "walking",
    "duration" : 5749.0,
    "distance" : 6561.0,
    "steps" : 8580
  }, {
    "activity" : "transport",
    "group" : "transport",
    "duration" : 1955.0,
    "distance" : 6326.0
  } ],
  "lastUpdate" : "20141015T092742Z"
}, {
  "date" : "20141015",
  "summary" : [ {
    "activity" : "walking",
    "group" : "walking",
    "duration" : 2487.0,
    "distance" : 2291.0,
    "steps" : 3468
  }, {
    "activity" : "transport",
    "group" : "transport",
    "duration" : 3435.0,
    "distance" : 7680.0
  }, {
    "activity" : "cycling",
    "group" : "cycling",
    "duration" : 1137.0,
    "distance" : 4022.0
  } ],
  "lastUpdate" : "20141016T085143Z"
}, {
  "date" : "20141016",
  "summary" : [ {
    "activity" : "walking",
    "group" : "walking",
    "duration" : 3607.0,
    "distance" : 3990.0,
    "steps" : 5338
  }, {
    "activity" : "transport",
    "group" : "transport",
    "duration" : 2360.0,
    "distance" : 5939.0
  }, {
    "activity" : "cycling",
    "group" : "cycling",
    "duration" : 1447.0,
    "distance" : 4145.0
  } ],
  "lastUpdate" : "20141017T091602Z"
}, {
  "date" : "20141017",
  "summary" : [ {
    "activity" : "walking",
    "group" : "walking",
    "duration" : 4886.0,
    "distance" : 4906.0,
    "steps" : 7447
  }, {
    "activity" : "transport",
    "group" : "transport",
    "duration" : 3342.0,
    "distance" : 8842.0
  } ],
  "lastUpdate" : "20141018T104231Z"
}, {
  "date" : "20141018",
  "summary" : [ {
    "activity" : "walking",
    "group" : "walking",
    "duration" : 974.0,
    "distance" : 812.0,
    "steps" : 1302
  }, {
    "activity" : "transport",
    "group" : "transport",
    "duration" : 141.0,
    "distance" : 499.0
  }, {
    "activity" : "cycling",
    "group" : "cycling",
    "duration" : 169.0,
    "distance" : 527.0
  } ],
  "lastUpdate" : "20141019T203231Z"
}, {
  "date" : "20141019",
  "summary" : [ {
    "activity" : "walking",
    "group" : "walking",
    "duration" : 4344.0,
    "distance" : 5148.0,
    "steps" : 6646
  }, {
    "activity" : "transport",
    "group" : "transport",
    "duration" : 4704.0,
    "distance" : 44742.0
  } ],
  "lastUpdate" : "20141022T140236Z"
}, {
  "date" : "20141020",
  "summary" : [ {
    "activity" : "walking",
    "group" : "walking",
    "duration" : 4422.0,
    "distance" : 5539.0,
    "steps" : 7514
  } ],
  "lastUpdate" : "20141022T140236Z"
}, {
  "date" : "20141021",
  "summary" : [ {
    "activity" : "walking",
    "group" : "walking",
    "duration" : 4050.0,
    "distance" : 5075.0,
    "steps" : 6852
  } ],
  "lastUpdate" : "20141022T180426Z"
}, {
  "date" : "20141022",
  "summary" : [ {
    "activity" : "walking",
    "group" : "walking",
    "duration" : 2813.0,
    "distance" : 2793.0,
    "steps" : 3904
  } ],
  "lastUpdate" : "20141023T074305Z"
}, {
  "date" : "20141023",
  "summary" : [ {
    "activity" : "walking",
    "group" : "walking",
    "duration" : 2743.0,
    "distance" : 3602.0,
    "steps" : 4302
  }, {
    "activity" : "transport",
    "group" : "transport",
    "duration" : 2071.0,
    "distance" : 8858.0
  }, {
    "activity" : "running",
    "group" : "running",
    "duration" : 119.0,
    "distance" : 304.0,
    "steps" : 203
  } ],
  "lastUpdate" : "20141024T074211Z"
}, {
  "date" : "20141024",
  "summary" : [ {
    "activity" : "walking",
    "group" : "walking",
    "duration" : 6067.0,
    "distance" : 7538.0,
    "steps" : 9345
  }, {
    "activity" : "transport",
    "group" : "transport",
    "duration" : 2797.0,
    "distance" : 9727.0
  }, {
    "activity" : "cycling",
    "group" : "cycling",
    "duration" : 700.0,
    "distance" : 2443.0
  } ],
  "lastUpdate" : "20141025T122131Z"
}, {
  "date" : "20141025",
  "summary" : [ {
    "activity" : "walking",
    "group" : "walking",
    "duration" : 10048.0,
    "distance" : 12186.0,
    "steps" : 14780
  } ],
  "lastUpdate" : "20141026T193908Z"
}, {
  "date" : "20141026",
  "summary" : [ {
    "activity" : "walking",
    "group" : "walking",
    "duration" : 1595.0,
    "distance" : 1791.0,
    "steps" : 2389
  } ],
  "lastUpdate" : "20141027T103439Z"
}, {
  "date" : "20141027",
  "summary" : [ {
    "activity" : "walking",
    "group" : "walking",
    "duration" : 5305.0,
    "distance" : 6096.0,
    "steps" : 8471
  }, {
    "activity" : "transport",
    "group" : "transport",
    "duration" : 1750.0,
    "distance" : 6418.0
  } ],
  "lastUpdate" : "20141028T093548Z"
}, {
  "date" : "20141028",
  "summary" : [ {
    "activity" : "walking",
    "group" : "walking",
    "duration" : 4766.0,
    "distance" : 5818.0,
    "steps" : 7805
  }, {
    "activity" : "transport",
    "group" : "transport",
    "duration" : 919.0,
    "distance" : 3404.0
  } ],
  "lastUpdate" : "20141029T103318Z"
}, {
  "date" : "20141029",
  "summary" : [ {
    "activity" : "walking",
    "group" : "walking",
    "duration" : 3841.0,
    "distance" : 4923.0,
    "steps" : 6348
  }, {
    "activity" : "transport",
    "group" : "transport",
    "duration" : 2042.0,
    "distance" : 6554.0
  } ],
  "lastUpdate" : "20141030T102040Z"
}, {
  "date" : "20141030",
  "summary" : [ {
    "activity" : "walking",
    "group" : "walking",
    "duration" : 4372.0,
    "distance" : 5531.0,
    "steps" : 6806
  }, {
    "activity" : "transport",
    "group" : "transport",
    "duration" : 1237.0,
    "distance" : 4470.0
  } ],
  "lastUpdate" : "20141031T104240Z"
}, {
  "date" : "20141031",
  "summary" : [ {
    "activity" : "walking",
    "group" : "walking",
    "duration" : 2526.0,
    "distance" : 3104.0,
    "steps" : 3736
  }, {
    "activity" : "transport",
    "group" : "transport",
    "duration" : 1826.0,
    "distance" : 7495.0
  } ],
  "lastUpdate" : "20141101T135750Z"
} ]