[ {
  "date" : "20141006",
  "segments" : [ {
    "type" : "place",
    "startTime" : "20141005T100326+0200",
    "endTime" : "20141006T111347+0200",
    "place" : {
      "id" : 251291724,
      "name" : "Home",
      "type" : "home",
      "location" : {
        "lat" : 49.8819996044,
        "lon" : 8.6702592175
      }
    },
    "lastUpdate" : "20141006T123521Z"
  }, {
    "type" : "place",
    "startTime" : "20141006T113215+0200",
    "endTime" : "20141006T124154+0200",
    "place" : {
      "id" : 227329234,
      "name" : "KOM Lab",
      "type" : "work",
      "location" : {
        "lat" : 49.8742715717,
        "lon" : 8.6605648722
      }
    },
    "lastUpdate" : "20141006T123521Z"
  }, {
    "type" : "place",
    "startTime" : "20141006T124758+0200",
    "endTime" : "20141006T130710+0200",
    "place" : {
      "id" : 228151899,
      "type" : "unknown",
      "location" : {
        "lat" : 49.8775237139,
        "lon" : 8.6614601496
      }
    },
    "lastUpdate" : "20141006T123521Z"
  }, {
    "type" : "place",
    "startTime" : "20141006T131309+0200",
    "endTime" : "20141007T115802+0200",
    "place" : {
      "id" : 251291724,
      "name" : "Home",
      "type" : "home",
      "location" : {
        "lat" : 49.8819996044,
        "lon" : 8.6702592175
      }
    },
    "lastUpdate" : "20141007T114220Z"
  } ],
  "lastUpdate" : "20141007T114220Z"
} ]