[ {
  "date" : "20140927",
  "segments" : [ {
    "type" : "place",
    "startTime" : "20140926T194159+0200",
    "endTime" : "20140927T121353+0200",
    "place" : {
      "id" : 260869940,
      "type" : "unknown",
      "location" : {
        "lat" : 49.8824855756,
        "lon" : 8.6697071135
      }
    },
    "lastUpdate" : "20140927T122535Z"
  }, {
    "type" : "place",
    "startTime" : "20140927T122206+0200",
    "endTime" : "20140927T122952+0200",
    "place" : {
      "id" : 233376386,
      "type" : "unknown",
      "location" : {
        "lat" : 49.8853907879,
        "lon" : 8.6710590028
      }
    },
    "lastUpdate" : "20140927T122535Z"
  }, {
    "type" : "place",
    "startTime" : "20140927T123631+0200",
    "endTime" : "20140929T113903+0200",
    "place" : {
      "id" : 251291724,
      "name" : "Home",
      "type" : "home",
      "location" : {
        "lat" : 49.8819996044,
        "lon" : 8.6702592175
      }
    },
    "lastUpdate" : "20140929T120833Z"
  } ],
  "lastUpdate" : "20140929T120833Z"
} ]