[ {
  "date" : "20141013",
  "segments" : [ {
    "type" : "place",
    "startTime" : "20141011T184711+0200",
    "endTime" : "20141013T091324+0200",
    "place" : {
      "id" : 251291724,
      "name" : "Home",
      "type" : "home",
      "location" : {
        "lat" : 49.8819996044,
        "lon" : 8.6702592175
      }
    },
    "lastUpdate" : "20141013T085909Z"
  }, {
    "type" : "place",
    "startTime" : "20141013T091821+0200",
    "endTime" : "20141013T092321+0200",
    "place" : {
      "id" : 251292369,
      "name" : "H Karlshof",
      "type" : "foursquare",
      "foursquareId" : "4d31931eb60937045413eddf",
      "location" : {
        "lat" : 49.882194,
        "lon" : 8.665967
      }
    },
    "lastUpdate" : "20141013T085909Z"
  }, {
    "type" : "place",
    "startTime" : "20141013T094542+0200",
    "endTime" : "20141013T175246+0200",
    "place" : {
      "id" : 249718361,
      "name" : "Consetto",
      "type" : "work",
      "location" : {
        "lat" : 49.8712952279,
        "lon" : 8.6249912643
      }
    },
    "lastUpdate" : "20141013T175037Z"
  }, {
    "type" : "place",
    "startTime" : "20141013T182420+0200",
    "endTime" : "20141013T184337+0200",
    "place" : {
      "id" : 251291724,
      "name" : "Home",
      "type" : "home",
      "location" : {
        "lat" : 49.8819996044,
        "lon" : 8.6702592175
      }
    },
    "lastUpdate" : "20141013T175037Z"
  }, {
    "type" : "place",
    "startTime" : "20141013T184808+0200",
    "endTime" : "20141013T185402+0200",
    "place" : {
      "id" : 251292369,
      "name" : "H Karlshof",
      "type" : "foursquare",
      "foursquareId" : "4d31931eb60937045413eddf",
      "location" : {
        "lat" : 49.882194,
        "lon" : 8.665967
      }
    },
    "lastUpdate" : "20141013T175037Z"
  }, {
    "type" : "place",
    "startTime" : "20141013T190153+0200",
    "endTime" : "20141013T203213+0200",
    "place" : {
      "id" : 236799681,
      "type" : "unknown",
      "location" : {
        "lat" : 49.8770449952,
        "lon" : 8.657750091
      }
    },
    "lastUpdate" : "20141013T192907Z"
  }, {
    "type" : "place",
    "startTime" : "20141013T203950+0200",
    "endTime" : "20141013T204423+0200",
    "place" : {
      "id" : 223218885,
      "type" : "unknown",
      "location" : {
        "lat" : 49.87574567,
        "lon" : 8.6603071569
      }
    },
    "lastUpdate" : "20141013T192907Z"
  }, {
    "type" : "place",
    "startTime" : "20141013T205331+0200",
    "endTime" : "20141013T225235+0200",
    "place" : {
      "id" : 251291724,
      "name" : "Home",
      "type" : "home",
      "location" : {
        "lat" : 49.8819996044,
        "lon" : 8.6702592175
      }
    },
    "lastUpdate" : "20141013T221913Z"
  }, {
    "type" : "place",
    "startTime" : "20141013T225607+0200",
    "endTime" : "20141014T011824+0200",
    "place" : {
      "id" : 251721107,
      "type" : "unknown",
      "location" : {
        "lat" : 49.8831093675,
        "lon" : 8.6697840805
      }
    },
    "lastUpdate" : "20141013T235159Z"
  } ],
  "lastUpdate" : "20141013T235159Z"
} ]