[ {
  "date" : "20141108",
  "segments" : [ {
    "type" : "place",
    "startTime" : "20141107T205109+0100",
    "endTime" : "20141108T061745+0100",
    "place" : {
      "id" : 251291724,
      "name" : "Home",
      "type" : "home",
      "location" : {
        "lat" : 49.8819996044,
        "lon" : 8.6702592175
      }
    },
    "lastUpdate" : "20141108T093345Z"
  }, {
    "type" : "place",
    "startTime" : "20141108T090452+0100",
    "endTime" : "20141108T114009+0100",
    "place" : {
      "id" : 251291724,
      "name" : "Home",
      "type" : "home",
      "location" : {
        "lat" : 49.8819996044,
        "lon" : 8.6702592175
      }
    },
    "lastUpdate" : "20141108T110438Z"
  }, {
    "type" : "place",
    "startTime" : "20141108T114728+0100",
    "endTime" : "20141108T120414+0100",
    "place" : {
      "id" : 276467313,
      "type" : "unknown",
      "location" : {
        "lat" : 49.8851207616,
        "lon" : 8.6709266168
      }
    },
    "lastUpdate" : "20141108T140636Z"
  }, {
    "type" : "place",
    "startTime" : "20141108T121006+0100",
    "endTime" : "20141109T154640+0100",
    "place" : {
      "id" : 251291724,
      "name" : "Home",
      "type" : "home",
      "location" : {
        "lat" : 49.8819996044,
        "lon" : 8.6702592175
      }
    },
    "lastUpdate" : "20141109T170253Z"
  } ],
  "lastUpdate" : "20141109T170253Z"
} ]