[ {
  "date" : "20140727",
  "segments" : [ {
    "type" : "place",
    "startTime" : "20140726T004019+0200",
    "endTime" : "20140727T105732+0200",
    "place" : {
      "id" : 222568631,
      "type" : "unknown",
      "location" : {
        "lat" : 49.8819681239,
        "lon" : 8.6703339401
      }
    },
    "lastUpdate" : "20140727T094738Z"
  }, {
    "type" : "place",
    "startTime" : "20140727T111749+0200",
    "endTime" : "20140727T211037+0200",
    "place" : {
      "id" : 227346831,
      "type" : "unknown",
      "location" : {
        "lat" : 49.876159775,
        "lon" : 8.6572254169
      }
    },
    "lastUpdate" : "20140727T202947Z"
  }, {
    "type" : "place",
    "startTime" : "20140727T213016+0200",
    "endTime" : "20140727T214508+0200",
    "place" : {
      "id" : 222568631,
      "type" : "unknown",
      "location" : {
        "lat" : 49.8819681239,
        "lon" : 8.6703339401
      }
    },
    "lastUpdate" : "20140727T202947Z"
  }, {
    "type" : "place",
    "startTime" : "20140727T214801+0200",
    "endTime" : "20140727T230156+0200",
    "place" : {
      "id" : 223509887,
      "type" : "unknown",
      "location" : {
        "lat" : 49.8829100725,
        "lon" : 8.6682008619
      }
    },
    "lastUpdate" : "20140727T214409Z"
  }, {
    "type" : "place",
    "startTime" : "20140727T232101+0200",
    "endTime" : "20140727T234240+0200",
    "place" : {
      "id" : 223509887,
      "type" : "unknown",
      "location" : {
        "lat" : 49.8829100725,
        "lon" : 8.6682008619
      }
    },
    "lastUpdate" : "20140727T233156Z"
  }, {
    "type" : "place",
    "startTime" : "20140727T234542+0200",
    "endTime" : "20140728T090134+0200",
    "place" : {
      "id" : 222568631,
      "type" : "unknown",
      "location" : {
        "lat" : 49.8819681239,
        "lon" : 8.6703339401
      }
    },
    "lastUpdate" : "20140728T112311Z"
  } ],
  "lastUpdate" : "20140728T112311Z"
} ]