[ {
  "date" : "20140713",
  "segments" : [ {
    "type" : "place",
    "startTime" : "20140712T162429+0200",
    "endTime" : "20140713T203049+0200",
    "place" : {
      "id" : 222568631,
      "type" : "unknown",
      "location" : {
        "lat" : 49.8819681239,
        "lon" : 8.6703339401
      }
    },
    "lastUpdate" : "20140713T185641Z"
  }, {
    "type" : "place",
    "startTime" : "20140713T203413+0200",
    "endTime" : "20140713T205455+0200",
    "place" : {
      "id" : 223509887,
      "type" : "unknown",
      "location" : {
        "lat" : 49.8829100725,
        "lon" : 8.6682008619
      }
    },
    "lastUpdate" : "20140713T202623Z"
  }, {
    "type" : "place",
    "startTime" : "20140713T205729+0200",
    "endTime" : "20140713T214329+0200",
    "place" : {
      "id" : 222568631,
      "type" : "unknown",
      "location" : {
        "lat" : 49.8819681239,
        "lon" : 8.6703339401
      }
    },
    "lastUpdate" : "20140713T202623Z"
  }, {
    "type" : "place",
    "startTime" : "20140713T220325+0200",
    "endTime" : "20140713T225850+0200",
    "place" : {
      "id" : 225196872,
      "type" : "unknown",
      "location" : {
        "lat" : 49.8728270312,
        "lon" : 8.6551163231
      }
    },
    "lastUpdate" : "20140713T214656Z"
  }, {
    "type" : "place",
    "startTime" : "20140713T230305+0200",
    "endTime" : "20140713T233853+0200",
    "place" : {
      "id" : 225196872,
      "type" : "unknown",
      "location" : {
        "lat" : 49.8728270312,
        "lon" : 8.6551163231
      }
    },
    "lastUpdate" : "20140713T233844Z"
  }, {
    "type" : "place",
    "startTime" : "20140713T234607+0200",
    "endTime" : "20140714T001511+0200",
    "place" : {
      "id" : 230177678,
      "type" : "unknown",
      "location" : {
        "lat" : 49.8726261215,
        "lon" : 8.649758177
      }
    },
    "lastUpdate" : "20140713T233844Z"
  } ],
  "lastUpdate" : "20140713T233844Z"
} ]