[ {
  "date" : "20140723",
  "segments" : [ {
    "type" : "place",
    "startTime" : "20140722T112955+0200",
    "endTime" : "20140723T154632+0200",
    "place" : {
      "id" : 222568631,
      "type" : "unknown",
      "location" : {
        "lat" : 49.8819681239,
        "lon" : 8.6703339401
      }
    },
    "lastUpdate" : "20140723T164239Z"
  }, {
    "type" : "place",
    "startTime" : "20140723T160554+0200",
    "endTime" : "20140723T163053+0200",
    "place" : {
      "id" : 234314273,
      "type" : "unknown",
      "location" : {
        "lat" : 49.8711893211,
        "lon" : 8.6543193023
      }
    },
    "lastUpdate" : "20140723T164239Z"
  }, {
    "type" : "place",
    "startTime" : "20140723T163853+0200",
    "endTime" : "20140723T165017+0200",
    "place" : {
      "id" : 225196872,
      "type" : "unknown",
      "location" : {
        "lat" : 49.8728270312,
        "lon" : 8.6551163231
      }
    },
    "lastUpdate" : "20140723T164239Z"
  }, {
    "type" : "place",
    "startTime" : "20140723T170142+0200",
    "endTime" : "20140725T083218+0200",
    "place" : {
      "id" : 222568631,
      "type" : "unknown",
      "location" : {
        "lat" : 49.8819681239,
        "lon" : 8.6703339401
      }
    },
    "lastUpdate" : "20140725T071956Z"
  } ],
  "lastUpdate" : "20140725T071956Z"
} ]