[ {
  "date" : "20140812",
  "segments" : [ {
    "type" : "place",
    "startTime" : "20140811T195932+0200",
    "endTime" : "20140812T084859+0200",
    "place" : {
      "id" : 222568631,
      "type" : "unknown",
      "location" : {
        "lat" : 49.8819681239,
        "lon" : 8.6703339401
      }
    },
    "lastUpdate" : "20140812T072119Z"
  }, {
    "type" : "place",
    "startTime" : "20140812T085355+0200",
    "endTime" : "20140812T091217+0200",
    "place" : {
      "id" : 224354608,
      "type" : "unknown",
      "location" : {
        "lat" : 49.8822491921,
        "lon" : 8.6660203318
      }
    },
    "lastUpdate" : "20140812T103903Z"
  }, {
    "type" : "place",
    "startTime" : "20140812T093417+0200",
    "endTime" : "20140812T123117+0200",
    "place" : {
      "id" : 242563577,
      "type" : "unknown",
      "location" : {
        "lat" : 49.8710644442,
        "lon" : 8.6262135
      }
    },
    "lastUpdate" : "20140812T115412Z"
  }, {
    "type" : "place",
    "startTime" : "20140812T123659+0200",
    "endTime" : "20140812T124915+0200",
    "place" : {
      "id" : 243008096,
      "type" : "unknown",
      "location" : {
        "lat" : 49.872322656,
        "lon" : 8.628248116
      }
    },
    "lastUpdate" : "20140812T115412Z"
  }, {
    "type" : "place",
    "startTime" : "20140812T130207+0200",
    "endTime" : "20140812T130922+0200",
    "place" : {
      "id" : 229023728,
      "type" : "unknown",
      "location" : {
        "lat" : 49.8790864404,
        "lon" : 8.6691945542
      }
    },
    "lastUpdate" : "20140812T115412Z"
  }, {
    "type" : "place",
    "startTime" : "20140812T131523+0200",
    "endTime" : "20140812T135233+0200",
    "place" : {
      "id" : 222568631,
      "type" : "unknown",
      "location" : {
        "lat" : 49.8819681239,
        "lon" : 8.6703339401
      }
    },
    "lastUpdate" : "20140812T131847Z"
  }, {
    "type" : "place",
    "startTime" : "20140812T141018+0200",
    "endTime" : "20140812T154224+0200",
    "place" : {
      "id" : 236799681,
      "type" : "unknown",
      "location" : {
        "lat" : 49.8770449952,
        "lon" : 8.657750091
      }
    },
    "lastUpdate" : "20140812T145746Z"
  }, {
    "type" : "place",
    "startTime" : "20140812T155130+0200",
    "endTime" : "20140812T155511+0200",
    "place" : {
      "id" : 228151899,
      "type" : "unknown",
      "location" : {
        "lat" : 49.8775237139,
        "lon" : 8.6614601496
      }
    },
    "lastUpdate" : "20140812T145746Z"
  }, {
    "type" : "place",
    "startTime" : "20140812T160125+0200",
    "endTime" : "20140812T211511+0200",
    "place" : {
      "id" : 222568631,
      "type" : "unknown",
      "location" : {
        "lat" : 49.8819681239,
        "lon" : 8.6703339401
      }
    },
    "lastUpdate" : "20140812T211447Z"
  }, {
    "type" : "place",
    "startTime" : "20140812T212020+0200",
    "endTime" : "20140812T221356+0200",
    "place" : {
      "id" : 229496202,
      "type" : "unknown",
      "location" : {
        "lat" : 49.8826852249,
        "lon" : 8.6688546976
      }
    },
    "lastUpdate" : "20140812T211447Z"
  }, {
    "type" : "place",
    "startTime" : "20140812T221633+0200",
    "endTime" : "20140813T081743+0200",
    "place" : {
      "id" : 222568631,
      "type" : "unknown",
      "location" : {
        "lat" : 49.8819681239,
        "lon" : 8.6703339401
      }
    },
    "lastUpdate" : "20140813T071722Z"
  } ],
  "lastUpdate" : "20140813T071722Z"
} ]