[ {
  "date" : "20140627",
  "segments" : [ {
    "type" : "place",
    "startTime" : "20140626T103058+0200",
    "endTime" : "20140627T015417+0200",
    "place" : {
      "id" : 222568631,
      "type" : "unknown",
      "location" : {
        "lat" : 49.8819681239,
        "lon" : 8.6703339401
      }
    },
    "lastUpdate" : "20140627T142744Z"
  }, {
    "type" : "place",
    "startTime" : "20140627T101935+0200",
    "endTime" : "20140627T131723+0200",
    "place" : {
      "id" : 223098012,
      "type" : "unknown",
      "location" : {
        "lat" : 49.877662904,
        "lon" : 8.654577692
      }
    },
    "lastUpdate" : "20140627T142744Z"
  }, {
    "type" : "place",
    "startTime" : "20140627T133830+0200",
    "endTime" : "20140627T163040+0200",
    "place" : {
      "id" : 222568631,
      "type" : "unknown",
      "location" : {
        "lat" : 49.8819681239,
        "lon" : 8.6703339401
      }
    },
    "lastUpdate" : "20140627T155444Z"
  }, {
    "type" : "place",
    "startTime" : "20140627T163741+0200",
    "endTime" : "20140627T164023+0200",
    "place" : {
      "id" : 223135125,
      "name" : "Volleyball field of Karlshof",
      "type" : "user",
      "location" : {
        "lat" : 49.8826210232,
        "lon" : 8.6675185755
      }
    },
    "lastUpdate" : "20140831T185019Z"
  }, {
    "type" : "place",
    "startTime" : "20140627T164949+0200",
    "endTime" : "20140627T175710+0200",
    "place" : {
      "id" : 223098012,
      "type" : "unknown",
      "location" : {
        "lat" : 49.877662904,
        "lon" : 8.654577692
      }
    },
    "lastUpdate" : "20140627T172616Z"
  }, {
    "type" : "place",
    "startTime" : "20140627T180515+0200",
    "endTime" : "20140627T204805+0200",
    "place" : {
      "id" : 223174315,
      "type" : "unknown",
      "location" : {
        "lat" : 49.8763206317,
        "lon" : 8.6568254738
      }
    },
    "lastUpdate" : "20140627T215101Z"
  }, {
    "type" : "place",
    "startTime" : "20140627T205445+0200",
    "endTime" : "20140627T210325+0200",
    "place" : {
      "id" : 223218885,
      "type" : "unknown",
      "location" : {
        "lat" : 49.87574567,
        "lon" : 8.6603071569
      }
    },
    "lastUpdate" : "20140627T215101Z"
  }, {
    "type" : "place",
    "startTime" : "20140627T211215+0200",
    "endTime" : "20140628T091241+0200",
    "place" : {
      "id" : 223284010,
      "type" : "unknown",
      "location" : {
        "lat" : 49.8821677347,
        "lon" : 8.6695544869
      }
    },
    "lastUpdate" : "20140628T161723Z"
  } ],
  "lastUpdate" : "20140831T185019Z"
} ]