[ {
  "date" : "20140923",
  "segments" : [ {
    "type" : "place",
    "startTime" : "20140922T213455+0200",
    "endTime" : "20140923T005103+0200",
    "place" : {
      "id" : 223509887,
      "type" : "unknown",
      "location" : {
        "lat" : 49.8829100725,
        "lon" : 8.6682008619
      }
    },
    "lastUpdate" : "20140923T002814Z"
  }, {
    "type" : "place",
    "startTime" : "20140923T005404+0200",
    "endTime" : "20140923T100703+0200",
    "place" : {
      "id" : 251291724,
      "name" : "Home",
      "type" : "home",
      "location" : {
        "lat" : 49.8819996044,
        "lon" : 8.6702592175
      }
    },
    "lastUpdate" : "20140923T093040Z"
  }, {
    "type" : "place",
    "startTime" : "20140923T101244+0200",
    "endTime" : "20140923T104913+0200",
    "place" : {
      "id" : 227329234,
      "name" : "KOM Lab",
      "type" : "work",
      "location" : {
        "lat" : 49.8742715717,
        "lon" : 8.6605648722
      }
    },
    "lastUpdate" : "20140923T093040Z"
  }, {
    "type" : "place",
    "startTime" : "20140923T105523+0200",
    "endTime" : "20140923T144008+0200",
    "place" : {
      "id" : 251291724,
      "name" : "Home",
      "type" : "home",
      "location" : {
        "lat" : 49.8819996044,
        "lon" : 8.6702592175
      }
    },
    "lastUpdate" : "20140923T141557Z"
  }, {
    "type" : "place",
    "startTime" : "20140923T144251+0200",
    "endTime" : "20140923T145849+0200",
    "place" : {
      "id" : 229496202,
      "type" : "unknown",
      "location" : {
        "lat" : 49.8826852249,
        "lon" : 8.6688546976
      }
    },
    "lastUpdate" : "20140923T141557Z"
  }, {
    "type" : "place",
    "startTime" : "20140923T150217+0200",
    "endTime" : "20140923T152431+0200",
    "place" : {
      "id" : 251291724,
      "name" : "Home",
      "type" : "home",
      "location" : {
        "lat" : 49.8819996044,
        "lon" : 8.6702592175
      }
    },
    "lastUpdate" : "20140923T182807Z"
  }, {
    "type" : "place",
    "startTime" : "20140923T152712+0200",
    "endTime" : "20140923T153900+0200",
    "place" : {
      "id" : 229496202,
      "type" : "unknown",
      "location" : {
        "lat" : 49.8826852249,
        "lon" : 8.6688546976
      }
    },
    "lastUpdate" : "20140923T182807Z"
  }, {
    "type" : "place",
    "startTime" : "20140923T154239+0200",
    "endTime" : "20140923T185511+0200",
    "place" : {
      "id" : 251291724,
      "name" : "Home",
      "type" : "home",
      "location" : {
        "lat" : 49.8819996044,
        "lon" : 8.6702592175
      }
    },
    "lastUpdate" : "20140923T182807Z"
  }, {
    "type" : "place",
    "startTime" : "20140923T191554+0200",
    "endTime" : "20140923T213354+0200",
    "place" : {
      "id" : 223174315,
      "type" : "unknown",
      "location" : {
        "lat" : 49.8763206317,
        "lon" : 8.6568254738
      }
    },
    "lastUpdate" : "20140923T215716Z"
  }, {
    "type" : "place",
    "startTime" : "20140923T220021+0200",
    "endTime" : "20140924T101831+0200",
    "place" : {
      "id" : 251291724,
      "name" : "Home",
      "type" : "home",
      "location" : {
        "lat" : 49.8819996044,
        "lon" : 8.6702592175
      }
    },
    "lastUpdate" : "20140924T092517Z"
  } ],
  "lastUpdate" : "20140924T092517Z"
} ]