[ {
  "date" : "20140917",
  "segments" : [ {
    "type" : "place",
    "startTime" : "20140916T234001+0200",
    "endTime" : "20140917T211626+0200",
    "place" : {
      "id" : 251291724,
      "name" : "Home",
      "type" : "home",
      "location" : {
        "lat" : 49.8819996044,
        "lon" : 8.6702592175
      }
    },
    "lastUpdate" : "20140917T202115Z"
  }, {
    "type" : "place",
    "startTime" : "20140917T212104+0200",
    "endTime" : "20140917T231814+0200",
    "place" : {
      "id" : 223509887,
      "type" : "unknown",
      "location" : {
        "lat" : 49.8829100725,
        "lon" : 8.6682008619
      }
    },
    "lastUpdate" : "20140917T231031Z"
  }, {
    "type" : "place",
    "startTime" : "20140917T232226+0200",
    "endTime" : "20140918T172125+0200",
    "place" : {
      "id" : 251291724,
      "name" : "Home",
      "type" : "home",
      "location" : {
        "lat" : 49.8819996044,
        "lon" : 8.6702592175
      }
    },
    "lastUpdate" : "20140918T173521Z"
  } ],
  "lastUpdate" : "20140918T173521Z"
} ]