[ {
  "date" : "20140811",
  "segments" : [ {
    "type" : "place",
    "startTime" : "20140810T093712+0200",
    "endTime" : "20140811T090228+0200",
    "place" : {
      "id" : 223509887,
      "type" : "unknown",
      "location" : {
        "lat" : 49.8829100725,
        "lon" : 8.6682008619
      }
    },
    "lastUpdate" : "20140811T105544Z"
  }, {
    "type" : "place",
    "startTime" : "20140811T093215+0200",
    "endTime" : "20140811T133615+0200",
    "place" : {
      "id" : 238128197,
      "type" : "unknown",
      "location" : {
        "lat" : 49.8711145037,
        "lon" : 8.6266934201
      }
    },
    "lastUpdate" : "20140811T135720Z"
  }, {
    "type" : "place",
    "startTime" : "20140811T141611+0200",
    "endTime" : "20140811T160939+0200",
    "place" : {
      "id" : 223509887,
      "type" : "unknown",
      "location" : {
        "lat" : 49.8829100725,
        "lon" : 8.6682008619
      }
    },
    "lastUpdate" : "20140811T174849Z"
  }, {
    "type" : "place",
    "startTime" : "20140811T162901+0200",
    "endTime" : "20140811T193638+0200",
    "place" : {
      "id" : 236799681,
      "type" : "unknown",
      "location" : {
        "lat" : 49.8770449952,
        "lon" : 8.657750091
      }
    },
    "lastUpdate" : "20140811T212431Z"
  }, {
    "type" : "place",
    "startTime" : "20140811T194216+0200",
    "endTime" : "20140811T195033+0200",
    "place" : {
      "id" : 236799681,
      "type" : "unknown",
      "location" : {
        "lat" : 49.8770449952,
        "lon" : 8.657750091
      }
    },
    "lastUpdate" : "20140811T212431Z"
  }, {
    "type" : "place",
    "startTime" : "20140811T195932+0200",
    "endTime" : "20140812T084859+0200",
    "place" : {
      "id" : 222568631,
      "type" : "unknown",
      "location" : {
        "lat" : 49.8819681239,
        "lon" : 8.6703339401
      }
    },
    "lastUpdate" : "20140812T072119Z"
  } ],
  "lastUpdate" : "20140812T072119Z"
} ]