[ {
  "date" : "20141018",
  "segments" : [ {
    "type" : "place",
    "startTime" : "20141017T145218+0200",
    "endTime" : "20141018T111217+0200",
    "place" : {
      "id" : 251291724,
      "name" : "Home",
      "type" : "home",
      "location" : {
        "lat" : 49.8819996044,
        "lon" : 8.6702592175
      }
    },
    "lastUpdate" : "20141018T104231Z"
  }, {
    "type" : "place",
    "startTime" : "20141018T111439+0200",
    "endTime" : "20141018T112642+0200",
    "place" : {
      "id" : 233376386,
      "type" : "unknown",
      "location" : {
        "lat" : 49.8853907879,
        "lon" : 8.6710590028
      }
    },
    "lastUpdate" : "20141018T104231Z"
  }, {
    "type" : "place",
    "startTime" : "20141018T112931+0200",
    "endTime" : "20141019T161818+0200",
    "place" : {
      "id" : 251291724,
      "name" : "Home",
      "type" : "home",
      "location" : {
        "lat" : 49.8819996044,
        "lon" : 8.6702592175
      }
    },
    "lastUpdate" : "20141019T203231Z"
  } ],
  "lastUpdate" : "20141019T203231Z"
} ]