[ {
  "date" : "20140916",
  "segments" : [ {
    "type" : "place",
    "startTime" : "20140915T173929+0200",
    "endTime" : "20140916T085856+0200",
    "place" : {
      "id" : 251291724,
      "name" : "Home",
      "type" : "home",
      "location" : {
        "lat" : 49.8819996044,
        "lon" : 8.6702592175
      }
    },
    "lastUpdate" : "20140916T094256Z"
  }, {
    "type" : "place",
    "startTime" : "20140916T090409+0200",
    "endTime" : "20140916T090827+0200",
    "place" : {
      "id" : 251292369,
      "name" : "H Karlshof",
      "type" : "foursquare",
      "foursquareId" : "4d31931eb60937045413eddf",
      "location" : {
        "lat" : 49.882194,
        "lon" : 8.665967
      }
    },
    "lastUpdate" : "20140916T094256Z"
  }, {
    "type" : "place",
    "startTime" : "20140916T093114+0200",
    "endTime" : "20140916T171229+0200",
    "place" : {
      "id" : 249718361,
      "name" : "Consetto",
      "type" : "work",
      "location" : {
        "lat" : 49.8712952279,
        "lon" : 8.6249912643
      }
    },
    "lastUpdate" : "20140916T201030Z"
  }, {
    "type" : "place",
    "startTime" : "20140916T172204+0200",
    "endTime" : "20140916T172235+0200",
    "place" : {
      "id" : 257779809,
      "type" : "unknown",
      "location" : {
        "lat" : 49.8714113983,
        "lon" : 8.6411924901
      }
    },
    "lastUpdate" : "20140916T201030Z"
  }, {
    "type" : "place",
    "startTime" : "20140916T203609+0200",
    "endTime" : "20140916T220307+0200",
    "place" : {
      "id" : 251291724,
      "name" : "Home",
      "type" : "home",
      "location" : {
        "lat" : 49.8819996044,
        "lon" : 8.6702592175
      }
    },
    "lastUpdate" : "20140916T213618Z"
  }, {
    "type" : "place",
    "startTime" : "20140916T220548+0200",
    "endTime" : "20140916T233551+0200",
    "place" : {
      "id" : 229496202,
      "type" : "unknown",
      "location" : {
        "lat" : 49.8826852249,
        "lon" : 8.6688546976
      }
    },
    "lastUpdate" : "20140916T230808Z"
  }, {
    "type" : "place",
    "startTime" : "20140916T234001+0200",
    "endTime" : "20140917T211626+0200",
    "place" : {
      "id" : 251291724,
      "name" : "Home",
      "type" : "home",
      "location" : {
        "lat" : 49.8819996044,
        "lon" : 8.6702592175
      }
    },
    "lastUpdate" : "20140917T202115Z"
  } ],
  "lastUpdate" : "20140917T202115Z"
} ]