[ {
  "date" : "20140626",
  "segments" : [ {
    "type" : "place",
    "startTime" : "20140626T000931+0200",
    "endTime" : "20140626T102319+0200",
    "place" : {
      "id" : 222568631,
      "type" : "unknown",
      "location" : {
        "lat" : 49.8819681239,
        "lon" : 8.6703339401
      }
    },
    "lastUpdate" : "20140627T142744Z"
  }, {
    "type" : "place",
    "startTime" : "20140626T103058+0200",
    "endTime" : "20140627T015417+0200",
    "place" : {
      "id" : 222568631,
      "type" : "unknown",
      "location" : {
        "lat" : 49.8819681239,
        "lon" : 8.6703339401
      }
    },
    "lastUpdate" : "20140627T142744Z"
  } ],
  "lastUpdate" : "20140627T142744Z"
} ]