[ {
  "date" : "20140715",
  "segments" : [ {
    "type" : "place",
    "startTime" : "20140714T133441+0200",
    "endTime" : "20140715T083354+0200",
    "place" : {
      "id" : 222568631,
      "type" : "unknown",
      "location" : {
        "lat" : 49.8819681239,
        "lon" : 8.6703339401
      }
    },
    "lastUpdate" : "20140715T081716Z"
  }, {
    "type" : "place",
    "startTime" : "20140715T084932+0200",
    "endTime" : "20140715T110745+0200",
    "place" : {
      "id" : 227346831,
      "type" : "unknown",
      "location" : {
        "lat" : 49.876159775,
        "lon" : 8.6572254169
      }
    },
    "lastUpdate" : "20140715T094837Z"
  }, {
    "type" : "place",
    "startTime" : "20140715T111429+0200",
    "endTime" : "20140715T120431+0200",
    "place" : {
      "id" : 223098012,
      "type" : "unknown",
      "location" : {
        "lat" : 49.877662904,
        "lon" : 8.654577692
      }
    },
    "lastUpdate" : "20140715T111751Z"
  }, {
    "type" : "place",
    "startTime" : "20140715T120540+0200",
    "endTime" : "20140715T121126+0200",
    "place" : {
      "id" : 223098012,
      "type" : "unknown",
      "location" : {
        "lat" : 49.877662904,
        "lon" : 8.654577692
      }
    },
    "lastUpdate" : "20140715T111751Z"
  }, {
    "type" : "place",
    "startTime" : "20140715T121649+0200",
    "endTime" : "20140715T151724+0200",
    "place" : {
      "id" : 227346831,
      "type" : "unknown",
      "location" : {
        "lat" : 49.876159775,
        "lon" : 8.6572254169
      }
    },
    "lastUpdate" : "20140715T154716Z"
  }, {
    "type" : "place",
    "startTime" : "20140715T152809+0200",
    "endTime" : "20140715T172304+0200",
    "place" : {
      "id" : 223098012,
      "type" : "unknown",
      "location" : {
        "lat" : 49.877662904,
        "lon" : 8.654577692
      }
    },
    "lastUpdate" : "20140715T185953Z"
  }, {
    "type" : "place",
    "startTime" : "20140715T173410+0200",
    "endTime" : "20140715T192300+0200",
    "place" : {
      "id" : 227346831,
      "type" : "unknown",
      "location" : {
        "lat" : 49.876159775,
        "lon" : 8.6572254169
      }
    },
    "lastUpdate" : "20140715T185953Z"
  }, {
    "type" : "place",
    "startTime" : "20140715T194011+0200",
    "endTime" : "20140716T131458+0200",
    "place" : {
      "id" : 222568631,
      "type" : "unknown",
      "location" : {
        "lat" : 49.8819681239,
        "lon" : 8.6703339401
      }
    },
    "lastUpdate" : "20140716T170044Z"
  } ],
  "lastUpdate" : "20140716T170044Z"
} ]