[ {
  "date" : "20140719",
  "segments" : [ {
    "type" : "place",
    "startTime" : "20140718T224751+0200",
    "endTime" : "20140719T011942+0200",
    "place" : {
      "id" : 223509887,
      "type" : "unknown",
      "location" : {
        "lat" : 49.8829100725,
        "lon" : 8.6682008619
      }
    },
    "lastUpdate" : "20140718T235147Z"
  }, {
    "type" : "place",
    "startTime" : "20140719T012310+0200",
    "endTime" : "20140719T200956+0200",
    "place" : {
      "id" : 222568631,
      "type" : "unknown",
      "location" : {
        "lat" : 49.8819681239,
        "lon" : 8.6703339401
      }
    },
    "lastUpdate" : "20140719T193457Z"
  }, {
    "type" : "place",
    "startTime" : "20140719T201438+0200",
    "endTime" : "20140721T103341+0200",
    "place" : {
      "id" : 222568631,
      "type" : "unknown",
      "location" : {
        "lat" : 49.8819681239,
        "lon" : 8.6703339401
      }
    },
    "lastUpdate" : "20140721T101823Z"
  } ],
  "lastUpdate" : "20140721T101823Z"
} ]