[ {
  "date" : "20140810",
  "segments" : [ {
    "type" : "place",
    "startTime" : "20140809T155221+0200",
    "endTime" : "20140810T092500+0200",
    "place" : {
      "id" : 223509887,
      "type" : "unknown",
      "location" : {
        "lat" : 49.8829100725,
        "lon" : 8.6682008619
      }
    },
    "lastUpdate" : "20140810T084931Z"
  }, {
    "type" : "place",
    "startTime" : "20140810T093051+0200",
    "endTime" : "20140810T093227+0200",
    "place" : {
      "id" : 223509887,
      "type" : "unknown",
      "location" : {
        "lat" : 49.8829100725,
        "lon" : 8.6682008619
      }
    },
    "lastUpdate" : "20140810T084931Z"
  }, {
    "type" : "place",
    "startTime" : "20140810T093712+0200",
    "endTime" : "20140811T090228+0200",
    "place" : {
      "id" : 223509887,
      "type" : "unknown",
      "location" : {
        "lat" : 49.8829100725,
        "lon" : 8.6682008619
      }
    },
    "lastUpdate" : "20140811T105544Z"
  } ],
  "lastUpdate" : "20140811T105544Z"
} ]