[ {
  "date" : "20140813",
  "segments" : [ {
    "type" : "place",
    "startTime" : "20140812T221633+0200",
    "endTime" : "20140813T081743+0200",
    "place" : {
      "id" : 222568631,
      "type" : "unknown",
      "location" : {
        "lat" : 49.8819681239,
        "lon" : 8.6703339401
      }
    },
    "lastUpdate" : "20140813T071722Z"
  }, {
    "type" : "place",
    "startTime" : "20140813T083422+0200",
    "endTime" : "20140813T115624+0200",
    "place" : {
      "id" : 236799681,
      "type" : "unknown",
      "location" : {
        "lat" : 49.8770449952,
        "lon" : 8.657750091
      }
    },
    "lastUpdate" : "20140813T120512Z"
  }, {
    "type" : "place",
    "startTime" : "20140813T121800+0200",
    "endTime" : "20140813T162132+0200",
    "place" : {
      "id" : 222568631,
      "type" : "unknown",
      "location" : {
        "lat" : 49.8819681239,
        "lon" : 8.6703339401
      }
    },
    "lastUpdate" : "20140813T174753Z"
  }, {
    "type" : "place",
    "startTime" : "20140813T162635+0200",
    "endTime" : "20140813T174914+0200",
    "place" : {
      "id" : 222568631,
      "type" : "unknown",
      "location" : {
        "lat" : 49.8819681239,
        "lon" : 8.6703339401
      }
    },
    "lastUpdate" : "20140813T174753Z"
  }, {
    "type" : "place",
    "startTime" : "20140813T175247+0200",
    "endTime" : "20140813T211856+0200",
    "place" : {
      "id" : 222568631,
      "type" : "unknown",
      "location" : {
        "lat" : 49.8819681239,
        "lon" : 8.6703339401
      }
    },
    "lastUpdate" : "20140813T205243Z"
  }, {
    "type" : "place",
    "startTime" : "20140813T212159+0200",
    "endTime" : "20140813T213523+0200",
    "place" : {
      "id" : 223135125,
      "name" : "Volleyball field of Karlshof",
      "type" : "user",
      "location" : {
        "lat" : 49.8826210232,
        "lon" : 8.6675185755
      }
    },
    "lastUpdate" : "20140831T185019Z"
  }, {
    "type" : "place",
    "startTime" : "20140813T214401+0200",
    "endTime" : "20140813T215415+0200",
    "place" : {
      "id" : 243610652,
      "type" : "unknown",
      "location" : {
        "lat" : 49.876527318,
        "lon" : 8.6620576534
      }
    },
    "lastUpdate" : "20140813T205243Z"
  }, {
    "type" : "place",
    "startTime" : "20140813T222223+0200",
    "endTime" : "20140813T230706+0200",
    "place" : {
      "id" : 243639455,
      "type" : "unknown",
      "location" : {
        "lat" : 49.8701663095,
        "lon" : 8.650944123
      }
    },
    "lastUpdate" : "20140813T224326Z"
  }, {
    "type" : "place",
    "startTime" : "20140813T232331+0200",
    "endTime" : "20140813T233718+0200",
    "place" : {
      "id" : 243639456,
      "type" : "unknown",
      "location" : {
        "lat" : 49.8727137981,
        "lon" : 8.631430972
      }
    },
    "lastUpdate" : "20140813T224326Z"
  }, {
    "type" : "place",
    "startTime" : "20140813T234743+0200",
    "endTime" : "20140814T003651+0200",
    "place" : {
      "id" : 243639455,
      "type" : "unknown",
      "location" : {
        "lat" : 49.8701663095,
        "lon" : 8.650944123
      }
    },
    "lastUpdate" : "20140814T192956Z"
  } ],
  "lastUpdate" : "20140831T185019Z"
} ]