[ {
  "date" : "20140902",
  "segments" : [ {
    "type" : "place",
    "startTime" : "20140901T211637+0200",
    "endTime" : "20140902T010229+0200",
    "place" : {
      "id" : 251721107,
      "type" : "unknown",
      "location" : {
        "lat" : 49.8831093675,
        "lon" : 8.6697840805
      }
    },
    "lastUpdate" : "20140902T000338Z"
  }, {
    "type" : "place",
    "startTime" : "20140902T010603+0200",
    "endTime" : "20140902T084257+0200",
    "place" : {
      "id" : 251291724,
      "name" : "Home",
      "type" : "home",
      "location" : {
        "lat" : 49.8819996044,
        "lon" : 8.6702592175
      }
    },
    "lastUpdate" : "20140902T104141Z"
  }, {
    "type" : "place",
    "startTime" : "20140902T091455+0200",
    "endTime" : "20140902T131529+0200",
    "place" : {
      "id" : 249718361,
      "name" : "Consetto",
      "type" : "work",
      "location" : {
        "lat" : 49.8712952279,
        "lon" : 8.6249912643
      }
    },
    "lastUpdate" : "20140902T134340Z"
  }, {
    "type" : "place",
    "startTime" : "20140902T132311+0200",
    "endTime" : "20140902T132756+0200",
    "place" : {
      "id" : 243639456,
      "type" : "unknown",
      "location" : {
        "lat" : 49.8727137981,
        "lon" : 8.631430972
      }
    },
    "lastUpdate" : "20140902T134340Z"
  }, {
    "type" : "place",
    "startTime" : "20140902T135048+0200",
    "endTime" : "20140902T210128+0200",
    "place" : {
      "id" : 251291724,
      "name" : "Home",
      "type" : "home",
      "location" : {
        "lat" : 49.8819996044,
        "lon" : 8.6702592175
      }
    },
    "lastUpdate" : "20140902T203013Z"
  }, {
    "type" : "place",
    "startTime" : "20140902T210317+0200",
    "endTime" : "20140902T211514+0200",
    "place" : {
      "id" : 233376386,
      "type" : "unknown",
      "location" : {
        "lat" : 49.8853907879,
        "lon" : 8.6710590028
      }
    },
    "lastUpdate" : "20140902T203013Z"
  }, {
    "type" : "place",
    "startTime" : "20140902T211857+0200",
    "endTime" : "20140902T212815+0200",
    "place" : {
      "id" : 223509887,
      "type" : "unknown",
      "location" : {
        "lat" : 49.8829100725,
        "lon" : 8.6682008619
      }
    },
    "lastUpdate" : "20140902T203013Z"
  }, {
    "type" : "place",
    "startTime" : "20140902T213056+0200",
    "endTime" : "20140903T080954+0200",
    "place" : {
      "id" : 251291724,
      "name" : "Home",
      "type" : "home",
      "location" : {
        "lat" : 49.8819996044,
        "lon" : 8.6702592175
      }
    },
    "lastUpdate" : "20140903T065930Z"
  } ],
  "lastUpdate" : "20140903T065930Z"
} ]