[ {
  "date" : "20140716",
  "segments" : [ {
    "type" : "place",
    "startTime" : "20140715T194011+0200",
    "endTime" : "20140716T131458+0200",
    "place" : {
      "id" : 222568631,
      "type" : "unknown",
      "location" : {
        "lat" : 49.8819681239,
        "lon" : 8.6703339401
      }
    },
    "lastUpdate" : "20140716T170044Z"
  }, {
    "type" : "place",
    "startTime" : "20140716T133125+0200",
    "endTime" : "20140716T143940+0200",
    "place" : {
      "id" : 224376632,
      "type" : "unknown",
      "location" : {
        "lat" : 49.8734474315,
        "lon" : 8.6604081896
      }
    },
    "lastUpdate" : "20140716T170044Z"
  }, {
    "type" : "place",
    "startTime" : "20140716T173001+0200",
    "endTime" : "20140716T220149+0200",
    "place" : {
      "id" : 222568631,
      "type" : "unknown",
      "location" : {
        "lat" : 49.8819681239,
        "lon" : 8.6703339401
      }
    },
    "lastUpdate" : "20140716T213323Z"
  }, {
    "type" : "place",
    "startTime" : "20140716T220641+0200",
    "endTime" : "20140716T234305+0200",
    "place" : {
      "id" : 223509887,
      "type" : "unknown",
      "location" : {
        "lat" : 49.8829100725,
        "lon" : 8.6682008619
      }
    },
    "lastUpdate" : "20140716T230418Z"
  }, {
    "type" : "place",
    "startTime" : "20140716T234612+0200",
    "endTime" : "20140717T134055+0200",
    "place" : {
      "id" : 222568631,
      "type" : "unknown",
      "location" : {
        "lat" : 49.8819681239,
        "lon" : 8.6703339401
      }
    },
    "lastUpdate" : "20140717T152939Z"
  } ],
  "lastUpdate" : "20140717T152939Z"
} ]