[ {
  "date" : "20140929",
  "segments" : [ {
    "type" : "place",
    "startTime" : "20140927T123631+0200",
    "endTime" : "20140929T113903+0200",
    "place" : {
      "id" : 251291724,
      "name" : "Home",
      "type" : "home",
      "location" : {
        "lat" : 49.8819996044,
        "lon" : 8.6702592175
      }
    },
    "lastUpdate" : "20140929T120833Z"
  }, {
    "type" : "place",
    "startTime" : "20140929T120022+0200",
    "endTime" : "20140929T140441+0200",
    "place" : {
      "id" : 262793504,
      "type" : "unknown",
      "location" : {
        "lat" : 49.8738219994,
        "lon" : 8.6560382854
      }
    },
    "lastUpdate" : "20140929T150813Z"
  }, {
    "type" : "place",
    "startTime" : "20140929T141348+0200",
    "endTime" : "20140929T142903+0200",
    "place" : {
      "id" : 255635055,
      "type" : "unknown",
      "location" : {
        "lat" : 49.8713664158,
        "lon" : 8.6551462382
      }
    },
    "lastUpdate" : "20140929T150813Z"
  }, {
    "type" : "place",
    "startTime" : "20140929T144415+0200",
    "endTime" : "20140929T183613+0200",
    "place" : {
      "id" : 251291724,
      "name" : "Home",
      "type" : "home",
      "location" : {
        "lat" : 49.8819996044,
        "lon" : 8.6702592175
      }
    },
    "lastUpdate" : "20140929T180045Z"
  }, {
    "type" : "place",
    "startTime" : "20140929T184406+0200",
    "endTime" : "20140929T190132+0200",
    "place" : {
      "id" : 233376386,
      "type" : "unknown",
      "location" : {
        "lat" : 49.8853907879,
        "lon" : 8.6710590028
      }
    },
    "lastUpdate" : "20140929T180045Z"
  }, {
    "type" : "place",
    "startTime" : "20140929T191054+0200",
    "endTime" : "20140930T172616+0200",
    "place" : {
      "id" : 251291724,
      "name" : "Home",
      "type" : "home",
      "location" : {
        "lat" : 49.8819996044,
        "lon" : 8.6702592175
      }
    },
    "lastUpdate" : "20140930T165036Z"
  } ],
  "lastUpdate" : "20140930T165036Z"
}, {
  "date" : "20140930",
  "segments" : [ {
    "type" : "place",
    "startTime" : "20140929T191054+0200",
    "endTime" : "20140930T172616+0200",
    "place" : {
      "id" : 251291724,
      "name" : "Home",
      "type" : "home",
      "location" : {
        "lat" : 49.8819996044,
        "lon" : 8.6702592175
      }
    },
    "lastUpdate" : "20140930T165036Z"
  }, {
    "type" : "place",
    "startTime" : "20140930T173946+0200",
    "endTime" : "20140930T194515+0200",
    "place" : {
      "id" : 251674467,
      "type" : "unknown",
      "location" : {
        "lat" : 49.8854638877,
        "lon" : 8.6658461348
      }
    },
    "lastUpdate" : "20140930T212901Z"
  }, {
    "type" : "place",
    "startTime" : "20140930T195207+0200",
    "endTime" : "20141002T125249+0200",
    "place" : {
      "id" : 260869940,
      "type" : "unknown",
      "location" : {
        "lat" : 49.8824855756,
        "lon" : 8.6697071135
      }
    },
    "lastUpdate" : "20141002T120758Z"
  } ],
  "lastUpdate" : "20141002T120758Z"
}, {
  "date" : "20141001",
  "segments" : [ {
    "type" : "place",
    "startTime" : "20140930T195207+0200",
    "endTime" : "20141002T125249+0200",
    "place" : {
      "id" : 260869940,
      "type" : "unknown",
      "location" : {
        "lat" : 49.8824855756,
        "lon" : 8.6697071135
      }
    },
    "lastUpdate" : "20141002T120758Z"
  } ],
  "lastUpdate" : "20141002T120758Z"
}, {
  "date" : "20141002",
  "segments" : [ {
    "type" : "place",
    "startTime" : "20140930T195207+0200",
    "endTime" : "20141002T125249+0200",
    "place" : {
      "id" : 260869940,
      "type" : "unknown",
      "location" : {
        "lat" : 49.8824855756,
        "lon" : 8.6697071135
      }
    },
    "lastUpdate" : "20141002T120758Z"
  }, {
    "type" : "place",
    "startTime" : "20141002T125458+0200",
    "endTime" : "20141002T130643+0200",
    "place" : {
      "id" : 233376386,
      "type" : "unknown",
      "location" : {
        "lat" : 49.8853907879,
        "lon" : 8.6710590028
      }
    },
    "lastUpdate" : "20141002T120758Z"
  }, {
    "type" : "place",
    "startTime" : "20141002T130934+0200",
    "endTime" : "20141003T102010+0200",
    "place" : {
      "id" : 251291724,
      "name" : "Home",
      "type" : "home",
      "location" : {
        "lat" : 49.8819996044,
        "lon" : 8.6702592175
      }
    },
    "lastUpdate" : "20141003T171222Z"
  } ],
  "lastUpdate" : "20141003T171222Z"
}, {
  "date" : "20141003",
  "segments" : [ {
    "type" : "place",
    "startTime" : "20141002T130934+0200",
    "endTime" : "20141003T102010+0200",
    "place" : {
      "id" : 251291724,
      "name" : "Home",
      "type" : "home",
      "location" : {
        "lat" : 49.8819996044,
        "lon" : 8.6702592175
      }
    },
    "lastUpdate" : "20141003T171222Z"
  }, {
    "type" : "place",
    "startTime" : "20141003T144016+0200",
    "endTime" : "20141005T041121+0200",
    "place" : {
      "id" : 251291724,
      "name" : "Home",
      "type" : "home",
      "location" : {
        "lat" : 49.8819996044,
        "lon" : 8.6702592175
      }
    },
    "lastUpdate" : "20141005T110523Z"
  } ],
  "lastUpdate" : "20141005T110523Z"
}, {
  "date" : "20141004",
  "segments" : [ {
    "type" : "place",
    "startTime" : "20141003T144016+0200",
    "endTime" : "20141005T041121+0200",
    "place" : {
      "id" : 251291724,
      "name" : "Home",
      "type" : "home",
      "location" : {
        "lat" : 49.8819996044,
        "lon" : 8.6702592175
      }
    },
    "lastUpdate" : "20141005T110523Z"
  } ],
  "lastUpdate" : "20141005T110523Z"
}, {
  "date" : "20141005",
  "segments" : [ {
    "type" : "place",
    "startTime" : "20141003T144016+0200",
    "endTime" : "20141005T041121+0200",
    "place" : {
      "id" : 251291724,
      "name" : "Home",
      "type" : "home",
      "location" : {
        "lat" : 49.8819996044,
        "lon" : 8.6702592175
      }
    },
    "lastUpdate" : "20141005T110523Z"
  }, {
    "type" : "place",
    "startTime" : "20141005T100326+0200",
    "endTime" : "20141006T111347+0200",
    "place" : {
      "id" : 251291724,
      "name" : "Home",
      "type" : "home",
      "location" : {
        "lat" : 49.8819996044,
        "lon" : 8.6702592175
      }
    },
    "lastUpdate" : "20141006T123521Z"
  } ],
  "lastUpdate" : "20141006T123521Z"
} ]