[ {
  "date" : "20140721",
  "segments" : [ {
    "type" : "place",
    "startTime" : "20140719T201438+0200",
    "endTime" : "20140721T103341+0200",
    "place" : {
      "id" : 222568631,
      "type" : "unknown",
      "location" : {
        "lat" : 49.8819681239,
        "lon" : 8.6703339401
      }
    },
    "lastUpdate" : "20140721T101823Z"
  }, {
    "type" : "place",
    "startTime" : "20140721T104338+0200",
    "endTime" : "20140721T111038+0200",
    "place" : {
      "id" : 233376386,
      "type" : "unknown",
      "location" : {
        "lat" : 49.8853907879,
        "lon" : 8.6710590028
      }
    },
    "lastUpdate" : "20140721T101823Z"
  }, {
    "type" : "place",
    "startTime" : "20140721T112120+0200",
    "endTime" : "20140721T125932+0200",
    "place" : {
      "id" : 222568631,
      "type" : "unknown",
      "location" : {
        "lat" : 49.8819681239,
        "lon" : 8.6703339401
      }
    },
    "lastUpdate" : "20140721T114937Z"
  }, {
    "type" : "place",
    "startTime" : "20140721T132152+0200",
    "endTime" : "20140721T142802+0200",
    "place" : {
      "id" : 227346831,
      "type" : "unknown",
      "location" : {
        "lat" : 49.876159775,
        "lon" : 8.6572254169
      }
    },
    "lastUpdate" : "20140721T133534Z"
  }, {
    "type" : "place",
    "startTime" : "20140721T144838+0200",
    "endTime" : "20140721T215029+0200",
    "place" : {
      "id" : 222568631,
      "type" : "unknown",
      "location" : {
        "lat" : 49.8819681239,
        "lon" : 8.6703339401
      }
    },
    "lastUpdate" : "20140721T205008Z"
  }, {
    "type" : "place",
    "startTime" : "20140721T215657+0200",
    "endTime" : "20140722T002534+0200",
    "place" : {
      "id" : 223509887,
      "type" : "unknown",
      "location" : {
        "lat" : 49.8829100725,
        "lon" : 8.6682008619
      }
    },
    "lastUpdate" : "20140722T002339Z"
  } ],
  "lastUpdate" : "20140722T002339Z"
}, {
  "date" : "20140722",
  "segments" : [ {
    "type" : "place",
    "startTime" : "20140721T215657+0200",
    "endTime" : "20140722T002534+0200",
    "place" : {
      "id" : 223509887,
      "type" : "unknown",
      "location" : {
        "lat" : 49.8829100725,
        "lon" : 8.6682008619
      }
    },
    "lastUpdate" : "20140722T002339Z"
  }, {
    "type" : "place",
    "startTime" : "20140722T002816+0200",
    "endTime" : "20140722T102555+0200",
    "place" : {
      "id" : 222568631,
      "type" : "unknown",
      "location" : {
        "lat" : 49.8819681239,
        "lon" : 8.6703339401
      }
    },
    "lastUpdate" : "20140722T103008Z"
  }, {
    "type" : "place",
    "startTime" : "20140722T105704+0200",
    "endTime" : "20140722T110204+0200",
    "place" : {
      "id" : 233776121,
      "type" : "unknown",
      "location" : {
        "lat" : 49.8707986622,
        "lon" : 8.6368304911
      }
    },
    "lastUpdate" : "20140722T103008Z"
  }, {
    "type" : "place",
    "startTime" : "20140722T112955+0200",
    "endTime" : "20140723T154632+0200",
    "place" : {
      "id" : 222568631,
      "type" : "unknown",
      "location" : {
        "lat" : 49.8819681239,
        "lon" : 8.6703339401
      }
    },
    "lastUpdate" : "20140723T164239Z"
  } ],
  "lastUpdate" : "20140723T164239Z"
}, {
  "date" : "20140723",
  "segments" : [ {
    "type" : "place",
    "startTime" : "20140722T112955+0200",
    "endTime" : "20140723T154632+0200",
    "place" : {
      "id" : 222568631,
      "type" : "unknown",
      "location" : {
        "lat" : 49.8819681239,
        "lon" : 8.6703339401
      }
    },
    "lastUpdate" : "20140723T164239Z"
  }, {
    "type" : "place",
    "startTime" : "20140723T160554+0200",
    "endTime" : "20140723T163053+0200",
    "place" : {
      "id" : 234314273,
      "type" : "unknown",
      "location" : {
        "lat" : 49.8711893211,
        "lon" : 8.6543193023
      }
    },
    "lastUpdate" : "20140723T164239Z"
  }, {
    "type" : "place",
    "startTime" : "20140723T163853+0200",
    "endTime" : "20140723T165017+0200",
    "place" : {
      "id" : 225196872,
      "type" : "unknown",
      "location" : {
        "lat" : 49.8728270312,
        "lon" : 8.6551163231
      }
    },
    "lastUpdate" : "20140723T164239Z"
  }, {
    "type" : "place",
    "startTime" : "20140723T170142+0200",
    "endTime" : "20140725T083218+0200",
    "place" : {
      "id" : 222568631,
      "type" : "unknown",
      "location" : {
        "lat" : 49.8819681239,
        "lon" : 8.6703339401
      }
    },
    "lastUpdate" : "20140725T071956Z"
  } ],
  "lastUpdate" : "20140725T071956Z"
}, {
  "date" : "20140724",
  "segments" : [ {
    "type" : "place",
    "startTime" : "20140723T170142+0200",
    "endTime" : "20140725T083218+0200",
    "place" : {
      "id" : 222568631,
      "type" : "unknown",
      "location" : {
        "lat" : 49.8819681239,
        "lon" : 8.6703339401
      }
    },
    "lastUpdate" : "20140725T071956Z"
  } ],
  "lastUpdate" : "20140725T071956Z"
}, {
  "date" : "20140725",
  "segments" : [ {
    "type" : "place",
    "startTime" : "20140723T170142+0200",
    "endTime" : "20140725T083218+0200",
    "place" : {
      "id" : 222568631,
      "type" : "unknown",
      "location" : {
        "lat" : 49.8819681239,
        "lon" : 8.6703339401
      }
    },
    "lastUpdate" : "20140725T071956Z"
  }, {
    "type" : "place",
    "startTime" : "20140725T085203+0200",
    "endTime" : "20140725T110615+0200",
    "place" : {
      "id" : 225196872,
      "type" : "unknown",
      "location" : {
        "lat" : 49.8728270312,
        "lon" : 8.6551163231
      }
    },
    "lastUpdate" : "20140725T120438Z"
  }, {
    "type" : "place",
    "startTime" : "20140725T112315+0200",
    "endTime" : "20140725T170456+0200",
    "place" : {
      "id" : 222568631,
      "type" : "unknown",
      "location" : {
        "lat" : 49.8819681239,
        "lon" : 8.6703339401
      }
    },
    "lastUpdate" : "20140725T163739Z"
  }, {
    "type" : "place",
    "startTime" : "20140725T170816+0200",
    "endTime" : "20140725T184743+0200",
    "place" : {
      "id" : 223509887,
      "type" : "unknown",
      "location" : {
        "lat" : 49.8829100725,
        "lon" : 8.6682008619
      }
    },
    "lastUpdate" : "20140725T174924Z"
  }, {
    "type" : "place",
    "startTime" : "20140725T185054+0200",
    "endTime" : "20140725T204257+0200",
    "place" : {
      "id" : 222568631,
      "type" : "unknown",
      "location" : {
        "lat" : 49.8819681239,
        "lon" : 8.6703339401
      }
    },
    "lastUpdate" : "20140725T193937Z"
  }, {
    "type" : "place",
    "startTime" : "20140725T204910+0200",
    "endTime" : "20140726T003638+0200",
    "place" : {
      "id" : 223509887,
      "type" : "unknown",
      "location" : {
        "lat" : 49.8829100725,
        "lon" : 8.6682008619
      }
    },
    "lastUpdate" : "20140726T001239Z"
  } ],
  "lastUpdate" : "20140726T001239Z"
}, {
  "date" : "20140726",
  "segments" : [ {
    "type" : "place",
    "startTime" : "20140725T204910+0200",
    "endTime" : "20140726T003638+0200",
    "place" : {
      "id" : 223509887,
      "type" : "unknown",
      "location" : {
        "lat" : 49.8829100725,
        "lon" : 8.6682008619
      }
    },
    "lastUpdate" : "20140726T001239Z"
  }, {
    "type" : "place",
    "startTime" : "20140726T004019+0200",
    "endTime" : "20140727T105732+0200",
    "place" : {
      "id" : 222568631,
      "type" : "unknown",
      "location" : {
        "lat" : 49.8819681239,
        "lon" : 8.6703339401
      }
    },
    "lastUpdate" : "20140727T094738Z"
  } ],
  "lastUpdate" : "20140727T094738Z"
}, {
  "date" : "20140727",
  "segments" : [ {
    "type" : "place",
    "startTime" : "20140726T004019+0200",
    "endTime" : "20140727T105732+0200",
    "place" : {
      "id" : 222568631,
      "type" : "unknown",
      "location" : {
        "lat" : 49.8819681239,
        "lon" : 8.6703339401
      }
    },
    "lastUpdate" : "20140727T094738Z"
  }, {
    "type" : "place",
    "startTime" : "20140727T111749+0200",
    "endTime" : "20140727T211037+0200",
    "place" : {
      "id" : 227346831,
      "type" : "unknown",
      "location" : {
        "lat" : 49.876159775,
        "lon" : 8.6572254169
      }
    },
    "lastUpdate" : "20140727T202947Z"
  }, {
    "type" : "place",
    "startTime" : "20140727T213016+0200",
    "endTime" : "20140727T214508+0200",
    "place" : {
      "id" : 222568631,
      "type" : "unknown",
      "location" : {
        "lat" : 49.8819681239,
        "lon" : 8.6703339401
      }
    },
    "lastUpdate" : "20140727T202947Z"
  }, {
    "type" : "place",
    "startTime" : "20140727T214801+0200",
    "endTime" : "20140727T230156+0200",
    "place" : {
      "id" : 223509887,
      "type" : "unknown",
      "location" : {
        "lat" : 49.8829100725,
        "lon" : 8.6682008619
      }
    },
    "lastUpdate" : "20140727T214409Z"
  }, {
    "type" : "place",
    "startTime" : "20140727T232101+0200",
    "endTime" : "20140727T234240+0200",
    "place" : {
      "id" : 223509887,
      "type" : "unknown",
      "location" : {
        "lat" : 49.8829100725,
        "lon" : 8.6682008619
      }
    },
    "lastUpdate" : "20140727T233156Z"
  }, {
    "type" : "place",
    "startTime" : "20140727T234542+0200",
    "endTime" : "20140728T090134+0200",
    "place" : {
      "id" : 222568631,
      "type" : "unknown",
      "location" : {
        "lat" : 49.8819681239,
        "lon" : 8.6703339401
      }
    },
    "lastUpdate" : "20140728T112311Z"
  } ],
  "lastUpdate" : "20140728T112311Z"
} ]