[ {
  "date" : "20140811",
  "segments" : [ {
    "type" : "place",
    "startTime" : "20140810T093712+0200",
    "endTime" : "20140811T090228+0200",
    "place" : {
      "id" : 223509887,
      "type" : "unknown",
      "location" : {
        "lat" : 49.8829100725,
        "lon" : 8.6682008619
      }
    },
    "lastUpdate" : "20140811T105544Z"
  }, {
    "type" : "place",
    "startTime" : "20140811T093215+0200",
    "endTime" : "20140811T133615+0200",
    "place" : {
      "id" : 238128197,
      "type" : "unknown",
      "location" : {
        "lat" : 49.8711145037,
        "lon" : 8.6266934201
      }
    },
    "lastUpdate" : "20140811T135720Z"
  }, {
    "type" : "place",
    "startTime" : "20140811T141611+0200",
    "endTime" : "20140811T160939+0200",
    "place" : {
      "id" : 223509887,
      "type" : "unknown",
      "location" : {
        "lat" : 49.8829100725,
        "lon" : 8.6682008619
      }
    },
    "lastUpdate" : "20140811T174849Z"
  }, {
    "type" : "place",
    "startTime" : "20140811T162901+0200",
    "endTime" : "20140811T193638+0200",
    "place" : {
      "id" : 236799681,
      "type" : "unknown",
      "location" : {
        "lat" : 49.8770449952,
        "lon" : 8.657750091
      }
    },
    "lastUpdate" : "20140811T212431Z"
  }, {
    "type" : "place",
    "startTime" : "20140811T194216+0200",
    "endTime" : "20140811T195033+0200",
    "place" : {
      "id" : 236799681,
      "type" : "unknown",
      "location" : {
        "lat" : 49.8770449952,
        "lon" : 8.657750091
      }
    },
    "lastUpdate" : "20140811T212431Z"
  }, {
    "type" : "place",
    "startTime" : "20140811T195932+0200",
    "endTime" : "20140812T084859+0200",
    "place" : {
      "id" : 222568631,
      "type" : "unknown",
      "location" : {
        "lat" : 49.8819681239,
        "lon" : 8.6703339401
      }
    },
    "lastUpdate" : "20140812T072119Z"
  } ],
  "lastUpdate" : "20140812T072119Z"
}, {
  "date" : "20140812",
  "segments" : [ {
    "type" : "place",
    "startTime" : "20140811T195932+0200",
    "endTime" : "20140812T084859+0200",
    "place" : {
      "id" : 222568631,
      "type" : "unknown",
      "location" : {
        "lat" : 49.8819681239,
        "lon" : 8.6703339401
      }
    },
    "lastUpdate" : "20140812T072119Z"
  }, {
    "type" : "place",
    "startTime" : "20140812T085355+0200",
    "endTime" : "20140812T091217+0200",
    "place" : {
      "id" : 224354608,
      "type" : "unknown",
      "location" : {
        "lat" : 49.8822491921,
        "lon" : 8.6660203318
      }
    },
    "lastUpdate" : "20140812T103903Z"
  }, {
    "type" : "place",
    "startTime" : "20140812T093417+0200",
    "endTime" : "20140812T123117+0200",
    "place" : {
      "id" : 242563577,
      "type" : "unknown",
      "location" : {
        "lat" : 49.8710644442,
        "lon" : 8.6262135
      }
    },
    "lastUpdate" : "20140812T115412Z"
  }, {
    "type" : "place",
    "startTime" : "20140812T123659+0200",
    "endTime" : "20140812T124915+0200",
    "place" : {
      "id" : 243008096,
      "type" : "unknown",
      "location" : {
        "lat" : 49.872322656,
        "lon" : 8.628248116
      }
    },
    "lastUpdate" : "20140812T115412Z"
  }, {
    "type" : "place",
    "startTime" : "20140812T130207+0200",
    "endTime" : "20140812T130922+0200",
    "place" : {
      "id" : 229023728,
      "type" : "unknown",
      "location" : {
        "lat" : 49.8790864404,
        "lon" : 8.6691945542
      }
    },
    "lastUpdate" : "20140812T115412Z"
  }, {
    "type" : "place",
    "startTime" : "20140812T131523+0200",
    "endTime" : "20140812T135233+0200",
    "place" : {
      "id" : 222568631,
      "type" : "unknown",
      "location" : {
        "lat" : 49.8819681239,
        "lon" : 8.6703339401
      }
    },
    "lastUpdate" : "20140812T131847Z"
  }, {
    "type" : "place",
    "startTime" : "20140812T141018+0200",
    "endTime" : "20140812T154224+0200",
    "place" : {
      "id" : 236799681,
      "type" : "unknown",
      "location" : {
        "lat" : 49.8770449952,
        "lon" : 8.657750091
      }
    },
    "lastUpdate" : "20140812T145746Z"
  }, {
    "type" : "place",
    "startTime" : "20140812T155130+0200",
    "endTime" : "20140812T155511+0200",
    "place" : {
      "id" : 228151899,
      "type" : "unknown",
      "location" : {
        "lat" : 49.8775237139,
        "lon" : 8.6614601496
      }
    },
    "lastUpdate" : "20140812T145746Z"
  }, {
    "type" : "place",
    "startTime" : "20140812T160125+0200",
    "endTime" : "20140812T211511+0200",
    "place" : {
      "id" : 222568631,
      "type" : "unknown",
      "location" : {
        "lat" : 49.8819681239,
        "lon" : 8.6703339401
      }
    },
    "lastUpdate" : "20140812T211447Z"
  }, {
    "type" : "place",
    "startTime" : "20140812T212020+0200",
    "endTime" : "20140812T221356+0200",
    "place" : {
      "id" : 229496202,
      "type" : "unknown",
      "location" : {
        "lat" : 49.8826852249,
        "lon" : 8.6688546976
      }
    },
    "lastUpdate" : "20140812T211447Z"
  }, {
    "type" : "place",
    "startTime" : "20140812T221633+0200",
    "endTime" : "20140813T081743+0200",
    "place" : {
      "id" : 222568631,
      "type" : "unknown",
      "location" : {
        "lat" : 49.8819681239,
        "lon" : 8.6703339401
      }
    },
    "lastUpdate" : "20140813T071722Z"
  } ],
  "lastUpdate" : "20140813T071722Z"
}, {
  "date" : "20140813",
  "segments" : [ {
    "type" : "place",
    "startTime" : "20140812T221633+0200",
    "endTime" : "20140813T081743+0200",
    "place" : {
      "id" : 222568631,
      "type" : "unknown",
      "location" : {
        "lat" : 49.8819681239,
        "lon" : 8.6703339401
      }
    },
    "lastUpdate" : "20140813T071722Z"
  }, {
    "type" : "place",
    "startTime" : "20140813T083422+0200",
    "endTime" : "20140813T115624+0200",
    "place" : {
      "id" : 236799681,
      "type" : "unknown",
      "location" : {
        "lat" : 49.8770449952,
        "lon" : 8.657750091
      }
    },
    "lastUpdate" : "20140813T120512Z"
  }, {
    "type" : "place",
    "startTime" : "20140813T121800+0200",
    "endTime" : "20140813T162132+0200",
    "place" : {
      "id" : 222568631,
      "type" : "unknown",
      "location" : {
        "lat" : 49.8819681239,
        "lon" : 8.6703339401
      }
    },
    "lastUpdate" : "20140813T174753Z"
  }, {
    "type" : "place",
    "startTime" : "20140813T162635+0200",
    "endTime" : "20140813T174914+0200",
    "place" : {
      "id" : 222568631,
      "type" : "unknown",
      "location" : {
        "lat" : 49.8819681239,
        "lon" : 8.6703339401
      }
    },
    "lastUpdate" : "20140813T174753Z"
  }, {
    "type" : "place",
    "startTime" : "20140813T175247+0200",
    "endTime" : "20140813T211856+0200",
    "place" : {
      "id" : 222568631,
      "type" : "unknown",
      "location" : {
        "lat" : 49.8819681239,
        "lon" : 8.6703339401
      }
    },
    "lastUpdate" : "20140813T205243Z"
  }, {
    "type" : "place",
    "startTime" : "20140813T212159+0200",
    "endTime" : "20140813T213523+0200",
    "place" : {
      "id" : 223135125,
      "name" : "Volleyball field of Karlshof",
      "type" : "user",
      "location" : {
        "lat" : 49.8826210232,
        "lon" : 8.6675185755
      }
    },
    "lastUpdate" : "20140831T185019Z"
  }, {
    "type" : "place",
    "startTime" : "20140813T214401+0200",
    "endTime" : "20140813T215415+0200",
    "place" : {
      "id" : 243610652,
      "type" : "unknown",
      "location" : {
        "lat" : 49.876527318,
        "lon" : 8.6620576534
      }
    },
    "lastUpdate" : "20140813T205243Z"
  }, {
    "type" : "place",
    "startTime" : "20140813T222223+0200",
    "endTime" : "20140813T230706+0200",
    "place" : {
      "id" : 243639455,
      "type" : "unknown",
      "location" : {
        "lat" : 49.8701663095,
        "lon" : 8.650944123
      }
    },
    "lastUpdate" : "20140813T224326Z"
  }, {
    "type" : "place",
    "startTime" : "20140813T232331+0200",
    "endTime" : "20140813T233718+0200",
    "place" : {
      "id" : 243639456,
      "type" : "unknown",
      "location" : {
        "lat" : 49.8727137981,
        "lon" : 8.631430972
      }
    },
    "lastUpdate" : "20140813T224326Z"
  }, {
    "type" : "place",
    "startTime" : "20140813T234743+0200",
    "endTime" : "20140814T003651+0200",
    "place" : {
      "id" : 243639455,
      "type" : "unknown",
      "location" : {
        "lat" : 49.8701663095,
        "lon" : 8.650944123
      }
    },
    "lastUpdate" : "20140814T192956Z"
  } ],
  "lastUpdate" : "20140831T185019Z"
}, {
  "date" : "20140814",
  "segments" : [ {
    "type" : "place",
    "startTime" : "20140813T234743+0200",
    "endTime" : "20140814T003651+0200",
    "place" : {
      "id" : 243639455,
      "type" : "unknown",
      "location" : {
        "lat" : 49.8701663095,
        "lon" : 8.650944123
      }
    },
    "lastUpdate" : "20140814T192956Z"
  }, {
    "type" : "place",
    "startTime" : "20140814T005628+0200",
    "endTime" : "20140814T010453+0200",
    "place" : {
      "id" : 222568631,
      "type" : "unknown",
      "location" : {
        "lat" : 49.8819681239,
        "lon" : 8.6703339401
      }
    },
    "lastUpdate" : "20140814T192956Z"
  }, {
    "type" : "place",
    "startTime" : "20140814T193711+0200",
    "endTime" : "20140814T225832+0200",
    "place" : {
      "id" : 222568631,
      "type" : "unknown",
      "location" : {
        "lat" : 49.8819681239,
        "lon" : 8.6703339401
      }
    },
    "lastUpdate" : "20140815T171103Z"
  }, {
    "type" : "place",
    "startTime" : "20140814T232332+0200",
    "endTime" : "20140814T233019+0200",
    "place" : {
      "id" : 222568631,
      "type" : "unknown",
      "location" : {
        "lat" : 49.8819681239,
        "lon" : 8.6703339401
      }
    },
    "lastUpdate" : "20140815T171103Z"
  } ],
  "lastUpdate" : "20140815T171103Z"
} ]