[ {
  "date" : "20140707",
  "segments" : [ {
    "type" : "place",
    "startTime" : "20140705T173640+0200",
    "endTime" : "20140707T092228+0200",
    "place" : {
      "id" : 222568631,
      "type" : "unknown",
      "location" : {
        "lat" : 49.8819681239,
        "lon" : 8.6703339401
      }
    },
    "lastUpdate" : "20140707T082054Z"
  }, {
    "type" : "place",
    "startTime" : "20140707T092841+0200",
    "endTime" : "20140707T094349+0200",
    "place" : {
      "id" : 224354608,
      "type" : "unknown",
      "location" : {
        "lat" : 49.8822491921,
        "lon" : 8.6660203318
      }
    },
    "lastUpdate" : "20140707T093718Z"
  }, {
    "type" : "place",
    "startTime" : "20140707T095216+0200",
    "endTime" : "20140707T095535+0200",
    "place" : {
      "id" : 227329234,
      "name" : "KOM Lab",
      "type" : "work",
      "location" : {
        "lat" : 49.8742715717,
        "lon" : 8.6605648722
      }
    },
    "lastUpdate" : "20140907T092402Z"
  }, {
    "type" : "place",
    "startTime" : "20140707T100522+0200",
    "endTime" : "20140707T112619+0200",
    "place" : {
      "id" : 227346831,
      "type" : "unknown",
      "location" : {
        "lat" : 49.876159775,
        "lon" : 8.6572254169
      }
    },
    "lastUpdate" : "20140707T110932Z"
  }, {
    "type" : "place",
    "startTime" : "20140707T113738+0200",
    "endTime" : "20140707T123905+0200",
    "place" : {
      "id" : 224376632,
      "type" : "unknown",
      "location" : {
        "lat" : 49.8734474315,
        "lon" : 8.6604081896
      }
    },
    "lastUpdate" : "20140707T142338Z"
  }, {
    "type" : "place",
    "startTime" : "20140707T130912+0200",
    "endTime" : "20140707T223317+0200",
    "place" : {
      "id" : 222568631,
      "type" : "unknown",
      "location" : {
        "lat" : 49.8819681239,
        "lon" : 8.6703339401
      }
    },
    "lastUpdate" : "20140707T220044Z"
  }, {
    "type" : "place",
    "startTime" : "20140707T225549+0200",
    "endTime" : "20140707T231327+0200",
    "place" : {
      "id" : 227596613,
      "type" : "unknown",
      "location" : {
        "lat" : 49.873520488,
        "lon" : 8.6540199876
      }
    },
    "lastUpdate" : "20140707T220044Z"
  }, {
    "type" : "place",
    "startTime" : "20140707T231327+0200",
    "endTime" : "20140707T233154+0200",
    "place" : {
      "id" : 225196872,
      "type" : "unknown",
      "location" : {
        "lat" : 49.8728270312,
        "lon" : 8.6551163231
      }
    },
    "lastUpdate" : "20140707T230711Z"
  }, {
    "type" : "place",
    "startTime" : "20140707T234308+0200",
    "endTime" : "20140707T235041+0200",
    "place" : {
      "id" : 227611671,
      "type" : "unknown",
      "location" : {
        "lat" : 49.8727109741,
        "lon" : 8.6627832767
      }
    },
    "lastUpdate" : "20140707T230711Z"
  } ],
  "lastUpdate" : "20140907T092402Z"
}, {
  "date" : "20140708",
  "segments" : [ {
    "type" : "place",
    "startTime" : "20140708T000731+0200",
    "endTime" : "20140708T001058+0200",
    "place" : {
      "id" : 227611672,
      "type" : "unknown",
      "location" : {
        "lat" : 49.8722717808,
        "lon" : 8.6517133168
      }
    },
    "lastUpdate" : "20140707T230711Z"
  }, {
    "type" : "place",
    "startTime" : "20140708T003521+0200",
    "endTime" : "20140708T082813+0200",
    "place" : {
      "id" : 222568631,
      "type" : "unknown",
      "location" : {
        "lat" : 49.8819681239,
        "lon" : 8.6703339401
      }
    },
    "lastUpdate" : "20140708T081024Z"
  }, {
    "type" : "place",
    "startTime" : "20140708T083414+0200",
    "endTime" : "20140708T084018+0200",
    "place" : {
      "id" : 224354608,
      "type" : "unknown",
      "location" : {
        "lat" : 49.8822491921,
        "lon" : 8.6660203318
      }
    },
    "lastUpdate" : "20140708T081024Z"
  }, {
    "type" : "place",
    "startTime" : "20140708T084958+0200",
    "endTime" : "20140708T124714+0200",
    "place" : {
      "id" : 227346831,
      "type" : "unknown",
      "location" : {
        "lat" : 49.876159775,
        "lon" : 8.6572254169
      }
    },
    "lastUpdate" : "20140708T143001Z"
  }, {
    "type" : "place",
    "startTime" : "20140708T130420+0200",
    "endTime" : "20140708T193227+0200",
    "place" : {
      "id" : 222568631,
      "type" : "unknown",
      "location" : {
        "lat" : 49.8819681239,
        "lon" : 8.6703339401
      }
    },
    "lastUpdate" : "20140708T202140Z"
  }, {
    "type" : "place",
    "startTime" : "20140708T193634+0200",
    "endTime" : "20140708T194111+0200",
    "place" : {
      "id" : 223509887,
      "type" : "unknown",
      "location" : {
        "lat" : 49.8829100725,
        "lon" : 8.6682008619
      }
    },
    "lastUpdate" : "20140708T202140Z"
  }, {
    "type" : "place",
    "startTime" : "20140708T194445+0200",
    "endTime" : "20140708T220119+0200",
    "place" : {
      "id" : 222568631,
      "type" : "unknown",
      "location" : {
        "lat" : 49.8819681239,
        "lon" : 8.6703339401
      }
    },
    "lastUpdate" : "20140708T215435Z"
  }, {
    "type" : "place",
    "startTime" : "20140708T220605+0200",
    "endTime" : "20140708T235306+0200",
    "place" : {
      "id" : 223509887,
      "type" : "unknown",
      "location" : {
        "lat" : 49.8829100725,
        "lon" : 8.6682008619
      }
    },
    "lastUpdate" : "20140708T235125Z"
  }, {
    "type" : "place",
    "startTime" : "20140708T235702+0200",
    "endTime" : "20140709T092755+0200",
    "place" : {
      "id" : 222568631,
      "type" : "unknown",
      "location" : {
        "lat" : 49.8819681239,
        "lon" : 8.6703339401
      }
    },
    "lastUpdate" : "20140709T080706Z"
  } ],
  "lastUpdate" : "20140709T080706Z"
}, {
  "date" : "20140709",
  "segments" : [ {
    "type" : "place",
    "startTime" : "20140708T235702+0200",
    "endTime" : "20140709T092755+0200",
    "place" : {
      "id" : 222568631,
      "type" : "unknown",
      "location" : {
        "lat" : 49.8819681239,
        "lon" : 8.6703339401
      }
    },
    "lastUpdate" : "20140709T080706Z"
  }, {
    "type" : "place",
    "startTime" : "20140709T093510+0200",
    "endTime" : "20140709T093917+0200",
    "place" : {
      "id" : 224354608,
      "type" : "unknown",
      "location" : {
        "lat" : 49.8822491921,
        "lon" : 8.6660203318
      }
    },
    "lastUpdate" : "20140709T080706Z"
  }, {
    "type" : "place",
    "startTime" : "20140709T094820+0200",
    "endTime" : "20140709T112114+0200",
    "place" : {
      "id" : 223098012,
      "type" : "unknown",
      "location" : {
        "lat" : 49.877662904,
        "lon" : 8.654577692
      }
    },
    "lastUpdate" : "20140709T115447Z"
  }, {
    "type" : "place",
    "startTime" : "20140709T113211+0200",
    "endTime" : "20140709T115227+0200",
    "place" : {
      "id" : 228151899,
      "type" : "unknown",
      "location" : {
        "lat" : 49.8775237139,
        "lon" : 8.6614601496
      }
    },
    "lastUpdate" : "20140709T115447Z"
  }, {
    "type" : "place",
    "startTime" : "20140709T120030+0200",
    "endTime" : "20140709T140348+0200",
    "place" : {
      "id" : 222568631,
      "type" : "unknown",
      "location" : {
        "lat" : 49.8819681239,
        "lon" : 8.6703339401
      }
    },
    "lastUpdate" : "20140709T133806Z"
  }, {
    "type" : "place",
    "startTime" : "20140709T140833+0200",
    "endTime" : "20140709T153645+0200",
    "place" : {
      "id" : 223509887,
      "type" : "unknown",
      "location" : {
        "lat" : 49.8829100725,
        "lon" : 8.6682008619
      }
    },
    "lastUpdate" : "20140709T143743Z"
  }, {
    "type" : "place",
    "startTime" : "20140709T154026+0200",
    "endTime" : "20140709T214543+0200",
    "place" : {
      "id" : 222568631,
      "type" : "unknown",
      "location" : {
        "lat" : 49.8819681239,
        "lon" : 8.6703339401
      }
    },
    "lastUpdate" : "20140709T200736Z"
  }, {
    "type" : "place",
    "startTime" : "20140709T214946+0200",
    "endTime" : "20140710T004620+0200",
    "place" : {
      "id" : 223509887,
      "type" : "unknown",
      "location" : {
        "lat" : 49.8829100725,
        "lon" : 8.6682008619
      }
    },
    "lastUpdate" : "20140709T231911Z"
  } ],
  "lastUpdate" : "20140709T231911Z"
}, {
  "date" : "20140710",
  "segments" : [ {
    "type" : "place",
    "startTime" : "20140709T214946+0200",
    "endTime" : "20140710T004620+0200",
    "place" : {
      "id" : 223509887,
      "type" : "unknown",
      "location" : {
        "lat" : 49.8829100725,
        "lon" : 8.6682008619
      }
    },
    "lastUpdate" : "20140709T231911Z"
  }, {
    "type" : "place",
    "startTime" : "20140710T004956+0200",
    "endTime" : "20140710T101823+0200",
    "place" : {
      "id" : 222568631,
      "type" : "unknown",
      "location" : {
        "lat" : 49.8819681239,
        "lon" : 8.6703339401
      }
    },
    "lastUpdate" : "20140710T101733Z"
  }, {
    "type" : "place",
    "startTime" : "20140710T103319+0200",
    "endTime" : "20140710T105518+0200",
    "place" : {
      "id" : 227346831,
      "type" : "unknown",
      "location" : {
        "lat" : 49.876159775,
        "lon" : 8.6572254169
      }
    },
    "lastUpdate" : "20140710T101733Z"
  }, {
    "type" : "place",
    "startTime" : "20140710T111003+0200",
    "endTime" : "20140710T130650+0200",
    "place" : {
      "id" : 222568631,
      "type" : "unknown",
      "location" : {
        "lat" : 49.8819681239,
        "lon" : 8.6703339401
      }
    },
    "lastUpdate" : "20140710T132135Z"
  }, {
    "type" : "place",
    "startTime" : "20140710T140419+0200",
    "endTime" : "20140710T145807+0200",
    "place" : {
      "id" : 228569616,
      "type" : "unknown",
      "location" : {
        "lat" : 49.8992193472,
        "lon" : 8.8359291458
      }
    },
    "lastUpdate" : "20140710T150209Z"
  }, {
    "type" : "place",
    "startTime" : "20140710T155045+0200",
    "endTime" : "20140710T155603+0200",
    "place" : {
      "id" : 228607773,
      "type" : "unknown",
      "location" : {
        "lat" : 49.8830302467,
        "lon" : 8.6688658768
      }
    },
    "lastUpdate" : "20140710T150209Z"
  }, {
    "type" : "place",
    "startTime" : "20140710T155927+0200",
    "endTime" : "20140711T093806+0200",
    "place" : {
      "id" : 222568631,
      "type" : "unknown",
      "location" : {
        "lat" : 49.8819681239,
        "lon" : 8.6703339401
      }
    },
    "lastUpdate" : "20140711T090224Z"
  } ],
  "lastUpdate" : "20140711T090224Z"
}, {
  "date" : "20140711",
  "segments" : [ {
    "type" : "place",
    "startTime" : "20140710T155927+0200",
    "endTime" : "20140711T093806+0200",
    "place" : {
      "id" : 222568631,
      "type" : "unknown",
      "location" : {
        "lat" : 49.8819681239,
        "lon" : 8.6703339401
      }
    },
    "lastUpdate" : "20140711T090224Z"
  }, {
    "type" : "place",
    "startTime" : "20140711T094535+0200",
    "endTime" : "20140711T095427+0200",
    "place" : {
      "id" : 224354608,
      "type" : "unknown",
      "location" : {
        "lat" : 49.8822491921,
        "lon" : 8.6660203318
      }
    },
    "lastUpdate" : "20140711T090224Z"
  }, {
    "type" : "place",
    "startTime" : "20140711T100534+0200",
    "endTime" : "20140711T132251+0200",
    "place" : {
      "id" : 223174315,
      "type" : "unknown",
      "location" : {
        "lat" : 49.8763206317,
        "lon" : 8.6568254738
      }
    },
    "lastUpdate" : "20140711T140627Z"
  }, {
    "type" : "place",
    "startTime" : "20140711T134826+0200",
    "endTime" : "20140711T135850+0200",
    "place" : {
      "id" : 222568631,
      "type" : "unknown",
      "location" : {
        "lat" : 49.8819681239,
        "lon" : 8.6703339401
      }
    },
    "lastUpdate" : "20140711T140627Z"
  }, {
    "type" : "place",
    "startTime" : "20140711T141341+0200",
    "endTime" : "20140711T155345+0200",
    "place" : {
      "id" : 229023728,
      "type" : "unknown",
      "location" : {
        "lat" : 49.8790864404,
        "lon" : 8.6691945542
      }
    },
    "lastUpdate" : "20140711T150414Z"
  }, {
    "type" : "place",
    "startTime" : "20140711T160622+0200",
    "endTime" : "20140712T093135+0200",
    "place" : {
      "id" : 222568631,
      "type" : "unknown",
      "location" : {
        "lat" : 49.8819681239,
        "lon" : 8.6703339401
      }
    },
    "lastUpdate" : "20140712T103501Z"
  } ],
  "lastUpdate" : "20140712T103501Z"
}, {
  "date" : "20140712",
  "segments" : [ {
    "type" : "place",
    "startTime" : "20140711T160622+0200",
    "endTime" : "20140712T093135+0200",
    "place" : {
      "id" : 222568631,
      "type" : "unknown",
      "location" : {
        "lat" : 49.8819681239,
        "lon" : 8.6703339401
      }
    },
    "lastUpdate" : "20140712T103501Z"
  }, {
    "type" : "place",
    "startTime" : "20140712T095008+0200",
    "endTime" : "20140712T125147+0200",
    "place" : {
      "id" : 227346831,
      "type" : "unknown",
      "location" : {
        "lat" : 49.876159775,
        "lon" : 8.6572254169
      }
    },
    "lastUpdate" : "20140712T120321Z"
  }, {
    "type" : "place",
    "startTime" : "20140712T130508+0200",
    "endTime" : "20140712T132806+0200",
    "place" : {
      "id" : 229430507,
      "type" : "unknown",
      "location" : {
        "lat" : 49.876326587,
        "lon" : 8.6526157155
      }
    },
    "lastUpdate" : "20140712T120321Z"
  }, {
    "type" : "place",
    "startTime" : "20140712T133853+0200",
    "endTime" : "20140712T152055+0200",
    "place" : {
      "id" : 227346831,
      "type" : "unknown",
      "location" : {
        "lat" : 49.876159775,
        "lon" : 8.6572254169
      }
    },
    "lastUpdate" : "20140712T161910Z"
  }, {
    "type" : "place",
    "startTime" : "20140712T154316+0200",
    "endTime" : "20140712T155106+0200",
    "place" : {
      "id" : 223509887,
      "type" : "unknown",
      "location" : {
        "lat" : 49.8829100725,
        "lon" : 8.6682008619
      }
    },
    "lastUpdate" : "20140712T161910Z"
  }, {
    "type" : "place",
    "startTime" : "20140712T155351+0200",
    "endTime" : "20140712T155420+0200",
    "place" : {
      "id" : 222568631,
      "type" : "unknown",
      "location" : {
        "lat" : 49.8819681239,
        "lon" : 8.6703339401
      }
    },
    "lastUpdate" : "20140712T161910Z"
  }, {
    "type" : "place",
    "startTime" : "20140712T162429+0200",
    "endTime" : "20140713T203049+0200",
    "place" : {
      "id" : 222568631,
      "type" : "unknown",
      "location" : {
        "lat" : 49.8819681239,
        "lon" : 8.6703339401
      }
    },
    "lastUpdate" : "20140713T185641Z"
  } ],
  "lastUpdate" : "20140713T185641Z"
}, {
  "date" : "20140713",
  "segments" : [ {
    "type" : "place",
    "startTime" : "20140712T162429+0200",
    "endTime" : "20140713T203049+0200",
    "place" : {
      "id" : 222568631,
      "type" : "unknown",
      "location" : {
        "lat" : 49.8819681239,
        "lon" : 8.6703339401
      }
    },
    "lastUpdate" : "20140713T185641Z"
  }, {
    "type" : "place",
    "startTime" : "20140713T203413+0200",
    "endTime" : "20140713T205455+0200",
    "place" : {
      "id" : 223509887,
      "type" : "unknown",
      "location" : {
        "lat" : 49.8829100725,
        "lon" : 8.6682008619
      }
    },
    "lastUpdate" : "20140713T202623Z"
  }, {
    "type" : "place",
    "startTime" : "20140713T205729+0200",
    "endTime" : "20140713T214329+0200",
    "place" : {
      "id" : 222568631,
      "type" : "unknown",
      "location" : {
        "lat" : 49.8819681239,
        "lon" : 8.6703339401
      }
    },
    "lastUpdate" : "20140713T202623Z"
  }, {
    "type" : "place",
    "startTime" : "20140713T220325+0200",
    "endTime" : "20140713T225850+0200",
    "place" : {
      "id" : 225196872,
      "type" : "unknown",
      "location" : {
        "lat" : 49.8728270312,
        "lon" : 8.6551163231
      }
    },
    "lastUpdate" : "20140713T214656Z"
  }, {
    "type" : "place",
    "startTime" : "20140713T230305+0200",
    "endTime" : "20140713T233853+0200",
    "place" : {
      "id" : 225196872,
      "type" : "unknown",
      "location" : {
        "lat" : 49.8728270312,
        "lon" : 8.6551163231
      }
    },
    "lastUpdate" : "20140713T233844Z"
  }, {
    "type" : "place",
    "startTime" : "20140713T234607+0200",
    "endTime" : "20140714T001511+0200",
    "place" : {
      "id" : 230177678,
      "type" : "unknown",
      "location" : {
        "lat" : 49.8726261215,
        "lon" : 8.649758177
      }
    },
    "lastUpdate" : "20140713T233844Z"
  } ],
  "lastUpdate" : "20140713T233844Z"
} ]