[ {
  "date" : "20140901",
  "segments" : [ {
    "type" : "place",
    "startTime" : "20140831T200811+0200",
    "endTime" : "20140901T165840+0200",
    "place" : {
      "id" : 223135125,
      "name" : "Volleyball field of Karlshof",
      "type" : "user",
      "location" : {
        "lat" : 49.8826210232,
        "lon" : 8.6675185755
      }
    },
    "lastUpdate" : "20140901T180045Z"
  }, {
    "type" : "place",
    "startTime" : "20140901T170320+0200",
    "endTime" : "20140901T173652+0200",
    "place" : {
      "id" : 236799681,
      "type" : "unknown",
      "location" : {
        "lat" : 49.8770449952,
        "lon" : 8.657750091
      }
    },
    "lastUpdate" : "20140901T180045Z"
  }, {
    "type" : "place",
    "startTime" : "20140901T175344+0200",
    "endTime" : "20140901T175554+0200",
    "place" : {
      "id" : 223135125,
      "name" : "Volleyball field of Karlshof",
      "type" : "user",
      "location" : {
        "lat" : 49.8826210232,
        "lon" : 8.6675185755
      }
    },
    "lastUpdate" : "20140901T180045Z"
  }, {
    "type" : "place",
    "startTime" : "20140901T175803+0200",
    "endTime" : "20140901T185023+0200",
    "place" : {
      "id" : 251291724,
      "name" : "Home",
      "type" : "home",
      "location" : {
        "lat" : 49.8819996044,
        "lon" : 8.6702592175
      }
    },
    "lastUpdate" : "20140901T180045Z"
  }, {
    "type" : "place",
    "startTime" : "20140901T185348+0200",
    "endTime" : "20140901T200049+0200",
    "place" : {
      "id" : 251672281,
      "type" : "unknown",
      "location" : {
        "lat" : 49.8846492734,
        "lon" : 8.6665044713
      }
    },
    "lastUpdate" : "20140901T191217Z"
  }, {
    "type" : "place",
    "startTime" : "20140901T200624+0200",
    "endTime" : "20140901T211321+0200",
    "place" : {
      "id" : 251291724,
      "name" : "Home",
      "type" : "home",
      "location" : {
        "lat" : 49.8819996044,
        "lon" : 8.6702592175
      }
    },
    "lastUpdate" : "20140901T202851Z"
  }, {
    "type" : "place",
    "startTime" : "20140901T211637+0200",
    "endTime" : "20140902T010229+0200",
    "place" : {
      "id" : 251721107,
      "type" : "unknown",
      "location" : {
        "lat" : 49.8831093675,
        "lon" : 8.6697840805
      }
    },
    "lastUpdate" : "20140902T000338Z"
  } ],
  "lastUpdate" : "20140902T000338Z"
}, {
  "date" : "20140902",
  "segments" : [ {
    "type" : "place",
    "startTime" : "20140901T211637+0200",
    "endTime" : "20140902T010229+0200",
    "place" : {
      "id" : 251721107,
      "type" : "unknown",
      "location" : {
        "lat" : 49.8831093675,
        "lon" : 8.6697840805
      }
    },
    "lastUpdate" : "20140902T000338Z"
  }, {
    "type" : "place",
    "startTime" : "20140902T010603+0200",
    "endTime" : "20140902T084257+0200",
    "place" : {
      "id" : 251291724,
      "name" : "Home",
      "type" : "home",
      "location" : {
        "lat" : 49.8819996044,
        "lon" : 8.6702592175
      }
    },
    "lastUpdate" : "20140902T104141Z"
  }, {
    "type" : "place",
    "startTime" : "20140902T091455+0200",
    "endTime" : "20140902T131529+0200",
    "place" : {
      "id" : 249718361,
      "name" : "Consetto",
      "type" : "work",
      "location" : {
        "lat" : 49.8712952279,
        "lon" : 8.6249912643
      }
    },
    "lastUpdate" : "20140902T134340Z"
  }, {
    "type" : "place",
    "startTime" : "20140902T132311+0200",
    "endTime" : "20140902T132756+0200",
    "place" : {
      "id" : 243639456,
      "type" : "unknown",
      "location" : {
        "lat" : 49.8727137981,
        "lon" : 8.631430972
      }
    },
    "lastUpdate" : "20140902T134340Z"
  }, {
    "type" : "place",
    "startTime" : "20140902T135048+0200",
    "endTime" : "20140902T210128+0200",
    "place" : {
      "id" : 251291724,
      "name" : "Home",
      "type" : "home",
      "location" : {
        "lat" : 49.8819996044,
        "lon" : 8.6702592175
      }
    },
    "lastUpdate" : "20140902T203013Z"
  }, {
    "type" : "place",
    "startTime" : "20140902T210317+0200",
    "endTime" : "20140902T211514+0200",
    "place" : {
      "id" : 233376386,
      "type" : "unknown",
      "location" : {
        "lat" : 49.8853907879,
        "lon" : 8.6710590028
      }
    },
    "lastUpdate" : "20140902T203013Z"
  }, {
    "type" : "place",
    "startTime" : "20140902T211857+0200",
    "endTime" : "20140902T212815+0200",
    "place" : {
      "id" : 223509887,
      "type" : "unknown",
      "location" : {
        "lat" : 49.8829100725,
        "lon" : 8.6682008619
      }
    },
    "lastUpdate" : "20140902T203013Z"
  }, {
    "type" : "place",
    "startTime" : "20140902T213056+0200",
    "endTime" : "20140903T080954+0200",
    "place" : {
      "id" : 251291724,
      "name" : "Home",
      "type" : "home",
      "location" : {
        "lat" : 49.8819996044,
        "lon" : 8.6702592175
      }
    },
    "lastUpdate" : "20140903T065930Z"
  } ],
  "lastUpdate" : "20140903T065930Z"
}, {
  "date" : "20140903",
  "segments" : [ {
    "type" : "place",
    "startTime" : "20140902T213056+0200",
    "endTime" : "20140903T080954+0200",
    "place" : {
      "id" : 251291724,
      "name" : "Home",
      "type" : "home",
      "location" : {
        "lat" : 49.8819996044,
        "lon" : 8.6702592175
      }
    },
    "lastUpdate" : "20140903T065930Z"
  }, {
    "type" : "place",
    "startTime" : "20140903T082012+0200",
    "endTime" : "20140903T085519+0200",
    "place" : {
      "id" : 239489565,
      "type" : "unknown",
      "location" : {
        "lat" : 49.8706456023,
        "lon" : 8.6497123703
      }
    },
    "lastUpdate" : "20140903T084447Z"
  }, {
    "type" : "place",
    "startTime" : "20140903T090251+0200",
    "endTime" : "20140903T130933+0200",
    "place" : {
      "id" : 249718361,
      "name" : "Consetto",
      "type" : "work",
      "location" : {
        "lat" : 49.8712952279,
        "lon" : 8.6249912643
      }
    },
    "lastUpdate" : "20140903T125540Z"
  }, {
    "type" : "place",
    "startTime" : "20140903T131736+0200",
    "endTime" : "20140903T140156+0200",
    "place" : {
      "id" : 243639455,
      "type" : "unknown",
      "location" : {
        "lat" : 49.8701663095,
        "lon" : 8.650944123
      }
    },
    "lastUpdate" : "20140903T125540Z"
  }, {
    "type" : "place",
    "startTime" : "20140903T140616+0200",
    "endTime" : "20140903T141629+0200",
    "place" : {
      "id" : 252308233,
      "type" : "unknown",
      "location" : {
        "lat" : 49.8732587679,
        "lon" : 8.6578754551
      }
    },
    "lastUpdate" : "20140903T125540Z"
  }, {
    "type" : "place",
    "startTime" : "20140903T142550+0200",
    "endTime" : "20140903T203811+0200",
    "place" : {
      "id" : 251291724,
      "name" : "Home",
      "type" : "home",
      "location" : {
        "lat" : 49.8819996044,
        "lon" : 8.6702592175
      }
    },
    "lastUpdate" : "20140903T211601Z"
  }, {
    "type" : "place",
    "startTime" : "20140903T204220+0200",
    "endTime" : "20140903T235922+0200",
    "place" : {
      "id" : 251721107,
      "type" : "unknown",
      "location" : {
        "lat" : 49.8831093675,
        "lon" : 8.6697840805
      }
    },
    "lastUpdate" : "20140903T235841Z"
  } ],
  "lastUpdate" : "20140903T235841Z"
}, {
  "date" : "20140904",
  "segments" : [ {
    "type" : "place",
    "startTime" : "20140904T000320+0200",
    "endTime" : "20140904T123515+0200",
    "place" : {
      "id" : 251291724,
      "name" : "Home",
      "type" : "home",
      "location" : {
        "lat" : 49.8819996044,
        "lon" : 8.6702592175
      }
    },
    "lastUpdate" : "20140904T112442Z"
  }, {
    "type" : "place",
    "startTime" : "20140904T125247+0200",
    "endTime" : "20140904T135204+0200",
    "place" : {
      "id" : 236799681,
      "type" : "unknown",
      "location" : {
        "lat" : 49.8770449952,
        "lon" : 8.657750091
      }
    },
    "lastUpdate" : "20140904T173348Z"
  }, {
    "type" : "place",
    "startTime" : "20140904T141459+0200",
    "endTime" : "20140904T221617+0200",
    "place" : {
      "id" : 251291724,
      "name" : "Home",
      "type" : "home",
      "location" : {
        "lat" : 49.8819996044,
        "lon" : 8.6702592175
      }
    },
    "lastUpdate" : "20140904T220947Z"
  }, {
    "type" : "place",
    "startTime" : "20140904T222636+0200",
    "endTime" : "20140905T084656+0200",
    "place" : {
      "id" : 251291724,
      "name" : "Home",
      "type" : "home",
      "location" : {
        "lat" : 49.8819996044,
        "lon" : 8.6702592175
      }
    },
    "lastUpdate" : "20140905T082810Z"
  } ],
  "lastUpdate" : "20140905T082810Z"
}, {
  "date" : "20140905",
  "segments" : [ {
    "type" : "place",
    "startTime" : "20140904T222636+0200",
    "endTime" : "20140905T084656+0200",
    "place" : {
      "id" : 251291724,
      "name" : "Home",
      "type" : "home",
      "location" : {
        "lat" : 49.8819996044,
        "lon" : 8.6702592175
      }
    },
    "lastUpdate" : "20140905T082810Z"
  }, {
    "type" : "place",
    "startTime" : "20140905T090250+0200",
    "endTime" : "20140905T102206+0200",
    "place" : {
      "id" : 227329234,
      "name" : "KOM Lab",
      "type" : "work",
      "location" : {
        "lat" : 49.8742715717,
        "lon" : 8.6605648722
      }
    },
    "lastUpdate" : "20140907T092402Z"
  }, {
    "type" : "place",
    "startTime" : "20140905T104845+0200",
    "endTime" : "20140905T121519+0200",
    "place" : {
      "id" : 249718361,
      "name" : "Consetto",
      "type" : "work",
      "location" : {
        "lat" : 49.8712952279,
        "lon" : 8.6249912643
      }
    },
    "lastUpdate" : "20140905T113456Z"
  }, {
    "type" : "place",
    "startTime" : "20140905T122308+0200",
    "endTime" : "20140905T124547+0200",
    "place" : {
      "id" : 253038823,
      "type" : "unknown",
      "location" : {
        "lat" : 49.8739398551,
        "lon" : 8.6276221598
      }
    },
    "lastUpdate" : "20140905T113456Z"
  }, {
    "type" : "place",
    "startTime" : "20140905T125331+0200",
    "endTime" : "20140905T155112+0200",
    "place" : {
      "id" : 249718361,
      "name" : "Consetto",
      "type" : "work",
      "location" : {
        "lat" : 49.8712952279,
        "lon" : 8.6249912643
      }
    },
    "lastUpdate" : "20140905T160126Z"
  }, {
    "type" : "place",
    "startTime" : "20140905T155653+0200",
    "endTime" : "20140905T160106+0200",
    "place" : {
      "id" : 224851777,
      "type" : "unknown",
      "location" : {
        "lat" : 49.8725029818,
        "lon" : 8.6276204882
      }
    },
    "lastUpdate" : "20140905T160126Z"
  }, {
    "type" : "place",
    "startTime" : "20140905T162212+0200",
    "endTime" : "20140906T091115+0200",
    "place" : {
      "id" : 251291724,
      "name" : "Home",
      "type" : "home",
      "location" : {
        "lat" : 49.8819996044,
        "lon" : 8.6702592175
      }
    },
    "lastUpdate" : "20140906T100028Z"
  } ],
  "lastUpdate" : "20140907T092402Z"
}, {
  "date" : "20140906",
  "segments" : [ {
    "type" : "place",
    "startTime" : "20140905T162212+0200",
    "endTime" : "20140906T091115+0200",
    "place" : {
      "id" : 251291724,
      "name" : "Home",
      "type" : "home",
      "location" : {
        "lat" : 49.8819996044,
        "lon" : 8.6702592175
      }
    },
    "lastUpdate" : "20140906T100028Z"
  }, {
    "type" : "place",
    "startTime" : "20140906T092626+0200",
    "endTime" : "20140906T093852+0200",
    "place" : {
      "id" : 253463187,
      "type" : "unknown",
      "location" : {
        "lat" : 49.8765999558,
        "lon" : 8.6581556386
      }
    },
    "lastUpdate" : "20140906T100028Z"
  }, {
    "type" : "place",
    "startTime" : "20140906T102159+0200",
    "endTime" : "20140906T142027+0200",
    "place" : {
      "id" : 253463188,
      "type" : "unknown",
      "location" : {
        "lat" : 49.9990207992,
        "lon" : 8.416703505
      }
    },
    "lastUpdate" : "20140906T144203Z"
  }, {
    "type" : "place",
    "startTime" : "20140906T151819+0200",
    "endTime" : "20140906T191424+0200",
    "place" : {
      "id" : 251291724,
      "name" : "Home",
      "type" : "home",
      "location" : {
        "lat" : 49.8819996044,
        "lon" : 8.6702592175
      }
    },
    "lastUpdate" : "20140906T185651Z"
  }, {
    "type" : "place",
    "startTime" : "20140906T191456+0200",
    "endTime" : "20140906T192613+0200",
    "place" : {
      "id" : 233376386,
      "type" : "unknown",
      "location" : {
        "lat" : 49.8853907879,
        "lon" : 8.6710590028
      }
    },
    "lastUpdate" : "20140906T185651Z"
  }, {
    "type" : "place",
    "startTime" : "20140906T192817+0200",
    "endTime" : "20140906T210113+0200",
    "place" : {
      "id" : 251291724,
      "name" : "Home",
      "type" : "home",
      "location" : {
        "lat" : 49.8819996044,
        "lon" : 8.6702592175
      }
    },
    "lastUpdate" : "20140906T202752Z"
  }, {
    "type" : "place",
    "startTime" : "20140906T213255+0200",
    "endTime" : "20140906T233230+0200",
    "place" : {
      "id" : 253750877,
      "type" : "unknown",
      "location" : {
        "lat" : 49.8611646249,
        "lon" : 8.6718102524
      }
    },
    "lastUpdate" : "20140906T220212Z"
  }, {
    "type" : "place",
    "startTime" : "20140906T234036+0200",
    "endTime" : "20140907T020823+0200",
    "place" : {
      "id" : 253811830,
      "type" : "unknown",
      "location" : {
        "lat" : 49.8604000358,
        "lon" : 8.6686615143
      }
    },
    "lastUpdate" : "20140907T010718Z"
  } ],
  "lastUpdate" : "20140907T010718Z"
}, {
  "date" : "20140907",
  "segments" : [ {
    "type" : "place",
    "startTime" : "20140906T234036+0200",
    "endTime" : "20140907T020823+0200",
    "place" : {
      "id" : 253811830,
      "type" : "unknown",
      "location" : {
        "lat" : 49.8604000358,
        "lon" : 8.6686615143
      }
    },
    "lastUpdate" : "20140907T010718Z"
  }, {
    "type" : "place",
    "startTime" : "20140907T023026+0200",
    "endTime" : "20140907T210047+0200",
    "place" : {
      "id" : 251291724,
      "name" : "Home",
      "type" : "home",
      "location" : {
        "lat" : 49.8819996044,
        "lon" : 8.6702592175
      }
    },
    "lastUpdate" : "20140907T202922Z"
  }, {
    "type" : "place",
    "startTime" : "20140907T210317+0200",
    "endTime" : "20140907T222934+0200",
    "place" : {
      "id" : 251721107,
      "type" : "unknown",
      "location" : {
        "lat" : 49.8831093675,
        "lon" : 8.6697840805
      }
    },
    "lastUpdate" : "20140907T222439Z"
  }, {
    "type" : "place",
    "startTime" : "20140907T222934+0200",
    "endTime" : "20140908T085850+0200",
    "place" : {
      "id" : 251291724,
      "name" : "Home",
      "type" : "home",
      "location" : {
        "lat" : 49.8819996044,
        "lon" : 8.6702592175
      }
    },
    "lastUpdate" : "20140908T115602Z"
  } ],
  "lastUpdate" : "20140908T115602Z"
}, {
  "date" : "20140908",
  "segments" : [ {
    "type" : "place",
    "startTime" : "20140907T222934+0200",
    "endTime" : "20140908T085850+0200",
    "place" : {
      "id" : 251291724,
      "name" : "Home",
      "type" : "home",
      "location" : {
        "lat" : 49.8819996044,
        "lon" : 8.6702592175
      }
    },
    "lastUpdate" : "20140908T115602Z"
  }, {
    "type" : "place",
    "startTime" : "20140908T090430+0200",
    "endTime" : "20140908T092936+0200",
    "place" : {
      "id" : 251292369,
      "name" : "H Karlshof",
      "type" : "foursquare",
      "foursquareId" : "4d31931eb60937045413eddf",
      "location" : {
        "lat" : 49.882194,
        "lon" : 8.665967
      }
    },
    "lastUpdate" : "20140908T115602Z"
  }, {
    "type" : "place",
    "startTime" : "20140908T094810+0200",
    "endTime" : "20140908T135834+0200",
    "place" : {
      "id" : 249718361,
      "name" : "Consetto",
      "type" : "work",
      "location" : {
        "lat" : 49.8712952279,
        "lon" : 8.6249912643
      }
    },
    "lastUpdate" : "20140908T131911Z"
  }, {
    "type" : "place",
    "startTime" : "20140908T141815+0200",
    "endTime" : "20140908T180202+0200",
    "place" : {
      "id" : 251291724,
      "name" : "Home",
      "type" : "home",
      "location" : {
        "lat" : 49.8819996044,
        "lon" : 8.6702592175
      }
    },
    "lastUpdate" : "20140908T181704Z"
  }, {
    "type" : "place",
    "startTime" : "20140908T180455+0200",
    "endTime" : "20140908T202028+0200",
    "place" : {
      "id" : 254553224,
      "type" : "unknown",
      "location" : {
        "lat" : 49.8851435948,
        "lon" : 8.6660192
      }
    },
    "lastUpdate" : "20140908T192606Z"
  }, {
    "type" : "place",
    "startTime" : "20140908T202605+0200",
    "endTime" : "20140909T082707+0200",
    "place" : {
      "id" : 251291724,
      "name" : "Home",
      "type" : "home",
      "location" : {
        "lat" : 49.8819996044,
        "lon" : 8.6702592175
      }
    },
    "lastUpdate" : "20140909T095700Z"
  } ],
  "lastUpdate" : "20140909T095700Z"
}, {
  "date" : "20140909",
  "segments" : [ {
    "type" : "place",
    "startTime" : "20140908T202605+0200",
    "endTime" : "20140909T082707+0200",
    "place" : {
      "id" : 251291724,
      "name" : "Home",
      "type" : "home",
      "location" : {
        "lat" : 49.8819996044,
        "lon" : 8.6702592175
      }
    },
    "lastUpdate" : "20140909T095700Z"
  }, {
    "type" : "place",
    "startTime" : "20140909T084914+0200",
    "endTime" : "20140909T085812+0200",
    "place" : {
      "id" : 226205943,
      "type" : "unknown",
      "location" : {
        "lat" : 49.8727024501,
        "lon" : 8.6509480091
      }
    },
    "lastUpdate" : "20140909T095700Z"
  }, {
    "type" : "place",
    "startTime" : "20140909T090720+0200",
    "endTime" : "20140909T171506+0200",
    "place" : {
      "id" : 249718361,
      "name" : "Consetto",
      "type" : "work",
      "location" : {
        "lat" : 49.8712952279,
        "lon" : 8.6249912643
      }
    },
    "lastUpdate" : "20140909T175415Z"
  }, {
    "type" : "place",
    "startTime" : "20140909T180922+0200",
    "endTime" : "20140909T185417+0200",
    "place" : {
      "id" : 223509887,
      "type" : "unknown",
      "location" : {
        "lat" : 49.8829100725,
        "lon" : 8.6682008619
      }
    },
    "lastUpdate" : "20140909T175415Z"
  }, {
    "type" : "place",
    "startTime" : "20140909T185729+0200",
    "endTime" : "20140910T122423+0200",
    "place" : {
      "id" : 251291724,
      "name" : "Home",
      "type" : "home",
      "location" : {
        "lat" : 49.8819996044,
        "lon" : 8.6702592175
      }
    },
    "lastUpdate" : "20140910T164200Z"
  } ],
  "lastUpdate" : "20140910T164200Z"
}, {
  "date" : "20140910",
  "segments" : [ {
    "type" : "place",
    "startTime" : "20140909T185729+0200",
    "endTime" : "20140910T122423+0200",
    "place" : {
      "id" : 251291724,
      "name" : "Home",
      "type" : "home",
      "location" : {
        "lat" : 49.8819996044,
        "lon" : 8.6702592175
      }
    },
    "lastUpdate" : "20140910T164200Z"
  }, {
    "type" : "place",
    "startTime" : "20140910T141019+0200",
    "endTime" : "20140910T171745+0200",
    "place" : {
      "id" : 251291724,
      "name" : "Home",
      "type" : "home",
      "location" : {
        "lat" : 49.8819996044,
        "lon" : 8.6702592175
      }
    },
    "lastUpdate" : "20140910T164200Z"
  }, {
    "type" : "place",
    "startTime" : "20140910T173759+0200",
    "endTime" : "20140910T181230+0200",
    "place" : {
      "id" : 255238542,
      "type" : "unknown",
      "location" : {
        "lat" : 49.8955261459,
        "lon" : 8.677832634
      }
    },
    "lastUpdate" : "20140910T164200Z"
  }, {
    "type" : "place",
    "startTime" : "20140910T181659+0200",
    "endTime" : "20140910T183717+0200",
    "place" : {
      "id" : 255238543,
      "type" : "unknown",
      "location" : {
        "lat" : 49.8963900521,
        "lon" : 8.6802657045
      }
    },
    "lastUpdate" : "20140910T181253Z"
  }, {
    "type" : "place",
    "startTime" : "20140910T184728+0200",
    "endTime" : "20140911T083054+0200",
    "place" : {
      "id" : 251291724,
      "name" : "Home",
      "type" : "home",
      "location" : {
        "lat" : 49.8819996044,
        "lon" : 8.6702592175
      }
    },
    "lastUpdate" : "20140911T075213Z"
  } ],
  "lastUpdate" : "20140911T075213Z"
}, {
  "date" : "20140911",
  "segments" : [ {
    "type" : "place",
    "startTime" : "20140910T184728+0200",
    "endTime" : "20140911T083054+0200",
    "place" : {
      "id" : 251291724,
      "name" : "Home",
      "type" : "home",
      "location" : {
        "lat" : 49.8819996044,
        "lon" : 8.6702592175
      }
    },
    "lastUpdate" : "20140911T075213Z"
  }, {
    "type" : "place",
    "startTime" : "20140911T090314+0200",
    "endTime" : "20140911T174845+0200",
    "place" : {
      "id" : 249718361,
      "name" : "Consetto",
      "type" : "work",
      "location" : {
        "lat" : 49.8712952279,
        "lon" : 8.6249912643
      }
    },
    "lastUpdate" : "20140911T181207Z"
  }, {
    "type" : "place",
    "startTime" : "20140911T180458+0200",
    "endTime" : "20140911T181256+0200",
    "place" : {
      "id" : 255635054,
      "type" : "unknown",
      "location" : {
        "lat" : 49.8721352336,
        "lon" : 8.6506784424
      }
    },
    "lastUpdate" : "20140911T181207Z"
  }, {
    "type" : "place",
    "startTime" : "20140911T181717+0200",
    "endTime" : "20140911T183453+0200",
    "place" : {
      "id" : 225933586,
      "type" : "unknown",
      "location" : {
        "lat" : 49.8707852336,
        "lon" : 8.6532179149
      }
    },
    "lastUpdate" : "20140911T181207Z"
  }, {
    "type" : "place",
    "startTime" : "20140911T183842+0200",
    "endTime" : "20140911T190401+0200",
    "place" : {
      "id" : 255635055,
      "type" : "unknown",
      "location" : {
        "lat" : 49.8713664158,
        "lon" : 8.6551462382
      }
    },
    "lastUpdate" : "20140911T181207Z"
  }, {
    "type" : "place",
    "startTime" : "20140911T192254+0200",
    "endTime" : "20140912T015754+0200",
    "place" : {
      "id" : 251291724,
      "name" : "Home",
      "type" : "home",
      "location" : {
        "lat" : 49.8819996044,
        "lon" : 8.6702592175
      }
    },
    "lastUpdate" : "20140912T101312Z"
  } ],
  "lastUpdate" : "20140912T101312Z"
}, {
  "date" : "20140912",
  "segments" : [ {
    "type" : "place",
    "startTime" : "20140911T192254+0200",
    "endTime" : "20140912T015754+0200",
    "place" : {
      "id" : 251291724,
      "name" : "Home",
      "type" : "home",
      "location" : {
        "lat" : 49.8819996044,
        "lon" : 8.6702592175
      }
    },
    "lastUpdate" : "20140912T101312Z"
  }, {
    "type" : "place",
    "startTime" : "20140912T104044+0200",
    "endTime" : "20140913T142359+0200",
    "place" : {
      "id" : 251291724,
      "name" : "Home",
      "type" : "home",
      "location" : {
        "lat" : 49.8819996044,
        "lon" : 8.6702592175
      }
    },
    "lastUpdate" : "20140913T131140Z"
  } ],
  "lastUpdate" : "20140913T131140Z"
}, {
  "date" : "20140913",
  "segments" : [ {
    "type" : "place",
    "startTime" : "20140912T104044+0200",
    "endTime" : "20140913T142359+0200",
    "place" : {
      "id" : 251291724,
      "name" : "Home",
      "type" : "home",
      "location" : {
        "lat" : 49.8819996044,
        "lon" : 8.6702592175
      }
    },
    "lastUpdate" : "20140913T131140Z"
  }, {
    "type" : "place",
    "startTime" : "20140913T142738+0200",
    "endTime" : "20140913T153712+0200",
    "place" : {
      "id" : 229496202,
      "type" : "unknown",
      "location" : {
        "lat" : 49.8826852249,
        "lon" : 8.6688546976
      }
    },
    "lastUpdate" : "20140913T163007Z"
  }, {
    "type" : "place",
    "startTime" : "20140913T154026+0200",
    "endTime" : "20140915T123916+0200",
    "place" : {
      "id" : 251291724,
      "name" : "Home",
      "type" : "home",
      "location" : {
        "lat" : 49.8819996044,
        "lon" : 8.6702592175
      }
    },
    "lastUpdate" : "20140915T114216Z"
  } ],
  "lastUpdate" : "20140915T114216Z"
}, {
  "date" : "20140914",
  "segments" : [ {
    "type" : "place",
    "startTime" : "20140913T154026+0200",
    "endTime" : "20140915T123916+0200",
    "place" : {
      "id" : 251291724,
      "name" : "Home",
      "type" : "home",
      "location" : {
        "lat" : 49.8819996044,
        "lon" : 8.6702592175
      }
    },
    "lastUpdate" : "20140915T114216Z"
  } ],
  "lastUpdate" : "20140915T114216Z"
}, {
  "date" : "20140915",
  "segments" : [ {
    "type" : "place",
    "startTime" : "20140913T154026+0200",
    "endTime" : "20140915T123916+0200",
    "place" : {
      "id" : 251291724,
      "name" : "Home",
      "type" : "home",
      "location" : {
        "lat" : 49.8819996044,
        "lon" : 8.6702592175
      }
    },
    "lastUpdate" : "20140915T114216Z"
  }, {
    "type" : "place",
    "startTime" : "20140915T124157+0200",
    "endTime" : "20140915T125217+0200",
    "place" : {
      "id" : 233376386,
      "type" : "unknown",
      "location" : {
        "lat" : 49.8853907879,
        "lon" : 8.6710590028
      }
    },
    "lastUpdate" : "20140915T114216Z"
  }, {
    "type" : "place",
    "startTime" : "20140915T125530+0200",
    "endTime" : "20140915T173650+0200",
    "place" : {
      "id" : 251291724,
      "name" : "Home",
      "type" : "home",
      "location" : {
        "lat" : 49.8819996044,
        "lon" : 8.6702592175
      }
    },
    "lastUpdate" : "20140915T161112Z"
  }, {
    "type" : "place",
    "startTime" : "20140915T173929+0200",
    "endTime" : "20140916T085856+0200",
    "place" : {
      "id" : 251291724,
      "name" : "Home",
      "type" : "home",
      "location" : {
        "lat" : 49.8819996044,
        "lon" : 8.6702592175
      }
    },
    "lastUpdate" : "20140916T094256Z"
  } ],
  "lastUpdate" : "20140916T094256Z"
}, {
  "date" : "20140916",
  "segments" : [ {
    "type" : "place",
    "startTime" : "20140915T173929+0200",
    "endTime" : "20140916T085856+0200",
    "place" : {
      "id" : 251291724,
      "name" : "Home",
      "type" : "home",
      "location" : {
        "lat" : 49.8819996044,
        "lon" : 8.6702592175
      }
    },
    "lastUpdate" : "20140916T094256Z"
  }, {
    "type" : "place",
    "startTime" : "20140916T090409+0200",
    "endTime" : "20140916T090827+0200",
    "place" : {
      "id" : 251292369,
      "name" : "H Karlshof",
      "type" : "foursquare",
      "foursquareId" : "4d31931eb60937045413eddf",
      "location" : {
        "lat" : 49.882194,
        "lon" : 8.665967
      }
    },
    "lastUpdate" : "20140916T094256Z"
  }, {
    "type" : "place",
    "startTime" : "20140916T093114+0200",
    "endTime" : "20140916T171229+0200",
    "place" : {
      "id" : 249718361,
      "name" : "Consetto",
      "type" : "work",
      "location" : {
        "lat" : 49.8712952279,
        "lon" : 8.6249912643
      }
    },
    "lastUpdate" : "20140916T201030Z"
  }, {
    "type" : "place",
    "startTime" : "20140916T172204+0200",
    "endTime" : "20140916T172235+0200",
    "place" : {
      "id" : 257779809,
      "type" : "unknown",
      "location" : {
        "lat" : 49.8714113983,
        "lon" : 8.6411924901
      }
    },
    "lastUpdate" : "20140916T201030Z"
  }, {
    "type" : "place",
    "startTime" : "20140916T203609+0200",
    "endTime" : "20140916T220307+0200",
    "place" : {
      "id" : 251291724,
      "name" : "Home",
      "type" : "home",
      "location" : {
        "lat" : 49.8819996044,
        "lon" : 8.6702592175
      }
    },
    "lastUpdate" : "20140916T213618Z"
  }, {
    "type" : "place",
    "startTime" : "20140916T220548+0200",
    "endTime" : "20140916T233551+0200",
    "place" : {
      "id" : 229496202,
      "type" : "unknown",
      "location" : {
        "lat" : 49.8826852249,
        "lon" : 8.6688546976
      }
    },
    "lastUpdate" : "20140916T230808Z"
  }, {
    "type" : "place",
    "startTime" : "20140916T234001+0200",
    "endTime" : "20140917T211626+0200",
    "place" : {
      "id" : 251291724,
      "name" : "Home",
      "type" : "home",
      "location" : {
        "lat" : 49.8819996044,
        "lon" : 8.6702592175
      }
    },
    "lastUpdate" : "20140917T202115Z"
  } ],
  "lastUpdate" : "20140917T202115Z"
}, {
  "date" : "20140917",
  "segments" : [ {
    "type" : "place",
    "startTime" : "20140916T234001+0200",
    "endTime" : "20140917T211626+0200",
    "place" : {
      "id" : 251291724,
      "name" : "Home",
      "type" : "home",
      "location" : {
        "lat" : 49.8819996044,
        "lon" : 8.6702592175
      }
    },
    "lastUpdate" : "20140917T202115Z"
  }, {
    "type" : "place",
    "startTime" : "20140917T212104+0200",
    "endTime" : "20140917T231814+0200",
    "place" : {
      "id" : 223509887,
      "type" : "unknown",
      "location" : {
        "lat" : 49.8829100725,
        "lon" : 8.6682008619
      }
    },
    "lastUpdate" : "20140917T231031Z"
  }, {
    "type" : "place",
    "startTime" : "20140917T232226+0200",
    "endTime" : "20140918T172125+0200",
    "place" : {
      "id" : 251291724,
      "name" : "Home",
      "type" : "home",
      "location" : {
        "lat" : 49.8819996044,
        "lon" : 8.6702592175
      }
    },
    "lastUpdate" : "20140918T173521Z"
  } ],
  "lastUpdate" : "20140918T173521Z"
}, {
  "date" : "20140918",
  "segments" : [ {
    "type" : "place",
    "startTime" : "20140917T232226+0200",
    "endTime" : "20140918T172125+0200",
    "place" : {
      "id" : 251291724,
      "name" : "Home",
      "type" : "home",
      "location" : {
        "lat" : 49.8819996044,
        "lon" : 8.6702592175
      }
    },
    "lastUpdate" : "20140918T173521Z"
  }, {
    "type" : "place",
    "startTime" : "20140918T172534+0200",
    "endTime" : "20140918T174024+0200",
    "place" : {
      "id" : 251292369,
      "name" : "H Karlshof",
      "type" : "foursquare",
      "foursquareId" : "4d31931eb60937045413eddf",
      "location" : {
        "lat" : 49.882194,
        "lon" : 8.665967
      }
    },
    "lastUpdate" : "20140918T173521Z"
  }, {
    "type" : "place",
    "startTime" : "20140918T174728+0200",
    "endTime" : "20140918T184015+0200",
    "place" : {
      "id" : 258463475,
      "type" : "unknown",
      "location" : {
        "lat" : 49.8715956646,
        "lon" : 8.6512721523
      }
    },
    "lastUpdate" : "20140918T173521Z"
  }, {
    "type" : "place",
    "startTime" : "20140918T184619+0200",
    "endTime" : "20140918T192723+0200",
    "place" : {
      "id" : 255635054,
      "type" : "unknown",
      "location" : {
        "lat" : 49.8721352336,
        "lon" : 8.6506784424
      }
    },
    "lastUpdate" : "20140918T202102Z"
  }, {
    "type" : "place",
    "startTime" : "20140918T193105+0200",
    "endTime" : "20140918T200026+0200",
    "place" : {
      "id" : 258516168,
      "type" : "unknown",
      "location" : {
        "lat" : 49.8708730029,
        "lon" : 8.6514451525
      }
    },
    "lastUpdate" : "20140918T202102Z"
  }, {
    "type" : "place",
    "startTime" : "20140918T200906+0200",
    "endTime" : "20140918T202008+0200",
    "place" : {
      "id" : 258516169,
      "type" : "unknown",
      "location" : {
        "lat" : 49.8728606643,
        "lon" : 8.6555974209
      }
    },
    "lastUpdate" : "20140918T202102Z"
  }, {
    "type" : "place",
    "startTime" : "20140918T202348+0200",
    "endTime" : "20140918T203738+0200",
    "place" : {
      "id" : 228151899,
      "type" : "unknown",
      "location" : {
        "lat" : 49.8775237139,
        "lon" : 8.6614601496
      }
    },
    "lastUpdate" : "20140918T202102Z"
  }, {
    "type" : "place",
    "startTime" : "20140918T204127+0200",
    "endTime" : "20140918T223445+0200",
    "place" : {
      "id" : 229496202,
      "type" : "unknown",
      "location" : {
        "lat" : 49.8826852249,
        "lon" : 8.6688546976
      }
    },
    "lastUpdate" : "20140918T220813Z"
  }, {
    "type" : "place",
    "startTime" : "20140918T223900+0200",
    "endTime" : "20140918T231003+0200",
    "place" : {
      "id" : 251721107,
      "type" : "unknown",
      "location" : {
        "lat" : 49.8831093675,
        "lon" : 8.6697840805
      }
    },
    "lastUpdate" : "20140918T220813Z"
  }, {
    "type" : "place",
    "startTime" : "20140918T231548+0200",
    "endTime" : "20140920T132650+0200",
    "place" : {
      "id" : 251291724,
      "name" : "Home",
      "type" : "home",
      "location" : {
        "lat" : 49.8819996044,
        "lon" : 8.6702592175
      }
    },
    "lastUpdate" : "20140920T141553Z"
  } ],
  "lastUpdate" : "20140920T141553Z"
}, {
  "date" : "20140919",
  "segments" : [ {
    "type" : "place",
    "startTime" : "20140918T231548+0200",
    "endTime" : "20140920T132650+0200",
    "place" : {
      "id" : 251291724,
      "name" : "Home",
      "type" : "home",
      "location" : {
        "lat" : 49.8819996044,
        "lon" : 8.6702592175
      }
    },
    "lastUpdate" : "20140920T141553Z"
  } ],
  "lastUpdate" : "20140920T141553Z"
}, {
  "date" : "20140920",
  "segments" : [ {
    "type" : "place",
    "startTime" : "20140918T231548+0200",
    "endTime" : "20140920T132650+0200",
    "place" : {
      "id" : 251291724,
      "name" : "Home",
      "type" : "home",
      "location" : {
        "lat" : 49.8819996044,
        "lon" : 8.6702592175
      }
    },
    "lastUpdate" : "20140920T141553Z"
  }, {
    "type" : "place",
    "startTime" : "20140920T134019+0200",
    "endTime" : "20140920T134340+0200",
    "place" : {
      "id" : 233376386,
      "type" : "unknown",
      "location" : {
        "lat" : 49.8853907879,
        "lon" : 8.6710590028
      }
    },
    "lastUpdate" : "20140920T141553Z"
  }, {
    "type" : "place",
    "startTime" : "20140920T135023+0200",
    "endTime" : "20140920T184249+0200",
    "place" : {
      "id" : 251291724,
      "name" : "Home",
      "type" : "home",
      "location" : {
        "lat" : 49.8819996044,
        "lon" : 8.6702592175
      }
    },
    "lastUpdate" : "20140920T182511Z"
  }, {
    "type" : "place",
    "startTime" : "20140920T185638+0200",
    "endTime" : "20140920T185921+0200",
    "place" : {
      "id" : 259369597,
      "type" : "unknown",
      "location" : {
        "lat" : 49.8841526054,
        "lon" : 8.6400411273
      }
    },
    "lastUpdate" : "20140920T182511Z"
  }, {
    "type" : "place",
    "startTime" : "20140920T190124+0200",
    "endTime" : "20140920T190346+0200",
    "place" : {
      "id" : 259369598,
      "type" : "unknown",
      "location" : {
        "lat" : 49.8857486764,
        "lon" : 8.6375166426
      }
    },
    "lastUpdate" : "20140920T182511Z"
  }, {
    "type" : "place",
    "startTime" : "20140920T191756+0200",
    "endTime" : "20140922T122855+0200",
    "place" : {
      "id" : 251291724,
      "name" : "Home",
      "type" : "home",
      "location" : {
        "lat" : 49.8819996044,
        "lon" : 8.6702592175
      }
    },
    "lastUpdate" : "20140922T123525Z"
  } ],
  "lastUpdate" : "20140922T123525Z"
}, {
  "date" : "20140921",
  "segments" : [ {
    "type" : "place",
    "startTime" : "20140920T191756+0200",
    "endTime" : "20140922T122855+0200",
    "place" : {
      "id" : 251291724,
      "name" : "Home",
      "type" : "home",
      "location" : {
        "lat" : 49.8819996044,
        "lon" : 8.6702592175
      }
    },
    "lastUpdate" : "20140922T123525Z"
  } ],
  "lastUpdate" : "20140922T123525Z"
}, {
  "date" : "20140922",
  "segments" : [ {
    "type" : "place",
    "startTime" : "20140920T191756+0200",
    "endTime" : "20140922T122855+0200",
    "place" : {
      "id" : 251291724,
      "name" : "Home",
      "type" : "home",
      "location" : {
        "lat" : 49.8819996044,
        "lon" : 8.6702592175
      }
    },
    "lastUpdate" : "20140922T123525Z"
  }, {
    "type" : "place",
    "startTime" : "20140922T124642+0200",
    "endTime" : "20140922T125530+0200",
    "place" : {
      "id" : 227596613,
      "type" : "unknown",
      "location" : {
        "lat" : 49.873520488,
        "lon" : 8.6540199876
      }
    },
    "lastUpdate" : "20140922T123525Z"
  }, {
    "type" : "place",
    "startTime" : "20140922T131102+0200",
    "endTime" : "20140922T131625+0200",
    "place" : {
      "id" : 260076264,
      "type" : "unknown",
      "location" : {
        "lat" : 49.8727435395,
        "lon" : 8.6531615801
      }
    },
    "lastUpdate" : "20140922T123525Z"
  }, {
    "type" : "place",
    "startTime" : "20140922T132615+0200",
    "endTime" : "20140922T135035+0200",
    "place" : {
      "id" : 243639455,
      "type" : "unknown",
      "location" : {
        "lat" : 49.8701663095,
        "lon" : 8.650944123
      }
    },
    "lastUpdate" : "20140922T123525Z"
  }, {
    "type" : "place",
    "startTime" : "20140922T140746+0200",
    "endTime" : "20140922T213156+0200",
    "place" : {
      "id" : 251291724,
      "name" : "Home",
      "type" : "home",
      "location" : {
        "lat" : 49.8819996044,
        "lon" : 8.6702592175
      }
    },
    "lastUpdate" : "20140922T201017Z"
  }, {
    "type" : "place",
    "startTime" : "20140922T213455+0200",
    "endTime" : "20140923T005103+0200",
    "place" : {
      "id" : 223509887,
      "type" : "unknown",
      "location" : {
        "lat" : 49.8829100725,
        "lon" : 8.6682008619
      }
    },
    "lastUpdate" : "20140923T002814Z"
  } ],
  "lastUpdate" : "20140923T002814Z"
}, {
  "date" : "20140923",
  "segments" : [ {
    "type" : "place",
    "startTime" : "20140922T213455+0200",
    "endTime" : "20140923T005103+0200",
    "place" : {
      "id" : 223509887,
      "type" : "unknown",
      "location" : {
        "lat" : 49.8829100725,
        "lon" : 8.6682008619
      }
    },
    "lastUpdate" : "20140923T002814Z"
  }, {
    "type" : "place",
    "startTime" : "20140923T005404+0200",
    "endTime" : "20140923T100703+0200",
    "place" : {
      "id" : 251291724,
      "name" : "Home",
      "type" : "home",
      "location" : {
        "lat" : 49.8819996044,
        "lon" : 8.6702592175
      }
    },
    "lastUpdate" : "20140923T093040Z"
  }, {
    "type" : "place",
    "startTime" : "20140923T101244+0200",
    "endTime" : "20140923T104913+0200",
    "place" : {
      "id" : 227329234,
      "name" : "KOM Lab",
      "type" : "work",
      "location" : {
        "lat" : 49.8742715717,
        "lon" : 8.6605648722
      }
    },
    "lastUpdate" : "20140923T093040Z"
  }, {
    "type" : "place",
    "startTime" : "20140923T105523+0200",
    "endTime" : "20140923T144008+0200",
    "place" : {
      "id" : 251291724,
      "name" : "Home",
      "type" : "home",
      "location" : {
        "lat" : 49.8819996044,
        "lon" : 8.6702592175
      }
    },
    "lastUpdate" : "20140923T141557Z"
  }, {
    "type" : "place",
    "startTime" : "20140923T144251+0200",
    "endTime" : "20140923T145849+0200",
    "place" : {
      "id" : 229496202,
      "type" : "unknown",
      "location" : {
        "lat" : 49.8826852249,
        "lon" : 8.6688546976
      }
    },
    "lastUpdate" : "20140923T141557Z"
  }, {
    "type" : "place",
    "startTime" : "20140923T150217+0200",
    "endTime" : "20140923T152431+0200",
    "place" : {
      "id" : 251291724,
      "name" : "Home",
      "type" : "home",
      "location" : {
        "lat" : 49.8819996044,
        "lon" : 8.6702592175
      }
    },
    "lastUpdate" : "20140923T182807Z"
  }, {
    "type" : "place",
    "startTime" : "20140923T152712+0200",
    "endTime" : "20140923T153900+0200",
    "place" : {
      "id" : 229496202,
      "type" : "unknown",
      "location" : {
        "lat" : 49.8826852249,
        "lon" : 8.6688546976
      }
    },
    "lastUpdate" : "20140923T182807Z"
  }, {
    "type" : "place",
    "startTime" : "20140923T154239+0200",
    "endTime" : "20140923T185511+0200",
    "place" : {
      "id" : 251291724,
      "name" : "Home",
      "type" : "home",
      "location" : {
        "lat" : 49.8819996044,
        "lon" : 8.6702592175
      }
    },
    "lastUpdate" : "20140923T182807Z"
  }, {
    "type" : "place",
    "startTime" : "20140923T191554+0200",
    "endTime" : "20140923T213354+0200",
    "place" : {
      "id" : 223174315,
      "type" : "unknown",
      "location" : {
        "lat" : 49.8763206317,
        "lon" : 8.6568254738
      }
    },
    "lastUpdate" : "20140923T215716Z"
  }, {
    "type" : "place",
    "startTime" : "20140923T220021+0200",
    "endTime" : "20140924T101831+0200",
    "place" : {
      "id" : 251291724,
      "name" : "Home",
      "type" : "home",
      "location" : {
        "lat" : 49.8819996044,
        "lon" : 8.6702592175
      }
    },
    "lastUpdate" : "20140924T092517Z"
  } ],
  "lastUpdate" : "20140924T092517Z"
}, {
  "date" : "20140924",
  "segments" : [ {
    "type" : "place",
    "startTime" : "20140923T220021+0200",
    "endTime" : "20140924T101831+0200",
    "place" : {
      "id" : 251291724,
      "name" : "Home",
      "type" : "home",
      "location" : {
        "lat" : 49.8819996044,
        "lon" : 8.6702592175
      }
    },
    "lastUpdate" : "20140924T092517Z"
  }, {
    "type" : "place",
    "startTime" : "20140924T103647+0200",
    "endTime" : "20140924T164236+0200",
    "place" : {
      "id" : 236799681,
      "type" : "unknown",
      "location" : {
        "lat" : 49.8770449952,
        "lon" : 8.657750091
      }
    },
    "lastUpdate" : "20140924T152523Z"
  }, {
    "type" : "place",
    "startTime" : "20140924T164740+0200",
    "endTime" : "20140924T171942+0200",
    "place" : {
      "id" : 236799681,
      "type" : "unknown",
      "location" : {
        "lat" : 49.8770449952,
        "lon" : 8.657750091
      }
    },
    "lastUpdate" : "20140924T170749Z"
  }, {
    "type" : "place",
    "startTime" : "20140924T173119+0200",
    "endTime" : "20140924T174012+0200",
    "place" : {
      "id" : 260869939,
      "type" : "unknown",
      "location" : {
        "lat" : 49.877971499,
        "lon" : 8.6612120618
      }
    },
    "lastUpdate" : "20140924T170749Z"
  }, {
    "type" : "place",
    "startTime" : "20140924T174548+0200",
    "endTime" : "20140924T180213+0200",
    "place" : {
      "id" : 251291724,
      "name" : "Home",
      "type" : "home",
      "location" : {
        "lat" : 49.8819996044,
        "lon" : 8.6702592175
      }
    },
    "lastUpdate" : "20140924T170749Z"
  }, {
    "type" : "place",
    "startTime" : "20140924T180551+0200",
    "endTime" : "20140924T190436+0200",
    "place" : {
      "id" : 260869940,
      "type" : "unknown",
      "location" : {
        "lat" : 49.8824855756,
        "lon" : 8.6697071135
      }
    },
    "lastUpdate" : "20140924T185816Z"
  }, {
    "type" : "place",
    "startTime" : "20140924T190746+0200",
    "endTime" : "20140925T101535+0200",
    "place" : {
      "id" : 251291724,
      "name" : "Home",
      "type" : "home",
      "location" : {
        "lat" : 49.8819996044,
        "lon" : 8.6702592175
      }
    },
    "lastUpdate" : "20140925T101106Z"
  } ],
  "lastUpdate" : "20140925T101106Z"
}, {
  "date" : "20140925",
  "segments" : [ {
    "type" : "place",
    "startTime" : "20140924T190746+0200",
    "endTime" : "20140925T101535+0200",
    "place" : {
      "id" : 251291724,
      "name" : "Home",
      "type" : "home",
      "location" : {
        "lat" : 49.8819996044,
        "lon" : 8.6702592175
      }
    },
    "lastUpdate" : "20140925T101106Z"
  }, {
    "type" : "place",
    "startTime" : "20140925T103259+0200",
    "endTime" : "20140925T120238+0200",
    "place" : {
      "id" : 236799681,
      "type" : "unknown",
      "location" : {
        "lat" : 49.8770449952,
        "lon" : 8.657750091
      }
    },
    "lastUpdate" : "20140925T110555Z"
  }, {
    "type" : "place",
    "startTime" : "20140925T121338+0200",
    "endTime" : "20140925T122149+0200",
    "place" : {
      "id" : 227329234,
      "name" : "KOM Lab",
      "type" : "work",
      "location" : {
        "lat" : 49.8742715717,
        "lon" : 8.6605648722
      }
    },
    "lastUpdate" : "20140925T110555Z"
  }, {
    "type" : "place",
    "startTime" : "20140925T122801+0200",
    "endTime" : "20140925T132057+0200",
    "place" : {
      "id" : 251291724,
      "name" : "Home",
      "type" : "home",
      "location" : {
        "lat" : 49.8819996044,
        "lon" : 8.6702592175
      }
    },
    "lastUpdate" : "20140925T122610Z"
  }, {
    "type" : "place",
    "startTime" : "20140925T133730+0200",
    "endTime" : "20140925T141324+0200",
    "place" : {
      "id" : 261125107,
      "type" : "unknown",
      "location" : {
        "lat" : 49.8958384144,
        "lon" : 8.6794830517
      }
    },
    "lastUpdate" : "20140925T142424Z"
  }, {
    "type" : "place",
    "startTime" : "20140925T142907+0200",
    "endTime" : "20140926T173037+0200",
    "place" : {
      "id" : 260869940,
      "type" : "unknown",
      "location" : {
        "lat" : 49.8824855756,
        "lon" : 8.6697071135
      }
    },
    "lastUpdate" : "20140926T164256Z"
  } ],
  "lastUpdate" : "20140926T164256Z"
}, {
  "date" : "20140926",
  "segments" : [ {
    "type" : "place",
    "startTime" : "20140925T142907+0200",
    "endTime" : "20140926T173037+0200",
    "place" : {
      "id" : 260869940,
      "type" : "unknown",
      "location" : {
        "lat" : 49.8824855756,
        "lon" : 8.6697071135
      }
    },
    "lastUpdate" : "20140926T164256Z"
  }, {
    "type" : "place",
    "startTime" : "20140926T174021+0200",
    "endTime" : "20140926T192919+0200",
    "place" : {
      "id" : 251674467,
      "type" : "unknown",
      "location" : {
        "lat" : 49.8854638877,
        "lon" : 8.6658461348
      }
    },
    "lastUpdate" : "20140926T193551Z"
  }, {
    "type" : "place",
    "startTime" : "20140926T194159+0200",
    "endTime" : "20140927T121353+0200",
    "place" : {
      "id" : 260869940,
      "type" : "unknown",
      "location" : {
        "lat" : 49.8824855756,
        "lon" : 8.6697071135
      }
    },
    "lastUpdate" : "20140927T122535Z"
  } ],
  "lastUpdate" : "20140927T122535Z"
}, {
  "date" : "20140927",
  "segments" : [ {
    "type" : "place",
    "startTime" : "20140926T194159+0200",
    "endTime" : "20140927T121353+0200",
    "place" : {
      "id" : 260869940,
      "type" : "unknown",
      "location" : {
        "lat" : 49.8824855756,
        "lon" : 8.6697071135
      }
    },
    "lastUpdate" : "20140927T122535Z"
  }, {
    "type" : "place",
    "startTime" : "20140927T122206+0200",
    "endTime" : "20140927T122952+0200",
    "place" : {
      "id" : 233376386,
      "type" : "unknown",
      "location" : {
        "lat" : 49.8853907879,
        "lon" : 8.6710590028
      }
    },
    "lastUpdate" : "20140927T122535Z"
  }, {
    "type" : "place",
    "startTime" : "20140927T123631+0200",
    "endTime" : "20140929T113903+0200",
    "place" : {
      "id" : 251291724,
      "name" : "Home",
      "type" : "home",
      "location" : {
        "lat" : 49.8819996044,
        "lon" : 8.6702592175
      }
    },
    "lastUpdate" : "20140929T120833Z"
  } ],
  "lastUpdate" : "20140929T120833Z"
}, {
  "date" : "20140928",
  "segments" : [ {
    "type" : "place",
    "startTime" : "20140927T123631+0200",
    "endTime" : "20140929T113903+0200",
    "place" : {
      "id" : 251291724,
      "name" : "Home",
      "type" : "home",
      "location" : {
        "lat" : 49.8819996044,
        "lon" : 8.6702592175
      }
    },
    "lastUpdate" : "20140929T120833Z"
  } ],
  "lastUpdate" : "20140929T120833Z"
}, {
  "date" : "20140929",
  "segments" : [ {
    "type" : "place",
    "startTime" : "20140927T123631+0200",
    "endTime" : "20140929T113903+0200",
    "place" : {
      "id" : 251291724,
      "name" : "Home",
      "type" : "home",
      "location" : {
        "lat" : 49.8819996044,
        "lon" : 8.6702592175
      }
    },
    "lastUpdate" : "20140929T120833Z"
  }, {
    "type" : "place",
    "startTime" : "20140929T120022+0200",
    "endTime" : "20140929T140441+0200",
    "place" : {
      "id" : 262793504,
      "type" : "unknown",
      "location" : {
        "lat" : 49.8738219994,
        "lon" : 8.6560382854
      }
    },
    "lastUpdate" : "20140929T150813Z"
  }, {
    "type" : "place",
    "startTime" : "20140929T141348+0200",
    "endTime" : "20140929T142903+0200",
    "place" : {
      "id" : 255635055,
      "type" : "unknown",
      "location" : {
        "lat" : 49.8713664158,
        "lon" : 8.6551462382
      }
    },
    "lastUpdate" : "20140929T150813Z"
  }, {
    "type" : "place",
    "startTime" : "20140929T144415+0200",
    "endTime" : "20140929T183613+0200",
    "place" : {
      "id" : 251291724,
      "name" : "Home",
      "type" : "home",
      "location" : {
        "lat" : 49.8819996044,
        "lon" : 8.6702592175
      }
    },
    "lastUpdate" : "20140929T180045Z"
  }, {
    "type" : "place",
    "startTime" : "20140929T184406+0200",
    "endTime" : "20140929T190132+0200",
    "place" : {
      "id" : 233376386,
      "type" : "unknown",
      "location" : {
        "lat" : 49.8853907879,
        "lon" : 8.6710590028
      }
    },
    "lastUpdate" : "20140929T180045Z"
  }, {
    "type" : "place",
    "startTime" : "20140929T191054+0200",
    "endTime" : "20140930T172616+0200",
    "place" : {
      "id" : 251291724,
      "name" : "Home",
      "type" : "home",
      "location" : {
        "lat" : 49.8819996044,
        "lon" : 8.6702592175
      }
    },
    "lastUpdate" : "20140930T165036Z"
  } ],
  "lastUpdate" : "20140930T165036Z"
}, {
  "date" : "20140930",
  "segments" : [ {
    "type" : "place",
    "startTime" : "20140929T191054+0200",
    "endTime" : "20140930T172616+0200",
    "place" : {
      "id" : 251291724,
      "name" : "Home",
      "type" : "home",
      "location" : {
        "lat" : 49.8819996044,
        "lon" : 8.6702592175
      }
    },
    "lastUpdate" : "20140930T165036Z"
  }, {
    "type" : "place",
    "startTime" : "20140930T173946+0200",
    "endTime" : "20140930T194515+0200",
    "place" : {
      "id" : 251674467,
      "type" : "unknown",
      "location" : {
        "lat" : 49.8854638877,
        "lon" : 8.6658461348
      }
    },
    "lastUpdate" : "20140930T212901Z"
  }, {
    "type" : "place",
    "startTime" : "20140930T195207+0200",
    "endTime" : "20141002T125249+0200",
    "place" : {
      "id" : 260869940,
      "type" : "unknown",
      "location" : {
        "lat" : 49.8824855756,
        "lon" : 8.6697071135
      }
    },
    "lastUpdate" : "20141002T120758Z"
  } ],
  "lastUpdate" : "20141002T120758Z"
} ]