[ {
  "date" : "20141103",
  "summary" : [ {
    "activity" : "walking",
    "group" : "walking",
    "duration" : 4393.0,
    "distance" : 5165.0,
    "steps" : 5459
  }, {
    "activity" : "transport",
    "group" : "transport",
    "duration" : 719.0,
    "distance" : 3460.0
  } ],
  "segments" : [ {
    "type" : "place",
    "startTime" : "20141101T163458+0100",
    "endTime" : "20141103T111800+0100",
    "activities" : [ {
      "activity" : "walking",
      "group" : "walking",
      "manual" : false,
      "startTime" : "20141103T033715+0100",
      "endTime" : "20141103T033745+0100",
      "duration" : 30.0,
      "distance" : 15.0,
      "steps" : 30
    }, {
      "activity" : "walking",
      "group" : "walking",
      "manual" : false,
      "startTime" : "20141103T093338+0100",
      "endTime" : "20141103T093408+0100",
      "duration" : 30.0,
      "distance" : 15.0,
      "steps" : 20
    }, {
      "activity" : "walking",
      "group" : "walking",
      "manual" : false,
      "startTime" : "20141103T102430+0100",
      "endTime" : "20141103T102530+0100",
      "duration" : 60.0,
      "distance" : 36.0,
      "steps" : 71
    } ],
    "lastUpdate" : "20141103T134803Z"
  }, {
    "type" : "move",
    "startTime" : "20141103T111800+0100",
    "endTime" : "20141103T113240+0100",
    "activities" : [ {
      "activity" : "walking",
      "group" : "walking",
      "manual" : false,
      "startTime" : "20141103T111800+0100",
      "endTime" : "20141103T113241+0100",
      "duration" : 881.0,
      "distance" : 1419.0,
      "steps" : 1183
    } ],
    "lastUpdate" : "20141103T134803Z"
  }, {
    "type" : "place",
    "startTime" : "20141103T113240+0100",
    "endTime" : "20141103T113803+0100",
    "activities" : [ {
      "activity" : "walking",
      "group" : "walking",
      "manual" : false,
      "startTime" : "20141103T113802+0100",
      "endTime" : "20141103T113803+0100",
      "duration" : 1.0,
      "distance" : 1.0,
      "steps" : 1
    } ],
    "lastUpdate" : "20141103T134803Z"
  }, {
    "type" : "move",
    "startTime" : "20141103T113803+0100",
    "endTime" : "20141103T115022+0100",
    "activities" : [ {
      "activity" : "walking",
      "group" : "walking",
      "manual" : false,
      "startTime" : "20141103T113803+0100",
      "endTime" : "20141103T115022+0100",
      "duration" : 739.0,
      "distance" : 887.0,
      "steps" : 487
    } ],
    "lastUpdate" : "20141103T134803Z"
  }, {
    "type" : "place",
    "startTime" : "20141103T115022+0100",
    "endTime" : "20141103T115736+0100",
    "activities" : [ {
      "activity" : "walking",
      "group" : "walking",
      "manual" : false,
      "startTime" : "20141103T115141+0100",
      "endTime" : "20141103T115211+0100",
      "duration" : 30.0,
      "distance" : 15.0,
      "steps" : 30
    } ],
    "lastUpdate" : "20141103T134803Z"
  }, {
    "type" : "move",
    "startTime" : "20141103T115736+0100",
    "endTime" : "20141103T120141+0100",
    "activities" : [ {
      "activity" : "walking",
      "group" : "walking",
      "manual" : false,
      "startTime" : "20141103T115736+0100",
      "endTime" : "20141103T120142+0100",
      "duration" : 246.0,
      "distance" : 206.0,
      "steps" : 322
    } ],
    "lastUpdate" : "20141103T134803Z"
  }, {
    "type" : "place",
    "startTime" : "20141103T120141+0100",
    "endTime" : "20141103T121744+0100",
    "activities" : [ {
      "activity" : "walking",
      "group" : "walking",
      "manual" : false,
      "startTime" : "20141103T120454+0100",
      "endTime" : "20141103T120631+0100",
      "duration" : 97.0,
      "distance" : 81.0,
      "steps" : 161
    } ],
    "lastUpdate" : "20141103T134803Z"
  }, {
    "type" : "move",
    "startTime" : "20141103T121744+0100",
    "endTime" : "20141103T123957+0100",
    "activities" : [ {
      "activity" : "walking",
      "group" : "walking",
      "manual" : false,
      "startTime" : "20141103T121744+0100",
      "endTime" : "20141103T121947+0100",
      "duration" : 123.0,
      "distance" : 147.0,
      "steps" : 258
    }, {
      "activity" : "transport",
      "group" : "transport",
      "manual" : false,
      "startTime" : "20141103T121947+0100",
      "endTime" : "20141103T122811+0100",
      "duration" : 504.0,
      "distance" : 1467.0
    }, {
      "activity" : "walking",
      "group" : "walking",
      "manual" : false,
      "startTime" : "20141103T122811+0100",
      "endTime" : "20141103T123958+0100",
      "duration" : 707.0,
      "distance" : 806.0,
      "steps" : 997
    } ],
    "lastUpdate" : "20141103T134803Z"
  }, {
    "type" : "move",
    "startTime" : "20141103T124217+0100",
    "endTime" : "20141103T124443+0100",
    "activities" : [ {
      "activity" : "walking",
      "group" : "walking",
      "manual" : false,
      "startTime" : "20141103T124217+0100",
      "endTime" : "20141103T124443+0100",
      "duration" : 146.0,
      "distance" : 235.0,
      "steps" : 196
    } ],
    "lastUpdate" : "20141103T134803Z"
  }, {
    "type" : "move",
    "startTime" : "20141103T125909+0100",
    "endTime" : "20141103T130351+0100",
    "activities" : [ {
      "activity" : "walking",
      "group" : "walking",
      "manual" : false,
      "startTime" : "20141103T125909+0100",
      "endTime" : "20141103T130351+0100",
      "duration" : 282.0,
      "distance" : 418.0,
      "steps" : 348
    } ],
    "lastUpdate" : "20141103T134803Z"
  }, {
    "type" : "place",
    "startTime" : "20141103T130351+0100",
    "endTime" : "20141103T133920+0100",
    "activities" : [ {
      "activity" : "walking",
      "group" : "walking",
      "manual" : false,
      "startTime" : "20141103T131656+0100",
      "endTime" : "20141103T131930+0100",
      "duration" : 154.0,
      "distance" : 156.0,
      "steps" : 208
    } ],
    "lastUpdate" : "20141103T134803Z"
  }, {
    "type" : "move",
    "startTime" : "20141103T133920+0100",
    "endTime" : "20141103T134301+0100",
    "activities" : [ {
      "activity" : "walking",
      "group" : "walking",
      "manual" : false,
      "startTime" : "20141103T133920+0100",
      "endTime" : "20141103T134301+0100",
      "duration" : 221.0,
      "distance" : 222.0,
      "steps" : 306
    } ],
    "lastUpdate" : "20141103T134803Z"
  }, {
    "type" : "move",
    "startTime" : "20141103T140647+0100",
    "endTime" : "20141103T141716+0100",
    "activities" : [ {
      "activity" : "transport",
      "group" : "transport",
      "manual" : false,
      "startTime" : "20141103T140647+0100",
      "endTime" : "20141103T141022+0100",
      "duration" : 215.0,
      "distance" : 1993.0
    }, {
      "activity" : "walking",
      "group" : "walking",
      "manual" : false,
      "startTime" : "20141103T141022+0100",
      "endTime" : "20141103T141715+0100",
      "duration" : 413.0,
      "distance" : 390.0,
      "steps" : 695
    } ],
    "lastUpdate" : "20141103T134803Z"
  }, {
    "type" : "place",
    "startTime" : "20141103T141716+0100",
    "endTime" : "20141104T083051+0100",
    "activities" : [ {
      "activity" : "walking",
      "group" : "walking",
      "manual" : false,
      "startTime" : "20141103T143652+0100",
      "endTime" : "20141103T143752+0100",
      "duration" : 60.0,
      "distance" : 30.0,
      "steps" : 40
    }, {
      "activity" : "walking",
      "group" : "walking",
      "manual" : false,
      "startTime" : "20141103T173117+0100",
      "endTime" : "20141103T173210+0100",
      "duration" : 53.0,
      "distance" : 26.0,
      "steps" : 36
    }, {
      "activity" : "walking",
      "group" : "walking",
      "manual" : false,
      "startTime" : "20141103T184856+0100",
      "endTime" : "20141103T184926+0100",
      "duration" : 30.0,
      "distance" : 15.0,
      "steps" : 20
    }, {
      "activity" : "walking",
      "group" : "walking",
      "manual" : false,
      "startTime" : "20141103T215544+0100",
      "endTime" : "20141103T215614+0100",
      "duration" : 30.0,
      "distance" : 15.0,
      "steps" : 15
    }, {
      "activity" : "walking",
      "group" : "walking",
      "manual" : false,
      "startTime" : "20141103T223226+0100",
      "endTime" : "20141103T223326+0100",
      "duration" : 60.0,
      "distance" : 30.0,
      "steps" : 35
    } ],
    "lastUpdate" : "20141104T094208Z"
  } ],
  "lastUpdate" : "20141104T094208Z"
}, {
  "date" : "20141104",
  "summary" : [ {
    "activity" : "walking",
    "group" : "walking",
    "duration" : 3510.0,
    "distance" : 4097.0,
    "steps" : 5203
  }, {
    "activity" : "transport",
    "group" : "transport",
    "duration" : 1555.0,
    "distance" : 5638.0
  } ],
  "segments" : [ {
    "type" : "place",
    "startTime" : "20141103T141716+0100",
    "endTime" : "20141104T083051+0100",
    "activities" : [ {
      "activity" : "walking",
      "group" : "walking",
      "manual" : false,
      "startTime" : "20141104T080150+0100",
      "endTime" : "20141104T080220+0100",
      "duration" : 30.0,
      "distance" : 15.0,
      "steps" : 30
    } ],
    "lastUpdate" : "20141104T094208Z"
  }, {
    "type" : "move",
    "startTime" : "20141104T083051+0100",
    "endTime" : "20141104T083715+0100",
    "activities" : [ {
      "activity" : "walking",
      "group" : "walking",
      "manual" : false,
      "startTime" : "20141104T083051+0100",
      "endTime" : "20141104T083715+0100",
      "duration" : 384.0,
      "distance" : 387.0,
      "steps" : 464
    } ],
    "lastUpdate" : "20141104T094208Z"
  }, {
    "type" : "place",
    "startTime" : "20141104T083715+0100",
    "endTime" : "20141104T084252+0100",
    "activities" : [ {
      "activity" : "walking",
      "group" : "walking",
      "manual" : false,
      "startTime" : "20141104T084116+0100",
      "endTime" : "20141104T084146+0100",
      "duration" : 30.0,
      "distance" : 15.0,
      "steps" : 30
    } ],
    "lastUpdate" : "20141104T094208Z"
  }, {
    "type" : "move",
    "startTime" : "20141104T084252+0100",
    "endTime" : "20141104T090446+0100",
    "activities" : [ {
      "activity" : "transport",
      "group" : "transport",
      "manual" : false,
      "startTime" : "20141104T084252+0100",
      "endTime" : "20141104T085715+0100",
      "duration" : 863.0,
      "distance" : 3397.0
    }, {
      "activity" : "walking",
      "group" : "walking",
      "manual" : false,
      "startTime" : "20141104T085715+0100",
      "endTime" : "20141104T090447+0100",
      "duration" : 452.0,
      "distance" : 747.0,
      "steps" : 780
    } ],
    "lastUpdate" : "20141104T094208Z"
  }, {
    "type" : "place",
    "startTime" : "20141104T090446+0100",
    "endTime" : "20141104T130419+0100",
    "activities" : [ {
      "activity" : "walking",
      "group" : "walking",
      "manual" : false,
      "startTime" : "20141104T090751+0100",
      "endTime" : "20141104T090821+0100",
      "duration" : 30.0,
      "distance" : 15.0,
      "steps" : 30
    }, {
      "activity" : "walking",
      "group" : "walking",
      "manual" : false,
      "startTime" : "20141104T130152+0100",
      "endTime" : "20141104T130222+0100",
      "duration" : 30.0,
      "distance" : 15.0,
      "steps" : 30
    } ],
    "lastUpdate" : "20141104T145624Z"
  }, {
    "type" : "move",
    "startTime" : "20141104T130419+0100",
    "endTime" : "20141104T132808+0100",
    "activities" : [ {
      "activity" : "walking",
      "group" : "walking",
      "manual" : false,
      "startTime" : "20141104T130419+0100",
      "endTime" : "20141104T131126+0100",
      "duration" : 427.0,
      "distance" : 592.0,
      "steps" : 678
    }, {
      "activity" : "transport",
      "group" : "transport",
      "manual" : false,
      "startTime" : "20141104T131126+0100",
      "endTime" : "20141104T132258+0100",
      "duration" : 692.0,
      "distance" : 2241.0
    }, {
      "activity" : "walking",
      "group" : "walking",
      "manual" : false,
      "startTime" : "20141104T132258+0100",
      "endTime" : "20141104T132808+0100",
      "duration" : 310.0,
      "distance" : 238.0,
      "steps" : 355
    } ],
    "lastUpdate" : "20141104T145624Z"
  }, {
    "type" : "move",
    "startTime" : "20141104T133204+0100",
    "endTime" : "20141104T134457+0100",
    "activities" : [ {
      "activity" : "walking",
      "group" : "walking",
      "manual" : false,
      "startTime" : "20141104T133204+0100",
      "endTime" : "20141104T134457+0100",
      "duration" : 773.0,
      "distance" : 997.0,
      "steps" : 1209
    } ],
    "lastUpdate" : "20141104T145624Z"
  }, {
    "type" : "place",
    "startTime" : "20141104T134457+0100",
    "endTime" : "20141104T143235+0100",
    "activities" : [ {
      "activity" : "walking",
      "group" : "walking",
      "manual" : false,
      "startTime" : "20141104T134623+0100",
      "endTime" : "20141104T134653+0100",
      "duration" : 30.0,
      "distance" : 15.0,
      "steps" : 30
    } ],
    "lastUpdate" : "20141104T175728Z"
  }, {
    "type" : "move",
    "startTime" : "20141104T143235+0100",
    "endTime" : "20141104T143638+0100",
    "activities" : [ {
      "activity" : "walking",
      "group" : "walking",
      "manual" : false,
      "startTime" : "20141104T143235+0100",
      "endTime" : "20141104T143638+0100",
      "duration" : 243.0,
      "distance" : 217.0,
      "steps" : 430
    } ],
    "lastUpdate" : "20141104T175728Z"
  }, {
    "type" : "place",
    "startTime" : "20141104T143638+0100",
    "endTime" : "20141104T144054+0100",
    "activities" : [ {
      "activity" : "walking",
      "group" : "walking",
      "manual" : false,
      "startTime" : "20141104T143638+0100",
      "endTime" : "20141104T143639+0100",
      "duration" : 1.0,
      "distance" : 0.0,
      "steps" : 1
    } ],
    "lastUpdate" : "20141104T175728Z"
  }, {
    "type" : "place",
    "startTime" : "20141104T155703+0100",
    "endTime" : "20141105T111934+0100",
    "activities" : [ {
      "activity" : "walking",
      "group" : "walking",
      "manual" : false,
      "startTime" : "20141104T190217+0100",
      "endTime" : "20141104T190827+0100",
      "duration" : 370.0,
      "distance" : 429.0,
      "steps" : 572
    }, {
      "activity" : "walking",
      "group" : "walking",
      "manual" : false,
      "startTime" : "20141104T200002+0100",
      "endTime" : "20141104T200032+0100",
      "duration" : 30.0,
      "distance" : 15.0,
      "steps" : 30
    }, {
      "activity" : "walking",
      "group" : "walking",
      "manual" : false,
      "startTime" : "20141104T213730+0100",
      "endTime" : "20141104T214028+0100",
      "duration" : 178.0,
      "distance" : 188.0,
      "steps" : 250
    }, {
      "activity" : "walking",
      "group" : "walking",
      "manual" : false,
      "startTime" : "20141104T221508+0100",
      "endTime" : "20141104T221511+0100",
      "duration" : 3.0,
      "distance" : 2.0,
      "steps" : 4
    }, {
      "activity" : "walking",
      "group" : "walking",
      "manual" : false,
      "startTime" : "20141104T231309+0100",
      "endTime" : "20141104T231618+0100",
      "duration" : 189.0,
      "distance" : 210.0,
      "steps" : 280
    } ],
    "lastUpdate" : "20141105T133119Z"
  } ],
  "lastUpdate" : "20141105T133119Z"
}, {
  "date" : "20141105",
  "summary" : [ {
    "activity" : "walking",
    "group" : "walking",
    "duration" : 2289.0,
    "distance" : 2879.0,
    "steps" : 3467
  }, {
    "activity" : "transport",
    "group" : "transport",
    "duration" : 784.0,
    "distance" : 1843.0
  } ],
  "segments" : [ {
    "type" : "place",
    "startTime" : "20141104T155703+0100",
    "endTime" : "20141105T111934+0100",
    "activities" : [ {
      "activity" : "walking",
      "group" : "walking",
      "manual" : false,
      "startTime" : "20141105T030827+0100",
      "endTime" : "20141105T030844+0100",
      "duration" : 17.0,
      "distance" : 11.0,
      "steps" : 23
    }, {
      "activity" : "walking",
      "group" : "walking",
      "manual" : false,
      "startTime" : "20141105T101957+0100",
      "endTime" : "20141105T102004+0100",
      "duration" : 7.0,
      "distance" : 5.0,
      "steps" : 9
    }, {
      "activity" : "walking",
      "group" : "walking",
      "manual" : false,
      "startTime" : "20141105T110846+0100",
      "endTime" : "20141105T110912+0100",
      "duration" : 26.0,
      "distance" : 15.0,
      "steps" : 31
    } ],
    "lastUpdate" : "20141105T133119Z"
  }, {
    "type" : "move",
    "startTime" : "20141105T111934+0100",
    "endTime" : "20141105T113154+0100",
    "activities" : [ {
      "activity" : "walking",
      "group" : "walking",
      "manual" : false,
      "startTime" : "20141105T111934+0100",
      "endTime" : "20141105T112302+0100",
      "duration" : 208.0,
      "distance" : 399.0,
      "steps" : 404
    }, {
      "activity" : "transport",
      "group" : "transport",
      "manual" : false,
      "startTime" : "20141105T112302+0100",
      "endTime" : "20141105T112729+0100",
      "duration" : 267.0,
      "distance" : 424.0
    }, {
      "activity" : "walking",
      "group" : "walking",
      "manual" : false,
      "startTime" : "20141105T112729+0100",
      "endTime" : "20141105T113154+0100",
      "duration" : 265.0,
      "distance" : 543.0,
      "steps" : 452
    } ],
    "lastUpdate" : "20141105T133119Z"
  }, {
    "type" : "place",
    "startTime" : "20141105T113154+0100",
    "endTime" : "20141105T131407+0100",
    "activities" : [ {
      "activity" : "walking",
      "group" : "walking",
      "manual" : false,
      "startTime" : "20141105T113154+0100",
      "endTime" : "20141105T113527+0100",
      "duration" : 213.0,
      "distance" : 278.0,
      "steps" : 370
    }, {
      "activity" : "walking",
      "group" : "walking",
      "manual" : false,
      "startTime" : "20141105T130909+0100",
      "endTime" : "20141105T131002+0100",
      "duration" : 53.0,
      "distance" : 37.0,
      "steps" : 73
    } ],
    "lastUpdate" : "20141105T133119Z"
  }, {
    "type" : "move",
    "startTime" : "20141105T131407+0100",
    "endTime" : "20141105T134303+0100",
    "activities" : [ {
      "activity" : "walking",
      "group" : "walking",
      "manual" : false,
      "startTime" : "20141105T131407+0100",
      "endTime" : "20141105T132843+0100",
      "duration" : 876.0,
      "distance" : 945.0,
      "steps" : 1170
    }, {
      "activity" : "transport",
      "group" : "transport",
      "manual" : false,
      "startTime" : "20141105T132842+0100",
      "endTime" : "20141105T133719+0100",
      "duration" : 517.0,
      "distance" : 1419.0
    }, {
      "activity" : "walking",
      "group" : "walking",
      "manual" : false,
      "startTime" : "20141105T133719+0100",
      "endTime" : "20141105T134303+0100",
      "duration" : 344.0,
      "distance" : 421.0,
      "steps" : 574
    } ],
    "lastUpdate" : "20141105T133119Z"
  }, {
    "type" : "place",
    "startTime" : "20141105T134303+0100",
    "endTime" : "20141106T083041+0100",
    "activities" : [ {
      "activity" : "walking",
      "group" : "walking",
      "manual" : false,
      "startTime" : "20141105T134310+0100",
      "endTime" : "20141105T134333+0100",
      "duration" : 23.0,
      "distance" : 16.0,
      "steps" : 31
    }, {
      "activity" : "walking",
      "group" : "walking",
      "manual" : false,
      "startTime" : "20141105T140124+0100",
      "endTime" : "20141105T140334+0100",
      "duration" : 130.0,
      "distance" : 128.0,
      "steps" : 171
    }, {
      "activity" : "walking",
      "group" : "walking",
      "manual" : false,
      "startTime" : "20141105T205859+0100",
      "endTime" : "20141105T205929+0100",
      "duration" : 30.0,
      "distance" : 15.0,
      "steps" : 28
    }, {
      "activity" : "walking",
      "group" : "walking",
      "manual" : false,
      "startTime" : "20141105T210010+0100",
      "endTime" : "20141105T210054+0100",
      "duration" : 44.0,
      "distance" : 30.0,
      "steps" : 60
    }, {
      "activity" : "walking",
      "group" : "walking",
      "manual" : false,
      "startTime" : "20141105T221345+0100",
      "endTime" : "20141105T221438+0100",
      "duration" : 53.0,
      "distance" : 36.0,
      "steps" : 71
    } ],
    "lastUpdate" : "20141106T090143Z"
  } ],
  "lastUpdate" : "20141106T090143Z"
}, {
  "date" : "20141106",
  "summary" : [ {
    "activity" : "walking",
    "group" : "walking",
    "duration" : 5988.0,
    "distance" : 6604.0,
    "steps" : 8874
  }, {
    "activity" : "transport",
    "group" : "transport",
    "duration" : 692.0,
    "distance" : 2592.0
  } ],
  "segments" : [ {
    "type" : "place",
    "startTime" : "20141105T134303+0100",
    "endTime" : "20141106T083041+0100",
    "activities" : [ {
      "activity" : "walking",
      "group" : "walking",
      "manual" : false,
      "startTime" : "20141106T001939+0100",
      "endTime" : "20141106T002058+0100",
      "duration" : 79.0,
      "distance" : 53.0,
      "steps" : 105
    }, {
      "activity" : "walking",
      "group" : "walking",
      "manual" : false,
      "startTime" : "20141106T081446+0100",
      "endTime" : "20141106T081516+0100",
      "duration" : 30.0,
      "distance" : 15.0,
      "steps" : 30
    } ],
    "lastUpdate" : "20141106T090143Z"
  }, {
    "type" : "move",
    "startTime" : "20141106T083041+0100",
    "endTime" : "20141106T085513+0100",
    "activities" : [ {
      "activity" : "walking",
      "group" : "walking",
      "manual" : false,
      "startTime" : "20141106T083041+0100",
      "endTime" : "20141106T085513+0100",
      "duration" : 1472.0,
      "distance" : 1591.0,
      "steps" : 2253
    } ],
    "lastUpdate" : "20141106T090143Z"
  }, {
    "type" : "move",
    "startTime" : "20141106T092603+0100",
    "endTime" : "20141106T093201+0100",
    "activities" : [ {
      "activity" : "walking",
      "group" : "walking",
      "manual" : false,
      "startTime" : "20141106T092603+0100",
      "endTime" : "20141106T093201+0100",
      "duration" : 358.0,
      "distance" : 560.0,
      "steps" : 466
    } ],
    "lastUpdate" : "20141106T090143Z"
  }, {
    "type" : "place",
    "startTime" : "20141106T093201+0100",
    "endTime" : "20141106T095739+0100",
    "activities" : [ {
      "activity" : "walking",
      "group" : "walking",
      "manual" : false,
      "startTime" : "20141106T093201+0100",
      "endTime" : "20141106T093239+0100",
      "duration" : 38.0,
      "distance" : 20.0,
      "steps" : 41
    } ],
    "lastUpdate" : "20141106T102732Z"
  }, {
    "type" : "move",
    "startTime" : "20141106T095739+0100",
    "endTime" : "20141106T100142+0100",
    "activities" : [ {
      "activity" : "transport",
      "group" : "transport",
      "manual" : false,
      "startTime" : "20141106T095739+0100",
      "endTime" : "20141106T095910+0100",
      "duration" : 91.0,
      "distance" : 706.0
    }, {
      "activity" : "walking",
      "group" : "walking",
      "manual" : false,
      "startTime" : "20141106T095910+0100",
      "endTime" : "20141106T100143+0100",
      "duration" : 153.0,
      "distance" : 283.0,
      "steps" : 236
    } ],
    "lastUpdate" : "20141106T102732Z"
  }, {
    "type" : "place",
    "startTime" : "20141106T100142+0100",
    "endTime" : "20141106T103737+0100",
    "activities" : [ {
      "activity" : "walking",
      "group" : "walking",
      "manual" : false,
      "startTime" : "20141106T101406+0100",
      "endTime" : "20141106T101843+0100",
      "duration" : 277.0,
      "distance" : 232.0,
      "steps" : 309
    } ],
    "lastUpdate" : "20141106T122524Z"
  }, {
    "type" : "move",
    "startTime" : "20141106T103737+0100",
    "endTime" : "20141106T105631+0100",
    "activities" : [ {
      "activity" : "walking",
      "group" : "walking",
      "manual" : false,
      "startTime" : "20141106T103737+0100",
      "endTime" : "20141106T105631+0100",
      "duration" : 1134.0,
      "distance" : 1061.0,
      "steps" : 1786
    } ],
    "lastUpdate" : "20141106T122524Z"
  }, {
    "type" : "place",
    "startTime" : "20141106T105632+0100",
    "endTime" : "20141106T105857+0100",
    "activities" : [ {
      "activity" : "walking",
      "group" : "walking",
      "manual" : false,
      "startTime" : "20141106T105856+0100",
      "endTime" : "20141106T105857+0100",
      "duration" : 1.0,
      "distance" : 1.0,
      "steps" : 1
    } ],
    "lastUpdate" : "20141106T122524Z"
  }, {
    "type" : "move",
    "startTime" : "20141106T105857+0100",
    "endTime" : "20141106T113330+0100",
    "activities" : [ {
      "activity" : "walking",
      "group" : "walking",
      "manual" : false,
      "startTime" : "20141106T105857+0100",
      "endTime" : "20141106T111530+0100",
      "duration" : 993.0,
      "distance" : 1058.0,
      "steps" : 1622
    }, {
      "activity" : "transport",
      "group" : "transport",
      "manual" : false,
      "startTime" : "20141106T111530+0100",
      "endTime" : "20141106T112531+0100",
      "duration" : 601.0,
      "distance" : 1886.0
    }, {
      "activity" : "walking",
      "group" : "walking",
      "manual" : false,
      "startTime" : "20141106T112531+0100",
      "endTime" : "20141106T113330+0100",
      "duration" : 479.0,
      "distance" : 766.0,
      "steps" : 639
    } ],
    "lastUpdate" : "20141106T122524Z"
  }, {
    "type" : "place",
    "startTime" : "20141106T113330+0100",
    "endTime" : "20141107T091007+0100",
    "activities" : [ {
      "activity" : "walking",
      "group" : "walking",
      "manual" : false,
      "startTime" : "20141106T113330+0100",
      "endTime" : "20141106T113436+0100",
      "duration" : 66.0,
      "distance" : 39.0,
      "steps" : 78
    }, {
      "activity" : "walking",
      "group" : "walking",
      "manual" : false,
      "startTime" : "20141106T122008+0100",
      "endTime" : "20141106T122248+0100",
      "duration" : 160.0,
      "distance" : 162.0,
      "steps" : 216
    }, {
      "activity" : "walking",
      "group" : "walking",
      "manual" : false,
      "startTime" : "20141106T130648+0100",
      "endTime" : "20141106T130959+0100",
      "duration" : 191.0,
      "distance" : 200.0,
      "steps" : 267
    }, {
      "activity" : "walking",
      "group" : "walking",
      "manual" : false,
      "startTime" : "20141106T140000+0100",
      "endTime" : "20141106T140146+0100",
      "duration" : 106.0,
      "distance" : 73.0,
      "steps" : 146
    }, {
      "activity" : "walking",
      "group" : "walking",
      "manual" : false,
      "startTime" : "20141106T161940+0100",
      "endTime" : "20141106T161945+0100",
      "duration" : 5.0,
      "distance" : 3.0,
      "steps" : 6
    }, {
      "activity" : "walking",
      "group" : "walking",
      "manual" : false,
      "startTime" : "20141106T201219+0100",
      "endTime" : "20141106T201308+0100",
      "duration" : 49.0,
      "distance" : 26.0,
      "steps" : 52
    }, {
      "activity" : "walking",
      "group" : "walking",
      "manual" : false,
      "startTime" : "20141106T214838+0100",
      "endTime" : "20141106T214853+0100",
      "duration" : 15.0,
      "distance" : 10.0,
      "steps" : 20
    }, {
      "activity" : "walking",
      "group" : "walking",
      "manual" : false,
      "startTime" : "20141106T220307+0100",
      "endTime" : "20141106T220929+0100",
      "duration" : 382.0,
      "distance" : 451.0,
      "steps" : 601
    } ],
    "lastUpdate" : "20141107T102734Z"
  } ],
  "lastUpdate" : "20141107T102734Z"
}, {
  "date" : "20141107",
  "summary" : [ {
    "activity" : "walking",
    "group" : "walking",
    "duration" : 3376.0,
    "distance" : 4432.0,
    "steps" : 5394
  }, {
    "activity" : "transport",
    "group" : "transport",
    "duration" : 2208.0,
    "distance" : 6784.0
  }, {
    "activity" : "running",
    "group" : "running",
    "duration" : 123.0,
    "distance" : 223.0,
    "steps" : 268
  } ],
  "segments" : [ {
    "type" : "place",
    "startTime" : "20141106T113330+0100",
    "endTime" : "20141107T091007+0100",
    "activities" : [ {
      "activity" : "walking",
      "group" : "walking",
      "manual" : false,
      "startTime" : "20141107T005330+0100",
      "endTime" : "20141107T005408+0100",
      "duration" : 38.0,
      "distance" : 25.0,
      "steps" : 50
    }, {
      "activity" : "walking",
      "group" : "walking",
      "manual" : false,
      "startTime" : "20141107T010251+0100",
      "endTime" : "20141107T010329+0100",
      "duration" : 38.0,
      "distance" : 19.0,
      "steps" : 38
    }, {
      "activity" : "walking",
      "group" : "walking",
      "manual" : false,
      "startTime" : "20141107T090801+0100",
      "endTime" : "20141107T090854+0100",
      "duration" : 53.0,
      "distance" : 50.0,
      "steps" : 99
    } ],
    "lastUpdate" : "20141107T102734Z"
  }, {
    "type" : "move",
    "startTime" : "20141107T091007+0100",
    "endTime" : "20141107T093614+0100",
    "activities" : [ {
      "activity" : "running",
      "group" : "running",
      "manual" : false,
      "startTime" : "20141107T091007+0100",
      "endTime" : "20141107T091210+0100",
      "duration" : 123.0,
      "distance" : 223.0,
      "steps" : 268
    }, {
      "activity" : "transport",
      "group" : "transport",
      "manual" : false,
      "startTime" : "20141107T091210+0100",
      "endTime" : "20141107T093118+0100",
      "duration" : 1148.0,
      "distance" : 3457.0
    }, {
      "activity" : "walking",
      "group" : "walking",
      "manual" : false,
      "startTime" : "20141107T093118+0100",
      "endTime" : "20141107T093614+0100",
      "duration" : 296.0,
      "distance" : 630.0,
      "steps" : 525
    } ],
    "lastUpdate" : "20141107T102734Z"
  }, {
    "type" : "place",
    "startTime" : "20141107T093614+0100",
    "endTime" : "20141107T172924+0100",
    "activities" : [ {
      "activity" : "walking",
      "group" : "walking",
      "manual" : false,
      "startTime" : "20141107T093614+0100",
      "endTime" : "20141107T093622+0100",
      "duration" : 8.0,
      "distance" : 6.0,
      "steps" : 11
    }, {
      "activity" : "walking",
      "group" : "walking",
      "manual" : false,
      "startTime" : "20141107T120831+0100",
      "endTime" : "20141107T121028+0100",
      "duration" : 117.0,
      "distance" : 78.0,
      "steps" : 157
    }, {
      "activity" : "walking",
      "group" : "walking",
      "manual" : false,
      "startTime" : "20141107T170619+0100",
      "endTime" : "20141107T170631+0100",
      "duration" : 12.0,
      "distance" : 8.0,
      "steps" : 16
    } ],
    "lastUpdate" : "20141107T175731Z"
  }, {
    "type" : "move",
    "startTime" : "20141107T172924+0100",
    "endTime" : "20141107T175359+0100",
    "activities" : [ {
      "activity" : "walking",
      "group" : "walking",
      "manual" : false,
      "startTime" : "20141107T172924+0100",
      "endTime" : "20141107T173659+0100",
      "duration" : 455.0,
      "distance" : 741.0,
      "steps" : 863
    }, {
      "activity" : "transport",
      "group" : "transport",
      "manual" : false,
      "startTime" : "20141107T173659+0100",
      "endTime" : "20141107T174825+0100",
      "duration" : 686.0,
      "distance" : 1546.0
    }, {
      "activity" : "walking",
      "group" : "walking",
      "manual" : false,
      "startTime" : "20141107T174825+0100",
      "endTime" : "20141107T175359+0100",
      "duration" : 334.0,
      "distance" : 420.0,
      "steps" : 578
    } ],
    "lastUpdate" : "20141107T175731Z"
  }, {
    "type" : "place",
    "startTime" : "20141107T175359+0100",
    "endTime" : "20141107T202109+0100",
    "activities" : [ {
      "activity" : "walking",
      "group" : "walking",
      "manual" : false,
      "startTime" : "20141107T175359+0100",
      "endTime" : "20141107T175444+0100",
      "duration" : 45.0,
      "distance" : 30.0,
      "steps" : 59
    }, {
      "activity" : "walking",
      "group" : "walking",
      "manual" : false,
      "startTime" : "20141107T180350+0100",
      "endTime" : "20141107T180924+0100",
      "duration" : 334.0,
      "distance" : 359.0,
      "steps" : 479
    }, {
      "activity" : "walking",
      "group" : "walking",
      "manual" : false,
      "startTime" : "20141107T190706+0100",
      "endTime" : "20141107T190711+0100",
      "duration" : 5.0,
      "distance" : 4.0,
      "steps" : 7
    }, {
      "activity" : "walking",
      "group" : "walking",
      "manual" : false,
      "startTime" : "20141107T200848+0100",
      "endTime" : "20141107T201433+0100",
      "duration" : 345.0,
      "distance" : 365.0,
      "steps" : 486
    } ],
    "lastUpdate" : "20141107T210015Z"
  }, {
    "type" : "move",
    "startTime" : "20141107T202109+0100",
    "endTime" : "20141107T203310+0100",
    "activities" : [ {
      "activity" : "walking",
      "group" : "walking",
      "manual" : false,
      "startTime" : "20141107T202109+0100",
      "endTime" : "20141107T203310+0100",
      "duration" : 721.0,
      "distance" : 919.0,
      "steps" : 1068
    } ],
    "lastUpdate" : "20141107T210015Z"
  }, {
    "type" : "place",
    "startTime" : "20141107T203310+0100",
    "endTime" : "20141107T203948+0100",
    "activities" : [ {
      "activity" : "walking",
      "group" : "walking",
      "manual" : false,
      "startTime" : "20141107T203310+0100",
      "endTime" : "20141107T203403+0100",
      "duration" : 53.0,
      "distance" : 38.0,
      "steps" : 77
    } ],
    "lastUpdate" : "20141107T210015Z"
  }, {
    "type" : "move",
    "startTime" : "20141107T203948+0100",
    "endTime" : "20141107T205109+0100",
    "activities" : [ {
      "activity" : "transport",
      "group" : "transport",
      "manual" : false,
      "startTime" : "20141107T203948+0100",
      "endTime" : "20141107T204602+0100",
      "duration" : 374.0,
      "distance" : 1781.0
    }, {
      "activity" : "walking",
      "group" : "walking",
      "manual" : false,
      "startTime" : "20141107T204602+0100",
      "endTime" : "20141107T205109+0100",
      "duration" : 307.0,
      "distance" : 529.0,
      "steps" : 558
    } ],
    "lastUpdate" : "20141107T210015Z"
  }, {
    "type" : "place",
    "startTime" : "20141107T205109+0100",
    "endTime" : "20141108T061745+0100",
    "activities" : [ {
      "activity" : "walking",
      "group" : "walking",
      "manual" : false,
      "startTime" : "20141107T205125+0100",
      "endTime" : "20141107T205213+0100",
      "duration" : 48.0,
      "distance" : 32.0,
      "steps" : 64
    }, {
      "activity" : "walking",
      "group" : "walking",
      "manual" : false,
      "startTime" : "20141107T210000+0100",
      "endTime" : "20141107T210205+0100",
      "duration" : 125.0,
      "distance" : 146.0,
      "steps" : 194
    }, {
      "activity" : "walking",
      "group" : "walking",
      "manual" : false,
      "startTime" : "20141107T220347+0100",
      "endTime" : "20141107T220429+0100",
      "duration" : 42.0,
      "distance" : 33.0,
      "steps" : 65
    } ],
    "lastUpdate" : "20141108T093345Z"
  } ],
  "lastUpdate" : "20141108T093345Z"
}, {
  "date" : "20141108",
  "summary" : [ {
    "activity" : "walking",
    "group" : "walking",
    "duration" : 2464.0,
    "distance" : 2676.0,
    "steps" : 3642
  } ],
  "segments" : [ {
    "type" : "place",
    "startTime" : "20141108T090452+0100",
    "endTime" : "20141108T114009+0100",
    "activities" : [ {
      "activity" : "walking",
      "group" : "walking",
      "manual" : false,
      "startTime" : "20141108T092216+0100",
      "endTime" : "20141108T092438+0100",
      "duration" : 142.0,
      "distance" : 159.0,
      "steps" : 212
    }, {
      "activity" : "walking",
      "group" : "walking",
      "manual" : false,
      "startTime" : "20141108T112945+0100",
      "endTime" : "20141108T113313+0100",
      "duration" : 208.0,
      "distance" : 207.0,
      "steps" : 276
    } ],
    "lastUpdate" : "20141108T110438Z"
  }, {
    "type" : "move",
    "startTime" : "20141108T114009+0100",
    "endTime" : "20141108T114728+0100",
    "activities" : [ {
      "activity" : "walking",
      "group" : "walking",
      "manual" : false,
      "startTime" : "20141108T114009+0100",
      "endTime" : "20141108T114728+0100",
      "duration" : 439.0,
      "distance" : 501.0,
      "steps" : 787
    } ],
    "lastUpdate" : "20141108T110438Z"
  }, {
    "type" : "place",
    "startTime" : "20141108T114728+0100",
    "endTime" : "20141108T120414+0100",
    "activities" : [ {
      "activity" : "walking",
      "group" : "walking",
      "manual" : false,
      "startTime" : "20141108T115614+0100",
      "endTime" : "20141108T115741+0100",
      "duration" : 87.0,
      "distance" : 57.0,
      "steps" : 114
    }, {
      "activity" : "walking",
      "group" : "walking",
      "manual" : false,
      "startTime" : "20141108T120000+0100",
      "endTime" : "20141108T120012+0100",
      "duration" : 12.0,
      "distance" : 8.0,
      "steps" : 16
    } ],
    "lastUpdate" : "20141108T140636Z"
  }, {
    "type" : "move",
    "startTime" : "20141108T120414+0100",
    "endTime" : "20141108T121006+0100",
    "activities" : [ {
      "activity" : "walking",
      "group" : "walking",
      "manual" : false,
      "startTime" : "20141108T120414+0100",
      "endTime" : "20141108T121007+0100",
      "duration" : 353.0,
      "distance" : 553.0,
      "steps" : 597
    } ],
    "lastUpdate" : "20141108T140636Z"
  }, {
    "type" : "place",
    "startTime" : "20141108T121006+0100",
    "endTime" : "20141109T154640+0100",
    "activities" : [ {
      "activity" : "walking",
      "group" : "walking",
      "manual" : false,
      "startTime" : "20141108T121017+0100",
      "endTime" : "20141108T121454+0100",
      "duration" : 277.0,
      "distance" : 289.0,
      "steps" : 385
    }, {
      "activity" : "walking",
      "group" : "walking",
      "manual" : false,
      "startTime" : "20141108T132053+0100",
      "endTime" : "20141108T132140+0100",
      "duration" : 47.0,
      "distance" : 26.0,
      "steps" : 52
    }, {
      "activity" : "walking",
      "group" : "walking",
      "manual" : false,
      "startTime" : "20141108T152316+0100",
      "endTime" : "20141108T152348+0100",
      "duration" : 32.0,
      "distance" : 21.0,
      "steps" : 42
    }, {
      "activity" : "walking",
      "group" : "walking",
      "manual" : false,
      "startTime" : "20141108T163255+0100",
      "endTime" : "20141108T163327+0100",
      "duration" : 32.0,
      "distance" : 22.0,
      "steps" : 43
    }, {
      "activity" : "walking",
      "group" : "walking",
      "manual" : false,
      "startTime" : "20141108T171631+0100",
      "endTime" : "20141108T171634+0100",
      "duration" : 3.0,
      "distance" : 2.0,
      "steps" : 4
    }, {
      "activity" : "walking",
      "group" : "walking",
      "manual" : false,
      "startTime" : "20141108T180203+0100",
      "endTime" : "20141108T180634+0100",
      "duration" : 271.0,
      "distance" : 282.0,
      "steps" : 376
    }, {
      "activity" : "walking",
      "group" : "walking",
      "manual" : false,
      "startTime" : "20141108T190004+0100",
      "endTime" : "20141108T190415+0100",
      "duration" : 251.0,
      "distance" : 250.0,
      "steps" : 333
    }, {
      "activity" : "walking",
      "group" : "walking",
      "manual" : false,
      "startTime" : "20141108T204850+0100",
      "endTime" : "20141108T204900+0100",
      "duration" : 10.0,
      "distance" : 7.0,
      "steps" : 13
    }, {
      "activity" : "walking",
      "group" : "walking",
      "manual" : false,
      "startTime" : "20141108T215256+0100",
      "endTime" : "20141108T215304+0100",
      "duration" : 8.0,
      "distance" : 4.0,
      "steps" : 8
    }, {
      "activity" : "walking",
      "group" : "walking",
      "manual" : false,
      "startTime" : "20141108T230203+0100",
      "endTime" : "20141108T230655+0100",
      "duration" : 292.0,
      "distance" : 288.0,
      "steps" : 384
    } ],
    "lastUpdate" : "20141109T170253Z"
  } ],
  "lastUpdate" : "20141109T170253Z"
}, {
  "date" : "20141109",
  "summary" : [ {
    "activity" : "walking",
    "group" : "walking",
    "duration" : 1234.0,
    "distance" : 1097.0,
    "steps" : 1574
  } ],
  "segments" : [ {
    "type" : "place",
    "startTime" : "20141108T121006+0100",
    "endTime" : "20141109T154640+0100",
    "activities" : [ {
      "activity" : "walking",
      "group" : "walking",
      "manual" : false,
      "startTime" : "20141109T000204+0100",
      "endTime" : "20141109T000817+0100",
      "duration" : 373.0,
      "distance" : 372.0,
      "steps" : 496
    }, {
      "activity" : "walking",
      "group" : "walking",
      "manual" : false,
      "startTime" : "20141109T080503+0100",
      "endTime" : "20141109T080603+0100",
      "duration" : 60.0,
      "distance" : 35.0,
      "steps" : 71
    }, {
      "activity" : "walking",
      "group" : "walking",
      "manual" : false,
      "startTime" : "20141109T092759+0100",
      "endTime" : "20141109T092829+0100",
      "duration" : 30.0,
      "distance" : 15.0,
      "steps" : 20
    }, {
      "activity" : "walking",
      "group" : "walking",
      "manual" : false,
      "startTime" : "20141109T112814+0100",
      "endTime" : "20141109T112844+0100",
      "duration" : 30.0,
      "distance" : 15.0,
      "steps" : 30
    }, {
      "activity" : "walking",
      "group" : "walking",
      "manual" : false,
      "startTime" : "20141109T132720+0100",
      "endTime" : "20141109T132812+0100",
      "duration" : 52.0,
      "distance" : 42.0,
      "steps" : 84
    } ],
    "lastUpdate" : "20141109T170253Z"
  }, {
    "type" : "place",
    "startTime" : "20141109T162929+0100",
    "endTime" : "20141109T234543+0100",
    "activities" : [ {
      "activity" : "walking",
      "group" : "walking",
      "manual" : false,
      "startTime" : "20141109T171308+0100",
      "endTime" : "20141109T171503+0100",
      "duration" : 115.0,
      "distance" : 62.0,
      "steps" : 124
    }, {
      "activity" : "walking",
      "group" : "walking",
      "manual" : false,
      "startTime" : "20141109T181520+0100",
      "endTime" : "20141109T181947+0100",
      "duration" : 267.0,
      "distance" : 285.0,
      "steps" : 380
    }, {
      "activity" : "walking",
      "group" : "walking",
      "manual" : false,
      "startTime" : "20141109T201300+0100",
      "endTime" : "20141109T201412+0100",
      "duration" : 72.0,
      "distance" : 36.0,
      "steps" : 58
    }, {
      "activity" : "walking",
      "group" : "walking",
      "manual" : false,
      "startTime" : "20141109T211125+0100",
      "endTime" : "20141109T211137+0100",
      "duration" : 12.0,
      "distance" : 8.0,
      "steps" : 16
    }, {
      "activity" : "walking",
      "group" : "walking",
      "manual" : false,
      "startTime" : "20141109T220714+0100",
      "endTime" : "20141109T220745+0100",
      "duration" : 31.0,
      "distance" : 19.0,
      "steps" : 38
    }, {
      "activity" : "walking",
      "group" : "walking",
      "manual" : false,
      "startTime" : "20141109T233945+0100",
      "endTime" : "20141109T233958+0100",
      "duration" : 13.0,
      "distance" : 9.0,
      "steps" : 17
    } ],
    "lastUpdate" : "20141110T005035Z"
  }, {
    "type" : "move",
    "startTime" : "20141109T234543+0100",
    "endTime" : "20141109T234843+0100",
    "activities" : [ {
      "activity" : "walking",
      "group" : "walking",
      "manual" : false,
      "startTime" : "20141109T234543+0100",
      "endTime" : "20141109T234842+0100",
      "duration" : 179.0,
      "distance" : 199.0,
      "steps" : 240
    } ],
    "lastUpdate" : "20141110T005035Z"
  } ],
  "lastUpdate" : "20141110T123634Z"
} ]