[ {
  "date" : "20140827",
  "summary" : null,
  "segments" : null,
  "lastUpdate" : "20140828T081521Z"
}, {
  "date" : "20140828",
  "summary" : [ {
    "activity" : "walking",
    "group" : "walking",
    "duration" : 4064.0,
    "distance" : 4836.0,
    "steps" : 6397
  }, {
    "activity" : "transport",
    "group" : "transport",
    "duration" : 1710.0,
    "distance" : 6399.0
  }, {
    "activity" : "cycling",
    "group" : "cycling",
    "duration" : 1324.0,
    "distance" : 4699.0
  } ],
  "segments" : [ {
    "type" : "place",
    "startTime" : "20140827T235954+0200",
    "endTime" : "20140828T084357+0200",
    "activities" : [ {
      "activity" : "walking",
      "group" : "walking",
      "manual" : false,
      "startTime" : "20140828T002921+0200",
      "endTime" : "20140828T002952+0200",
      "duration" : 31.0,
      "distance" : 16.0,
      "steps" : 30
    }, {
      "activity" : "walking",
      "group" : "walking",
      "manual" : false,
      "startTime" : "20140828T083635+0200",
      "endTime" : "20140828T083713+0200",
      "duration" : 38.0,
      "distance" : 26.0,
      "steps" : 51
    } ],
    "lastUpdate" : "20140828T081521Z"
  }, {
    "type" : "move",
    "startTime" : "20140828T084357+0200",
    "endTime" : "20140828T090312+0200",
    "activities" : [ {
      "activity" : "walking",
      "group" : "walking",
      "manual" : false,
      "startTime" : "20140828T084357+0200",
      "endTime" : "20140828T085114+0200",
      "duration" : 437.0,
      "distance" : 358.0,
      "steps" : 538
    }, {
      "activity" : "transport",
      "group" : "transport",
      "manual" : false,
      "startTime" : "20140828T085115+0200",
      "endTime" : "20140828T085746+0200",
      "duration" : 391.0,
      "distance" : 879.0
    }, {
      "activity" : "walking",
      "group" : "walking",
      "manual" : false,
      "startTime" : "20140828T085746+0200",
      "endTime" : "20140828T090312+0200",
      "duration" : 326.0,
      "distance" : 528.0,
      "steps" : 584
    } ],
    "lastUpdate" : "20140828T081521Z"
  }, {
    "type" : "move",
    "startTime" : "20140828T100608+0200",
    "endTime" : "20140828T103141+0200",
    "activities" : [ {
      "activity" : "walking",
      "group" : "walking",
      "manual" : false,
      "startTime" : "20140828T100608+0200",
      "endTime" : "20140828T101235+0200",
      "duration" : 387.0,
      "distance" : 358.0,
      "steps" : 671
    }, {
      "activity" : "transport",
      "group" : "transport",
      "manual" : false,
      "startTime" : "20140828T101235+0200",
      "endTime" : "20140828T102240+0200",
      "duration" : 605.0,
      "distance" : 2403.0
    }, {
      "activity" : "walking",
      "group" : "walking",
      "manual" : false,
      "startTime" : "20140828T102240+0200",
      "endTime" : "20140828T103141+0200",
      "duration" : 541.0,
      "distance" : 947.0,
      "steps" : 917
    } ],
    "lastUpdate" : "20140828T111843Z"
  }, {
    "type" : "place",
    "startTime" : "20140828T103141+0200",
    "endTime" : "20140828T133042+0200",
    "activities" : [ {
      "activity" : "walking",
      "group" : "walking",
      "manual" : false,
      "startTime" : "20140828T103141+0200",
      "endTime" : "20140828T103153+0200",
      "duration" : 12.0,
      "distance" : 8.0,
      "steps" : 16
    }, {
      "activity" : "walking",
      "group" : "walking",
      "manual" : false,
      "startTime" : "20140828T133035+0200",
      "endTime" : "20140828T133043+0200",
      "duration" : 8.0,
      "distance" : 5.0,
      "steps" : 10
    } ],
    "lastUpdate" : "20140831T185247Z"
  }, {
    "type" : "move",
    "startTime" : "20140828T133042+0200",
    "endTime" : "20140828T135600+0200",
    "activities" : [ {
      "activity" : "walking",
      "group" : "walking",
      "manual" : false,
      "startTime" : "20140828T133042+0200",
      "endTime" : "20140828T134044+0200",
      "duration" : 602.0,
      "distance" : 710.0,
      "steps" : 959
    }, {
      "activity" : "transport",
      "group" : "transport",
      "manual" : false,
      "startTime" : "20140828T134044+0200",
      "endTime" : "20140828T134844+0200",
      "duration" : 480.0,
      "distance" : 2072.0
    }, {
      "activity" : "walking",
      "group" : "walking",
      "manual" : false,
      "startTime" : "20140828T134844+0200",
      "endTime" : "20140828T135600+0200",
      "duration" : 436.0,
      "distance" : 518.0,
      "steps" : 669
    } ],
    "lastUpdate" : "20140828T132306Z"
  }, {
    "type" : "place",
    "startTime" : "20140828T135600+0200",
    "endTime" : "20140828T144409+0200",
    "activities" : [ {
      "activity" : "walking",
      "group" : "walking",
      "manual" : false,
      "startTime" : "20140828T135714+0200",
      "endTime" : "20140828T135744+0200",
      "duration" : 30.0,
      "distance" : 15.0,
      "steps" : 20
    }, {
      "activity" : "walking",
      "group" : "walking",
      "manual" : false,
      "startTime" : "20140828T143239+0200",
      "endTime" : "20140828T143732+0200",
      "duration" : 293.0,
      "distance" : 370.0,
      "steps" : 494
    } ],
    "lastUpdate" : "20140828T144655Z"
  }, {
    "type" : "move",
    "startTime" : "20140828T144409+0200",
    "endTime" : "20140828T145408+0200",
    "activities" : [ {
      "activity" : "transport",
      "group" : "transport",
      "manual" : false,
      "startTime" : "20140828T144409+0200",
      "endTime" : "20140828T144803+0200",
      "duration" : 234.0,
      "distance" : 1045.0
    }, {
      "activity" : "walking",
      "group" : "walking",
      "manual" : false,
      "startTime" : "20140828T144803+0200",
      "endTime" : "20140828T145408+0200",
      "duration" : 365.0,
      "distance" : 466.0,
      "steps" : 667
    } ],
    "lastUpdate" : "20140828T144655Z"
  }, {
    "type" : "place",
    "startTime" : "20140828T145408+0200",
    "endTime" : "20140828T183142+0200",
    "activities" : [ {
      "activity" : "walking",
      "group" : "walking",
      "manual" : false,
      "startTime" : "20140828T145408+0200",
      "endTime" : "20140828T145417+0200",
      "duration" : 9.0,
      "distance" : 6.0,
      "steps" : 12
    }, {
      "activity" : "walking",
      "group" : "walking",
      "manual" : false,
      "startTime" : "20140828T152349+0200",
      "endTime" : "20140828T152350+0200",
      "duration" : 1.0,
      "distance" : 1.0,
      "steps" : 1
    }, {
      "activity" : "walking",
      "group" : "walking",
      "manual" : false,
      "startTime" : "20140828T180349+0200",
      "endTime" : "20140828T180940+0200",
      "duration" : 351.0,
      "distance" : 374.0,
      "steps" : 499
    } ],
    "lastUpdate" : "20140828T194652Z"
  }, {
    "type" : "move",
    "startTime" : "20140828T183142+0200",
    "endTime" : "20140828T185346+0200",
    "activities" : [ {
      "activity" : "cycling",
      "group" : "cycling",
      "manual" : false,
      "startTime" : "20140828T183142+0200",
      "endTime" : "20140828T185346+0200",
      "duration" : 1324.0,
      "distance" : 4699.0
    } ],
    "lastUpdate" : "20140828T194652Z"
  }, {
    "type" : "place",
    "startTime" : "20140828T185346+0200",
    "endTime" : "20140829T000337+0200",
    "activities" : [ {
      "activity" : "walking",
      "group" : "walking",
      "manual" : false,
      "startTime" : "20140828T185417+0200",
      "endTime" : "20140828T185451+0200",
      "duration" : 34.0,
      "distance" : 23.0,
      "steps" : 45
    }, {
      "activity" : "walking",
      "group" : "walking",
      "manual" : false,
      "startTime" : "20140828T190514+0200",
      "endTime" : "20140828T190546+0200",
      "duration" : 32.0,
      "distance" : 23.0,
      "steps" : 46
    }, {
      "activity" : "walking",
      "group" : "walking",
      "manual" : false,
      "startTime" : "20140828T201549+0200",
      "endTime" : "20140828T201652+0200",
      "duration" : 63.0,
      "distance" : 42.0,
      "steps" : 84
    }, {
      "activity" : "walking",
      "group" : "walking",
      "manual" : false,
      "startTime" : "20140828T211923+0200",
      "endTime" : "20140828T211944+0200",
      "duration" : 21.0,
      "distance" : 11.0,
      "steps" : 22
    }, {
      "activity" : "walking",
      "group" : "walking",
      "manual" : false,
      "startTime" : "20140828T220659+0200",
      "endTime" : "20140828T220729+0200",
      "duration" : 30.0,
      "distance" : 20.0,
      "steps" : 40
    }, {
      "activity" : "walking",
      "group" : "walking",
      "manual" : false,
      "startTime" : "20140828T233159+0200",
      "endTime" : "20140828T233216+0200",
      "duration" : 17.0,
      "distance" : 11.0,
      "steps" : 22
    } ],
    "lastUpdate" : "20140829T001510Z"
  } ],
  "lastUpdate" : "20140907T092402Z"
}, {
  "date" : "20140829",
  "summary" : [ {
    "activity" : "walking",
    "group" : "walking",
    "duration" : 2743.0,
    "distance" : 3068.0,
    "steps" : 4084
  }, {
    "activity" : "transport",
    "group" : "transport",
    "duration" : 616.0,
    "distance" : 2757.0
  } ],
  "segments" : [ {
    "type" : "move",
    "startTime" : "20140829T000337+0200",
    "endTime" : "20140829T001107+0200",
    "activities" : [ {
      "activity" : "walking",
      "group" : "walking",
      "manual" : false,
      "startTime" : "20140829T000337+0200",
      "endTime" : "20140829T001107+0200",
      "duration" : 450.0,
      "distance" : 263.0,
      "steps" : 526
    } ],
    "lastUpdate" : "20140829T001510Z"
  }, {
    "type" : "place",
    "startTime" : "20140829T001107+0200",
    "endTime" : "20140829T001356+0200",
    "activities" : [ {
      "activity" : "walking",
      "group" : "walking",
      "manual" : false,
      "startTime" : "20140829T001351+0200",
      "endTime" : "20140829T001356+0200",
      "duration" : 5.0,
      "distance" : 3.0,
      "steps" : 6
    } ],
    "lastUpdate" : "20140829T001510Z"
  }, {
    "type" : "move",
    "startTime" : "20140829T001356+0200",
    "endTime" : "20140829T001913+0200",
    "activities" : [ {
      "activity" : "walking",
      "group" : "walking",
      "manual" : false,
      "startTime" : "20140829T001356+0200",
      "endTime" : "20140829T001913+0200",
      "duration" : 317.0,
      "distance" : 203.0,
      "steps" : 407
    } ],
    "lastUpdate" : "20140829T001510Z"
  }, {
    "type" : "place",
    "startTime" : "20140829T001913+0200",
    "endTime" : "20140829T103124+0200",
    "activities" : [ {
      "activity" : "walking",
      "group" : "walking",
      "manual" : false,
      "startTime" : "20140829T002209+0200",
      "endTime" : "20140829T002240+0200",
      "duration" : 31.0,
      "distance" : 18.0,
      "steps" : 36
    }, {
      "activity" : "walking",
      "group" : "walking",
      "manual" : false,
      "startTime" : "20140829T015752+0200",
      "endTime" : "20140829T015809+0200",
      "duration" : 17.0,
      "distance" : 9.0,
      "steps" : 18
    }, {
      "activity" : "walking",
      "group" : "walking",
      "manual" : false,
      "startTime" : "20140829T102959+0200",
      "endTime" : "20140829T103021+0200",
      "duration" : 22.0,
      "distance" : 15.0,
      "steps" : 29
    } ],
    "lastUpdate" : "20140829T100406Z"
  }, {
    "type" : "move",
    "startTime" : "20140829T103124+0200",
    "endTime" : "20140829T103559+0200",
    "activities" : [ {
      "activity" : "walking",
      "group" : "walking",
      "manual" : false,
      "startTime" : "20140829T103124+0200",
      "endTime" : "20140829T103559+0200",
      "duration" : 275.0,
      "distance" : 360.0,
      "steps" : 497
    } ],
    "lastUpdate" : "20140829T100406Z"
  }, {
    "type" : "place",
    "startTime" : "20140829T103559+0200",
    "endTime" : "20140829T105049+0200",
    "activities" : [ {
      "activity" : "walking",
      "group" : "walking",
      "manual" : false,
      "startTime" : "20140829T104658+0200",
      "endTime" : "20140829T104704+0200",
      "duration" : 6.0,
      "distance" : 4.0,
      "steps" : 8
    } ],
    "lastUpdate" : "20140831T185137Z"
  }, {
    "type" : "move",
    "startTime" : "20140829T105049+0200",
    "endTime" : "20140829T105921+0200",
    "activities" : [ {
      "activity" : "transport",
      "group" : "transport",
      "manual" : false,
      "startTime" : "20140829T105049+0200",
      "endTime" : "20140829T105657+0200",
      "duration" : 368.0,
      "distance" : 1459.0
    }, {
      "activity" : "walking",
      "group" : "walking",
      "manual" : false,
      "startTime" : "20140829T105656+0200",
      "endTime" : "20140829T105921+0200",
      "duration" : 145.0,
      "distance" : 274.0,
      "steps" : 263
    } ],
    "lastUpdate" : "20140829T100406Z"
  }, {
    "type" : "place",
    "startTime" : "20140829T105921+0200",
    "endTime" : "20140829T120519+0200",
    "activities" : [ {
      "activity" : "walking",
      "group" : "walking",
      "manual" : false,
      "startTime" : "20140829T105921+0200",
      "endTime" : "20140829T105943+0200",
      "duration" : 22.0,
      "distance" : 15.0,
      "steps" : 29
    }, {
      "activity" : "walking",
      "group" : "walking",
      "manual" : false,
      "startTime" : "20140829T110843+0200",
      "endTime" : "20140829T111538+0200",
      "duration" : 415.0,
      "distance" : 471.0,
      "steps" : 628
    }, {
      "activity" : "walking",
      "group" : "walking",
      "manual" : false,
      "startTime" : "20140829T120000+0200",
      "endTime" : "20140829T120449+0200",
      "duration" : 289.0,
      "distance" : 356.0,
      "steps" : 474
    } ],
    "lastUpdate" : "20140829T113517Z"
  }, {
    "type" : "move",
    "startTime" : "20140829T120519+0200",
    "endTime" : "20140829T121435+0200",
    "activities" : [ {
      "activity" : "transport",
      "group" : "transport",
      "manual" : false,
      "startTime" : "20140829T120519+0200",
      "endTime" : "20140829T120927+0200",
      "duration" : 248.0,
      "distance" : 1298.0
    }, {
      "activity" : "walking",
      "group" : "walking",
      "manual" : false,
      "startTime" : "20140829T120927+0200",
      "endTime" : "20140829T121435+0200",
      "duration" : 308.0,
      "distance" : 644.0,
      "steps" : 537
    } ],
    "lastUpdate" : "20140829T113517Z"
  }, {
    "type" : "place",
    "startTime" : "20140829T121435+0200",
    "endTime" : "20140830T101237+0200",
    "activities" : [ {
      "activity" : "walking",
      "group" : "walking",
      "manual" : false,
      "startTime" : "20140829T121435+0200",
      "endTime" : "20140829T121440+0200",
      "duration" : 5.0,
      "distance" : 3.0,
      "steps" : 7
    }, {
      "activity" : "walking",
      "group" : "walking",
      "manual" : false,
      "startTime" : "20140829T142119+0200",
      "endTime" : "20140829T142149+0200",
      "duration" : 30.0,
      "distance" : 15.0,
      "steps" : 30
    }, {
      "activity" : "walking",
      "group" : "walking",
      "manual" : false,
      "startTime" : "20140829T163927+0200",
      "endTime" : "20140829T163947+0200",
      "duration" : 20.0,
      "distance" : 14.0,
      "steps" : 27
    }, {
      "activity" : "walking",
      "group" : "walking",
      "manual" : false,
      "startTime" : "20140829T170052+0200",
      "endTime" : "20140829T170511+0200",
      "duration" : 259.0,
      "distance" : 333.0,
      "steps" : 444
    }, {
      "activity" : "walking",
      "group" : "walking",
      "manual" : false,
      "startTime" : "20140829T184245+0200",
      "endTime" : "20140829T184307+0200",
      "duration" : 22.0,
      "distance" : 11.0,
      "steps" : 16
    }, {
      "activity" : "walking",
      "group" : "walking",
      "manual" : false,
      "startTime" : "20140829T201008+0200",
      "endTime" : "20140829T201046+0200",
      "duration" : 38.0,
      "distance" : 22.0,
      "steps" : 43
    }, {
      "activity" : "walking",
      "group" : "walking",
      "manual" : false,
      "startTime" : "20140829T210239+0200",
      "endTime" : "20140829T210241+0200",
      "duration" : 2.0,
      "distance" : 1.0,
      "steps" : 2
    }, {
      "activity" : "walking",
      "group" : "walking",
      "manual" : false,
      "startTime" : "20140829T224248+0200",
      "endTime" : "20140829T224321+0200",
      "duration" : 33.0,
      "distance" : 17.0,
      "steps" : 24
    }, {
      "activity" : "walking",
      "group" : "walking",
      "manual" : false,
      "startTime" : "20140829T230224+0200",
      "endTime" : "20140829T230256+0200",
      "duration" : 32.0,
      "distance" : 17.0,
      "steps" : 33
    } ],
    "lastUpdate" : "20140830T100355Z"
  } ],
  "lastUpdate" : "20140831T185137Z"
}, {
  "date" : "20140830",
  "summary" : [ {
    "activity" : "walking",
    "group" : "walking",
    "duration" : 825.0,
    "distance" : 787.0,
    "steps" : 1105
  } ],
  "segments" : [ {
    "type" : "place",
    "startTime" : "20140829T121435+0200",
    "endTime" : "20140830T101237+0200",
    "activities" : [ {
      "activity" : "walking",
      "group" : "walking",
      "manual" : false,
      "startTime" : "20140830T000542+0200",
      "endTime" : "20140830T000544+0200",
      "duration" : 2.0,
      "distance" : 2.0,
      "steps" : 3
    }, {
      "activity" : "walking",
      "group" : "walking",
      "manual" : false,
      "startTime" : "20140830T074901+0200",
      "endTime" : "20140830T074929+0200",
      "duration" : 28.0,
      "distance" : 14.0,
      "steps" : 28
    } ],
    "lastUpdate" : "20140830T100355Z"
  }, {
    "type" : "place",
    "startTime" : "20140830T102403+0200",
    "endTime" : "20140831T193134+0200",
    "activities" : [ {
      "activity" : "walking",
      "group" : "walking",
      "manual" : false,
      "startTime" : "20140830T103750+0200",
      "endTime" : "20140830T103752+0200",
      "duration" : 2.0,
      "distance" : 1.0,
      "steps" : 2
    }, {
      "activity" : "walking",
      "group" : "walking",
      "manual" : false,
      "startTime" : "20140830T112955+0200",
      "endTime" : "20140830T112957+0200",
      "duration" : 2.0,
      "distance" : 2.0,
      "steps" : 3
    }, {
      "activity" : "walking",
      "group" : "walking",
      "manual" : false,
      "startTime" : "20140830T123113+0200",
      "endTime" : "20140830T123323+0200",
      "duration" : 130.0,
      "distance" : 138.0,
      "steps" : 184
    }, {
      "activity" : "walking",
      "group" : "walking",
      "manual" : false,
      "startTime" : "20140830T130252+0200",
      "endTime" : "20140830T130752+0200",
      "duration" : 300.0,
      "distance" : 301.0,
      "steps" : 401
    }, {
      "activity" : "walking",
      "group" : "walking",
      "manual" : false,
      "startTime" : "20140830T145216+0200",
      "endTime" : "20140830T145218+0200",
      "duration" : 2.0,
      "distance" : 2.0,
      "steps" : 3
    }, {
      "activity" : "walking",
      "group" : "walking",
      "manual" : false,
      "startTime" : "20140830T151801+0200",
      "endTime" : "20140830T151833+0200",
      "duration" : 32.0,
      "distance" : 17.0,
      "steps" : 33
    }, {
      "activity" : "walking",
      "group" : "walking",
      "manual" : false,
      "startTime" : "20140830T180644+0200",
      "endTime" : "20140830T180646+0200",
      "duration" : 2.0,
      "distance" : 2.0,
      "steps" : 3
    }, {
      "activity" : "walking",
      "group" : "walking",
      "manual" : false,
      "startTime" : "20140830T193006+0200",
      "endTime" : "20140830T193023+0200",
      "duration" : 17.0,
      "distance" : 11.0,
      "steps" : 22
    }, {
      "activity" : "walking",
      "group" : "walking",
      "manual" : false,
      "startTime" : "20140830T201013+0200",
      "endTime" : "20140830T201426+0200",
      "duration" : 253.0,
      "distance" : 253.0,
      "steps" : 337
    }, {
      "activity" : "walking",
      "group" : "walking",
      "manual" : false,
      "startTime" : "20140830T210003+0200",
      "endTime" : "20140830T210057+0200",
      "duration" : 54.0,
      "distance" : 43.0,
      "steps" : 85
    }, {
      "activity" : "walking",
      "group" : "walking",
      "manual" : false,
      "startTime" : "20140830T235725+0200",
      "endTime" : "20140830T235726+0200",
      "duration" : 1.0,
      "distance" : 1.0,
      "steps" : 1
    } ],
    "lastUpdate" : "20140831T184927Z"
  } ],
  "lastUpdate" : "20140831T184927Z"
}, {
  "date" : "20140831",
  "summary" : [ {
    "activity" : "walking",
    "group" : "walking",
    "duration" : 563.0,
    "distance" : 522.0,
    "steps" : 774
  }, {
    "activity" : "cycling",
    "group" : "cycling",
    "duration" : 2197.0,
    "distance" : 8284.0
  } ],
  "segments" : [ {
    "type" : "place",
    "startTime" : "20140830T102403+0200",
    "endTime" : "20140831T193134+0200",
    "activities" : [ {
      "activity" : "walking",
      "group" : "walking",
      "manual" : false,
      "startTime" : "20140831T002707+0200",
      "endTime" : "20140831T002712+0200",
      "duration" : 5.0,
      "distance" : 4.0,
      "steps" : 7
    }, {
      "activity" : "walking",
      "group" : "walking",
      "manual" : false,
      "startTime" : "20140831T100908+0200",
      "endTime" : "20140831T100944+0200",
      "duration" : 36.0,
      "distance" : 24.0,
      "steps" : 49
    }, {
      "activity" : "walking",
      "group" : "walking",
      "manual" : false,
      "startTime" : "20140831T123554+0200",
      "endTime" : "20140831T123555+0200",
      "duration" : 1.0,
      "distance" : 1.0,
      "steps" : 1
    }, {
      "activity" : "walking",
      "group" : "walking",
      "manual" : false,
      "startTime" : "20140831T145544+0200",
      "endTime" : "20140831T145545+0200",
      "duration" : 1.0,
      "distance" : 1.0,
      "steps" : 1
    }, {
      "activity" : "walking",
      "group" : "walking",
      "manual" : false,
      "startTime" : "20140831T150006+0200",
      "endTime" : "20140831T150011+0200",
      "duration" : 5.0,
      "distance" : 4.0,
      "steps" : 7
    }, {
      "activity" : "walking",
      "group" : "walking",
      "manual" : false,
      "startTime" : "20140831T170430+0200",
      "endTime" : "20140831T170519+0200",
      "duration" : 49.0,
      "distance" : 33.0,
      "steps" : 65
    }, {
      "activity" : "walking",
      "group" : "walking",
      "manual" : false,
      "startTime" : "20140831T192846+0200",
      "endTime" : "20140831T192942+0200",
      "duration" : 56.0,
      "distance" : 39.0,
      "steps" : 78
    } ],
    "lastUpdate" : "20140831T184927Z"
  }, {
    "type" : "move",
    "startTime" : "20140831T193134+0200",
    "endTime" : "20140831T200811+0200",
    "activities" : [ {
      "activity" : "cycling",
      "group" : "cycling",
      "manual" : false,
      "startTime" : "20140831T193134+0200",
      "endTime" : "20140831T200811+0200",
      "duration" : 2197.0,
      "distance" : 8284.0
    } ],
    "lastUpdate" : "20140831T184907Z"
  }, {
    "type" : "place",
    "startTime" : "20140831T200811+0200",
    "endTime" : "20140901T165840+0200",
    "activities" : [ {
      "activity" : "walking",
      "group" : "walking",
      "manual" : false,
      "startTime" : "20140831T200827+0200",
      "endTime" : "20140831T201444+0200",
      "duration" : 377.0,
      "distance" : 399.0,
      "steps" : 532
    }, {
      "activity" : "walking",
      "group" : "walking",
      "manual" : false,
      "startTime" : "20140831T211631+0200",
      "endTime" : "20140831T211634+0200",
      "duration" : 3.0,
      "distance" : 2.0,
      "steps" : 4
    }, {
      "activity" : "walking",
      "group" : "walking",
      "manual" : false,
      "startTime" : "20140831T234145+0200",
      "endTime" : "20140831T234215+0200",
      "duration" : 30.0,
      "distance" : 15.0,
      "steps" : 30
    } ],
    "lastUpdate" : "20140901T180045Z"
  } ],
  "lastUpdate" : "20140901T180045Z"
} ]