[ {
  "date" : "20140908",
  "summary" : [ {
    "activity" : "walking",
    "group" : "walking",
    "duration" : 1536.0,
    "distance" : 1594.0,
    "steps" : 2319
  }, {
    "activity" : "cycling",
    "group" : "cycling",
    "duration" : 2324.0,
    "distance" : 9217.0
  }, {
    "activity" : "transport",
    "group" : "transport",
    "duration" : 337.0,
    "distance" : 591.0
  } ],
  "segments" : [ {
    "type" : "place",
    "startTime" : "20140907T222934+0200",
    "endTime" : "20140908T085850+0200",
    "activities" : [ {
      "activity" : "walking",
      "group" : "walking",
      "manual" : false,
      "startTime" : "20140908T001753+0200",
      "endTime" : "20140908T001843+0200",
      "duration" : 50.0,
      "distance" : 31.0,
      "steps" : 61
    }, {
      "activity" : "walking",
      "group" : "walking",
      "manual" : false,
      "startTime" : "20140908T013038+0200",
      "endTime" : "20140908T013128+0200",
      "duration" : 50.0,
      "distance" : 29.0,
      "steps" : 57
    }, {
      "activity" : "walking",
      "group" : "walking",
      "manual" : false,
      "startTime" : "20140908T082816+0200",
      "endTime" : "20140908T083000+0200",
      "duration" : 104.0,
      "distance" : 64.0,
      "steps" : 128
    } ],
    "lastUpdate" : "20140908T115602Z"
  }, {
    "type" : "move",
    "startTime" : "20140908T085850+0200",
    "endTime" : "20140908T090430+0200",
    "activities" : [ {
      "activity" : "walking",
      "group" : "walking",
      "manual" : false,
      "startTime" : "20140908T085850+0200",
      "endTime" : "20140908T090431+0200",
      "duration" : 341.0,
      "distance" : 476.0,
      "steps" : 618
    } ],
    "lastUpdate" : "20140908T115602Z"
  }, {
    "type" : "place",
    "startTime" : "20140908T090430+0200",
    "endTime" : "20140908T092936+0200",
    "activities" : [ {
      "activity" : "walking",
      "group" : "walking",
      "manual" : false,
      "startTime" : "20140908T090430+0200",
      "endTime" : "20140908T091031+0200",
      "duration" : 361.0,
      "distance" : 452.0,
      "steps" : 603
    } ],
    "lastUpdate" : "20140908T115602Z"
  }, {
    "type" : "move",
    "startTime" : "20140908T092936+0200",
    "endTime" : "20140908T094810+0200",
    "activities" : [ {
      "activity" : "walking",
      "group" : "walking",
      "manual" : false,
      "startTime" : "20140908T092936+0200",
      "endTime" : "20140908T093201+0200",
      "duration" : 145.0,
      "distance" : 174.0,
      "steps" : 132
    }, {
      "activity" : "cycling",
      "group" : "cycling",
      "manual" : false,
      "startTime" : "20140908T093201+0200",
      "endTime" : "20140908T094810+0200",
      "duration" : 969.0,
      "distance" : 4275.0
    } ],
    "lastUpdate" : "20140908T115602Z"
  }, {
    "type" : "place",
    "startTime" : "20140908T094810+0200",
    "endTime" : "20140908T135834+0200",
    "activities" : [ {
      "activity" : "walking",
      "group" : "walking",
      "manual" : false,
      "startTime" : "20140908T094817+0200",
      "endTime" : "20140908T094921+0200",
      "duration" : 64.0,
      "distance" : 51.0,
      "steps" : 101
    }, {
      "activity" : "walking",
      "group" : "walking",
      "manual" : false,
      "startTime" : "20140908T135459+0200",
      "endTime" : "20140908T135649+0200",
      "duration" : 110.0,
      "distance" : 96.0,
      "steps" : 192
    } ],
    "lastUpdate" : "20140908T131911Z"
  }, {
    "type" : "move",
    "startTime" : "20140908T135834+0200",
    "endTime" : "20140908T141815+0200",
    "activities" : [ {
      "activity" : "cycling",
      "group" : "cycling",
      "manual" : false,
      "startTime" : "20140908T135834+0200",
      "endTime" : "20140908T141816+0200",
      "duration" : 1182.0,
      "distance" : 4458.0
    } ],
    "lastUpdate" : "20140908T131911Z"
  }, {
    "type" : "place",
    "startTime" : "20140908T141815+0200",
    "endTime" : "20140908T180202+0200",
    "activities" : [ {
      "activity" : "walking",
      "group" : "walking",
      "manual" : false,
      "startTime" : "20140908T141842+0200",
      "endTime" : "20140908T141951+0200",
      "duration" : 69.0,
      "distance" : 46.0,
      "steps" : 92
    }, {
      "activity" : "walking",
      "group" : "walking",
      "manual" : false,
      "startTime" : "20140908T150442+0200",
      "endTime" : "20140908T150519+0200",
      "duration" : 37.0,
      "distance" : 28.0,
      "steps" : 55
    }, {
      "activity" : "walking",
      "group" : "walking",
      "manual" : false,
      "startTime" : "20140908T174724+0200",
      "endTime" : "20140908T174726+0200",
      "duration" : 2.0,
      "distance" : 2.0,
      "steps" : 3
    }, {
      "activity" : "walking",
      "group" : "walking",
      "manual" : false,
      "startTime" : "20140908T180148+0200",
      "endTime" : "20140908T180157+0200",
      "duration" : 9.0,
      "distance" : 6.0,
      "steps" : 12
    } ],
    "lastUpdate" : "20140908T181704Z"
  }, {
    "type" : "move",
    "startTime" : "20140908T180202+0200",
    "endTime" : "20140908T180455+0200",
    "activities" : [ {
      "activity" : "cycling",
      "group" : "cycling",
      "manual" : false,
      "startTime" : "20140908T180202+0200",
      "endTime" : "20140908T180455+0200",
      "duration" : 173.0,
      "distance" : 484.0
    } ],
    "lastUpdate" : "20140908T181704Z"
  }, {
    "type" : "place",
    "startTime" : "20140908T180455+0200",
    "endTime" : "20140908T202028+0200",
    "activities" : [ {
      "activity" : "walking",
      "group" : "walking",
      "manual" : false,
      "startTime" : "20140908T180455+0200",
      "endTime" : "20140908T180538+0200",
      "duration" : 43.0,
      "distance" : 34.0,
      "steps" : 68
    }, {
      "activity" : "walking",
      "group" : "walking",
      "manual" : false,
      "startTime" : "20140908T194810+0200",
      "endTime" : "20140908T194840+0200",
      "duration" : 30.0,
      "distance" : 15.0,
      "steps" : 20
    }, {
      "activity" : "walking",
      "group" : "walking",
      "manual" : false,
      "startTime" : "20140908T201707+0200",
      "endTime" : "20140908T201714+0200",
      "duration" : 7.0,
      "distance" : 5.0,
      "steps" : 9
    } ],
    "lastUpdate" : "20140908T192606Z"
  }, {
    "type" : "move",
    "startTime" : "20140908T202028+0200",
    "endTime" : "20140908T202604+0200",
    "activities" : [ {
      "activity" : "transport",
      "group" : "transport",
      "manual" : false,
      "startTime" : "20140908T202028+0200",
      "endTime" : "20140908T202605+0200",
      "duration" : 337.0,
      "distance" : 591.0
    } ],
    "lastUpdate" : "20140908T192606Z"
  }, {
    "type" : "place",
    "startTime" : "20140908T202605+0200",
    "endTime" : "20140909T082707+0200",
    "activities" : [ {
      "activity" : "walking",
      "group" : "walking",
      "manual" : false,
      "startTime" : "20140908T202605+0200",
      "endTime" : "20140908T202729+0200",
      "duration" : 84.0,
      "distance" : 64.0,
      "steps" : 127
    }, {
      "activity" : "walking",
      "group" : "walking",
      "manual" : false,
      "startTime" : "20140908T215749+0200",
      "endTime" : "20140908T215819+0200",
      "duration" : 30.0,
      "distance" : 21.0,
      "steps" : 41
    } ],
    "lastUpdate" : "20140909T095700Z"
  } ],
  "lastUpdate" : "20140909T095700Z"
}, {
  "date" : "20140909",
  "summary" : [ {
    "activity" : "walking",
    "group" : "walking",
    "duration" : 3349.0,
    "distance" : 3385.0,
    "steps" : 4837
  }, {
    "activity" : "transport",
    "group" : "transport",
    "duration" : 2774.0,
    "distance" : 5519.0
  } ],
  "segments" : [ {
    "type" : "place",
    "startTime" : "20140908T202605+0200",
    "endTime" : "20140909T082707+0200",
    "activities" : [ {
      "activity" : "walking",
      "group" : "walking",
      "manual" : false,
      "startTime" : "20140909T003705+0200",
      "endTime" : "20140909T003711+0200",
      "duration" : 6.0,
      "distance" : 4.0,
      "steps" : 8
    } ],
    "lastUpdate" : "20140909T095700Z"
  }, {
    "type" : "move",
    "startTime" : "20140909T082707+0200",
    "endTime" : "20140909T084914+0200",
    "activities" : [ {
      "activity" : "walking",
      "group" : "walking",
      "manual" : false,
      "startTime" : "20140909T082707+0200",
      "endTime" : "20140909T083437+0200",
      "duration" : 450.0,
      "distance" : 340.0,
      "steps" : 632
    }, {
      "activity" : "transport",
      "group" : "transport",
      "manual" : false,
      "startTime" : "20140909T083437+0200",
      "endTime" : "20140909T084914+0200",
      "duration" : 877.0,
      "distance" : 1829.0
    } ],
    "lastUpdate" : "20140909T095700Z"
  }, {
    "type" : "place",
    "startTime" : "20140909T084914+0200",
    "endTime" : "20140909T085812+0200",
    "activities" : [ {
      "activity" : "walking",
      "group" : "walking",
      "manual" : false,
      "startTime" : "20140909T085653+0200",
      "endTime" : "20140909T085812+0200",
      "duration" : 79.0,
      "distance" : 72.0,
      "steps" : 145
    } ],
    "lastUpdate" : "20140909T095700Z"
  }, {
    "type" : "move",
    "startTime" : "20140909T085812+0200",
    "endTime" : "20140909T090719+0200",
    "activities" : [ {
      "activity" : "walking",
      "group" : "walking",
      "manual" : false,
      "startTime" : "20140909T085812+0200",
      "endTime" : "20140909T090720+0200",
      "duration" : 548.0,
      "distance" : 917.0,
      "steps" : 764
    } ],
    "lastUpdate" : "20140909T095700Z"
  }, {
    "type" : "place",
    "startTime" : "20140909T090720+0200",
    "endTime" : "20140909T171506+0200",
    "activities" : [ {
      "activity" : "walking",
      "group" : "walking",
      "manual" : false,
      "startTime" : "20140909T130407+0200",
      "endTime" : "20140909T130607+0200",
      "duration" : 120.0,
      "distance" : 95.0,
      "steps" : 191
    }, {
      "activity" : "walking",
      "group" : "walking",
      "manual" : false,
      "startTime" : "20140909T165935+0200",
      "endTime" : "20140909T165947+0200",
      "duration" : 12.0,
      "distance" : 8.0,
      "steps" : 16
    }, {
      "activity" : "walking",
      "group" : "walking",
      "manual" : false,
      "startTime" : "20140909T170358+0200",
      "endTime" : "20140909T170625+0200",
      "duration" : 147.0,
      "distance" : 210.0,
      "steps" : 280
    } ],
    "lastUpdate" : "20140909T175415Z"
  }, {
    "type" : "move",
    "startTime" : "20140909T171506+0200",
    "endTime" : "20140909T180922+0200",
    "activities" : [ {
      "activity" : "walking",
      "group" : "walking",
      "manual" : false,
      "startTime" : "20140909T171506+0200",
      "endTime" : "20140909T172452+0200",
      "duration" : 586.0,
      "distance" : 541.0,
      "steps" : 960
    }, {
      "activity" : "transport",
      "group" : "transport",
      "manual" : false,
      "startTime" : "20140909T172453+0200",
      "endTime" : "20140909T173502+0200",
      "duration" : 609.0,
      "distance" : 1655.0
    }, {
      "activity" : "walking",
      "group" : "walking",
      "manual" : false,
      "startTime" : "20140909T173501+0200",
      "endTime" : "20140909T174143+0200",
      "duration" : 402.0,
      "distance" : 302.0,
      "steps" : 467
    }, {
      "activity" : "transport",
      "group" : "transport",
      "manual" : false,
      "startTime" : "20140909T174144+0200",
      "endTime" : "20140909T180312+0200",
      "duration" : 1288.0,
      "distance" : 2035.0
    }, {
      "activity" : "walking",
      "group" : "walking",
      "manual" : false,
      "startTime" : "20140909T180311+0200",
      "endTime" : "20140909T180921+0200",
      "duration" : 370.0,
      "distance" : 324.0,
      "steps" : 518
    } ],
    "lastUpdate" : "20140909T175415Z"
  }, {
    "type" : "place",
    "startTime" : "20140909T180922+0200",
    "endTime" : "20140909T185417+0200",
    "activities" : [ {
      "activity" : "walking",
      "group" : "walking",
      "manual" : false,
      "startTime" : "20140909T184415+0200",
      "endTime" : "20140909T184559+0200",
      "duration" : 104.0,
      "distance" : 73.0,
      "steps" : 145
    } ],
    "lastUpdate" : "20140909T175415Z"
  }, {
    "type" : "move",
    "startTime" : "20140909T185417+0200",
    "endTime" : "20140909T185729+0200",
    "activities" : [ {
      "activity" : "walking",
      "group" : "walking",
      "manual" : false,
      "startTime" : "20140909T185417+0200",
      "endTime" : "20140909T185729+0200",
      "duration" : 192.0,
      "distance" : 195.0,
      "steps" : 254
    } ],
    "lastUpdate" : "20140909T175415Z"
  }, {
    "type" : "place",
    "startTime" : "20140909T185729+0200",
    "endTime" : "20140910T122423+0200",
    "activities" : [ {
      "activity" : "walking",
      "group" : "walking",
      "manual" : false,
      "startTime" : "20140909T205559+0200",
      "endTime" : "20140909T205724+0200",
      "duration" : 85.0,
      "distance" : 64.0,
      "steps" : 127
    }, {
      "activity" : "walking",
      "group" : "walking",
      "manual" : false,
      "startTime" : "20140909T211244+0200",
      "endTime" : "20140909T211620+0200",
      "duration" : 216.0,
      "distance" : 224.0,
      "steps" : 298
    }, {
      "activity" : "walking",
      "group" : "walking",
      "manual" : false,
      "startTime" : "20140909T224110+0200",
      "endTime" : "20140909T224142+0200",
      "duration" : 32.0,
      "distance" : 16.0,
      "steps" : 32
    } ],
    "lastUpdate" : "20140910T164200Z"
  } ],
  "lastUpdate" : "20140910T164200Z"
}, {
  "date" : "20140910",
  "summary" : [ {
    "activity" : "walking",
    "group" : "walking",
    "duration" : 1913.0,
    "distance" : 1871.0,
    "steps" : 2904
  }, {
    "activity" : "transport",
    "group" : "transport",
    "duration" : 976.0,
    "distance" : 4428.0
  } ],
  "segments" : [ {
    "type" : "place",
    "startTime" : "20140909T185729+0200",
    "endTime" : "20140910T122423+0200",
    "activities" : [ {
      "activity" : "walking",
      "group" : "walking",
      "manual" : false,
      "startTime" : "20140910T095700+0200",
      "endTime" : "20140910T095702+0200",
      "duration" : 2.0,
      "distance" : 2.0,
      "steps" : 3
    }, {
      "activity" : "walking",
      "group" : "walking",
      "manual" : false,
      "startTime" : "20140910T111245+0200",
      "endTime" : "20140910T111327+0200",
      "duration" : 42.0,
      "distance" : 27.0,
      "steps" : 54
    }, {
      "activity" : "walking",
      "group" : "walking",
      "manual" : false,
      "startTime" : "20140910T121302+0200",
      "endTime" : "20140910T121333+0200",
      "duration" : 31.0,
      "distance" : 18.0,
      "steps" : 35
    } ],
    "lastUpdate" : "20140910T164200Z"
  }, {
    "type" : "place",
    "startTime" : "20140910T141019+0200",
    "endTime" : "20140910T171745+0200",
    "activities" : [ {
      "activity" : "walking",
      "group" : "walking",
      "manual" : false,
      "startTime" : "20140910T143146+0200",
      "endTime" : "20140910T143236+0200",
      "duration" : 50.0,
      "distance" : 31.0,
      "steps" : 61
    }, {
      "activity" : "walking",
      "group" : "walking",
      "manual" : false,
      "startTime" : "20140910T151850+0200",
      "endTime" : "20140910T151920+0200",
      "duration" : 30.0,
      "distance" : 15.0,
      "steps" : 30
    }, {
      "activity" : "walking",
      "group" : "walking",
      "manual" : false,
      "startTime" : "20140910T170140+0200",
      "endTime" : "20140910T170458+0200",
      "duration" : 198.0,
      "distance" : 187.0,
      "steps" : 250
    } ],
    "lastUpdate" : "20140910T164200Z"
  }, {
    "type" : "move",
    "startTime" : "20140910T171745+0200",
    "endTime" : "20140910T173759+0200",
    "activities" : [ {
      "activity" : "walking",
      "group" : "walking",
      "manual" : false,
      "startTime" : "20140910T171745+0200",
      "endTime" : "20140910T172318+0200",
      "duration" : 333.0,
      "distance" : 357.0,
      "steps" : 602
    }, {
      "activity" : "transport",
      "group" : "transport",
      "manual" : false,
      "startTime" : "20140910T172318+0200",
      "endTime" : "20140910T173508+0200",
      "duration" : 710.0,
      "distance" : 2241.0
    }, {
      "activity" : "walking",
      "group" : "walking",
      "manual" : false,
      "startTime" : "20140910T173508+0200",
      "endTime" : "20140910T173759+0200",
      "duration" : 171.0,
      "distance" : 221.0,
      "steps" : 322
    } ],
    "lastUpdate" : "20140910T164200Z"
  }, {
    "type" : "place",
    "startTime" : "20140910T173759+0200",
    "endTime" : "20140910T181230+0200",
    "activities" : [ {
      "activity" : "walking",
      "group" : "walking",
      "manual" : false,
      "startTime" : "20140910T173759+0200",
      "endTime" : "20140910T174143+0200",
      "duration" : 224.0,
      "distance" : 219.0,
      "steps" : 292
    }, {
      "activity" : "walking",
      "group" : "walking",
      "manual" : false,
      "startTime" : "20140910T180003+0200",
      "endTime" : "20140910T180155+0200",
      "duration" : 112.0,
      "distance" : 78.0,
      "steps" : 155
    } ],
    "lastUpdate" : "20140910T164200Z"
  }, {
    "type" : "move",
    "startTime" : "20140910T181230+0200",
    "endTime" : "20140910T181659+0200",
    "activities" : [ {
      "activity" : "walking",
      "group" : "walking",
      "manual" : false,
      "startTime" : "20140910T181230+0200",
      "endTime" : "20140910T181659+0200",
      "duration" : 269.0,
      "distance" : 248.0,
      "steps" : 420
    } ],
    "lastUpdate" : "20140910T164200Z"
  }, {
    "type" : "place",
    "startTime" : "20140910T181659+0200",
    "endTime" : "20140910T183717+0200",
    "activities" : [ {
      "activity" : "walking",
      "group" : "walking",
      "manual" : false,
      "startTime" : "20140910T181757+0200",
      "endTime" : "20140910T181836+0200",
      "duration" : 39.0,
      "distance" : 22.0,
      "steps" : 43
    } ],
    "lastUpdate" : "20140910T181253Z"
  }, {
    "type" : "move",
    "startTime" : "20140910T183717+0200",
    "endTime" : "20140910T184728+0200",
    "activities" : [ {
      "activity" : "transport",
      "group" : "transport",
      "manual" : false,
      "startTime" : "20140910T183717+0200",
      "endTime" : "20140910T184143+0200",
      "duration" : 266.0,
      "distance" : 2187.0
    }, {
      "activity" : "walking",
      "group" : "walking",
      "manual" : false,
      "startTime" : "20140910T184143+0200",
      "endTime" : "20140910T184728+0200",
      "duration" : 345.0,
      "distance" : 405.0,
      "steps" : 555
    } ],
    "lastUpdate" : "20140910T181253Z"
  }, {
    "type" : "place",
    "startTime" : "20140910T184728+0200",
    "endTime" : "20140911T083054+0200",
    "activities" : [ {
      "activity" : "walking",
      "group" : "walking",
      "manual" : false,
      "startTime" : "20140910T184728+0200",
      "endTime" : "20140910T184835+0200",
      "duration" : 67.0,
      "distance" : 41.0,
      "steps" : 82
    } ],
    "lastUpdate" : "20140911T075213Z"
  } ],
  "lastUpdate" : "20140911T075213Z"
}, {
  "date" : "20140911",
  "summary" : [ {
    "activity" : "walking",
    "group" : "walking",
    "duration" : 3325.0,
    "distance" : 3941.0,
    "steps" : 5248
  }, {
    "activity" : "transport",
    "group" : "transport",
    "duration" : 2135.0,
    "distance" : 6947.0
  } ],
  "segments" : [ {
    "type" : "place",
    "startTime" : "20140910T184728+0200",
    "endTime" : "20140911T083054+0200",
    "activities" : [ {
      "activity" : "walking",
      "group" : "walking",
      "manual" : false,
      "startTime" : "20140911T001912+0200",
      "endTime" : "20140911T002012+0200",
      "duration" : 60.0,
      "distance" : 30.0,
      "steps" : 50
    }, {
      "activity" : "walking",
      "group" : "walking",
      "manual" : false,
      "startTime" : "20140911T080341+0200",
      "endTime" : "20140911T080441+0200",
      "duration" : 60.0,
      "distance" : 38.0,
      "steps" : 77
    } ],
    "lastUpdate" : "20140911T075213Z"
  }, {
    "type" : "move",
    "startTime" : "20140911T083054+0200",
    "endTime" : "20140911T090314+0200",
    "activities" : [ {
      "activity" : "walking",
      "group" : "walking",
      "manual" : false,
      "startTime" : "20140911T083054+0200",
      "endTime" : "20140911T083539+0200",
      "duration" : 285.0,
      "distance" : 413.0,
      "steps" : 506
    }, {
      "activity" : "transport",
      "group" : "transport",
      "manual" : false,
      "startTime" : "20140911T083538+0200",
      "endTime" : "20140911T085444+0200",
      "duration" : 1146.0,
      "distance" : 3396.0
    }, {
      "activity" : "walking",
      "group" : "walking",
      "manual" : false,
      "startTime" : "20140911T085445+0200",
      "endTime" : "20140911T090314+0200",
      "duration" : 509.0,
      "distance" : 872.0,
      "steps" : 876
    } ],
    "lastUpdate" : "20140911T075213Z"
  }, {
    "type" : "place",
    "startTime" : "20140911T090314+0200",
    "endTime" : "20140911T174845+0200",
    "activities" : [ {
      "activity" : "walking",
      "group" : "walking",
      "manual" : false,
      "startTime" : "20140911T090341+0200",
      "endTime" : "20140911T090343+0200",
      "duration" : 2.0,
      "distance" : 1.0,
      "steps" : 2
    }, {
      "activity" : "walking",
      "group" : "walking",
      "manual" : false,
      "startTime" : "20140911T105512+0200",
      "endTime" : "20140911T105542+0200",
      "duration" : 30.0,
      "distance" : 15.0,
      "steps" : 30
    }, {
      "activity" : "walking",
      "group" : "walking",
      "manual" : false,
      "startTime" : "20140911T125425+0200",
      "endTime" : "20140911T125609+0200",
      "duration" : 104.0,
      "distance" : 72.0,
      "steps" : 143
    }, {
      "activity" : "walking",
      "group" : "walking",
      "manual" : false,
      "startTime" : "20140911T174637+0200",
      "endTime" : "20140911T174645+0200",
      "duration" : 8.0,
      "distance" : 6.0,
      "steps" : 11
    } ],
    "lastUpdate" : "20140911T181207Z"
  }, {
    "type" : "move",
    "startTime" : "20140911T174845+0200",
    "endTime" : "20140911T180458+0200",
    "activities" : [ {
      "activity" : "walking",
      "group" : "walking",
      "manual" : false,
      "startTime" : "20140911T174845+0200",
      "endTime" : "20140911T175719+0200",
      "duration" : 514.0,
      "distance" : 678.0,
      "steps" : 884
    }, {
      "activity" : "transport",
      "group" : "transport",
      "manual" : false,
      "startTime" : "20140911T175719+0200",
      "endTime" : "20140911T180245+0200",
      "duration" : 326.0,
      "distance" : 1872.0
    }, {
      "activity" : "walking",
      "group" : "walking",
      "manual" : false,
      "startTime" : "20140911T180245+0200",
      "endTime" : "20140911T180458+0200",
      "duration" : 133.0,
      "distance" : 178.0,
      "steps" : 212
    } ],
    "lastUpdate" : "20140911T181207Z"
  }, {
    "type" : "place",
    "startTime" : "20140911T180458+0200",
    "endTime" : "20140911T181256+0200",
    "activities" : [ {
      "activity" : "walking",
      "group" : "walking",
      "manual" : false,
      "startTime" : "20140911T180458+0200",
      "endTime" : "20140911T180746+0200",
      "duration" : 168.0,
      "distance" : 181.0,
      "steps" : 241
    } ],
    "lastUpdate" : "20140911T181207Z"
  }, {
    "type" : "move",
    "startTime" : "20140911T181257+0200",
    "endTime" : "20140911T181717+0200",
    "activities" : [ {
      "activity" : "walking",
      "group" : "walking",
      "manual" : false,
      "startTime" : "20140911T181257+0200",
      "endTime" : "20140911T181718+0200",
      "duration" : 261.0,
      "distance" : 325.0,
      "steps" : 428
    } ],
    "lastUpdate" : "20140911T181207Z"
  }, {
    "type" : "place",
    "startTime" : "20140911T181717+0200",
    "endTime" : "20140911T183453+0200",
    "activities" : [ {
      "activity" : "walking",
      "group" : "walking",
      "manual" : false,
      "startTime" : "20140911T181717+0200",
      "endTime" : "20140911T182028+0200",
      "duration" : 191.0,
      "distance" : 214.0,
      "steps" : 286
    } ],
    "lastUpdate" : "20140911T181207Z"
  }, {
    "type" : "move",
    "startTime" : "20140911T183453+0200",
    "endTime" : "20140911T183842+0200",
    "activities" : [ {
      "activity" : "walking",
      "group" : "walking",
      "manual" : false,
      "startTime" : "20140911T183453+0200",
      "endTime" : "20140911T183842+0200",
      "duration" : 229.0,
      "distance" : 186.0,
      "steps" : 314
    } ],
    "lastUpdate" : "20140911T181207Z"
  }, {
    "type" : "place",
    "startTime" : "20140911T183842+0200",
    "endTime" : "20140911T190401+0200",
    "activities" : [ {
      "activity" : "walking",
      "group" : "walking",
      "manual" : false,
      "startTime" : "20140911T183958+0200",
      "endTime" : "20140911T184244+0200",
      "duration" : 166.0,
      "distance" : 174.0,
      "steps" : 232
    }, {
      "activity" : "walking",
      "group" : "walking",
      "manual" : false,
      "startTime" : "20140911T190000+0200",
      "endTime" : "20140911T190040+0200",
      "duration" : 40.0,
      "distance" : 26.0,
      "steps" : 52
    } ],
    "lastUpdate" : "20140911T181207Z"
  }, {
    "type" : "move",
    "startTime" : "20140911T190401+0200",
    "endTime" : "20140911T192254+0200",
    "activities" : [ {
      "activity" : "walking",
      "group" : "walking",
      "manual" : false,
      "startTime" : "20140911T190401+0200",
      "endTime" : "20140911T190638+0200",
      "duration" : 157.0,
      "distance" : 127.0,
      "steps" : 254
    }, {
      "activity" : "transport",
      "group" : "transport",
      "manual" : false,
      "startTime" : "20140911T190638+0200",
      "endTime" : "20140911T191741+0200",
      "duration" : 663.0,
      "distance" : 1679.0
    }, {
      "activity" : "walking",
      "group" : "walking",
      "manual" : false,
      "startTime" : "20140911T191741+0200",
      "endTime" : "20140911T192254+0200",
      "duration" : 313.0,
      "distance" : 341.0,
      "steps" : 523
    } ],
    "lastUpdate" : "20140911T181207Z"
  }, {
    "type" : "place",
    "startTime" : "20140911T192254+0200",
    "endTime" : "20140912T015754+0200",
    "activities" : [ {
      "activity" : "walking",
      "group" : "walking",
      "manual" : false,
      "startTime" : "20140911T192254+0200",
      "endTime" : "20140911T192327+0200",
      "duration" : 33.0,
      "distance" : 25.0,
      "steps" : 50
    }, {
      "activity" : "walking",
      "group" : "walking",
      "manual" : false,
      "startTime" : "20140911T205242+0200",
      "endTime" : "20140911T205256+0200",
      "duration" : 14.0,
      "distance" : 9.0,
      "steps" : 18
    }, {
      "activity" : "walking",
      "group" : "walking",
      "manual" : false,
      "startTime" : "20140911T210959+0200",
      "endTime" : "20140911T211030+0200",
      "duration" : 31.0,
      "distance" : 19.0,
      "steps" : 37
    }, {
      "activity" : "walking",
      "group" : "walking",
      "manual" : false,
      "startTime" : "20140911T220207+0200",
      "endTime" : "20140911T220224+0200",
      "duration" : 17.0,
      "distance" : 11.0,
      "steps" : 22
    } ],
    "lastUpdate" : "20140912T101312Z"
  } ],
  "lastUpdate" : "20140912T101312Z"
}, {
  "date" : "20140912",
  "summary" : [ {
    "activity" : "walking",
    "group" : "walking",
    "duration" : 608.0,
    "distance" : 545.0,
    "steps" : 839
  } ],
  "segments" : [ {
    "type" : "place",
    "startTime" : "20140912T104044+0200",
    "endTime" : "20140913T142359+0200",
    "activities" : [ {
      "activity" : "walking",
      "group" : "walking",
      "manual" : false,
      "startTime" : "20140912T114535+0200",
      "endTime" : "20140912T114539+0200",
      "duration" : 4.0,
      "distance" : 3.0,
      "steps" : 5
    }, {
      "activity" : "walking",
      "group" : "walking",
      "manual" : false,
      "startTime" : "20140912T121247+0200",
      "endTime" : "20140912T121328+0200",
      "duration" : 41.0,
      "distance" : 20.0,
      "steps" : 29
    }, {
      "activity" : "walking",
      "group" : "walking",
      "manual" : false,
      "startTime" : "20140912T143856+0200",
      "endTime" : "20140912T143927+0200",
      "duration" : 31.0,
      "distance" : 26.0,
      "steps" : 52
    }, {
      "activity" : "walking",
      "group" : "walking",
      "manual" : false,
      "startTime" : "20140912T151155+0200",
      "endTime" : "20140912T151311+0200",
      "duration" : 76.0,
      "distance" : 50.0,
      "steps" : 101
    }, {
      "activity" : "walking",
      "group" : "walking",
      "manual" : false,
      "startTime" : "20140912T180742+0200",
      "endTime" : "20140912T180744+0200",
      "duration" : 2.0,
      "distance" : 2.0,
      "steps" : 3
    }, {
      "activity" : "walking",
      "group" : "walking",
      "manual" : false,
      "startTime" : "20140912T212722+0200",
      "endTime" : "20140912T212724+0200",
      "duration" : 2.0,
      "distance" : 2.0,
      "steps" : 3
    }, {
      "activity" : "walking",
      "group" : "walking",
      "manual" : false,
      "startTime" : "20140912T220205+0200",
      "endTime" : "20140912T220742+0200",
      "duration" : 337.0,
      "distance" : 357.0,
      "steps" : 476
    }, {
      "activity" : "walking",
      "group" : "walking",
      "manual" : false,
      "startTime" : "20140912T230001+0200",
      "endTime" : "20140912T230156+0200",
      "duration" : 115.0,
      "distance" : 85.0,
      "steps" : 170
    } ],
    "lastUpdate" : "20140913T131140Z"
  } ],
  "lastUpdate" : "20140913T131140Z"
}, {
  "date" : "20140913",
  "summary" : [ {
    "activity" : "walking",
    "group" : "walking",
    "duration" : 699.0,
    "distance" : 564.0,
    "steps" : 1026
  } ],
  "segments" : [ {
    "type" : "place",
    "startTime" : "20140912T104044+0200",
    "endTime" : "20140913T142359+0200",
    "activities" : [ {
      "activity" : "walking",
      "group" : "walking",
      "manual" : false,
      "startTime" : "20140913T010832+0200",
      "endTime" : "20140913T010935+0200",
      "duration" : 63.0,
      "distance" : 32.0,
      "steps" : 64
    }, {
      "activity" : "walking",
      "group" : "walking",
      "manual" : false,
      "startTime" : "20140913T142225+0200",
      "endTime" : "20140913T142317+0200",
      "duration" : 52.0,
      "distance" : 40.0,
      "steps" : 80
    } ],
    "lastUpdate" : "20140913T131140Z"
  }, {
    "type" : "move",
    "startTime" : "20140913T142359+0200",
    "endTime" : "20140913T142738+0200",
    "activities" : [ {
      "activity" : "walking",
      "group" : "walking",
      "manual" : false,
      "startTime" : "20140913T142359+0200",
      "endTime" : "20140913T142737+0200",
      "duration" : 218.0,
      "distance" : 199.0,
      "steps" : 366
    } ],
    "lastUpdate" : "20140913T131140Z"
  }, {
    "type" : "place",
    "startTime" : "20140913T142738+0200",
    "endTime" : "20140913T153712+0200",
    "activities" : [ {
      "activity" : "walking",
      "group" : "walking",
      "manual" : false,
      "startTime" : "20140913T142738+0200",
      "endTime" : "20140913T142750+0200",
      "duration" : 12.0,
      "distance" : 9.0,
      "steps" : 17
    }, {
      "activity" : "walking",
      "group" : "walking",
      "manual" : false,
      "startTime" : "20140913T150151+0200",
      "endTime" : "20140913T150304+0200",
      "duration" : 73.0,
      "distance" : 46.0,
      "steps" : 91
    } ],
    "lastUpdate" : "20140913T163007Z"
  }, {
    "type" : "move",
    "startTime" : "20140913T153712+0200",
    "endTime" : "20140913T154026+0200",
    "activities" : [ {
      "activity" : "walking",
      "group" : "walking",
      "manual" : false,
      "startTime" : "20140913T153712+0200",
      "endTime" : "20140913T154026+0200",
      "duration" : 194.0,
      "distance" : 189.0,
      "steps" : 317
    } ],
    "lastUpdate" : "20140913T163007Z"
  }, {
    "type" : "place",
    "startTime" : "20140913T154026+0200",
    "endTime" : "20140915T123916+0200",
    "activities" : [ {
      "activity" : "walking",
      "group" : "walking",
      "manual" : false,
      "startTime" : "20140913T154026+0200",
      "endTime" : "20140913T154027+0200",
      "duration" : 1.0,
      "distance" : 1.0,
      "steps" : 1
    }, {
      "activity" : "walking",
      "group" : "walking",
      "manual" : false,
      "startTime" : "20140913T161659+0200",
      "endTime" : "20140913T161704+0200",
      "duration" : 5.0,
      "distance" : 4.0,
      "steps" : 7
    }, {
      "activity" : "walking",
      "group" : "walking",
      "manual" : false,
      "startTime" : "20140913T172004+0200",
      "endTime" : "20140913T172018+0200",
      "duration" : 14.0,
      "distance" : 10.0,
      "steps" : 19
    }, {
      "activity" : "walking",
      "group" : "walking",
      "manual" : false,
      "startTime" : "20140913T192138+0200",
      "endTime" : "20140913T192212+0200",
      "duration" : 34.0,
      "distance" : 17.0,
      "steps" : 30
    }, {
      "activity" : "walking",
      "group" : "walking",
      "manual" : false,
      "startTime" : "20140913T202229+0200",
      "endTime" : "20140913T202232+0200",
      "duration" : 3.0,
      "distance" : 2.0,
      "steps" : 4
    }, {
      "activity" : "walking",
      "group" : "walking",
      "manual" : false,
      "startTime" : "20140913T213417+0200",
      "endTime" : "20140913T213447+0200",
      "duration" : 30.0,
      "distance" : 15.0,
      "steps" : 30
    } ],
    "lastUpdate" : "20140915T114216Z"
  } ],
  "lastUpdate" : "20140915T114216Z"
}, {
  "date" : "20140914",
  "summary" : [ {
    "activity" : "walking",
    "group" : "walking",
    "duration" : 514.0,
    "distance" : 444.0,
    "steps" : 644
  } ],
  "segments" : [ {
    "type" : "place",
    "startTime" : "20140913T154026+0200",
    "endTime" : "20140915T123916+0200",
    "activities" : [ {
      "activity" : "walking",
      "group" : "walking",
      "manual" : false,
      "startTime" : "20140914T101908+0200",
      "endTime" : "20140914T101909+0200",
      "duration" : 1.0,
      "distance" : 1.0,
      "steps" : 1
    }, {
      "activity" : "walking",
      "group" : "walking",
      "manual" : false,
      "startTime" : "20140914T113327+0200",
      "endTime" : "20140914T113927+0200",
      "duration" : 360.0,
      "distance" : 363.0,
      "steps" : 485
    }, {
      "activity" : "walking",
      "group" : "walking",
      "manual" : false,
      "startTime" : "20140914T120543+0200",
      "endTime" : "20140914T120613+0200",
      "duration" : 30.0,
      "distance" : 15.0,
      "steps" : 30
    }, {
      "activity" : "walking",
      "group" : "walking",
      "manual" : false,
      "startTime" : "20140914T142946+0200",
      "endTime" : "20140914T143018+0200",
      "duration" : 32.0,
      "distance" : 16.0,
      "steps" : 32
    }, {
      "activity" : "walking",
      "group" : "walking",
      "manual" : false,
      "startTime" : "20140914T161852+0200",
      "endTime" : "20140914T161921+0200",
      "duration" : 29.0,
      "distance" : 17.0,
      "steps" : 34
    }, {
      "activity" : "walking",
      "group" : "walking",
      "manual" : false,
      "startTime" : "20140914T195039+0200",
      "endTime" : "20140914T195110+0200",
      "duration" : 31.0,
      "distance" : 16.0,
      "steps" : 31
    }, {
      "activity" : "walking",
      "group" : "walking",
      "manual" : false,
      "startTime" : "20140914T202946+0200",
      "endTime" : "20140914T203016+0200",
      "duration" : 30.0,
      "distance" : 15.0,
      "steps" : 30
    }, {
      "activity" : "walking",
      "group" : "walking",
      "manual" : false,
      "startTime" : "20140914T212411+0200",
      "endTime" : "20140914T212412+0200",
      "duration" : 1.0,
      "distance" : 1.0,
      "steps" : 1
    } ],
    "lastUpdate" : "20140915T114216Z"
  } ],
  "lastUpdate" : "20140915T114216Z"
} ]