[ {
  "date" : "20140811",
  "summary" : [ {
    "activity" : "walking",
    "group" : "walking",
    "duration" : 4802.0,
    "distance" : 5932.0,
    "steps" : 8108
  }, {
    "activity" : "transport",
    "group" : "transport",
    "duration" : 2337.0,
    "distance" : 7959.0
  } ],
  "segments" : [ {
    "type" : "place",
    "startTime" : "20140810T093712+0200",
    "endTime" : "20140811T090228+0200",
    "activities" : [ {
      "activity" : "walking",
      "group" : "walking",
      "manual" : false,
      "startTime" : "20140811T013754+0200",
      "endTime" : "20140811T013824+0200",
      "duration" : 30.0,
      "distance" : 16.0,
      "steps" : 32
    }, {
      "activity" : "walking",
      "group" : "walking",
      "manual" : false,
      "startTime" : "20140811T090208+0200",
      "endTime" : "20140811T090228+0200",
      "duration" : 20.0,
      "distance" : 14.0,
      "steps" : 27
    } ],
    "lastUpdate" : "20140811T105544Z"
  }, {
    "type" : "move",
    "startTime" : "20140811T090228+0200",
    "endTime" : "20140811T093015+0200",
    "activities" : [ {
      "activity" : "walking",
      "group" : "walking",
      "manual" : false,
      "startTime" : "20140811T090228+0200",
      "endTime" : "20140811T090654+0200",
      "duration" : 266.0,
      "distance" : 454.0,
      "steps" : 485
    }, {
      "activity" : "transport",
      "group" : "transport",
      "manual" : false,
      "startTime" : "20140811T090654+0200",
      "endTime" : "20140811T092334+0200",
      "duration" : 1000.0,
      "distance" : 4043.0
    }, {
      "activity" : "walking",
      "group" : "walking",
      "manual" : false,
      "startTime" : "20140811T092334+0200",
      "endTime" : "20140811T093015+0200",
      "duration" : 401.0,
      "distance" : 491.0,
      "steps" : 718
    } ],
    "lastUpdate" : "20140811T105544Z"
  }, {
    "type" : "move",
    "startTime" : "20140811T093015+0200",
    "endTime" : "20140811T093214+0200",
    "activities" : [ {
      "activity" : "walking",
      "group" : "walking",
      "manual" : false,
      "startTime" : "20140811T093015+0200",
      "endTime" : "20140811T093215+0200",
      "duration" : 120.0,
      "distance" : 89.0,
      "steps" : 177
    } ],
    "lastUpdate" : "20140811T114630Z"
  }, {
    "type" : "move",
    "startTime" : "20140811T133615+0200",
    "endTime" : "20140811T141611+0200",
    "activities" : [ {
      "activity" : "walking",
      "group" : "walking",
      "manual" : false,
      "startTime" : "20140811T133615+0200",
      "endTime" : "20140811T135019+0200",
      "duration" : 844.0,
      "distance" : 736.0,
      "steps" : 1403
    }, {
      "activity" : "transport",
      "group" : "transport",
      "manual" : false,
      "startTime" : "20140811T135018+0200",
      "endTime" : "20140811T140952+0200",
      "duration" : 1174.0,
      "distance" : 2957.0
    }, {
      "activity" : "walking",
      "group" : "walking",
      "manual" : false,
      "startTime" : "20140811T140951+0200",
      "endTime" : "20140811T141611+0200",
      "duration" : 380.0,
      "distance" : 665.0,
      "steps" : 667
    } ],
    "lastUpdate" : "20140811T135720Z"
  }, {
    "type" : "move",
    "startTime" : "20140811T160939+0200",
    "endTime" : "20140811T162901+0200",
    "activities" : [ {
      "activity" : "walking",
      "group" : "walking",
      "manual" : false,
      "startTime" : "20140811T160939+0200",
      "endTime" : "20140811T162902+0200",
      "duration" : 1163.0,
      "distance" : 1541.0,
      "steps" : 2018
    } ],
    "lastUpdate" : "20140811T174849Z"
  }, {
    "type" : "place",
    "startTime" : "20140811T162901+0200",
    "endTime" : "20140811T193638+0200",
    "activities" : [ {
      "activity" : "walking",
      "group" : "walking",
      "manual" : false,
      "startTime" : "20140811T162922+0200",
      "endTime" : "20140811T163201+0200",
      "duration" : 159.0,
      "distance" : 188.0,
      "steps" : 250
    }, {
      "activity" : "walking",
      "group" : "walking",
      "manual" : false,
      "startTime" : "20140811T170047+0200",
      "endTime" : "20140811T170128+0200",
      "duration" : 41.0,
      "distance" : 37.0,
      "steps" : 73
    }, {
      "activity" : "walking",
      "group" : "walking",
      "manual" : false,
      "startTime" : "20140811T193008+0200",
      "endTime" : "20140811T193322+0200",
      "duration" : 194.0,
      "distance" : 228.0,
      "steps" : 303
    } ],
    "lastUpdate" : "20140811T212431Z"
  }, {
    "type" : "move",
    "startTime" : "20140811T193638+0200",
    "endTime" : "20140811T194216+0200",
    "activities" : [ {
      "activity" : "walking",
      "group" : "walking",
      "manual" : false,
      "startTime" : "20140811T193638+0200",
      "endTime" : "20140811T194216+0200",
      "duration" : 338.0,
      "distance" : 615.0,
      "steps" : 559
    } ],
    "lastUpdate" : "20140811T212431Z"
  }, {
    "type" : "place",
    "startTime" : "20140811T194216+0200",
    "endTime" : "20140811T195033+0200",
    "activities" : [ {
      "activity" : "walking",
      "group" : "walking",
      "manual" : false,
      "startTime" : "20140811T194216+0200",
      "endTime" : "20140811T194226+0200",
      "duration" : 10.0,
      "distance" : 7.0,
      "steps" : 14
    } ],
    "lastUpdate" : "20140811T212431Z"
  }, {
    "type" : "move",
    "startTime" : "20140811T195033+0200",
    "endTime" : "20140811T195932+0200",
    "activities" : [ {
      "activity" : "transport",
      "group" : "transport",
      "manual" : false,
      "startTime" : "20140811T195033+0200",
      "endTime" : "20140811T195316+0200",
      "duration" : 163.0,
      "distance" : 959.0
    }, {
      "activity" : "walking",
      "group" : "walking",
      "manual" : false,
      "startTime" : "20140811T195316+0200",
      "endTime" : "20140811T195932+0200",
      "duration" : 376.0,
      "distance" : 345.0,
      "steps" : 690
    } ],
    "lastUpdate" : "20140811T212431Z"
  }, {
    "type" : "place",
    "startTime" : "20140811T195932+0200",
    "endTime" : "20140812T084859+0200",
    "activities" : [ {
      "activity" : "walking",
      "group" : "walking",
      "manual" : false,
      "startTime" : "20140811T215120+0200",
      "endTime" : "20140811T215158+0200",
      "duration" : 38.0,
      "distance" : 26.0,
      "steps" : 51
    }, {
      "activity" : "walking",
      "group" : "walking",
      "manual" : false,
      "startTime" : "20140811T220014+0200",
      "endTime" : "20140811T220419+0200",
      "duration" : 245.0,
      "distance" : 264.0,
      "steps" : 353
    }, {
      "activity" : "walking",
      "group" : "walking",
      "manual" : false,
      "startTime" : "20140811T231444+0200",
      "endTime" : "20140811T231741+0200",
      "duration" : 177.0,
      "distance" : 216.0,
      "steps" : 288
    } ],
    "lastUpdate" : "20140812T072119Z"
  } ],
  "lastUpdate" : "20140812T072119Z"
}, {
  "date" : "20140812",
  "summary" : [ {
    "activity" : "walking",
    "group" : "walking",
    "duration" : 4587.0,
    "distance" : 5708.0,
    "steps" : 7986
  }, {
    "activity" : "transport",
    "group" : "transport",
    "duration" : 1631.0,
    "distance" : 7537.0
  } ],
  "segments" : [ {
    "type" : "place",
    "startTime" : "20140811T195932+0200",
    "endTime" : "20140812T084859+0200",
    "activities" : [ {
      "activity" : "walking",
      "group" : "walking",
      "manual" : false,
      "startTime" : "20140812T015815+0200",
      "endTime" : "20140812T015845+0200",
      "duration" : 30.0,
      "distance" : 15.0,
      "steps" : 30
    }, {
      "activity" : "walking",
      "group" : "walking",
      "manual" : false,
      "startTime" : "20140812T084030+0200",
      "endTime" : "20140812T084046+0200",
      "duration" : 16.0,
      "distance" : 11.0,
      "steps" : 21
    } ],
    "lastUpdate" : "20140812T072119Z"
  }, {
    "type" : "move",
    "startTime" : "20140812T084859+0200",
    "endTime" : "20140812T085354+0200",
    "activities" : [ {
      "activity" : "walking",
      "group" : "walking",
      "manual" : false,
      "startTime" : "20140812T084859+0200",
      "endTime" : "20140812T085354+0200",
      "duration" : 295.0,
      "distance" : 366.0,
      "steps" : 535
    } ],
    "lastUpdate" : "20140812T072119Z"
  }, {
    "type" : "place",
    "startTime" : "20140812T085355+0200",
    "endTime" : "20140812T091217+0200",
    "activities" : [ {
      "activity" : "walking",
      "group" : "walking",
      "manual" : false,
      "startTime" : "20140812T085355+0200",
      "endTime" : "20140812T085415+0200",
      "duration" : 20.0,
      "distance" : 13.0,
      "steps" : 27
    }, {
      "activity" : "walking",
      "group" : "walking",
      "manual" : false,
      "startTime" : "20140812T090017+0200",
      "endTime" : "20140812T090036+0200",
      "duration" : 19.0,
      "distance" : 10.0,
      "steps" : 17
    } ],
    "lastUpdate" : "20140812T103903Z"
  }, {
    "type" : "move",
    "startTime" : "20140812T091217+0200",
    "endTime" : "20140812T093317+0200",
    "activities" : [ {
      "activity" : "transport",
      "group" : "transport",
      "manual" : false,
      "startTime" : "20140812T091217+0200",
      "endTime" : "20140812T092636+0200",
      "duration" : 859.0,
      "distance" : 3586.0
    }, {
      "activity" : "walking",
      "group" : "walking",
      "manual" : false,
      "startTime" : "20140812T092637+0200",
      "endTime" : "20140812T093318+0200",
      "duration" : 401.0,
      "distance" : 444.0,
      "steps" : 748
    } ],
    "lastUpdate" : "20140812T103903Z"
  }, {
    "type" : "move",
    "startTime" : "20140812T093317+0200",
    "endTime" : "20140812T093416+0200",
    "activities" : [ {
      "activity" : "walking",
      "group" : "walking",
      "manual" : false,
      "startTime" : "20140812T093317+0200",
      "endTime" : "20140812T093417+0200",
      "duration" : 60.0,
      "distance" : 69.0,
      "steps" : 107
    } ],
    "lastUpdate" : "20140812T115412Z"
  }, {
    "type" : "place",
    "startTime" : "20140812T093417+0200",
    "endTime" : "20140812T123117+0200",
    "activities" : [ {
      "activity" : "walking",
      "group" : "walking",
      "manual" : false,
      "startTime" : "20140812T093417+0200",
      "endTime" : "20140812T093424+0200",
      "duration" : 7.0,
      "distance" : 5.0,
      "steps" : 10
    } ],
    "lastUpdate" : "20140812T115412Z"
  }, {
    "type" : "move",
    "startTime" : "20140812T123117+0200",
    "endTime" : "20140812T123658+0200",
    "activities" : [ {
      "activity" : "walking",
      "group" : "walking",
      "manual" : false,
      "startTime" : "20140812T123117+0200",
      "endTime" : "20140812T123659+0200",
      "duration" : 342.0,
      "distance" : 301.0,
      "steps" : 602
    } ],
    "lastUpdate" : "20140812T115412Z"
  }, {
    "type" : "place",
    "startTime" : "20140812T123659+0200",
    "endTime" : "20140812T124915+0200",
    "activities" : [ {
      "activity" : "walking",
      "group" : "walking",
      "manual" : false,
      "startTime" : "20140812T123712+0200",
      "endTime" : "20140812T123748+0200",
      "duration" : 36.0,
      "distance" : 24.0,
      "steps" : 48
    } ],
    "lastUpdate" : "20140812T115412Z"
  }, {
    "type" : "move",
    "startTime" : "20140812T124915+0200",
    "endTime" : "20140812T130207+0200",
    "activities" : [ {
      "activity" : "transport",
      "group" : "transport",
      "manual" : false,
      "startTime" : "20140812T124915+0200",
      "endTime" : "20140812T130207+0200",
      "duration" : 772.0,
      "distance" : 3951.0
    } ],
    "lastUpdate" : "20140812T115412Z"
  }, {
    "type" : "place",
    "startTime" : "20140812T130207+0200",
    "endTime" : "20140812T130922+0200",
    "activities" : [ {
      "activity" : "walking",
      "group" : "walking",
      "manual" : false,
      "startTime" : "20140812T130220+0200",
      "endTime" : "20140812T130319+0200",
      "duration" : 59.0,
      "distance" : 52.0,
      "steps" : 103
    } ],
    "lastUpdate" : "20140812T115412Z"
  }, {
    "type" : "move",
    "startTime" : "20140812T130922+0200",
    "endTime" : "20140812T131523+0200",
    "activities" : [ {
      "activity" : "walking",
      "group" : "walking",
      "manual" : false,
      "startTime" : "20140812T130922+0200",
      "endTime" : "20140812T131523+0200",
      "duration" : 361.0,
      "distance" : 450.0,
      "steps" : 649
    } ],
    "lastUpdate" : "20140812T115412Z"
  }, {
    "type" : "place",
    "startTime" : "20140812T131523+0200",
    "endTime" : "20140812T135233+0200",
    "activities" : [ {
      "activity" : "walking",
      "group" : "walking",
      "manual" : false,
      "startTime" : "20140812T131532+0200",
      "endTime" : "20140812T131557+0200",
      "duration" : 25.0,
      "distance" : 14.0,
      "steps" : 28
    } ],
    "lastUpdate" : "20140812T131847Z"
  }, {
    "type" : "move",
    "startTime" : "20140812T135233+0200",
    "endTime" : "20140812T141018+0200",
    "activities" : [ {
      "activity" : "walking",
      "group" : "walking",
      "manual" : false,
      "startTime" : "20140812T135233+0200",
      "endTime" : "20140812T141018+0200",
      "duration" : 1065.0,
      "distance" : 1661.0,
      "steps" : 2071
    } ],
    "lastUpdate" : "20140812T131847Z"
  }, {
    "type" : "place",
    "startTime" : "20140812T141018+0200",
    "endTime" : "20140812T154224+0200",
    "activities" : [ {
      "activity" : "walking",
      "group" : "walking",
      "manual" : false,
      "startTime" : "20140812T141024+0200",
      "endTime" : "20140812T141545+0200",
      "duration" : 321.0,
      "distance" : 370.0,
      "steps" : 493
    }, {
      "activity" : "walking",
      "group" : "walking",
      "manual" : false,
      "startTime" : "20140812T154213+0200",
      "endTime" : "20140812T154225+0200",
      "duration" : 12.0,
      "distance" : 9.0,
      "steps" : 18
    } ],
    "lastUpdate" : "20140812T145746Z"
  }, {
    "type" : "move",
    "startTime" : "20140812T154224+0200",
    "endTime" : "20140812T155130+0200",
    "activities" : [ {
      "activity" : "walking",
      "group" : "walking",
      "manual" : false,
      "startTime" : "20140812T154224+0200",
      "endTime" : "20140812T155130+0200",
      "duration" : 546.0,
      "distance" : 740.0,
      "steps" : 916
    } ],
    "lastUpdate" : "20140812T145746Z"
  }, {
    "type" : "move",
    "startTime" : "20140812T155511+0200",
    "endTime" : "20140812T160125+0200",
    "activities" : [ {
      "activity" : "walking",
      "group" : "walking",
      "manual" : false,
      "startTime" : "20140812T155511+0200",
      "endTime" : "20140812T160126+0200",
      "duration" : 375.0,
      "distance" : 666.0,
      "steps" : 641
    } ],
    "lastUpdate" : "20140812T145746Z"
  }, {
    "type" : "place",
    "startTime" : "20140812T160125+0200",
    "endTime" : "20140812T211511+0200",
    "activities" : [ {
      "activity" : "walking",
      "group" : "walking",
      "manual" : false,
      "startTime" : "20140812T210145+0200",
      "endTime" : "20140812T210249+0200",
      "duration" : 64.0,
      "distance" : 38.0,
      "steps" : 75
    } ],
    "lastUpdate" : "20140812T211447Z"
  }, {
    "type" : "move",
    "startTime" : "20140812T211511+0200",
    "endTime" : "20140812T212019+0200",
    "activities" : [ {
      "activity" : "walking",
      "group" : "walking",
      "manual" : false,
      "startTime" : "20140812T211511+0200",
      "endTime" : "20140812T212019+0200",
      "duration" : 308.0,
      "distance" : 249.0,
      "steps" : 498
    } ],
    "lastUpdate" : "20140812T211447Z"
  }, {
    "type" : "place",
    "startTime" : "20140812T212020+0200",
    "endTime" : "20140812T221356+0200",
    "activities" : [ {
      "activity" : "walking",
      "group" : "walking",
      "manual" : false,
      "startTime" : "20140812T212034+0200",
      "endTime" : "20140812T212038+0200",
      "duration" : 4.0,
      "distance" : 3.0,
      "steps" : 5
    }, {
      "activity" : "walking",
      "group" : "walking",
      "manual" : false,
      "startTime" : "20140812T221209+0200",
      "endTime" : "20140812T221233+0200",
      "duration" : 24.0,
      "distance" : 16.0,
      "steps" : 32
    } ],
    "lastUpdate" : "20140812T211447Z"
  }, {
    "type" : "move",
    "startTime" : "20140812T221356+0200",
    "endTime" : "20140812T221633+0200",
    "activities" : [ {
      "activity" : "walking",
      "group" : "walking",
      "manual" : false,
      "startTime" : "20140812T221356+0200",
      "endTime" : "20140812T221633+0200",
      "duration" : 157.0,
      "distance" : 154.0,
      "steps" : 256
    } ],
    "lastUpdate" : "20140812T211447Z"
  }, {
    "type" : "place",
    "startTime" : "20140812T221633+0200",
    "endTime" : "20140813T081743+0200",
    "activities" : [ {
      "activity" : "walking",
      "group" : "walking",
      "manual" : false,
      "startTime" : "20140812T221633+0200",
      "endTime" : "20140812T221713+0200",
      "duration" : 40.0,
      "distance" : 28.0,
      "steps" : 56
    } ],
    "lastUpdate" : "20140813T071722Z"
  } ],
  "lastUpdate" : "20140813T071722Z"
}, {
  "date" : "20140813",
  "summary" : [ {
    "activity" : "walking",
    "group" : "walking",
    "duration" : 6867.0,
    "distance" : 7426.0,
    "steps" : 10731
  }, {
    "activity" : "transport",
    "group" : "transport",
    "duration" : 1677.0,
    "distance" : 6197.0
  } ],
  "segments" : [ {
    "type" : "place",
    "startTime" : "20140812T221633+0200",
    "endTime" : "20140813T081743+0200",
    "activities" : [ {
      "activity" : "walking",
      "group" : "walking",
      "manual" : false,
      "startTime" : "20140813T015326+0200",
      "endTime" : "20140813T015356+0200",
      "duration" : 30.0,
      "distance" : 15.0,
      "steps" : 30
    }, {
      "activity" : "walking",
      "group" : "walking",
      "manual" : false,
      "startTime" : "20140813T081648+0200",
      "endTime" : "20140813T081708+0200",
      "duration" : 20.0,
      "distance" : 13.0,
      "steps" : 27
    } ],
    "lastUpdate" : "20140813T071722Z"
  }, {
    "type" : "move",
    "startTime" : "20140813T081743+0200",
    "endTime" : "20140813T083422+0200",
    "activities" : [ {
      "activity" : "walking",
      "group" : "walking",
      "manual" : false,
      "startTime" : "20140813T081743+0200",
      "endTime" : "20140813T082308+0200",
      "duration" : 325.0,
      "distance" : 270.0,
      "steps" : 541
    }, {
      "activity" : "transport",
      "group" : "transport",
      "manual" : false,
      "startTime" : "20140813T082309+0200",
      "endTime" : "20140813T082743+0200",
      "duration" : 274.0,
      "distance" : 784.0
    }, {
      "activity" : "walking",
      "group" : "walking",
      "manual" : false,
      "startTime" : "20140813T082742+0200",
      "endTime" : "20140813T083422+0200",
      "duration" : 400.0,
      "distance" : 661.0,
      "steps" : 718
    } ],
    "lastUpdate" : "20140813T071722Z"
  }, {
    "type" : "place",
    "startTime" : "20140813T083422+0200",
    "endTime" : "20140813T115624+0200",
    "activities" : [ {
      "activity" : "walking",
      "group" : "walking",
      "manual" : false,
      "startTime" : "20140813T084706+0200",
      "endTime" : "20140813T084741+0200",
      "duration" : 35.0,
      "distance" : 19.0,
      "steps" : 37
    }, {
      "activity" : "walking",
      "group" : "walking",
      "manual" : false,
      "startTime" : "20140813T094513+0200",
      "endTime" : "20140813T095001+0200",
      "duration" : 288.0,
      "distance" : 374.0,
      "steps" : 499
    }, {
      "activity" : "walking",
      "group" : "walking",
      "manual" : false,
      "startTime" : "20140813T114800+0200",
      "endTime" : "20140813T115033+0200",
      "duration" : 153.0,
      "distance" : 179.0,
      "steps" : 239
    } ],
    "lastUpdate" : "20140813T120512Z"
  }, {
    "type" : "move",
    "startTime" : "20140813T115624+0200",
    "endTime" : "20140813T121800+0200",
    "activities" : [ {
      "activity" : "walking",
      "group" : "walking",
      "manual" : false,
      "startTime" : "20140813T115624+0200",
      "endTime" : "20140813T120855+0200",
      "duration" : 751.0,
      "distance" : 796.0,
      "steps" : 984
    }, {
      "activity" : "transport",
      "group" : "transport",
      "manual" : false,
      "startTime" : "20140813T120854+0200",
      "endTime" : "20140813T121325+0200",
      "duration" : 271.0,
      "distance" : 1008.0
    }, {
      "activity" : "walking",
      "group" : "walking",
      "manual" : false,
      "startTime" : "20140813T121325+0200",
      "endTime" : "20140813T121800+0200",
      "duration" : 275.0,
      "distance" : 372.0,
      "steps" : 473
    } ],
    "lastUpdate" : "20140813T120512Z"
  }, {
    "type" : "place",
    "startTime" : "20140813T121800+0200",
    "endTime" : "20140813T162132+0200",
    "activities" : [ {
      "activity" : "walking",
      "group" : "walking",
      "manual" : false,
      "startTime" : "20140813T121800+0200",
      "endTime" : "20140813T122038+0200",
      "duration" : 158.0,
      "distance" : 163.0,
      "steps" : 217
    }, {
      "activity" : "walking",
      "group" : "walking",
      "manual" : false,
      "startTime" : "20140813T130438+0200",
      "endTime" : "20140813T130441+0200",
      "duration" : 3.0,
      "distance" : 2.0,
      "steps" : 4
    }, {
      "activity" : "walking",
      "group" : "walking",
      "manual" : false,
      "startTime" : "20140813T151836+0200",
      "endTime" : "20140813T151838+0200",
      "duration" : 2.0,
      "distance" : 1.0,
      "steps" : 2
    } ],
    "lastUpdate" : "20140813T174753Z"
  }, {
    "type" : "move",
    "startTime" : "20140813T162132+0200",
    "endTime" : "20140813T162635+0200",
    "activities" : [ {
      "activity" : "walking",
      "group" : "walking",
      "manual" : false,
      "startTime" : "20140813T162132+0200",
      "endTime" : "20140813T162635+0200",
      "duration" : 303.0,
      "distance" : 347.0,
      "steps" : 409
    } ],
    "lastUpdate" : "20140813T174753Z"
  }, {
    "type" : "place",
    "startTime" : "20140813T162635+0200",
    "endTime" : "20140813T174914+0200",
    "activities" : [ {
      "activity" : "walking",
      "group" : "walking",
      "manual" : false,
      "startTime" : "20140813T163218+0200",
      "endTime" : "20140813T163847+0200",
      "duration" : 389.0,
      "distance" : 531.0,
      "steps" : 708
    }, {
      "activity" : "walking",
      "group" : "walking",
      "manual" : false,
      "startTime" : "20140813T174513+0200",
      "endTime" : "20140813T174543+0200",
      "duration" : 30.0,
      "distance" : 20.0,
      "steps" : 40
    } ],
    "lastUpdate" : "20140813T174753Z"
  }, {
    "type" : "move",
    "startTime" : "20140813T174914+0200",
    "endTime" : "20140813T175247+0200",
    "activities" : [ {
      "activity" : "walking",
      "group" : "walking",
      "manual" : false,
      "startTime" : "20140813T174914+0200",
      "endTime" : "20140813T175246+0200",
      "duration" : 212.0,
      "distance" : 407.0,
      "steps" : 339
    } ],
    "lastUpdate" : "20140813T174753Z"
  }, {
    "type" : "place",
    "startTime" : "20140813T175247+0200",
    "endTime" : "20140813T211856+0200",
    "activities" : [ {
      "activity" : "walking",
      "group" : "walking",
      "manual" : false,
      "startTime" : "20140813T175247+0200",
      "endTime" : "20140813T175254+0200",
      "duration" : 7.0,
      "distance" : 5.0,
      "steps" : 9
    }, {
      "activity" : "walking",
      "group" : "walking",
      "manual" : false,
      "startTime" : "20140813T201934+0200",
      "endTime" : "20140813T201935+0200",
      "duration" : 1.0,
      "distance" : 1.0,
      "steps" : 1
    }, {
      "activity" : "walking",
      "group" : "walking",
      "manual" : false,
      "startTime" : "20140813T211027+0200",
      "endTime" : "20140813T211113+0200",
      "duration" : 46.0,
      "distance" : 31.0,
      "steps" : 62
    } ],
    "lastUpdate" : "20140813T205243Z"
  }, {
    "type" : "move",
    "startTime" : "20140813T211856+0200",
    "endTime" : "20140813T212159+0200",
    "activities" : [ {
      "activity" : "walking",
      "group" : "walking",
      "manual" : false,
      "startTime" : "20140813T211856+0200",
      "endTime" : "20140813T212158+0200",
      "duration" : 182.0,
      "distance" : 235.0,
      "steps" : 272
    } ],
    "lastUpdate" : "20140813T205243Z"
  }, {
    "type" : "place",
    "startTime" : "20140813T212159+0200",
    "endTime" : "20140813T213523+0200",
    "activities" : [ {
      "activity" : "walking",
      "group" : "walking",
      "manual" : false,
      "startTime" : "20140813T212159+0200",
      "endTime" : "20140813T212739+0200",
      "duration" : 340.0,
      "distance" : 415.0,
      "steps" : 553
    } ],
    "lastUpdate" : "20140831T185019Z"
  }, {
    "type" : "move",
    "startTime" : "20140813T213523+0200",
    "endTime" : "20140813T214400+0200",
    "activities" : [ {
      "activity" : "transport",
      "group" : "transport",
      "manual" : false,
      "startTime" : "20140813T213523+0200",
      "endTime" : "20140813T214107+0200",
      "duration" : 344.0,
      "distance" : 899.0
    }, {
      "activity" : "walking",
      "group" : "walking",
      "manual" : false,
      "startTime" : "20140813T214107+0200",
      "endTime" : "20140813T214401+0200",
      "duration" : 174.0,
      "distance" : 122.0,
      "steps" : 244
    } ],
    "lastUpdate" : "20140813T205243Z"
  }, {
    "type" : "place",
    "startTime" : "20140813T214401+0200",
    "endTime" : "20140813T215415+0200",
    "activities" : [ {
      "activity" : "walking",
      "group" : "walking",
      "manual" : false,
      "startTime" : "20140813T214404+0200",
      "endTime" : "20140813T214555+0200",
      "duration" : 111.0,
      "distance" : 79.0,
      "steps" : 157
    } ],
    "lastUpdate" : "20140813T205243Z"
  }, {
    "type" : "move",
    "startTime" : "20140813T215415+0200",
    "endTime" : "20140813T222222+0200",
    "activities" : [ {
      "activity" : "walking",
      "group" : "walking",
      "manual" : false,
      "startTime" : "20140813T215415+0200",
      "endTime" : "20140813T222223+0200",
      "duration" : 1688.0,
      "distance" : 1558.0,
      "steps" : 2638
    } ],
    "lastUpdate" : "20140813T205243Z"
  }, {
    "type" : "place",
    "startTime" : "20140813T222223+0200",
    "endTime" : "20140813T230706+0200",
    "activities" : [ {
      "activity" : "walking",
      "group" : "walking",
      "manual" : false,
      "startTime" : "20140813T222300+0200",
      "endTime" : "20140813T222306+0200",
      "duration" : 6.0,
      "distance" : 4.0,
      "steps" : 8
    } ],
    "lastUpdate" : "20140813T224326Z"
  }, {
    "type" : "move",
    "startTime" : "20140813T230706+0200",
    "endTime" : "20140813T232331+0200",
    "activities" : [ {
      "activity" : "walking",
      "group" : "walking",
      "manual" : false,
      "startTime" : "20140813T230706+0200",
      "endTime" : "20140813T231119+0200",
      "duration" : 253.0,
      "distance" : 246.0,
      "steps" : 493
    }, {
      "activity" : "transport",
      "group" : "transport",
      "manual" : false,
      "startTime" : "20140813T231118+0200",
      "endTime" : "20140813T231859+0200",
      "duration" : 461.0,
      "distance" : 1926.0
    }, {
      "activity" : "walking",
      "group" : "walking",
      "manual" : false,
      "startTime" : "20140813T231859+0200",
      "endTime" : "20140813T232330+0200",
      "duration" : 271.0,
      "distance" : 177.0,
      "steps" : 355
    } ],
    "lastUpdate" : "20140813T224326Z"
  }, {
    "type" : "place",
    "startTime" : "20140813T232331+0200",
    "endTime" : "20140813T233718+0200",
    "activities" : [ {
      "activity" : "walking",
      "group" : "walking",
      "manual" : false,
      "startTime" : "20140813T232331+0200",
      "endTime" : "20140813T232526+0200",
      "duration" : 115.0,
      "distance" : 78.0,
      "steps" : 157
    } ],
    "lastUpdate" : "20140813T224326Z"
  }, {
    "type" : "move",
    "startTime" : "20140813T233718+0200",
    "endTime" : "20140813T234743+0200",
    "activities" : [ {
      "activity" : "transport",
      "group" : "transport",
      "manual" : false,
      "startTime" : "20140813T233718+0200",
      "endTime" : "20140813T234245+0200",
      "duration" : 327.0,
      "distance" : 1580.0
    }, {
      "activity" : "walking",
      "group" : "walking",
      "manual" : false,
      "startTime" : "20140813T234245+0200",
      "endTime" : "20140813T234743+0200",
      "duration" : 298.0,
      "distance" : 305.0,
      "steps" : 514
    } ],
    "lastUpdate" : "20140813T224326Z"
  }, {
    "type" : "place",
    "startTime" : "20140813T234743+0200",
    "endTime" : "20140814T003651+0200",
    "activities" : [ {
      "activity" : "walking",
      "group" : "walking",
      "manual" : false,
      "startTime" : "20140813T234743+0200",
      "endTime" : "20140813T234744+0200",
      "duration" : 1.0,
      "distance" : 0.0,
      "steps" : 1
    } ],
    "lastUpdate" : "20140814T192956Z"
  } ],
  "lastUpdate" : "20140831T185019Z"
}, {
  "date" : "20140814",
  "summary" : [ {
    "activity" : "walking",
    "group" : "walking",
    "duration" : 813.0,
    "distance" : 810.0,
    "steps" : 1293
  }, {
    "activity" : "transport",
    "group" : "transport",
    "duration" : 423.0,
    "distance" : 1831.0
  } ],
  "segments" : [ {
    "type" : "place",
    "startTime" : "20140813T234743+0200",
    "endTime" : "20140814T003651+0200",
    "activities" : [ {
      "activity" : "walking",
      "group" : "walking",
      "manual" : false,
      "startTime" : "20140814T002007+0200",
      "endTime" : "20140814T002037+0200",
      "duration" : 30.0,
      "distance" : 15.0,
      "steps" : 20
    } ],
    "lastUpdate" : "20140814T192956Z"
  }, {
    "type" : "move",
    "startTime" : "20140814T003651+0200",
    "endTime" : "20140814T005628+0200",
    "activities" : [ {
      "activity" : "walking",
      "group" : "walking",
      "manual" : false,
      "startTime" : "20140814T003651+0200",
      "endTime" : "20140814T004448+0200",
      "duration" : 477.0,
      "distance" : 359.0,
      "steps" : 718
    }, {
      "activity" : "transport",
      "group" : "transport",
      "manual" : false,
      "startTime" : "20140814T004448+0200",
      "endTime" : "20140814T005151+0200",
      "duration" : 423.0,
      "distance" : 1831.0
    }, {
      "activity" : "walking",
      "group" : "walking",
      "manual" : false,
      "startTime" : "20140814T005151+0200",
      "endTime" : "20140814T005628+0200",
      "duration" : 277.0,
      "distance" : 414.0,
      "steps" : 511
    } ],
    "lastUpdate" : "20140814T192956Z"
  }, {
    "type" : "place",
    "startTime" : "20140814T005628+0200",
    "endTime" : "20140814T010453+0200",
    "activities" : [ {
      "activity" : "walking",
      "group" : "walking",
      "manual" : false,
      "startTime" : "20140814T005628+0200",
      "endTime" : "20140814T005657+0200",
      "duration" : 29.0,
      "distance" : 22.0,
      "steps" : 44
    } ],
    "lastUpdate" : "20140814T192956Z"
  } ],
  "lastUpdate" : "20140815T171103Z"
} ]