[ {
  "date" : "20140630",
  "summary" : [ {
    "activity" : "walking",
    "group" : "walking",
    "duration" : 3930.0,
    "distance" : 5726.0,
    "steps" : 6587
  }, {
    "activity" : "transport",
    "group" : "transport",
    "duration" : 227.0,
    "distance" : 1711.0
  }, {
    "activity" : "cycling",
    "group" : "cycling",
    "duration" : 1660.0,
    "distance" : 6608.0
  } ],
  "segments" : [ {
    "type" : "place",
    "startTime" : "20140629T203716+0200",
    "endTime" : "20140630T093156+0200",
    "activities" : [ {
      "activity" : "walking",
      "group" : "walking",
      "manual" : false,
      "startTime" : "20140630T091611+0200",
      "endTime" : "20140630T092206+0200",
      "duration" : 355.0,
      "distance" : 472.0,
      "steps" : 629
    } ],
    "lastUpdate" : "20140630T084711Z"
  }, {
    "type" : "place",
    "startTime" : "20140630T093157+0200",
    "endTime" : "20140630T094211+0200",
    "activities" : [ {
      "activity" : "walking",
      "group" : "walking",
      "manual" : false,
      "startTime" : "20140630T093545+0200",
      "endTime" : "20140630T093550+0200",
      "duration" : 5.0,
      "distance" : 3.0,
      "steps" : 6
    } ],
    "lastUpdate" : "20140630T084711Z"
  }, {
    "type" : "move",
    "startTime" : "20140630T094211+0200",
    "endTime" : "20140630T095407+0200",
    "activities" : [ {
      "activity" : "transport",
      "group" : "transport",
      "manual" : false,
      "startTime" : "20140630T094211+0200",
      "endTime" : "20140630T094558+0200",
      "duration" : 227.0,
      "distance" : 1711.0
    }, {
      "activity" : "walking",
      "group" : "walking",
      "manual" : false,
      "startTime" : "20140630T094558+0200",
      "endTime" : "20140630T095407+0200",
      "duration" : 489.0,
      "distance" : 781.0,
      "steps" : 725
    } ],
    "lastUpdate" : "20140630T084711Z"
  }, {
    "type" : "place",
    "startTime" : "20140630T095407+0200",
    "endTime" : "20140630T112612+0200",
    "activities" : [ {
      "activity" : "walking",
      "group" : "walking",
      "manual" : false,
      "startTime" : "20140630T095432+0200",
      "endTime" : "20140630T095531+0200",
      "duration" : 59.0,
      "distance" : 47.0,
      "steps" : 94
    }, {
      "activity" : "walking",
      "group" : "walking",
      "manual" : false,
      "startTime" : "20140630T100000+0200",
      "endTime" : "20140630T100141+0200",
      "duration" : 101.0,
      "distance" : 89.0,
      "steps" : 177
    }, {
      "activity" : "walking",
      "group" : "walking",
      "manual" : false,
      "startTime" : "20140630T112252+0200",
      "endTime" : "20140630T112430+0200",
      "duration" : 98.0,
      "distance" : 80.0,
      "steps" : 161
    } ],
    "lastUpdate" : "20140630T101547Z"
  }, {
    "type" : "move",
    "startTime" : "20140630T112612+0200",
    "endTime" : "20140630T113347+0200",
    "activities" : [ {
      "activity" : "walking",
      "group" : "walking",
      "manual" : false,
      "startTime" : "20140630T112612+0200",
      "endTime" : "20140630T113346+0200",
      "duration" : 454.0,
      "distance" : 682.0,
      "steps" : 751
    } ],
    "lastUpdate" : "20140630T101547Z"
  }, {
    "type" : "place",
    "startTime" : "20140630T113347+0200",
    "endTime" : "20140630T132542+0200",
    "activities" : [ {
      "activity" : "walking",
      "group" : "walking",
      "manual" : false,
      "startTime" : "20140630T113347+0200",
      "endTime" : "20140630T113351+0200",
      "duration" : 4.0,
      "distance" : 3.0,
      "steps" : 6
    }, {
      "activity" : "walking",
      "group" : "walking",
      "manual" : false,
      "startTime" : "20140630T132530+0200",
      "endTime" : "20140630T132542+0200",
      "duration" : 12.0,
      "distance" : 9.0,
      "steps" : 18
    } ],
    "lastUpdate" : "20140630T162602Z"
  }, {
    "type" : "move",
    "startTime" : "20140630T132542+0200",
    "endTime" : "20140630T133406+0200",
    "activities" : [ {
      "activity" : "walking",
      "group" : "walking",
      "manual" : false,
      "startTime" : "20140630T132542+0200",
      "endTime" : "20140630T133406+0200",
      "duration" : 504.0,
      "distance" : 707.0,
      "steps" : 957
    } ],
    "lastUpdate" : "20140630T162602Z"
  }, {
    "type" : "move",
    "startTime" : "20140630T144544+0200",
    "endTime" : "20140630T145400+0200",
    "activities" : [ {
      "activity" : "walking",
      "group" : "walking",
      "manual" : false,
      "startTime" : "20140630T144544+0200",
      "endTime" : "20140630T145400+0200",
      "duration" : 496.0,
      "distance" : 921.0,
      "steps" : 819
    } ],
    "lastUpdate" : "20140630T162602Z"
  }, {
    "type" : "place",
    "startTime" : "20140630T145400+0200",
    "endTime" : "20140630T145930+0200",
    "activities" : [ {
      "activity" : "walking",
      "group" : "walking",
      "manual" : false,
      "startTime" : "20140630T145400+0200",
      "endTime" : "20140630T145445+0200",
      "duration" : 45.0,
      "distance" : 34.0,
      "steps" : 67
    } ],
    "lastUpdate" : "20140630T162602Z"
  }, {
    "type" : "move",
    "startTime" : "20140630T145930+0200",
    "endTime" : "20140630T150400+0200",
    "activities" : [ {
      "activity" : "walking",
      "group" : "walking",
      "manual" : false,
      "startTime" : "20140630T145930+0200",
      "endTime" : "20140630T150401+0200",
      "duration" : 271.0,
      "distance" : 395.0,
      "steps" : 475
    } ],
    "lastUpdate" : "20140630T162602Z"
  }, {
    "type" : "place",
    "startTime" : "20140630T150401+0200",
    "endTime" : "20140630T150809+0200",
    "activities" : [ {
      "activity" : "walking",
      "group" : "walking",
      "manual" : false,
      "startTime" : "20140630T150614+0200",
      "endTime" : "20140630T150649+0200",
      "duration" : 35.0,
      "distance" : 24.0,
      "steps" : 47
    } ],
    "lastUpdate" : "20140630T162602Z"
  }, {
    "type" : "move",
    "startTime" : "20140630T150809+0200",
    "endTime" : "20140630T151337+0200",
    "activities" : [ {
      "activity" : "walking",
      "group" : "walking",
      "manual" : false,
      "startTime" : "20140630T150809+0200",
      "endTime" : "20140630T151336+0200",
      "duration" : 327.0,
      "distance" : 673.0,
      "steps" : 561
    } ],
    "lastUpdate" : "20140630T162602Z"
  }, {
    "type" : "place",
    "startTime" : "20140630T151337+0200",
    "endTime" : "20140630T182434+0200",
    "activities" : [ {
      "activity" : "walking",
      "group" : "walking",
      "manual" : false,
      "startTime" : "20140630T182337+0200",
      "endTime" : "20140630T182406+0200",
      "duration" : 29.0,
      "distance" : 29.0,
      "steps" : 58
    } ],
    "lastUpdate" : "20140630T174906Z"
  }, {
    "type" : "move",
    "startTime" : "20140630T182434+0200",
    "endTime" : "20140630T185214+0200",
    "activities" : [ {
      "activity" : "cycling",
      "group" : "cycling",
      "manual" : false,
      "startTime" : "20140630T182434+0200",
      "endTime" : "20140630T185214+0200",
      "duration" : 1660.0,
      "distance" : 6608.0
    } ],
    "lastUpdate" : "20140630T174906Z"
  }, {
    "type" : "place",
    "startTime" : "20140630T185214+0200",
    "endTime" : "20140701T084319+0200",
    "activities" : [ {
      "activity" : "walking",
      "group" : "walking",
      "manual" : false,
      "startTime" : "20140630T185242+0200",
      "endTime" : "20140630T185626+0200",
      "duration" : 224.0,
      "distance" : 254.0,
      "steps" : 338
    }, {
      "activity" : "walking",
      "group" : "walking",
      "manual" : false,
      "startTime" : "20140630T190012+0200",
      "endTime" : "20140630T190217+0200",
      "duration" : 125.0,
      "distance" : 167.0,
      "steps" : 223
    }, {
      "activity" : "walking",
      "group" : "walking",
      "manual" : false,
      "startTime" : "20140630T205910+0200",
      "endTime" : "20140630T205913+0200",
      "duration" : 3.0,
      "distance" : 2.0,
      "steps" : 4
    }, {
      "activity" : "walking",
      "group" : "walking",
      "manual" : false,
      "startTime" : "20140630T210007+0200",
      "endTime" : "20140630T210231+0200",
      "duration" : 144.0,
      "distance" : 182.0,
      "steps" : 242
    }, {
      "activity" : "walking",
      "group" : "walking",
      "manual" : false,
      "startTime" : "20140630T222930+0200",
      "endTime" : "20140630T223200+0200",
      "duration" : 150.0,
      "distance" : 172.0,
      "steps" : 229
    } ],
    "lastUpdate" : "20140701T071613Z"
  } ],
  "lastUpdate" : "20140701T071613Z"
}, {
  "date" : "20140701",
  "summary" : [ {
    "activity" : "walking",
    "group" : "walking",
    "duration" : 8598.0,
    "distance" : 9836.0,
    "steps" : 13234
  }, {
    "activity" : "transport",
    "group" : "transport",
    "duration" : 1467.0,
    "distance" : 4408.0
  } ],
  "segments" : [ {
    "type" : "place",
    "startTime" : "20140630T185214+0200",
    "endTime" : "20140701T084319+0200",
    "activities" : [ {
      "activity" : "walking",
      "group" : "walking",
      "manual" : false,
      "startTime" : "20140701T000426+0200",
      "endTime" : "20140701T000456+0200",
      "duration" : 30.0,
      "distance" : 15.0,
      "steps" : 30
    }, {
      "activity" : "walking",
      "group" : "walking",
      "manual" : false,
      "startTime" : "20140701T083254+0200",
      "endTime" : "20140701T083734+0200",
      "duration" : 280.0,
      "distance" : 348.0,
      "steps" : 464
    } ],
    "lastUpdate" : "20140701T071613Z"
  }, {
    "type" : "move",
    "startTime" : "20140701T084319+0200",
    "endTime" : "20140701T085015+0200",
    "activities" : [ {
      "activity" : "walking",
      "group" : "walking",
      "manual" : false,
      "startTime" : "20140701T084319+0200",
      "endTime" : "20140701T085015+0200",
      "duration" : 416.0,
      "distance" : 825.0,
      "steps" : 688
    } ],
    "lastUpdate" : "20140701T071613Z"
  }, {
    "type" : "place",
    "startTime" : "20140701T085015+0200",
    "endTime" : "20140701T130659+0200",
    "activities" : [ {
      "activity" : "walking",
      "group" : "walking",
      "manual" : false,
      "startTime" : "20140701T085015+0200",
      "endTime" : "20140701T085106+0200",
      "duration" : 51.0,
      "distance" : 37.0,
      "steps" : 74
    }, {
      "activity" : "walking",
      "group" : "walking",
      "manual" : false,
      "startTime" : "20140701T101704+0200",
      "endTime" : "20140701T101827+0200",
      "duration" : 83.0,
      "distance" : 56.0,
      "steps" : 112
    }, {
      "activity" : "walking",
      "group" : "walking",
      "manual" : false,
      "startTime" : "20140701T110251+0200",
      "endTime" : "20140701T110254+0200",
      "duration" : 3.0,
      "distance" : 2.0,
      "steps" : 3
    }, {
      "activity" : "walking",
      "group" : "walking",
      "manual" : false,
      "startTime" : "20140701T122749+0200",
      "endTime" : "20140701T123435+0200",
      "duration" : 406.0,
      "distance" : 482.0,
      "steps" : 643
    }, {
      "activity" : "walking",
      "group" : "walking",
      "manual" : false,
      "startTime" : "20140701T130000+0200",
      "endTime" : "20140701T130141+0200",
      "duration" : 101.0,
      "distance" : 75.0,
      "steps" : 151
    } ],
    "lastUpdate" : "20140701T131503Z"
  }, {
    "type" : "move",
    "startTime" : "20140701T130659+0200",
    "endTime" : "20140701T131302+0200",
    "activities" : [ {
      "activity" : "walking",
      "group" : "walking",
      "manual" : false,
      "startTime" : "20140701T130659+0200",
      "endTime" : "20140701T131303+0200",
      "duration" : 364.0,
      "distance" : 500.0,
      "steps" : 538
    } ],
    "lastUpdate" : "20140701T131503Z"
  }, {
    "type" : "place",
    "startTime" : "20140701T131302+0200",
    "endTime" : "20140701T151509+0200",
    "activities" : [ {
      "activity" : "walking",
      "group" : "walking",
      "manual" : false,
      "startTime" : "20140701T131649+0200",
      "endTime" : "20140701T131651+0200",
      "duration" : 2.0,
      "distance" : 1.0,
      "steps" : 2
    }, {
      "activity" : "walking",
      "group" : "walking",
      "manual" : false,
      "startTime" : "20140701T150445+0200",
      "endTime" : "20140701T150648+0200",
      "duration" : 123.0,
      "distance" : 122.0,
      "steps" : 162
    } ],
    "lastUpdate" : "20140701T150148Z"
  }, {
    "type" : "move",
    "startTime" : "20140701T151509+0200",
    "endTime" : "20140701T151905+0200",
    "activities" : [ {
      "activity" : "walking",
      "group" : "walking",
      "manual" : false,
      "startTime" : "20140701T151509+0200",
      "endTime" : "20140701T151906+0200",
      "duration" : 237.0,
      "distance" : 430.0,
      "steps" : 359
    } ],
    "lastUpdate" : "20140701T150148Z"
  }, {
    "type" : "place",
    "startTime" : "20140701T151905+0200",
    "endTime" : "20140701T152810+0200",
    "activities" : [ {
      "activity" : "walking",
      "group" : "walking",
      "manual" : false,
      "startTime" : "20140701T151905+0200",
      "endTime" : "20140701T152629+0200",
      "duration" : 444.0,
      "distance" : 576.0,
      "steps" : 767
    } ],
    "lastUpdate" : "20140701T150148Z"
  }, {
    "type" : "move",
    "startTime" : "20140701T152810+0200",
    "endTime" : "20140701T154620+0200",
    "activities" : [ {
      "activity" : "transport",
      "group" : "transport",
      "manual" : false,
      "startTime" : "20140701T152810+0200",
      "endTime" : "20140701T153736+0200",
      "duration" : 566.0,
      "distance" : 2010.0
    }, {
      "activity" : "walking",
      "group" : "walking",
      "manual" : false,
      "startTime" : "20140701T153736+0200",
      "endTime" : "20140701T154620+0200",
      "duration" : 524.0,
      "distance" : 430.0,
      "steps" : 779
    } ],
    "lastUpdate" : "20140701T150148Z"
  }, {
    "type" : "place",
    "startTime" : "20140701T154621+0200",
    "endTime" : "20140701T155021+0200",
    "activities" : [ {
      "activity" : "walking",
      "group" : "walking",
      "manual" : false,
      "startTime" : "20140701T154621+0200",
      "endTime" : "20140701T154622+0200",
      "duration" : 1.0,
      "distance" : 1.0,
      "steps" : 2
    } ],
    "lastUpdate" : "20140701T150148Z"
  }, {
    "type" : "move",
    "startTime" : "20140701T155021+0200",
    "endTime" : "20140701T162542+0200",
    "activities" : [ {
      "activity" : "walking",
      "group" : "walking",
      "manual" : false,
      "startTime" : "20140701T155021+0200",
      "endTime" : "20140701T162542+0200",
      "duration" : 2121.0,
      "distance" : 2224.0,
      "steps" : 3267
    } ],
    "lastUpdate" : "20140701T150148Z"
  }, {
    "type" : "move",
    "startTime" : "20140701T162542+0200",
    "endTime" : "20140701T162641+0200",
    "activities" : [ {
      "activity" : "walking",
      "group" : "walking",
      "manual" : false,
      "startTime" : "20140701T162542+0200",
      "endTime" : "20140701T162642+0200",
      "duration" : 60.0,
      "distance" : 46.0,
      "steps" : 92
    } ],
    "lastUpdate" : "20140701T161616Z"
  }, {
    "type" : "place",
    "startTime" : "20140701T162642+0200",
    "endTime" : "20140701T165942+0200",
    "activities" : [ {
      "activity" : "walking",
      "group" : "walking",
      "manual" : false,
      "startTime" : "20140701T162715+0200",
      "endTime" : "20140701T163025+0200",
      "duration" : 190.0,
      "distance" : 202.0,
      "steps" : 269
    } ],
    "lastUpdate" : "20140701T161616Z"
  }, {
    "type" : "move",
    "startTime" : "20140701T165942+0200",
    "endTime" : "20140701T171039+0200",
    "activities" : [ {
      "activity" : "walking",
      "group" : "walking",
      "manual" : false,
      "startTime" : "20140701T165942+0200",
      "endTime" : "20140701T171040+0200",
      "duration" : 658.0,
      "distance" : 641.0,
      "steps" : 947
    } ],
    "lastUpdate" : "20140701T161616Z"
  }, {
    "type" : "place",
    "startTime" : "20140701T171040+0200",
    "endTime" : "20140701T171554+0200",
    "activities" : [ {
      "activity" : "walking",
      "group" : "walking",
      "manual" : false,
      "startTime" : "20140701T171121+0200",
      "endTime" : "20140701T171152+0200",
      "duration" : 31.0,
      "distance" : 21.0,
      "steps" : 41
    } ],
    "lastUpdate" : "20140701T161616Z"
  }, {
    "type" : "move",
    "startTime" : "20140701T171554+0200",
    "endTime" : "20140701T173546+0200",
    "activities" : [ {
      "activity" : "transport",
      "group" : "transport",
      "manual" : false,
      "startTime" : "20140701T171554+0200",
      "endTime" : "20140701T172224+0200",
      "duration" : 390.0,
      "distance" : 1687.0
    }, {
      "activity" : "walking",
      "group" : "walking",
      "manual" : false,
      "startTime" : "20140701T172223+0200",
      "endTime" : "20140701T173545+0200",
      "duration" : 802.0,
      "distance" : 884.0,
      "steps" : 1159
    } ],
    "lastUpdate" : "20140701T161616Z"
  }, {
    "type" : "place",
    "startTime" : "20140701T173546+0200",
    "endTime" : "20140701T183342+0200",
    "activities" : [ {
      "activity" : "walking",
      "group" : "walking",
      "manual" : false,
      "startTime" : "20140701T181849+0200",
      "endTime" : "20140701T182422+0200",
      "duration" : 333.0,
      "distance" : 379.0,
      "steps" : 505
    } ],
    "lastUpdate" : "20140701T181817Z"
  }, {
    "type" : "move",
    "startTime" : "20140701T183342+0200",
    "endTime" : "20140701T185535+0200",
    "activities" : [ {
      "activity" : "walking",
      "group" : "walking",
      "manual" : false,
      "startTime" : "20140701T183342+0200",
      "endTime" : "20140701T184159+0200",
      "duration" : 497.0,
      "distance" : 519.0,
      "steps" : 688
    }, {
      "activity" : "transport",
      "group" : "transport",
      "manual" : false,
      "startTime" : "20140701T184159+0200",
      "endTime" : "20140701T185030+0200",
      "duration" : 511.0,
      "distance" : 711.0
    }, {
      "activity" : "walking",
      "group" : "walking",
      "manual" : false,
      "startTime" : "20140701T185030+0200",
      "endTime" : "20140701T185535+0200",
      "duration" : 305.0,
      "distance" : 477.0,
      "steps" : 540
    } ],
    "lastUpdate" : "20140701T181817Z"
  }, {
    "type" : "place",
    "startTime" : "20140701T185535+0200",
    "endTime" : "20140701T224147+0200",
    "activities" : [ {
      "activity" : "walking",
      "group" : "walking",
      "manual" : false,
      "startTime" : "20140701T185535+0200",
      "endTime" : "20140701T185605+0200",
      "duration" : 30.0,
      "distance" : 25.0,
      "steps" : 50
    }, {
      "activity" : "walking",
      "group" : "walking",
      "manual" : false,
      "startTime" : "20140701T192246+0200",
      "endTime" : "20140701T192257+0200",
      "duration" : 11.0,
      "distance" : 8.0,
      "steps" : 15
    }, {
      "activity" : "walking",
      "group" : "walking",
      "manual" : false,
      "startTime" : "20140701T213142+0200",
      "endTime" : "20140701T213205+0200",
      "duration" : 23.0,
      "distance" : 14.0,
      "steps" : 29
    } ],
    "lastUpdate" : "20140701T222615Z"
  }, {
    "type" : "move",
    "startTime" : "20140701T224147+0200",
    "endTime" : "20140701T224517+0200",
    "activities" : [ {
      "activity" : "walking",
      "group" : "walking",
      "manual" : false,
      "startTime" : "20140701T224147+0200",
      "endTime" : "20140701T224517+0200",
      "duration" : 210.0,
      "distance" : 211.0,
      "steps" : 423
    } ],
    "lastUpdate" : "20140701T222615Z"
  }, {
    "type" : "place",
    "startTime" : "20140701T224517+0200",
    "endTime" : "20140701T232605+0200",
    "activities" : [ {
      "activity" : "walking",
      "group" : "walking",
      "manual" : false,
      "startTime" : "20140701T224517+0200",
      "endTime" : "20140701T224534+0200",
      "duration" : 17.0,
      "distance" : 15.0,
      "steps" : 30
    }, {
      "activity" : "walking",
      "group" : "walking",
      "manual" : false,
      "startTime" : "20140701T232513+0200",
      "endTime" : "20140701T232552+0200",
      "duration" : 39.0,
      "distance" : 30.0,
      "steps" : 59
    } ],
    "lastUpdate" : "20140701T222615Z"
  }, {
    "type" : "move",
    "startTime" : "20140701T232605+0200",
    "endTime" : "20140701T232843+0200",
    "activities" : [ {
      "activity" : "walking",
      "group" : "walking",
      "manual" : false,
      "startTime" : "20140701T232605+0200",
      "endTime" : "20140701T232843+0200",
      "duration" : 158.0,
      "distance" : 209.0,
      "steps" : 284
    } ],
    "lastUpdate" : "20140701T222615Z"
  }, {
    "type" : "place",
    "startTime" : "20140701T232843+0200",
    "endTime" : "20140702T135846+0200",
    "activities" : [ {
      "activity" : "walking",
      "group" : "walking",
      "manual" : false,
      "startTime" : "20140701T232843+0200",
      "endTime" : "20140701T232931+0200",
      "duration" : 48.0,
      "distance" : 31.0,
      "steps" : 62
    } ],
    "lastUpdate" : "20140702T131440Z"
  } ],
  "lastUpdate" : "20140702T131440Z"
}, {
  "date" : "20140702",
  "summary" : [ {
    "activity" : "walking",
    "group" : "walking",
    "duration" : 3329.0,
    "distance" : 4011.0,
    "steps" : 5246
  }, {
    "activity" : "transport",
    "group" : "transport",
    "duration" : 1561.0,
    "distance" : 5742.0
  } ],
  "segments" : [ {
    "type" : "place",
    "startTime" : "20140701T232843+0200",
    "endTime" : "20140702T135846+0200",
    "activities" : [ {
      "activity" : "walking",
      "group" : "walking",
      "manual" : false,
      "startTime" : "20140702T000306+0200",
      "endTime" : "20140702T000307+0200",
      "duration" : 1.0,
      "distance" : 1.0,
      "steps" : 1
    }, {
      "activity" : "walking",
      "group" : "walking",
      "manual" : false,
      "startTime" : "20140702T085028+0200",
      "endTime" : "20140702T085058+0200",
      "duration" : 30.0,
      "distance" : 20.0,
      "steps" : 40
    }, {
      "activity" : "walking",
      "group" : "walking",
      "manual" : false,
      "startTime" : "20140702T135828+0200",
      "endTime" : "20140702T135846+0200",
      "duration" : 18.0,
      "distance" : 13.0,
      "steps" : 26
    } ],
    "lastUpdate" : "20140702T131440Z"
  }, {
    "type" : "move",
    "startTime" : "20140702T135846+0200",
    "endTime" : "20140702T140359+0200",
    "activities" : [ {
      "activity" : "walking",
      "group" : "walking",
      "manual" : false,
      "startTime" : "20140702T135846+0200",
      "endTime" : "20140702T140359+0200",
      "duration" : 313.0,
      "distance" : 456.0,
      "steps" : 539
    } ],
    "lastUpdate" : "20140702T131440Z"
  }, {
    "type" : "place",
    "startTime" : "20140702T140359+0200",
    "endTime" : "20140702T140955+0200",
    "activities" : [ {
      "activity" : "walking",
      "group" : "walking",
      "manual" : false,
      "startTime" : "20140702T140413+0200",
      "endTime" : "20140702T140419+0200",
      "duration" : 6.0,
      "distance" : 4.0,
      "steps" : 8
    } ],
    "lastUpdate" : "20140702T131440Z"
  }, {
    "type" : "move",
    "startTime" : "20140702T140955+0200",
    "endTime" : "20140702T142244+0200",
    "activities" : [ {
      "activity" : "transport",
      "group" : "transport",
      "manual" : false,
      "startTime" : "20140702T140955+0200",
      "endTime" : "20140702T141505+0200",
      "duration" : 310.0,
      "distance" : 973.0
    }, {
      "activity" : "walking",
      "group" : "walking",
      "manual" : false,
      "startTime" : "20140702T141505+0200",
      "endTime" : "20140702T142244+0200",
      "duration" : 459.0,
      "distance" : 601.0,
      "steps" : 866
    } ],
    "lastUpdate" : "20140702T131440Z"
  }, {
    "type" : "place",
    "startTime" : "20140702T142244+0200",
    "endTime" : "20140702T142727+0200",
    "activities" : [ {
      "activity" : "walking",
      "group" : "walking",
      "manual" : false,
      "startTime" : "20140702T142517+0200",
      "endTime" : "20140702T142518+0200",
      "duration" : 1.0,
      "distance" : 1.0,
      "steps" : 2
    } ],
    "lastUpdate" : "20140702T131440Z"
  }, {
    "type" : "move",
    "startTime" : "20140702T142727+0200",
    "endTime" : "20140702T143945+0200",
    "activities" : [ {
      "activity" : "transport",
      "group" : "transport",
      "manual" : false,
      "startTime" : "20140702T142727+0200",
      "endTime" : "20140702T143251+0200",
      "duration" : 324.0,
      "distance" : 1774.0
    }, {
      "activity" : "walking",
      "group" : "walking",
      "manual" : false,
      "startTime" : "20140702T143251+0200",
      "endTime" : "20140702T143945+0200",
      "duration" : 414.0,
      "distance" : 430.0,
      "steps" : 628
    } ],
    "lastUpdate" : "20140702T131440Z"
  }, {
    "type" : "place",
    "startTime" : "20140702T143945+0200",
    "endTime" : "20140702T160603+0200",
    "activities" : [ {
      "activity" : "walking",
      "group" : "walking",
      "manual" : false,
      "startTime" : "20140702T144005+0200",
      "endTime" : "20140702T144019+0200",
      "duration" : 14.0,
      "distance" : 9.0,
      "steps" : 18
    }, {
      "activity" : "walking",
      "group" : "walking",
      "manual" : false,
      "startTime" : "20140702T160219+0200",
      "endTime" : "20140702T160441+0200",
      "duration" : 142.0,
      "distance" : 170.0,
      "steps" : 226
    } ],
    "lastUpdate" : "20140702T162733Z"
  }, {
    "type" : "move",
    "startTime" : "20140702T160603+0200",
    "endTime" : "20140702T161237+0200",
    "activities" : [ {
      "activity" : "walking",
      "group" : "walking",
      "manual" : false,
      "startTime" : "20140702T160603+0200",
      "endTime" : "20140702T161237+0200",
      "duration" : 394.0,
      "distance" : 397.0,
      "steps" : 499
    } ],
    "lastUpdate" : "20140702T162733Z"
  }, {
    "type" : "place",
    "startTime" : "20140702T161237+0200",
    "endTime" : "20140702T161851+0200",
    "activities" : [ {
      "activity" : "walking",
      "group" : "walking",
      "manual" : false,
      "startTime" : "20140702T161237+0200",
      "endTime" : "20140702T161330+0200",
      "duration" : 53.0,
      "distance" : 30.0,
      "steps" : 60
    } ],
    "lastUpdate" : "20140702T162733Z"
  }, {
    "type" : "move",
    "startTime" : "20140702T161851+0200",
    "endTime" : "20140702T163145+0200",
    "activities" : [ {
      "activity" : "transport",
      "group" : "transport",
      "manual" : false,
      "startTime" : "20140702T161851+0200",
      "endTime" : "20140702T162637+0200",
      "duration" : 466.0,
      "distance" : 1740.0
    }, {
      "activity" : "walking",
      "group" : "walking",
      "manual" : false,
      "startTime" : "20140702T162637+0200",
      "endTime" : "20140702T163145+0200",
      "duration" : 308.0,
      "distance" : 444.0,
      "steps" : 471
    } ],
    "lastUpdate" : "20140702T162733Z"
  }, {
    "type" : "place",
    "startTime" : "20140702T163145+0200",
    "endTime" : "20140702T163522+0200",
    "activities" : [ {
      "activity" : "walking",
      "group" : "walking",
      "manual" : false,
      "startTime" : "20140702T163145+0200",
      "endTime" : "20140702T163225+0200",
      "duration" : 40.0,
      "distance" : 27.0,
      "steps" : 54
    } ],
    "lastUpdate" : "20140702T162733Z"
  }, {
    "type" : "move",
    "startTime" : "20140702T163522+0200",
    "endTime" : "20140702T164011+0200",
    "activities" : [ {
      "activity" : "walking",
      "group" : "walking",
      "manual" : false,
      "startTime" : "20140702T163522+0200",
      "endTime" : "20140702T164011+0200",
      "duration" : 289.0,
      "distance" : 582.0,
      "steps" : 485
    } ],
    "lastUpdate" : "20140702T162733Z"
  }, {
    "type" : "place",
    "startTime" : "20140702T164011+0200",
    "endTime" : "20140702T171705+0200",
    "activities" : [ {
      "activity" : "walking",
      "group" : "walking",
      "manual" : false,
      "startTime" : "20140702T164056+0200",
      "endTime" : "20140702T164116+0200",
      "duration" : 20.0,
      "distance" : 14.0,
      "steps" : 27
    }, {
      "activity" : "walking",
      "group" : "walking",
      "manual" : false,
      "startTime" : "20140702T170005+0200",
      "endTime" : "20140702T170643+0200",
      "duration" : 398.0,
      "distance" : 471.0,
      "steps" : 627
    } ],
    "lastUpdate" : "20140702T162733Z"
  }, {
    "type" : "move",
    "startTime" : "20140702T171705+0200",
    "endTime" : "20140702T173101+0200",
    "activities" : [ {
      "activity" : "transport",
      "group" : "transport",
      "manual" : false,
      "startTime" : "20140702T171705+0200",
      "endTime" : "20140702T172446+0200",
      "duration" : 461.0,
      "distance" : 1255.0
    }, {
      "activity" : "walking",
      "group" : "walking",
      "manual" : false,
      "startTime" : "20140702T172445+0200",
      "endTime" : "20140702T173101+0200",
      "duration" : 376.0,
      "distance" : 314.0,
      "steps" : 621
    } ],
    "lastUpdate" : "20140702T162733Z"
  }, {
    "type" : "place",
    "startTime" : "20140702T173101+0200",
    "endTime" : "20140703T094537+0200",
    "activities" : [ {
      "activity" : "walking",
      "group" : "walking",
      "manual" : false,
      "startTime" : "20140702T190204+0200",
      "endTime" : "20140702T190224+0200",
      "duration" : 20.0,
      "distance" : 10.0,
      "steps" : 14
    }, {
      "activity" : "walking",
      "group" : "walking",
      "manual" : false,
      "startTime" : "20140702T204806+0200",
      "endTime" : "20140702T204836+0200",
      "duration" : 30.0,
      "distance" : 15.0,
      "steps" : 30
    }, {
      "activity" : "walking",
      "group" : "walking",
      "manual" : false,
      "startTime" : "20140702T215411+0200",
      "endTime" : "20140702T215414+0200",
      "duration" : 3.0,
      "distance" : 2.0,
      "steps" : 4
    } ],
    "lastUpdate" : "20140703T114753Z"
  } ],
  "lastUpdate" : "20140703T114753Z"
}, {
  "date" : "20140703",
  "summary" : [ {
    "activity" : "walking",
    "group" : "walking",
    "duration" : 2576.0,
    "distance" : 3187.0,
    "steps" : 4159
  }, {
    "activity" : "transport",
    "group" : "transport",
    "duration" : 390.0,
    "distance" : 1101.0
  }, {
    "activity" : "cycling",
    "group" : "cycling",
    "duration" : 1271.0,
    "distance" : 4718.0
  } ],
  "segments" : [ {
    "type" : "place",
    "startTime" : "20140702T173101+0200",
    "endTime" : "20140703T094537+0200",
    "activities" : [ {
      "activity" : "walking",
      "group" : "walking",
      "manual" : false,
      "startTime" : "20140703T094134+0200",
      "endTime" : "20140703T094224+0200",
      "duration" : 50.0,
      "distance" : 29.0,
      "steps" : 57
    } ],
    "lastUpdate" : "20140703T114753Z"
  }, {
    "type" : "move",
    "startTime" : "20140703T094537+0200",
    "endTime" : "20140703T100012+0200",
    "activities" : [ {
      "activity" : "walking",
      "group" : "walking",
      "manual" : false,
      "startTime" : "20140703T094537+0200",
      "endTime" : "20140703T094947+0200",
      "duration" : 250.0,
      "distance" : 244.0,
      "steps" : 489
    }, {
      "activity" : "transport",
      "group" : "transport",
      "manual" : false,
      "startTime" : "20140703T094947+0200",
      "endTime" : "20140703T095617+0200",
      "duration" : 390.0,
      "distance" : 1101.0
    }, {
      "activity" : "walking",
      "group" : "walking",
      "manual" : false,
      "startTime" : "20140703T095617+0200",
      "endTime" : "20140703T100013+0200",
      "duration" : 236.0,
      "distance" : 287.0,
      "steps" : 367
    } ],
    "lastUpdate" : "20140703T114753Z"
  }, {
    "type" : "move",
    "startTime" : "20140703T104437+0200",
    "endTime" : "20140703T105224+0200",
    "activities" : [ {
      "activity" : "walking",
      "group" : "walking",
      "manual" : false,
      "startTime" : "20140703T104437+0200",
      "endTime" : "20140703T105224+0200",
      "duration" : 467.0,
      "distance" : 845.0,
      "steps" : 827
    } ],
    "lastUpdate" : "20140703T114753Z"
  }, {
    "type" : "place",
    "startTime" : "20140703T105224+0200",
    "endTime" : "20140703T161258+0200",
    "activities" : [ {
      "activity" : "walking",
      "group" : "walking",
      "manual" : false,
      "startTime" : "20140703T105224+0200",
      "endTime" : "20140703T105449+0200",
      "duration" : 145.0,
      "distance" : 182.0,
      "steps" : 242
    }, {
      "activity" : "walking",
      "group" : "walking",
      "manual" : false,
      "startTime" : "20140703T114817+0200",
      "endTime" : "20140703T115255+0200",
      "duration" : 278.0,
      "distance" : 295.0,
      "steps" : 393
    }, {
      "activity" : "walking",
      "group" : "walking",
      "manual" : false,
      "startTime" : "20140703T130505+0200",
      "endTime" : "20140703T131350+0200",
      "duration" : 525.0,
      "distance" : 621.0,
      "steps" : 828
    }, {
      "activity" : "walking",
      "group" : "walking",
      "manual" : false,
      "startTime" : "20140703T140111+0200",
      "endTime" : "20140703T140648+0200",
      "duration" : 337.0,
      "distance" : 400.0,
      "steps" : 533
    }, {
      "activity" : "walking",
      "group" : "walking",
      "manual" : false,
      "startTime" : "20140703T154658+0200",
      "endTime" : "20140703T154931+0200",
      "duration" : 153.0,
      "distance" : 201.0,
      "steps" : 268
    }, {
      "activity" : "walking",
      "group" : "walking",
      "manual" : false,
      "startTime" : "20140703T160938+0200",
      "endTime" : "20140703T161032+0200",
      "duration" : 54.0,
      "distance" : 34.0,
      "steps" : 67
    } ],
    "lastUpdate" : "20140703T180336Z"
  }, {
    "type" : "place",
    "startTime" : "20140703T182304+0200",
    "endTime" : "20140703T184557+0200",
    "activities" : [ {
      "activity" : "walking",
      "group" : "walking",
      "manual" : false,
      "startTime" : "20140703T184431+0200",
      "endTime" : "20140703T184519+0200",
      "duration" : 48.0,
      "distance" : 32.0,
      "steps" : 64
    } ],
    "lastUpdate" : "20140703T180336Z"
  }, {
    "type" : "move",
    "startTime" : "20140703T184557+0200",
    "endTime" : "20140703T190707+0200",
    "activities" : [ {
      "activity" : "cycling",
      "group" : "cycling",
      "manual" : false,
      "startTime" : "20140703T184557+0200",
      "endTime" : "20140703T190708+0200",
      "duration" : 1271.0,
      "distance" : 4718.0
    } ],
    "lastUpdate" : "20140703T180336Z"
  }, {
    "type" : "place",
    "startTime" : "20140703T190707+0200",
    "endTime" : "20140704T094200+0200",
    "activities" : [ {
      "activity" : "walking",
      "group" : "walking",
      "manual" : false,
      "startTime" : "20140703T213155+0200",
      "endTime" : "20140703T213228+0200",
      "duration" : 33.0,
      "distance" : 17.0,
      "steps" : 24
    } ],
    "lastUpdate" : "20140704T085331Z"
  } ],
  "lastUpdate" : "20140704T085331Z"
}, {
  "date" : "20140704",
  "summary" : [ {
    "activity" : "walking",
    "group" : "walking",
    "duration" : 7709.0,
    "distance" : 6796.0,
    "steps" : 10960
  }, {
    "activity" : "transport",
    "group" : "transport",
    "duration" : 1905.0,
    "distance" : 6754.0
  } ],
  "segments" : [ {
    "type" : "place",
    "startTime" : "20140703T190707+0200",
    "endTime" : "20140704T094200+0200",
    "activities" : [ {
      "activity" : "walking",
      "group" : "walking",
      "manual" : false,
      "startTime" : "20140704T091233+0200",
      "endTime" : "20140704T091342+0200",
      "duration" : 69.0,
      "distance" : 43.0,
      "steps" : 85
    } ],
    "lastUpdate" : "20140704T085331Z"
  }, {
    "type" : "move",
    "startTime" : "20140704T094200+0200",
    "endTime" : "20140704T094639+0200",
    "activities" : [ {
      "activity" : "walking",
      "group" : "walking",
      "manual" : false,
      "startTime" : "20140704T094200+0200",
      "endTime" : "20140704T094639+0200",
      "duration" : 279.0,
      "distance" : 410.0,
      "steps" : 477
    } ],
    "lastUpdate" : "20140704T085331Z"
  }, {
    "type" : "place",
    "startTime" : "20140704T094640+0200",
    "endTime" : "20140704T095120+0200",
    "activities" : [ {
      "activity" : "walking",
      "group" : "walking",
      "manual" : false,
      "startTime" : "20140704T094640+0200",
      "endTime" : "20140704T094651+0200",
      "duration" : 11.0,
      "distance" : 7.0,
      "steps" : 14
    } ],
    "lastUpdate" : "20140704T085331Z"
  }, {
    "type" : "move",
    "startTime" : "20140704T095120+0200",
    "endTime" : "20140704T100349+0200",
    "activities" : [ {
      "activity" : "transport",
      "group" : "transport",
      "manual" : false,
      "startTime" : "20140704T095120+0200",
      "endTime" : "20140704T100112+0200",
      "duration" : 592.0,
      "distance" : 2048.0
    }, {
      "activity" : "walking",
      "group" : "walking",
      "manual" : false,
      "startTime" : "20140704T100112+0200",
      "endTime" : "20140704T100350+0200",
      "duration" : 158.0,
      "distance" : 150.0,
      "steps" : 224
    } ],
    "lastUpdate" : "20140704T085331Z"
  }, {
    "type" : "move",
    "startTime" : "20140704T102050+0200",
    "endTime" : "20140704T102744+0200",
    "activities" : [ {
      "activity" : "walking",
      "group" : "walking",
      "manual" : false,
      "startTime" : "20140704T102050+0200",
      "endTime" : "20140704T102745+0200",
      "duration" : 415.0,
      "distance" : 362.0,
      "steps" : 686
    } ],
    "lastUpdate" : "20140704T102427Z"
  }, {
    "type" : "place",
    "startTime" : "20140704T102745+0200",
    "endTime" : "20140704T103550+0200",
    "activities" : [ {
      "activity" : "walking",
      "group" : "walking",
      "manual" : false,
      "startTime" : "20140704T102805+0200",
      "endTime" : "20140704T102921+0200",
      "duration" : 76.0,
      "distance" : 51.0,
      "steps" : 101
    } ],
    "lastUpdate" : "20140704T102427Z"
  }, {
    "type" : "move",
    "startTime" : "20140704T103550+0200",
    "endTime" : "20140704T104347+0200",
    "activities" : [ {
      "activity" : "walking",
      "group" : "walking",
      "manual" : false,
      "startTime" : "20140704T103550+0200",
      "endTime" : "20140704T104348+0200",
      "duration" : 478.0,
      "distance" : 319.0,
      "steps" : 639
    } ],
    "lastUpdate" : "20140704T102427Z"
  }, {
    "type" : "place",
    "startTime" : "20140704T104348+0200",
    "endTime" : "20140704T105148+0200",
    "activities" : [ {
      "activity" : "walking",
      "group" : "walking",
      "manual" : false,
      "startTime" : "20140704T104407+0200",
      "endTime" : "20140704T104648+0200",
      "duration" : 161.0,
      "distance" : 170.0,
      "steps" : 226
    } ],
    "lastUpdate" : "20140704T102428Z"
  }, {
    "type" : "move",
    "startTime" : "20140704T105148+0200",
    "endTime" : "20140704T105908+0200",
    "activities" : [ {
      "activity" : "walking",
      "group" : "walking",
      "manual" : false,
      "startTime" : "20140704T105148+0200",
      "endTime" : "20140704T105909+0200",
      "duration" : 441.0,
      "distance" : 331.0,
      "steps" : 657
    } ],
    "lastUpdate" : "20140704T102428Z"
  }, {
    "type" : "place",
    "startTime" : "20140704T105908+0200",
    "endTime" : "20140704T111254+0200",
    "activities" : [ {
      "activity" : "walking",
      "group" : "walking",
      "manual" : false,
      "startTime" : "20140704T105908+0200",
      "endTime" : "20140704T105943+0200",
      "duration" : 35.0,
      "distance" : 25.0,
      "steps" : 49
    }, {
      "activity" : "walking",
      "group" : "walking",
      "manual" : false,
      "startTime" : "20140704T110024+0200",
      "endTime" : "20140704T110057+0200",
      "duration" : 33.0,
      "distance" : 17.0,
      "steps" : 34
    } ],
    "lastUpdate" : "20140704T102428Z"
  }, {
    "type" : "move",
    "startTime" : "20140704T111254+0200",
    "endTime" : "20140704T112440+0200",
    "activities" : [ {
      "activity" : "transport",
      "group" : "transport",
      "manual" : false,
      "startTime" : "20140704T111254+0200",
      "endTime" : "20140704T111842+0200",
      "duration" : 348.0,
      "distance" : 1707.0
    }, {
      "activity" : "walking",
      "group" : "walking",
      "manual" : false,
      "startTime" : "20140704T111842+0200",
      "endTime" : "20140704T112440+0200",
      "duration" : 358.0,
      "distance" : 274.0,
      "steps" : 433
    } ],
    "lastUpdate" : "20140704T102428Z"
  }, {
    "type" : "place",
    "startTime" : "20140704T112440+0200",
    "endTime" : "20140704T125102+0200",
    "activities" : [ {
      "activity" : "walking",
      "group" : "walking",
      "manual" : false,
      "startTime" : "20140704T112738+0200",
      "endTime" : "20140704T112850+0200",
      "duration" : 72.0,
      "distance" : 48.0,
      "steps" : 96
    }, {
      "activity" : "walking",
      "group" : "walking",
      "manual" : false,
      "startTime" : "20140704T122228+0200",
      "endTime" : "20140704T122323+0200",
      "duration" : 55.0,
      "distance" : 37.0,
      "steps" : 73
    } ],
    "lastUpdate" : "20140704T132336Z"
  }, {
    "type" : "move",
    "startTime" : "20140704T125102+0200",
    "endTime" : "20140704T125343+0200",
    "activities" : [ {
      "activity" : "walking",
      "group" : "walking",
      "manual" : false,
      "startTime" : "20140704T125102+0200",
      "endTime" : "20140704T125343+0200",
      "duration" : 161.0,
      "distance" : 150.0,
      "steps" : 301
    } ],
    "lastUpdate" : "20140704T132336Z"
  }, {
    "type" : "place",
    "startTime" : "20140704T125343+0200",
    "endTime" : "20140704T175426+0200",
    "activities" : [ {
      "activity" : "walking",
      "group" : "walking",
      "manual" : false,
      "startTime" : "20140704T125343+0200",
      "endTime" : "20140704T125403+0200",
      "duration" : 20.0,
      "distance" : 16.0,
      "steps" : 31
    }, {
      "activity" : "walking",
      "group" : "walking",
      "manual" : false,
      "startTime" : "20140704T143001+0200",
      "endTime" : "20140704T143004+0200",
      "duration" : 3.0,
      "distance" : 2.0,
      "steps" : 4
    }, {
      "activity" : "walking",
      "group" : "walking",
      "manual" : false,
      "startTime" : "20140704T161832+0200",
      "endTime" : "20140704T161833+0200",
      "duration" : 1.0,
      "distance" : 1.0,
      "steps" : 1
    } ],
    "lastUpdate" : "20140704T162320Z"
  }, {
    "type" : "move",
    "startTime" : "20140704T175426+0200",
    "endTime" : "20140704T175831+0200",
    "activities" : [ {
      "activity" : "walking",
      "group" : "walking",
      "manual" : false,
      "startTime" : "20140704T175426+0200",
      "endTime" : "20140704T175832+0200",
      "duration" : 246.0,
      "distance" : 282.0,
      "steps" : 374
    } ],
    "lastUpdate" : "20140704T162320Z"
  }, {
    "type" : "place",
    "startTime" : "20140704T175832+0200",
    "endTime" : "20140704T210804+0200",
    "activities" : [ {
      "activity" : "walking",
      "group" : "walking",
      "manual" : false,
      "startTime" : "20140704T175842+0200",
      "endTime" : "20140704T175936+0200",
      "duration" : 54.0,
      "distance" : 49.0,
      "steps" : 98
    }, {
      "activity" : "walking",
      "group" : "walking",
      "manual" : false,
      "startTime" : "20140704T180001+0200",
      "endTime" : "20140704T180139+0200",
      "duration" : 98.0,
      "distance" : 66.0,
      "steps" : 131
    }, {
      "activity" : "walking",
      "group" : "walking",
      "manual" : false,
      "startTime" : "20140704T193108+0200",
      "endTime" : "20140704T193138+0200",
      "duration" : 30.0,
      "distance" : 15.0,
      "steps" : 30
    }, {
      "activity" : "walking",
      "group" : "walking",
      "manual" : false,
      "startTime" : "20140704T205552+0200",
      "endTime" : "20140704T205609+0200",
      "duration" : 17.0,
      "distance" : 10.0,
      "steps" : 20
    }, {
      "activity" : "walking",
      "group" : "walking",
      "manual" : false,
      "startTime" : "20140704T210013+0200",
      "endTime" : "20140704T210439+0200",
      "duration" : 266.0,
      "distance" : 353.0,
      "steps" : 471
    } ],
    "lastUpdate" : "20140704T205212Z"
  }, {
    "type" : "move",
    "startTime" : "20140704T210804+0200",
    "endTime" : "20140704T214919+0200",
    "activities" : [ {
      "activity" : "walking",
      "group" : "walking",
      "manual" : false,
      "startTime" : "20140704T210804+0200",
      "endTime" : "20140704T211306+0200",
      "duration" : 302.0,
      "distance" : 502.0,
      "steps" : 528
    }, {
      "activity" : "transport",
      "group" : "transport",
      "manual" : false,
      "startTime" : "20140704T211306+0200",
      "endTime" : "20140704T212709+0200",
      "duration" : 843.0,
      "distance" : 2364.0
    }, {
      "activity" : "walking",
      "group" : "walking",
      "manual" : false,
      "startTime" : "20140704T212709+0200",
      "endTime" : "20140704T214919+0200",
      "duration" : 1330.0,
      "distance" : 1116.0,
      "steps" : 1794
    } ],
    "lastUpdate" : "20140704T205212Z"
  }, {
    "type" : "place",
    "startTime" : "20140704T214920+0200",
    "endTime" : "20140704T215304+0200",
    "activities" : [ {
      "activity" : "walking",
      "group" : "walking",
      "manual" : false,
      "startTime" : "20140704T215219+0200",
      "endTime" : "20140704T215249+0200",
      "duration" : 30.0,
      "distance" : 15.0,
      "steps" : 23
    } ],
    "lastUpdate" : "20140704T205212Z"
  }, {
    "type" : "move",
    "startTime" : "20140704T215304+0200",
    "endTime" : "20140704T215934+0200",
    "activities" : [ {
      "activity" : "walking",
      "group" : "walking",
      "manual" : false,
      "startTime" : "20140704T215304+0200",
      "endTime" : "20140704T215935+0200",
      "duration" : 391.0,
      "distance" : 288.0,
      "steps" : 575
    } ],
    "lastUpdate" : "20140704T205212Z"
  }, {
    "type" : "place",
    "startTime" : "20140704T215935+0200",
    "endTime" : "20140704T220549+0200",
    "activities" : [ {
      "activity" : "walking",
      "group" : "walking",
      "manual" : false,
      "startTime" : "20140704T220110+0200",
      "endTime" : "20140704T220241+0200",
      "duration" : 91.0,
      "distance" : 64.0,
      "steps" : 127
    } ],
    "lastUpdate" : "20140704T205212Z"
  }, {
    "type" : "move",
    "startTime" : "20140704T220549+0200",
    "endTime" : "20140704T221020+0200",
    "activities" : [ {
      "activity" : "walking",
      "group" : "walking",
      "manual" : false,
      "startTime" : "20140704T220549+0200",
      "endTime" : "20140704T221021+0200",
      "duration" : 272.0,
      "distance" : 170.0,
      "steps" : 289
    } ],
    "lastUpdate" : "20140704T205212Z"
  }, {
    "type" : "place",
    "startTime" : "20140704T221021+0200",
    "endTime" : "20140704T224019+0200",
    "activities" : [ {
      "activity" : "walking",
      "group" : "walking",
      "manual" : false,
      "startTime" : "20140704T221039+0200",
      "endTime" : "20140704T221123+0200",
      "duration" : 44.0,
      "distance" : 29.0,
      "steps" : 58
    } ],
    "lastUpdate" : "20140704T223220Z"
  }, {
    "type" : "move",
    "startTime" : "20140704T224019+0200",
    "endTime" : "20140704T230647+0200",
    "activities" : [ {
      "activity" : "walking",
      "group" : "walking",
      "manual" : false,
      "startTime" : "20140704T224019+0200",
      "endTime" : "20140704T225916+0200",
      "duration" : 1137.0,
      "distance" : 982.0,
      "steps" : 1494
    }, {
      "activity" : "transport",
      "group" : "transport",
      "manual" : false,
      "startTime" : "20140704T225916+0200",
      "endTime" : "20140704T230118+0200",
      "duration" : 122.0,
      "distance" : 635.0
    }, {
      "activity" : "walking",
      "group" : "walking",
      "manual" : false,
      "startTime" : "20140704T230118+0200",
      "endTime" : "20140704T230648+0200",
      "duration" : 330.0,
      "distance" : 284.0,
      "steps" : 501
    } ],
    "lastUpdate" : "20140704T223220Z"
  }, {
    "type" : "place",
    "startTime" : "20140704T230647+0200",
    "endTime" : "20140704T235640+0200",
    "activities" : [ {
      "activity" : "walking",
      "group" : "walking",
      "manual" : false,
      "startTime" : "20140704T230647+0200",
      "endTime" : "20140704T230732+0200",
      "duration" : 45.0,
      "distance" : 30.0,
      "steps" : 60
    } ],
    "lastUpdate" : "20140704T223220Z"
  }, {
    "type" : "move",
    "startTime" : "20140704T235640+0200",
    "endTime" : "20140705T000048+0200",
    "activities" : [ {
      "activity" : "walking",
      "group" : "walking",
      "manual" : false,
      "startTime" : "20140704T235640+0200",
      "endTime" : "20140705T000000+0200",
      "duration" : 200.0,
      "distance" : 128.0,
      "steps" : 256
    } ],
    "lastUpdate" : "20140704T223220Z"
  } ],
  "lastUpdate" : "20140704T223220Z"
}, {
  "date" : "20140705",
  "summary" : [ {
    "activity" : "walking",
    "group" : "walking",
    "duration" : 1750.0,
    "distance" : 1905.0,
    "steps" : 2560
  }, {
    "activity" : "cycling",
    "group" : "cycling",
    "duration" : 1733.0,
    "distance" : 6832.0
  } ],
  "segments" : [ {
    "type" : "move",
    "startTime" : "20140704T235640+0200",
    "endTime" : "20140705T000048+0200",
    "activities" : [ {
      "activity" : "walking",
      "group" : "walking",
      "manual" : false,
      "startTime" : "20140705T000000+0200",
      "endTime" : "20140705T000049+0200",
      "duration" : 49.0,
      "distance" : 74.0,
      "steps" : 62
    } ],
    "lastUpdate" : "20140704T223220Z"
  }, {
    "type" : "place",
    "startTime" : "20140705T000048+0200",
    "endTime" : "20140705T110247+0200",
    "activities" : [ {
      "activity" : "walking",
      "group" : "walking",
      "manual" : false,
      "startTime" : "20140705T000103+0200",
      "endTime" : "20140705T000405+0200",
      "duration" : 182.0,
      "distance" : 228.0,
      "steps" : 304
    }, {
      "activity" : "walking",
      "group" : "walking",
      "manual" : false,
      "startTime" : "20140705T010021+0200",
      "endTime" : "20140705T010024+0200",
      "duration" : 3.0,
      "distance" : 2.0,
      "steps" : 4
    }, {
      "activity" : "walking",
      "group" : "walking",
      "manual" : false,
      "startTime" : "20140705T095242+0200",
      "endTime" : "20140705T095245+0200",
      "duration" : 3.0,
      "distance" : 2.0,
      "steps" : 4
    }, {
      "activity" : "walking",
      "group" : "walking",
      "manual" : false,
      "startTime" : "20140705T110034+0200",
      "endTime" : "20140705T110139+0200",
      "duration" : 65.0,
      "distance" : 46.0,
      "steps" : 92
    } ],
    "lastUpdate" : "20140705T111018Z"
  }, {
    "type" : "move",
    "startTime" : "20140705T110247+0200",
    "endTime" : "20140705T110905+0200",
    "activities" : [ {
      "activity" : "cycling",
      "group" : "cycling",
      "manual" : false,
      "startTime" : "20140705T110247+0200",
      "endTime" : "20140705T110905+0200",
      "duration" : 378.0,
      "distance" : 1531.0
    } ],
    "lastUpdate" : "20140705T111018Z"
  }, {
    "type" : "place",
    "startTime" : "20140705T110905+0200",
    "endTime" : "20140705T112001+0200",
    "activities" : [ {
      "activity" : "walking",
      "group" : "walking",
      "manual" : false,
      "startTime" : "20140705T110905+0200",
      "endTime" : "20140705T111339+0200",
      "duration" : 274.0,
      "distance" : 281.0,
      "steps" : 374
    } ],
    "lastUpdate" : "20140705T111018Z"
  }, {
    "type" : "move",
    "startTime" : "20140705T112001+0200",
    "endTime" : "20140705T112730+0200",
    "activities" : [ {
      "activity" : "cycling",
      "group" : "cycling",
      "manual" : false,
      "startTime" : "20140705T112001+0200",
      "endTime" : "20140705T112730+0200",
      "duration" : 449.0,
      "distance" : 1930.0
    } ],
    "lastUpdate" : "20140705T111018Z"
  }, {
    "type" : "place",
    "startTime" : "20140705T112730+0200",
    "endTime" : "20140705T113632+0200",
    "activities" : [ {
      "activity" : "walking",
      "group" : "walking",
      "manual" : false,
      "startTime" : "20140705T112730+0200",
      "endTime" : "20140705T113147+0200",
      "duration" : 257.0,
      "distance" : 259.0,
      "steps" : 346
    } ],
    "lastUpdate" : "20140705T111018Z"
  }, {
    "type" : "move",
    "startTime" : "20140705T113632+0200",
    "endTime" : "20140705T114413+0200",
    "activities" : [ {
      "activity" : "cycling",
      "group" : "cycling",
      "manual" : false,
      "startTime" : "20140705T113632+0200",
      "endTime" : "20140705T114413+0200",
      "duration" : 461.0,
      "distance" : 1681.0
    } ],
    "lastUpdate" : "20140705T111018Z"
  }, {
    "type" : "place",
    "startTime" : "20140705T114413+0200",
    "endTime" : "20140705T172914+0200",
    "activities" : [ {
      "activity" : "walking",
      "group" : "walking",
      "manual" : false,
      "startTime" : "20140705T114413+0200",
      "endTime" : "20140705T114823+0200",
      "duration" : 250.0,
      "distance" : 285.0,
      "steps" : 379
    }, {
      "activity" : "walking",
      "group" : "walking",
      "manual" : false,
      "startTime" : "20140705T131644+0200",
      "endTime" : "20140705T132305+0200",
      "duration" : 381.0,
      "distance" : 422.0,
      "steps" : 563
    }, {
      "activity" : "walking",
      "group" : "walking",
      "manual" : false,
      "startTime" : "20140705T171921+0200",
      "endTime" : "20140705T172310+0200",
      "duration" : 229.0,
      "distance" : 267.0,
      "steps" : 356
    } ],
    "lastUpdate" : "20140705T171252Z"
  }, {
    "type" : "move",
    "startTime" : "20140705T172914+0200",
    "endTime" : "20140705T173639+0200",
    "activities" : [ {
      "activity" : "cycling",
      "group" : "cycling",
      "manual" : false,
      "startTime" : "20140705T172914+0200",
      "endTime" : "20140705T173639+0200",
      "duration" : 445.0,
      "distance" : 1690.0
    } ],
    "lastUpdate" : "20140705T171252Z"
  }, {
    "type" : "place",
    "startTime" : "20140705T173640+0200",
    "endTime" : "20140707T092228+0200",
    "activities" : [ {
      "activity" : "walking",
      "group" : "walking",
      "manual" : false,
      "startTime" : "20140705T173708+0200",
      "endTime" : "20140705T173804+0200",
      "duration" : 56.0,
      "distance" : 38.0,
      "steps" : 75
    }, {
      "activity" : "walking",
      "group" : "walking",
      "manual" : false,
      "startTime" : "20140705T180314+0200",
      "endTime" : "20140705T180315+0200",
      "duration" : 1.0,
      "distance" : 1.0,
      "steps" : 1
    } ],
    "lastUpdate" : "20140707T082054Z"
  } ],
  "lastUpdate" : "20140707T082054Z"
}, {
  "date" : "20140706",
  "summary" : [ {
    "activity" : "walking",
    "group" : "walking",
    "duration" : 152.0,
    "distance" : 84.0,
    "steps" : 134
  } ],
  "segments" : [ {
    "type" : "place",
    "startTime" : "20140705T173640+0200",
    "endTime" : "20140707T092228+0200",
    "activities" : [ {
      "activity" : "walking",
      "group" : "walking",
      "manual" : false,
      "startTime" : "20140706T083924+0200",
      "endTime" : "20140706T083953+0200",
      "duration" : 29.0,
      "distance" : 15.0,
      "steps" : 26
    }, {
      "activity" : "walking",
      "group" : "walking",
      "manual" : false,
      "startTime" : "20140706T092421+0200",
      "endTime" : "20140706T092422+0200",
      "duration" : 1.0,
      "distance" : 1.0,
      "steps" : 1
    }, {
      "activity" : "walking",
      "group" : "walking",
      "manual" : false,
      "startTime" : "20140706T120105+0200",
      "endTime" : "20140706T120135+0200",
      "duration" : 30.0,
      "distance" : 15.0,
      "steps" : 15
    }, {
      "activity" : "walking",
      "group" : "walking",
      "manual" : false,
      "startTime" : "20140706T145002+0200",
      "endTime" : "20140706T145030+0200",
      "duration" : 28.0,
      "distance" : 20.0,
      "steps" : 40
    }, {
      "activity" : "walking",
      "group" : "walking",
      "manual" : false,
      "startTime" : "20140706T171259+0200",
      "endTime" : "20140706T171329+0200",
      "duration" : 30.0,
      "distance" : 15.0,
      "steps" : 17
    }, {
      "activity" : "walking",
      "group" : "walking",
      "manual" : false,
      "startTime" : "20140706T193934+0200",
      "endTime" : "20140706T194004+0200",
      "duration" : 30.0,
      "distance" : 15.0,
      "steps" : 30
    }, {
      "activity" : "walking",
      "group" : "walking",
      "manual" : false,
      "startTime" : "20140706T222706+0200",
      "endTime" : "20140706T222710+0200",
      "duration" : 4.0,
      "distance" : 3.0,
      "steps" : 5
    } ],
    "lastUpdate" : "20140707T082054Z"
  } ],
  "lastUpdate" : "20140707T082054Z"
} ]