[ {
  "date" : "20140728",
  "summary" : [ {
    "activity" : "walking",
    "group" : "walking",
    "duration" : 2211.0,
    "distance" : 2684.0,
    "steps" : 3300
  }, {
    "activity" : "transport",
    "group" : "transport",
    "duration" : 581.0,
    "distance" : 1706.0
  } ],
  "segments" : [ {
    "type" : "place",
    "startTime" : "20140727T234542+0200",
    "endTime" : "20140728T090134+0200",
    "activities" : [ {
      "activity" : "walking",
      "group" : "walking",
      "manual" : false,
      "startTime" : "20140728T081546+0200",
      "endTime" : "20140728T081607+0200",
      "duration" : 21.0,
      "distance" : 20.0,
      "steps" : 41
    }, {
      "activity" : "walking",
      "group" : "walking",
      "manual" : false,
      "startTime" : "20140728T090008+0200",
      "endTime" : "20140728T090020+0200",
      "duration" : 12.0,
      "distance" : 8.0,
      "steps" : 17
    } ],
    "lastUpdate" : "20140728T112311Z"
  }, {
    "type" : "move",
    "startTime" : "20140728T090134+0200",
    "endTime" : "20140728T091825+0200",
    "activities" : [ {
      "activity" : "walking",
      "group" : "walking",
      "manual" : false,
      "startTime" : "20140728T090134+0200",
      "endTime" : "20140728T090709+0200",
      "duration" : 335.0,
      "distance" : 389.0,
      "steps" : 536
    }, {
      "activity" : "transport",
      "group" : "transport",
      "manual" : false,
      "startTime" : "20140728T090709+0200",
      "endTime" : "20140728T091425+0200",
      "duration" : 436.0,
      "distance" : 950.0
    }, {
      "activity" : "walking",
      "group" : "walking",
      "manual" : false,
      "startTime" : "20140728T091425+0200",
      "endTime" : "20140728T091825+0200",
      "duration" : 240.0,
      "distance" : 513.0,
      "steps" : 432
    } ],
    "lastUpdate" : "20140728T112311Z"
  }, {
    "type" : "place",
    "startTime" : "20140728T091825+0200",
    "endTime" : "20140728T175645+0200",
    "activities" : [ {
      "activity" : "walking",
      "group" : "walking",
      "manual" : false,
      "startTime" : "20140728T091825+0200",
      "endTime" : "20140728T092215+0200",
      "duration" : 230.0,
      "distance" : 283.0,
      "steps" : 378
    }, {
      "activity" : "walking",
      "group" : "walking",
      "manual" : false,
      "startTime" : "20140728T103720+0200",
      "endTime" : "20140728T103722+0200",
      "duration" : 2.0,
      "distance" : 1.0,
      "steps" : 2
    }, {
      "activity" : "walking",
      "group" : "walking",
      "manual" : false,
      "startTime" : "20140728T142452+0200",
      "endTime" : "20140728T142513+0200",
      "duration" : 21.0,
      "distance" : 15.0,
      "steps" : 29
    }, {
      "activity" : "walking",
      "group" : "walking",
      "manual" : false,
      "startTime" : "20140728T170050+0200",
      "endTime" : "20140728T170249+0200",
      "duration" : 119.0,
      "distance" : 79.0,
      "steps" : 158
    } ],
    "lastUpdate" : "20140728T174346Z"
  }, {
    "type" : "move",
    "startTime" : "20140728T175645+0200",
    "endTime" : "20140728T180926+0200",
    "activities" : [ {
      "activity" : "walking",
      "group" : "walking",
      "manual" : false,
      "startTime" : "20140728T175645+0200",
      "endTime" : "20140728T180927+0200",
      "duration" : 762.0,
      "distance" : 605.0,
      "steps" : 994
    } ],
    "lastUpdate" : "20140728T174346Z"
  }, {
    "type" : "place",
    "startTime" : "20140728T180926+0200",
    "endTime" : "20140728T182019+0200",
    "activities" : [ {
      "activity" : "walking",
      "group" : "walking",
      "manual" : false,
      "startTime" : "20140728T180926+0200",
      "endTime" : "20140728T181025+0200",
      "duration" : 59.0,
      "distance" : 35.0,
      "steps" : 70
    } ],
    "lastUpdate" : "20140728T174346Z"
  }, {
    "type" : "move",
    "startTime" : "20140728T182019+0200",
    "endTime" : "20140728T182848+0200",
    "activities" : [ {
      "activity" : "transport",
      "group" : "transport",
      "manual" : false,
      "startTime" : "20140728T182019+0200",
      "endTime" : "20140728T182244+0200",
      "duration" : 145.0,
      "distance" : 756.0
    }, {
      "activity" : "walking",
      "group" : "walking",
      "manual" : false,
      "startTime" : "20140728T182245+0200",
      "endTime" : "20140728T182849+0200",
      "duration" : 364.0,
      "distance" : 710.0,
      "steps" : 592
    } ],
    "lastUpdate" : "20140728T174346Z"
  }, {
    "type" : "place",
    "startTime" : "20140728T182849+0200",
    "endTime" : "20140729T082059+0200",
    "activities" : [ {
      "activity" : "walking",
      "group" : "walking",
      "manual" : false,
      "startTime" : "20140728T182849+0200",
      "endTime" : "20140728T182903+0200",
      "duration" : 14.0,
      "distance" : 9.0,
      "steps" : 18
    }, {
      "activity" : "walking",
      "group" : "walking",
      "manual" : false,
      "startTime" : "20140728T224059+0200",
      "endTime" : "20140728T224131+0200",
      "duration" : 32.0,
      "distance" : 17.0,
      "steps" : 33
    } ],
    "lastUpdate" : "20140729T081718Z"
  } ],
  "lastUpdate" : "20140729T081718Z"
}, {
  "date" : "20140729",
  "summary" : [ {
    "activity" : "walking",
    "group" : "walking",
    "duration" : 4292.0,
    "distance" : 4681.0,
    "steps" : 6761
  }, {
    "activity" : "cycling",
    "group" : "cycling",
    "duration" : 467.0,
    "distance" : 1621.0
  } ],
  "segments" : [ {
    "type" : "move",
    "startTime" : "20140729T082059+0200",
    "endTime" : "20140729T084030+0200",
    "activities" : [ {
      "activity" : "walking",
      "group" : "walking",
      "manual" : false,
      "startTime" : "20140729T082059+0200",
      "endTime" : "20140729T084030+0200",
      "duration" : 1171.0,
      "distance" : 1583.0,
      "steps" : 2028
    } ],
    "lastUpdate" : "20140729T081718Z"
  }, {
    "type" : "place",
    "startTime" : "20140729T084030+0200",
    "endTime" : "20140729T120446+0200",
    "activities" : [ {
      "activity" : "walking",
      "group" : "walking",
      "manual" : false,
      "startTime" : "20140729T084118+0200",
      "endTime" : "20140729T084126+0200",
      "duration" : 8.0,
      "distance" : 5.0,
      "steps" : 10
    }, {
      "activity" : "walking",
      "group" : "walking",
      "manual" : false,
      "startTime" : "20140729T091938+0200",
      "endTime" : "20140729T092206+0200",
      "duration" : 148.0,
      "distance" : 151.0,
      "steps" : 201
    }, {
      "activity" : "walking",
      "group" : "walking",
      "manual" : false,
      "startTime" : "20140729T111755+0200",
      "endTime" : "20140729T112148+0200",
      "duration" : 233.0,
      "distance" : 233.0,
      "steps" : 311
    }, {
      "activity" : "walking",
      "group" : "walking",
      "manual" : false,
      "startTime" : "20140729T120410+0200",
      "endTime" : "20140729T120421+0200",
      "duration" : 11.0,
      "distance" : 7.0,
      "steps" : 14
    } ],
    "lastUpdate" : "20140729T115120Z"
  }, {
    "type" : "move",
    "startTime" : "20140729T120446+0200",
    "endTime" : "20140729T121816+0200",
    "activities" : [ {
      "activity" : "walking",
      "group" : "walking",
      "manual" : false,
      "startTime" : "20140729T120446+0200",
      "endTime" : "20140729T121816+0200",
      "duration" : 810.0,
      "distance" : 928.0,
      "steps" : 1219
    } ],
    "lastUpdate" : "20140729T115120Z"
  }, {
    "type" : "place",
    "startTime" : "20140729T121816+0200",
    "endTime" : "20140729T125729+0200",
    "activities" : [ {
      "activity" : "walking",
      "group" : "walking",
      "manual" : false,
      "startTime" : "20140729T123441+0200",
      "endTime" : "20140729T123600+0200",
      "duration" : 79.0,
      "distance" : 50.0,
      "steps" : 100
    } ],
    "lastUpdate" : "20140729T130608Z"
  }, {
    "type" : "move",
    "startTime" : "20140729T125729+0200",
    "endTime" : "20140729T131137+0200",
    "activities" : [ {
      "activity" : "walking",
      "group" : "walking",
      "manual" : false,
      "startTime" : "20140729T125729+0200",
      "endTime" : "20140729T131137+0200",
      "duration" : 848.0,
      "distance" : 824.0,
      "steps" : 1492
    } ],
    "lastUpdate" : "20140729T130608Z"
  }, {
    "type" : "place",
    "startTime" : "20140729T131137+0200",
    "endTime" : "20140729T201555+0200",
    "activities" : [ {
      "activity" : "walking",
      "group" : "walking",
      "manual" : false,
      "startTime" : "20140729T141435+0200",
      "endTime" : "20140729T141607+0200",
      "duration" : 92.0,
      "distance" : 57.0,
      "steps" : 114
    }, {
      "activity" : "walking",
      "group" : "walking",
      "manual" : false,
      "startTime" : "20140729T201317+0200",
      "endTime" : "20140729T201445+0200",
      "duration" : 88.0,
      "distance" : 61.0,
      "steps" : 121
    } ],
    "lastUpdate" : "20140729T190502Z"
  }, {
    "type" : "move",
    "startTime" : "20140729T201555+0200",
    "endTime" : "20140729T201928+0200",
    "activities" : [ {
      "activity" : "cycling",
      "group" : "cycling",
      "manual" : false,
      "startTime" : "20140729T201555+0200",
      "endTime" : "20140729T201928+0200",
      "duration" : 213.0,
      "distance" : 955.0
    } ],
    "lastUpdate" : "20140729T190502Z"
  }, {
    "type" : "place",
    "startTime" : "20140729T201928+0200",
    "endTime" : "20140729T203549+0200",
    "activities" : [ {
      "activity" : "walking",
      "group" : "walking",
      "manual" : false,
      "startTime" : "20140729T202052+0200",
      "endTime" : "20140729T202631+0200",
      "duration" : 339.0,
      "distance" : 360.0,
      "steps" : 479
    } ],
    "lastUpdate" : "20140729T203522Z"
  }, {
    "type" : "move",
    "startTime" : "20140729T203549+0200",
    "endTime" : "20140729T204004+0200",
    "activities" : [ {
      "activity" : "cycling",
      "group" : "cycling",
      "manual" : false,
      "startTime" : "20140729T203549+0200",
      "endTime" : "20140729T204003+0200",
      "duration" : 254.0,
      "distance" : 666.0
    } ],
    "lastUpdate" : "20140729T203522Z"
  }, {
    "type" : "place",
    "startTime" : "20140729T204004+0200",
    "endTime" : "20140729T212716+0200",
    "activities" : [ {
      "activity" : "walking",
      "group" : "walking",
      "manual" : false,
      "startTime" : "20140729T204004+0200",
      "endTime" : "20140729T204027+0200",
      "duration" : 23.0,
      "distance" : 16.0,
      "steps" : 31
    } ],
    "lastUpdate" : "20140729T203522Z"
  }, {
    "type" : "move",
    "startTime" : "20140729T212716+0200",
    "endTime" : "20140729T213207+0200",
    "activities" : [ {
      "activity" : "walking",
      "group" : "walking",
      "manual" : false,
      "startTime" : "20140729T212716+0200",
      "endTime" : "20140729T213207+0200",
      "duration" : 291.0,
      "distance" : 219.0,
      "steps" : 392
    } ],
    "lastUpdate" : "20140729T203522Z"
  }, {
    "type" : "place",
    "startTime" : "20140729T213207+0200",
    "endTime" : "20140730T000017+0200",
    "activities" : [ {
      "activity" : "walking",
      "group" : "walking",
      "manual" : false,
      "startTime" : "20140729T234527+0200",
      "endTime" : "20140729T234758+0200",
      "duration" : 151.0,
      "distance" : 187.0,
      "steps" : 249
    } ],
    "lastUpdate" : "20140730T073421Z"
  } ],
  "lastUpdate" : "20140730T073421Z"
}, {
  "date" : "20140730",
  "summary" : [ {
    "activity" : "walking",
    "group" : "walking",
    "duration" : 4381.0,
    "distance" : 5180.0,
    "steps" : 6804
  }, {
    "activity" : "transport",
    "group" : "transport",
    "duration" : 1698.0,
    "distance" : 5562.0
  }, {
    "activity" : "cycling",
    "group" : "cycling",
    "duration" : 1680.0,
    "distance" : 5729.0
  } ],
  "segments" : [ {
    "type" : "place",
    "startTime" : "20140729T213207+0200",
    "endTime" : "20140730T000017+0200",
    "activities" : [ {
      "activity" : "walking",
      "group" : "walking",
      "manual" : false,
      "startTime" : "20140730T000000+0200",
      "endTime" : "20140730T000017+0200",
      "duration" : 17.0,
      "distance" : 17.0,
      "steps" : 33
    } ],
    "lastUpdate" : "20140730T073421Z"
  }, {
    "type" : "place",
    "startTime" : "20140730T000017+0200",
    "endTime" : "20140730T093214+0200",
    "activities" : [ {
      "activity" : "walking",
      "group" : "walking",
      "manual" : false,
      "startTime" : "20140730T000017+0200",
      "endTime" : "20140730T000159+0200",
      "duration" : 102.0,
      "distance" : 84.0,
      "steps" : 167
    }, {
      "activity" : "walking",
      "group" : "walking",
      "manual" : false,
      "startTime" : "20140730T013549+0200",
      "endTime" : "20140730T013626+0200",
      "duration" : 37.0,
      "distance" : 18.0,
      "steps" : 29
    } ],
    "lastUpdate" : "20140730T090550Z"
  }, {
    "type" : "move",
    "startTime" : "20140730T093214+0200",
    "endTime" : "20140730T095306+0200",
    "activities" : [ {
      "activity" : "walking",
      "group" : "walking",
      "manual" : false,
      "startTime" : "20140730T093214+0200",
      "endTime" : "20140730T093640+0200",
      "duration" : 266.0,
      "distance" : 361.0,
      "steps" : 478
    }, {
      "activity" : "transport",
      "group" : "transport",
      "manual" : false,
      "startTime" : "20140730T093639+0200",
      "endTime" : "20140730T094201+0200",
      "duration" : 322.0,
      "distance" : 692.0
    }, {
      "activity" : "walking",
      "group" : "walking",
      "manual" : false,
      "startTime" : "20140730T094201+0200",
      "endTime" : "20140730T095305+0200",
      "duration" : 664.0,
      "distance" : 869.0,
      "steps" : 976
    } ],
    "lastUpdate" : "20140730T090550Z"
  }, {
    "type" : "place",
    "startTime" : "20140730T095306+0200",
    "endTime" : "20140730T112057+0200",
    "activities" : [ {
      "activity" : "walking",
      "group" : "walking",
      "manual" : false,
      "startTime" : "20140730T095642+0200",
      "endTime" : "20140730T095644+0200",
      "duration" : 2.0,
      "distance" : 2.0,
      "steps" : 3
    }, {
      "activity" : "walking",
      "group" : "walking",
      "manual" : false,
      "startTime" : "20140730T110617+0200",
      "endTime" : "20140730T110945+0200",
      "duration" : 208.0,
      "distance" : 227.0,
      "steps" : 303
    } ],
    "lastUpdate" : "20140730T103659Z"
  }, {
    "type" : "move",
    "startTime" : "20140730T112057+0200",
    "endTime" : "20140730T112509+0200",
    "activities" : [ {
      "activity" : "walking",
      "group" : "walking",
      "manual" : false,
      "startTime" : "20140730T112057+0200",
      "endTime" : "20140730T112509+0200",
      "duration" : 252.0,
      "distance" : 402.0,
      "steps" : 335
    } ],
    "lastUpdate" : "20140730T103659Z"
  }, {
    "type" : "place",
    "startTime" : "20140730T112509+0200",
    "endTime" : "20140730T113240+0200",
    "activities" : [ {
      "activity" : "walking",
      "group" : "walking",
      "manual" : false,
      "startTime" : "20140730T112547+0200",
      "endTime" : "20140730T112627+0200",
      "duration" : 40.0,
      "distance" : 30.0,
      "steps" : 59
    } ],
    "lastUpdate" : "20140730T103659Z"
  }, {
    "type" : "move",
    "startTime" : "20140730T113240+0200",
    "endTime" : "20140730T113450+0200",
    "activities" : [ {
      "activity" : "walking",
      "group" : "walking",
      "manual" : false,
      "startTime" : "20140730T113240+0200",
      "endTime" : "20140730T113450+0200",
      "duration" : 130.0,
      "distance" : 188.0,
      "steps" : 234
    } ],
    "lastUpdate" : "20140730T103659Z"
  }, {
    "type" : "place",
    "startTime" : "20140730T113450+0200",
    "endTime" : "20140730T115941+0200",
    "activities" : [ {
      "activity" : "walking",
      "group" : "walking",
      "manual" : false,
      "startTime" : "20140730T113450+0200",
      "endTime" : "20140730T113534+0200",
      "duration" : 44.0,
      "distance" : 25.0,
      "steps" : 51
    } ],
    "lastUpdate" : "20140730T133738Z"
  }, {
    "type" : "move",
    "startTime" : "20140730T115941+0200",
    "endTime" : "20140730T121009+0200",
    "activities" : [ {
      "activity" : "walking",
      "group" : "walking",
      "manual" : false,
      "startTime" : "20140730T115941+0200",
      "endTime" : "20140730T121010+0200",
      "duration" : 629.0,
      "distance" : 837.0,
      "steps" : 1123
    } ],
    "lastUpdate" : "20140730T133738Z"
  }, {
    "type" : "place",
    "startTime" : "20140730T121010+0200",
    "endTime" : "20140730T122505+0200",
    "activities" : [ {
      "activity" : "walking",
      "group" : "walking",
      "manual" : false,
      "startTime" : "20140730T121014+0200",
      "endTime" : "20140730T121257+0200",
      "duration" : 163.0,
      "distance" : 195.0,
      "steps" : 260
    } ],
    "lastUpdate" : "20140730T133738Z"
  }, {
    "type" : "move",
    "startTime" : "20140730T122505+0200",
    "endTime" : "20140730T123643+0200",
    "activities" : [ {
      "activity" : "transport",
      "group" : "transport",
      "manual" : false,
      "startTime" : "20140730T122505+0200",
      "endTime" : "20140730T123138+0200",
      "duration" : 393.0,
      "distance" : 1580.0
    }, {
      "activity" : "walking",
      "group" : "walking",
      "manual" : false,
      "startTime" : "20140730T123139+0200",
      "endTime" : "20140730T123644+0200",
      "duration" : 305.0,
      "distance" : 224.0,
      "steps" : 448
    } ],
    "lastUpdate" : "20140730T133738Z"
  }, {
    "type" : "place",
    "startTime" : "20140730T123644+0200",
    "endTime" : "20140730T130727+0200",
    "activities" : [ {
      "activity" : "walking",
      "group" : "walking",
      "manual" : false,
      "startTime" : "20140730T123848+0200",
      "endTime" : "20140730T124645+0200",
      "duration" : 477.0,
      "distance" : 494.0,
      "steps" : 658
    }, {
      "activity" : "walking",
      "group" : "walking",
      "manual" : false,
      "startTime" : "20140730T130000+0200",
      "endTime" : "20140730T130033+0200",
      "duration" : 33.0,
      "distance" : 22.0,
      "steps" : 43
    } ],
    "lastUpdate" : "20140730T133738Z"
  }, {
    "type" : "move",
    "startTime" : "20140730T130727+0200",
    "endTime" : "20140730T132849+0200",
    "activities" : [ {
      "activity" : "transport",
      "group" : "transport",
      "manual" : false,
      "startTime" : "20140730T130727+0200",
      "endTime" : "20140730T132350+0200",
      "duration" : 983.0,
      "distance" : 3290.0
    }, {
      "activity" : "walking",
      "group" : "walking",
      "manual" : false,
      "startTime" : "20140730T132350+0200",
      "endTime" : "20140730T132848+0200",
      "duration" : 298.0,
      "distance" : 397.0,
      "steps" : 528
    } ],
    "lastUpdate" : "20140730T133738Z"
  }, {
    "type" : "place",
    "startTime" : "20140730T132849+0200",
    "endTime" : "20140730T200838+0200",
    "activities" : [ {
      "activity" : "walking",
      "group" : "walking",
      "manual" : false,
      "startTime" : "20140730T132849+0200",
      "endTime" : "20140730T132900+0200",
      "duration" : 11.0,
      "distance" : 7.0,
      "steps" : 15
    }, {
      "activity" : "walking",
      "group" : "walking",
      "manual" : false,
      "startTime" : "20140730T172527+0200",
      "endTime" : "20140730T173404+0200",
      "duration" : 517.0,
      "distance" : 609.0,
      "steps" : 812
    }, {
      "activity" : "walking",
      "group" : "walking",
      "manual" : false,
      "startTime" : "20140730T200734+0200",
      "endTime" : "20140730T200800+0200",
      "duration" : 26.0,
      "distance" : 16.0,
      "steps" : 32
    } ],
    "lastUpdate" : "20140730T193705Z"
  }, {
    "type" : "move",
    "startTime" : "20140730T200838+0200",
    "endTime" : "20140730T203637+0200",
    "activities" : [ {
      "activity" : "cycling",
      "group" : "cycling",
      "manual" : false,
      "startTime" : "20140730T200838+0200",
      "endTime" : "20140730T203638+0200",
      "duration" : 1680.0,
      "distance" : 5729.0
    } ],
    "lastUpdate" : "20140730T193705Z"
  }, {
    "type" : "place",
    "startTime" : "20140730T203637+0200",
    "endTime" : "20140731T090405+0200",
    "activities" : [ {
      "activity" : "walking",
      "group" : "walking",
      "manual" : false,
      "startTime" : "20140730T203637+0200",
      "endTime" : "20140730T203847+0200",
      "duration" : 130.0,
      "distance" : 141.0,
      "steps" : 187
    }, {
      "activity" : "walking",
      "group" : "walking",
      "manual" : false,
      "startTime" : "20140730T233754+0200",
      "endTime" : "20140730T233824+0200",
      "duration" : 30.0,
      "distance" : 15.0,
      "steps" : 30
    } ],
    "lastUpdate" : "20140731T085038Z"
  } ],
  "lastUpdate" : "20140731T085038Z"
}, {
  "date" : "20140731",
  "summary" : [ {
    "activity" : "walking",
    "group" : "walking",
    "duration" : 6312.0,
    "distance" : 7968.0,
    "steps" : 10384
  }, {
    "activity" : "transport",
    "group" : "transport",
    "duration" : 305.0,
    "distance" : 799.0
  } ],
  "segments" : [ {
    "type" : "place",
    "startTime" : "20140730T203637+0200",
    "endTime" : "20140731T090405+0200",
    "activities" : [ {
      "activity" : "walking",
      "group" : "walking",
      "manual" : false,
      "startTime" : "20140731T090130+0200",
      "endTime" : "20140731T090212+0200",
      "duration" : 42.0,
      "distance" : 28.0,
      "steps" : 56
    } ],
    "lastUpdate" : "20140731T085038Z"
  }, {
    "type" : "move",
    "startTime" : "20140731T090405+0200",
    "endTime" : "20140731T092232+0200",
    "activities" : [ {
      "activity" : "walking",
      "group" : "walking",
      "manual" : false,
      "startTime" : "20140731T090405+0200",
      "endTime" : "20140731T090801+0200",
      "duration" : 236.0,
      "distance" : 312.0,
      "steps" : 464
    }, {
      "activity" : "transport",
      "group" : "transport",
      "manual" : false,
      "startTime" : "20140731T090801+0200",
      "endTime" : "20140731T091306+0200",
      "duration" : 305.0,
      "distance" : 799.0
    }, {
      "activity" : "walking",
      "group" : "walking",
      "manual" : false,
      "startTime" : "20140731T091306+0200",
      "endTime" : "20140731T092232+0200",
      "duration" : 566.0,
      "distance" : 674.0,
      "steps" : 949
    } ],
    "lastUpdate" : "20140731T085038Z"
  }, {
    "type" : "place",
    "startTime" : "20140731T092232+0200",
    "endTime" : "20140731T104757+0200",
    "activities" : [ {
      "activity" : "walking",
      "group" : "walking",
      "manual" : false,
      "startTime" : "20140731T092247+0200",
      "endTime" : "20140731T092249+0200",
      "duration" : 2.0,
      "distance" : 1.0,
      "steps" : 2
    }, {
      "activity" : "walking",
      "group" : "walking",
      "manual" : false,
      "startTime" : "20140731T104252+0200",
      "endTime" : "20140731T104708+0200",
      "duration" : 256.0,
      "distance" : 323.0,
      "steps" : 431
    } ],
    "lastUpdate" : "20140731T115145Z"
  }, {
    "type" : "move",
    "startTime" : "20140731T104757+0200",
    "endTime" : "20140731T105041+0200",
    "activities" : [ {
      "activity" : "walking",
      "group" : "walking",
      "manual" : false,
      "startTime" : "20140731T104757+0200",
      "endTime" : "20140731T105041+0200",
      "duration" : 164.0,
      "distance" : 361.0,
      "steps" : 301
    } ],
    "lastUpdate" : "20140731T115145Z"
  }, {
    "type" : "place",
    "startTime" : "20140731T105041+0200",
    "endTime" : "20140731T110534+0200",
    "activities" : [ {
      "activity" : "walking",
      "group" : "walking",
      "manual" : false,
      "startTime" : "20140731T105100+0200",
      "endTime" : "20140731T105807+0200",
      "duration" : 427.0,
      "distance" : 527.0,
      "steps" : 703
    }, {
      "activity" : "walking",
      "group" : "walking",
      "manual" : false,
      "startTime" : "20140731T110000+0200",
      "endTime" : "20140731T110002+0200",
      "duration" : 2.0,
      "distance" : 2.0,
      "steps" : 3
    } ],
    "lastUpdate" : "20140731T115145Z"
  }, {
    "type" : "move",
    "startTime" : "20140731T110534+0200",
    "endTime" : "20140731T111716+0200",
    "activities" : [ {
      "activity" : "walking",
      "group" : "walking",
      "manual" : false,
      "startTime" : "20140731T110534+0200",
      "endTime" : "20140731T111716+0200",
      "duration" : 702.0,
      "distance" : 886.0,
      "steps" : 1172
    } ],
    "lastUpdate" : "20140731T115145Z"
  }, {
    "type" : "place",
    "startTime" : "20140731T111716+0200",
    "endTime" : "20140731T123813+0200",
    "activities" : [ {
      "activity" : "walking",
      "group" : "walking",
      "manual" : false,
      "startTime" : "20140731T111716+0200",
      "endTime" : "20140731T111740+0200",
      "duration" : 24.0,
      "distance" : 18.0,
      "steps" : 37
    } ],
    "lastUpdate" : "20140731T115145Z"
  }, {
    "type" : "move",
    "startTime" : "20140731T123813+0200",
    "endTime" : "20140731T124610+0200",
    "activities" : [ {
      "activity" : "walking",
      "group" : "walking",
      "manual" : false,
      "startTime" : "20140731T123813+0200",
      "endTime" : "20140731T124611+0200",
      "duration" : 478.0,
      "distance" : 681.0,
      "steps" : 619
    } ],
    "lastUpdate" : "20140731T115145Z"
  }, {
    "type" : "place",
    "startTime" : "20140731T124610+0200",
    "endTime" : "20140731T132433+0200",
    "activities" : [ {
      "activity" : "walking",
      "group" : "walking",
      "manual" : false,
      "startTime" : "20140731T124610+0200",
      "endTime" : "20140731T124614+0200",
      "duration" : 4.0,
      "distance" : 3.0,
      "steps" : 6
    }, {
      "activity" : "walking",
      "group" : "walking",
      "manual" : false,
      "startTime" : "20140731T130911+0200",
      "endTime" : "20140731T131132+0200",
      "duration" : 141.0,
      "distance" : 143.0,
      "steps" : 190
    } ],
    "lastUpdate" : "20140731T115145Z"
  }, {
    "type" : "move",
    "startTime" : "20140731T132433+0200",
    "endTime" : "20140731T132848+0200",
    "activities" : [ {
      "activity" : "walking",
      "group" : "walking",
      "manual" : false,
      "startTime" : "20140731T132433+0200",
      "endTime" : "20140731T132848+0200",
      "duration" : 255.0,
      "distance" : 502.0,
      "steps" : 418
    } ],
    "lastUpdate" : "20140731T115145Z"
  }, {
    "type" : "place",
    "startTime" : "20140731T132848+0200",
    "endTime" : "20140731T135817+0200",
    "activities" : [ {
      "activity" : "walking",
      "group" : "walking",
      "manual" : false,
      "startTime" : "20140731T135550+0200",
      "endTime" : "20140731T135659+0200",
      "duration" : 69.0,
      "distance" : 39.0,
      "steps" : 78
    } ],
    "lastUpdate" : "20140731T132233Z"
  }, {
    "type" : "move",
    "startTime" : "20140731T135817+0200",
    "endTime" : "20140731T140443+0200",
    "activities" : [ {
      "activity" : "walking",
      "group" : "walking",
      "manual" : false,
      "startTime" : "20140731T135817+0200",
      "endTime" : "20140731T140444+0200",
      "duration" : 387.0,
      "distance" : 440.0,
      "steps" : 643
    } ],
    "lastUpdate" : "20140731T132233Z"
  }, {
    "type" : "place",
    "startTime" : "20140731T140444+0200",
    "endTime" : "20140731T141144+0200",
    "activities" : [ {
      "activity" : "walking",
      "group" : "walking",
      "manual" : false,
      "startTime" : "20140731T140444+0200",
      "endTime" : "20140731T140749+0200",
      "duration" : 185.0,
      "distance" : 205.0,
      "steps" : 273
    } ],
    "lastUpdate" : "20140731T132233Z"
  }, {
    "type" : "move",
    "startTime" : "20140731T141144+0200",
    "endTime" : "20140731T142639+0200",
    "activities" : [ {
      "activity" : "walking",
      "group" : "walking",
      "manual" : false,
      "startTime" : "20140731T141144+0200",
      "endTime" : "20140731T142640+0200",
      "duration" : 896.0,
      "distance" : 1302.0,
      "steps" : 1604
    } ],
    "lastUpdate" : "20140731T132233Z"
  }, {
    "type" : "place",
    "startTime" : "20140731T142639+0200",
    "endTime" : "20140731T184418+0200",
    "activities" : [ {
      "activity" : "walking",
      "group" : "walking",
      "manual" : false,
      "startTime" : "20140731T142639+0200",
      "endTime" : "20140731T142725+0200",
      "duration" : 46.0,
      "distance" : 34.0,
      "steps" : 67
    }, {
      "activity" : "walking",
      "group" : "walking",
      "manual" : false,
      "startTime" : "20140731T182958+0200",
      "endTime" : "20140731T183316+0200",
      "duration" : 198.0,
      "distance" : 219.0,
      "steps" : 292
    } ],
    "lastUpdate" : "20140731T192112Z"
  }, {
    "type" : "move",
    "startTime" : "20140731T184418+0200",
    "endTime" : "20140731T184758+0200",
    "activities" : [ {
      "activity" : "walking",
      "group" : "walking",
      "manual" : false,
      "startTime" : "20140731T184418+0200",
      "endTime" : "20140731T184758+0200",
      "duration" : 220.0,
      "distance" : 251.0,
      "steps" : 346
    } ],
    "lastUpdate" : "20140731T192112Z"
  }, {
    "type" : "place",
    "startTime" : "20140731T184758+0200",
    "endTime" : "20140731T192845+0200",
    "activities" : [ {
      "activity" : "walking",
      "group" : "walking",
      "manual" : false,
      "startTime" : "20140731T184758+0200",
      "endTime" : "20140731T184808+0200",
      "duration" : 10.0,
      "distance" : 8.0,
      "steps" : 16
    } ],
    "lastUpdate" : "20140731T192112Z"
  }, {
    "type" : "move",
    "startTime" : "20140731T192845+0200",
    "endTime" : "20140731T193125+0200",
    "activities" : [ {
      "activity" : "walking",
      "group" : "walking",
      "manual" : false,
      "startTime" : "20140731T192845+0200",
      "endTime" : "20140731T193125+0200",
      "duration" : 160.0,
      "distance" : 216.0,
      "steps" : 291
    } ],
    "lastUpdate" : "20140731T192112Z"
  }, {
    "type" : "place",
    "startTime" : "20140731T193125+0200",
    "endTime" : "20140731T214521+0200",
    "activities" : [ {
      "activity" : "walking",
      "group" : "walking",
      "manual" : false,
      "startTime" : "20140731T193125+0200",
      "endTime" : "20140731T193209+0200",
      "duration" : 44.0,
      "distance" : 32.0,
      "steps" : 63
    }, {
      "activity" : "walking",
      "group" : "walking",
      "manual" : false,
      "startTime" : "20140731T213556+0200",
      "endTime" : "20140731T213626+0200",
      "duration" : 30.0,
      "distance" : 15.0,
      "steps" : 20
    } ],
    "lastUpdate" : "20140731T205354Z"
  }, {
    "type" : "move",
    "startTime" : "20140731T214521+0200",
    "endTime" : "20140731T215032+0200",
    "activities" : [ {
      "activity" : "walking",
      "group" : "walking",
      "manual" : false,
      "startTime" : "20140731T214521+0200",
      "endTime" : "20140731T215032+0200",
      "duration" : 311.0,
      "distance" : 272.0,
      "steps" : 544
    } ],
    "lastUpdate" : "20140731T205354Z"
  }, {
    "type" : "place",
    "startTime" : "20140731T215032+0200",
    "endTime" : "20140731T225144+0200",
    "activities" : [ {
      "activity" : "walking",
      "group" : "walking",
      "manual" : false,
      "startTime" : "20140731T215040+0200",
      "endTime" : "20140731T215046+0200",
      "duration" : 6.0,
      "distance" : 4.0,
      "steps" : 8
    }, {
      "activity" : "walking",
      "group" : "walking",
      "manual" : false,
      "startTime" : "20140731T220247+0200",
      "endTime" : "20140731T220302+0200",
      "duration" : 15.0,
      "distance" : 10.0,
      "steps" : 20
    } ],
    "lastUpdate" : "20140731T222828Z"
  }, {
    "type" : "move",
    "startTime" : "20140731T225144+0200",
    "endTime" : "20140731T225553+0200",
    "activities" : [ {
      "activity" : "walking",
      "group" : "walking",
      "manual" : false,
      "startTime" : "20140731T225144+0200",
      "endTime" : "20140731T225553+0200",
      "duration" : 249.0,
      "distance" : 227.0,
      "steps" : 454
    } ],
    "lastUpdate" : "20140731T222828Z"
  }, {
    "type" : "place",
    "startTime" : "20140731T225553+0200",
    "endTime" : "20140801T083004+0200",
    "activities" : [ {
      "activity" : "walking",
      "group" : "walking",
      "manual" : false,
      "startTime" : "20140731T225553+0200",
      "endTime" : "20140731T225559+0200",
      "duration" : 6.0,
      "distance" : 6.0,
      "steps" : 12
    }, {
      "activity" : "walking",
      "group" : "walking",
      "manual" : false,
      "startTime" : "20140731T231538+0200",
      "endTime" : "20140731T231839+0200",
      "duration" : 181.0,
      "distance" : 227.0,
      "steps" : 302
    } ],
    "lastUpdate" : "20140801T112413Z"
  } ],
  "lastUpdate" : "20140801T112413Z"
}, {
  "date" : "20140801",
  "summary" : [ {
    "activity" : "walking",
    "group" : "walking",
    "duration" : 2386.0,
    "distance" : 2334.0,
    "steps" : 3710
  }, {
    "activity" : "transport",
    "group" : "transport",
    "duration" : 1822.0,
    "distance" : 7146.0
  } ],
  "segments" : [ {
    "type" : "place",
    "startTime" : "20140731T225553+0200",
    "endTime" : "20140801T083004+0200",
    "activities" : [ {
      "activity" : "walking",
      "group" : "walking",
      "manual" : false,
      "startTime" : "20140801T082719+0200",
      "endTime" : "20140801T082826+0200",
      "duration" : 67.0,
      "distance" : 45.0,
      "steps" : 90
    } ],
    "lastUpdate" : "20140801T112413Z"
  }, {
    "type" : "move",
    "startTime" : "20140801T083004+0200",
    "endTime" : "20140801T083518+0200",
    "activities" : [ {
      "activity" : "walking",
      "group" : "walking",
      "manual" : false,
      "startTime" : "20140801T083004+0200",
      "endTime" : "20140801T083519+0200",
      "duration" : 315.0,
      "distance" : 358.0,
      "steps" : 542
    } ],
    "lastUpdate" : "20140801T112413Z"
  }, {
    "type" : "place",
    "startTime" : "20140801T083519+0200",
    "endTime" : "20140801T083929+0200",
    "activities" : [ {
      "activity" : "walking",
      "group" : "walking",
      "manual" : false,
      "startTime" : "20140801T083527+0200",
      "endTime" : "20140801T083528+0200",
      "duration" : 1.0,
      "distance" : 1.0,
      "steps" : 1
    } ],
    "lastUpdate" : "20140801T112413Z"
  }, {
    "type" : "move",
    "startTime" : "20140801T083929+0200",
    "endTime" : "20140801T090248+0200",
    "activities" : [ {
      "activity" : "transport",
      "group" : "transport",
      "manual" : false,
      "startTime" : "20140801T083929+0200",
      "endTime" : "20140801T085501+0200",
      "duration" : 932.0,
      "distance" : 3537.0
    }, {
      "activity" : "walking",
      "group" : "walking",
      "manual" : false,
      "startTime" : "20140801T085502+0200",
      "endTime" : "20140801T090249+0200",
      "duration" : 467.0,
      "distance" : 622.0,
      "steps" : 835
    } ],
    "lastUpdate" : "20140801T112413Z"
  }, {
    "type" : "move",
    "startTime" : "20140801T090248+0200",
    "endTime" : "20140801T090647+0200",
    "activities" : [ {
      "activity" : "walking",
      "group" : "walking",
      "manual" : false,
      "startTime" : "20140801T090248+0200",
      "endTime" : "20140801T090648+0200",
      "duration" : 240.0,
      "distance" : 199.0,
      "steps" : 398
    } ],
    "lastUpdate" : "20140801T115923Z"
  }, {
    "type" : "place",
    "startTime" : "20140801T090648+0200",
    "endTime" : "20140801T132448+0200",
    "activities" : [ {
      "activity" : "walking",
      "group" : "walking",
      "manual" : false,
      "startTime" : "20140801T090728+0200",
      "endTime" : "20140801T090733+0200",
      "duration" : 5.0,
      "distance" : 4.0,
      "steps" : 7
    }, {
      "activity" : "walking",
      "group" : "walking",
      "manual" : false,
      "startTime" : "20140801T132258+0200",
      "endTime" : "20140801T132336+0200",
      "duration" : 38.0,
      "distance" : 21.0,
      "steps" : 41
    } ],
    "lastUpdate" : "20140801T133832Z"
  }, {
    "type" : "move",
    "startTime" : "20140801T132448+0200",
    "endTime" : "20140801T133532+0200",
    "activities" : [ {
      "activity" : "walking",
      "group" : "walking",
      "manual" : false,
      "startTime" : "20140801T132448+0200",
      "endTime" : "20140801T133533+0200",
      "duration" : 645.0,
      "distance" : 474.0,
      "steps" : 896
    } ],
    "lastUpdate" : "20140801T133832Z"
  }, {
    "type" : "place",
    "startTime" : "20140801T133533+0200",
    "endTime" : "20140801T134005+0200",
    "activities" : [ {
      "activity" : "walking",
      "group" : "walking",
      "manual" : false,
      "startTime" : "20140801T133900+0200",
      "endTime" : "20140801T133946+0200",
      "duration" : 46.0,
      "distance" : 26.0,
      "steps" : 52
    } ],
    "lastUpdate" : "20140801T133832Z"
  }, {
    "type" : "move",
    "startTime" : "20140801T134005+0200",
    "endTime" : "20140801T140331+0200",
    "activities" : [ {
      "activity" : "transport",
      "group" : "transport",
      "manual" : false,
      "startTime" : "20140801T134005+0200",
      "endTime" : "20140801T135455+0200",
      "duration" : 890.0,
      "distance" : 3609.0
    }, {
      "activity" : "walking",
      "group" : "walking",
      "manual" : false,
      "startTime" : "20140801T135455+0200",
      "endTime" : "20140801T140331+0200",
      "duration" : 516.0,
      "distance" : 550.0,
      "steps" : 781
    } ],
    "lastUpdate" : "20140801T133832Z"
  }, {
    "type" : "place",
    "startTime" : "20140801T140331+0200",
    "endTime" : "20140802T131359+0200",
    "activities" : [ {
      "activity" : "walking",
      "group" : "walking",
      "manual" : false,
      "startTime" : "20140801T140331+0200",
      "endTime" : "20140801T140417+0200",
      "duration" : 46.0,
      "distance" : 34.0,
      "steps" : 67
    } ],
    "lastUpdate" : "20140802T132559Z"
  } ],
  "lastUpdate" : "20140802T132559Z"
}, {
  "date" : "20140802",
  "summary" : [ {
    "activity" : "walking",
    "group" : "walking",
    "duration" : 5388.0,
    "distance" : 5924.0,
    "steps" : 8738
  }, {
    "activity" : "transport",
    "group" : "transport",
    "duration" : 1581.0,
    "distance" : 5453.0
  } ],
  "segments" : [ {
    "type" : "place",
    "startTime" : "20140801T140331+0200",
    "endTime" : "20140802T131359+0200",
    "activities" : [ {
      "activity" : "walking",
      "group" : "walking",
      "manual" : false,
      "startTime" : "20140802T012139+0200",
      "endTime" : "20140802T012209+0200",
      "duration" : 30.0,
      "distance" : 15.0,
      "steps" : 31
    }, {
      "activity" : "walking",
      "group" : "walking",
      "manual" : false,
      "startTime" : "20140802T091903+0200",
      "endTime" : "20140802T091914+0200",
      "duration" : 11.0,
      "distance" : 8.0,
      "steps" : 15
    }, {
      "activity" : "walking",
      "group" : "walking",
      "manual" : false,
      "startTime" : "20140802T123552+0200",
      "endTime" : "20140802T123634+0200",
      "duration" : 42.0,
      "distance" : 29.0,
      "steps" : 58
    }, {
      "activity" : "walking",
      "group" : "walking",
      "manual" : false,
      "startTime" : "20140802T131038+0200",
      "endTime" : "20140802T131305+0200",
      "duration" : 147.0,
      "distance" : 165.0,
      "steps" : 221
    } ],
    "lastUpdate" : "20140802T132559Z"
  }, {
    "type" : "move",
    "startTime" : "20140802T131359+0200",
    "endTime" : "20140802T132034+0200",
    "activities" : [ {
      "activity" : "walking",
      "group" : "walking",
      "manual" : false,
      "startTime" : "20140802T131359+0200",
      "endTime" : "20140802T132035+0200",
      "duration" : 396.0,
      "distance" : 641.0,
      "steps" : 659
    } ],
    "lastUpdate" : "20140802T132559Z"
  }, {
    "type" : "place",
    "startTime" : "20140802T132035+0200",
    "endTime" : "20140802T133156+0200",
    "activities" : [ {
      "activity" : "walking",
      "group" : "walking",
      "manual" : false,
      "startTime" : "20140802T132050+0200",
      "endTime" : "20140802T132244+0200",
      "duration" : 114.0,
      "distance" : 77.0,
      "steps" : 153
    } ],
    "lastUpdate" : "20140802T132559Z"
  }, {
    "type" : "move",
    "startTime" : "20140802T133156+0200",
    "endTime" : "20140802T134010+0200",
    "activities" : [ {
      "activity" : "walking",
      "group" : "walking",
      "manual" : false,
      "startTime" : "20140802T133156+0200",
      "endTime" : "20140802T134010+0200",
      "duration" : 494.0,
      "distance" : 500.0,
      "steps" : 836
    } ],
    "lastUpdate" : "20140802T132559Z"
  }, {
    "type" : "place",
    "startTime" : "20140802T134010+0200",
    "endTime" : "20140802T182541+0200",
    "activities" : [ {
      "activity" : "walking",
      "group" : "walking",
      "manual" : false,
      "startTime" : "20140802T134010+0200",
      "endTime" : "20140802T134320+0200",
      "duration" : 190.0,
      "distance" : 203.0,
      "steps" : 270
    }, {
      "activity" : "walking",
      "group" : "walking",
      "manual" : false,
      "startTime" : "20140802T140000+0200",
      "endTime" : "20140802T140157+0200",
      "duration" : 117.0,
      "distance" : 90.0,
      "steps" : 180
    }, {
      "activity" : "walking",
      "group" : "walking",
      "manual" : false,
      "startTime" : "20140802T152531+0200",
      "endTime" : "20140802T152601+0200",
      "duration" : 30.0,
      "distance" : 15.0,
      "steps" : 20
    }, {
      "activity" : "walking",
      "group" : "walking",
      "manual" : false,
      "startTime" : "20140802T161814+0200",
      "endTime" : "20140802T162217+0200",
      "duration" : 243.0,
      "distance" : 286.0,
      "steps" : 382
    }, {
      "activity" : "walking",
      "group" : "walking",
      "manual" : false,
      "startTime" : "20140802T181312+0200",
      "endTime" : "20140802T181354+0200",
      "duration" : 42.0,
      "distance" : 28.0,
      "steps" : 56
    } ],
    "lastUpdate" : "20140802T174928Z"
  }, {
    "type" : "move",
    "startTime" : "20140802T182541+0200",
    "endTime" : "20140802T185454+0200",
    "activities" : [ {
      "activity" : "walking",
      "group" : "walking",
      "manual" : false,
      "startTime" : "20140802T182541+0200",
      "endTime" : "20140802T183014+0200",
      "duration" : 273.0,
      "distance" : 257.0,
      "steps" : 513
    }, {
      "activity" : "transport",
      "group" : "transport",
      "manual" : false,
      "startTime" : "20140802T183014+0200",
      "endTime" : "20140802T184016+0200",
      "duration" : 602.0,
      "distance" : 2009.0
    }, {
      "activity" : "walking",
      "group" : "walking",
      "manual" : false,
      "startTime" : "20140802T184016+0200",
      "endTime" : "20140802T184554+0200",
      "duration" : 338.0,
      "distance" : 519.0,
      "steps" : 656
    }, {
      "activity" : "transport",
      "group" : "transport",
      "manual" : false,
      "startTime" : "20140802T184554+0200",
      "endTime" : "20140802T185314+0200",
      "duration" : 440.0,
      "distance" : 1520.0
    }, {
      "activity" : "walking",
      "group" : "walking",
      "manual" : false,
      "startTime" : "20140802T185315+0200",
      "endTime" : "20140802T185455+0200",
      "duration" : 100.0,
      "distance" : 117.0,
      "steps" : 160
    } ],
    "lastUpdate" : "20140802T174928Z"
  }, {
    "type" : "move",
    "startTime" : "20140802T185454+0200",
    "endTime" : "20140802T185553+0200",
    "activities" : [ {
      "activity" : "walking",
      "group" : "walking",
      "manual" : false,
      "startTime" : "20140802T185454+0200",
      "endTime" : "20140802T185554+0200",
      "duration" : 60.0,
      "distance" : 79.0,
      "steps" : 105
    } ],
    "lastUpdate" : "20140802T192026Z"
  }, {
    "type" : "place",
    "startTime" : "20140802T185554+0200",
    "endTime" : "20140802T213925+0200",
    "activities" : [ {
      "activity" : "walking",
      "group" : "walking",
      "manual" : false,
      "startTime" : "20140802T185554+0200",
      "endTime" : "20140802T185622+0200",
      "duration" : 28.0,
      "distance" : 20.0,
      "steps" : 40
    }, {
      "activity" : "walking",
      "group" : "walking",
      "manual" : false,
      "startTime" : "20140802T210122+0200",
      "endTime" : "20140802T210404+0200",
      "duration" : 162.0,
      "distance" : 174.0,
      "steps" : 232
    } ],
    "lastUpdate" : "20140802T205202Z"
  }, {
    "type" : "move",
    "startTime" : "20140802T213925+0200",
    "endTime" : "20140802T222955+0200",
    "activities" : [ {
      "activity" : "walking",
      "group" : "walking",
      "manual" : false,
      "startTime" : "20140802T213925+0200",
      "endTime" : "20140802T221516+0200",
      "duration" : 2151.0,
      "distance" : 2344.0,
      "steps" : 3474
    }, {
      "activity" : "transport",
      "group" : "transport",
      "manual" : false,
      "startTime" : "20140802T221516+0200",
      "endTime" : "20140802T222415+0200",
      "duration" : 539.0,
      "distance" : 1924.0
    }, {
      "activity" : "walking",
      "group" : "walking",
      "manual" : false,
      "startTime" : "20140802T222415+0200",
      "endTime" : "20140802T222956+0200",
      "duration" : 341.0,
      "distance" : 303.0,
      "steps" : 571
    } ],
    "lastUpdate" : "20140802T205202Z"
  }, {
    "type" : "place",
    "startTime" : "20140802T222955+0200",
    "endTime" : "20140803T100203+0200",
    "activities" : [ {
      "activity" : "walking",
      "group" : "walking",
      "manual" : false,
      "startTime" : "20140802T222955+0200",
      "endTime" : "20140802T223030+0200",
      "duration" : 35.0,
      "distance" : 24.0,
      "steps" : 47
    }, {
      "activity" : "walking",
      "group" : "walking",
      "manual" : false,
      "startTime" : "20140802T230734+0200",
      "endTime" : "20140802T230818+0200",
      "duration" : 44.0,
      "distance" : 30.0,
      "steps" : 59
    } ],
    "lastUpdate" : "20140803T101930Z"
  } ],
  "lastUpdate" : "20140803T101930Z"
}, {
  "date" : "20140803",
  "summary" : [ {
    "activity" : "walking",
    "group" : "walking",
    "duration" : 8923.0,
    "distance" : 9616.0,
    "steps" : 12900
  }, {
    "activity" : "transport",
    "group" : "transport",
    "duration" : 14760.0,
    "distance" : 173074.0
  } ],
  "segments" : [ {
    "type" : "place",
    "startTime" : "20140802T222955+0200",
    "endTime" : "20140803T100203+0200",
    "activities" : [ {
      "activity" : "walking",
      "group" : "walking",
      "manual" : false,
      "startTime" : "20140803T001532+0200",
      "endTime" : "20140803T001536+0200",
      "duration" : 4.0,
      "distance" : 3.0,
      "steps" : 5
    }, {
      "activity" : "walking",
      "group" : "walking",
      "manual" : false,
      "startTime" : "20140803T022938+0200",
      "endTime" : "20140803T023008+0200",
      "duration" : 30.0,
      "distance" : 15.0,
      "steps" : 30
    }, {
      "activity" : "walking",
      "group" : "walking",
      "manual" : false,
      "startTime" : "20140803T100015+0200",
      "endTime" : "20140803T100025+0200",
      "duration" : 10.0,
      "distance" : 7.0,
      "steps" : 14
    } ],
    "lastUpdate" : "20140803T101930Z"
  }, {
    "type" : "move",
    "startTime" : "20140803T100203+0200",
    "endTime" : "20140803T102329+0200",
    "activities" : [ {
      "activity" : "walking",
      "group" : "walking",
      "manual" : false,
      "startTime" : "20140803T100203+0200",
      "endTime" : "20140803T100633+0200",
      "duration" : 270.0,
      "distance" : 305.0,
      "steps" : 468
    }, {
      "activity" : "transport",
      "group" : "transport",
      "manual" : false,
      "startTime" : "20140803T100633+0200",
      "endTime" : "20140803T102329+0200",
      "duration" : 1016.0,
      "distance" : 3553.0
    } ],
    "lastUpdate" : "20140803T101930Z"
  }, {
    "type" : "place",
    "startTime" : "20140803T102329+0200",
    "endTime" : "20140803T103449+0200",
    "activities" : [ {
      "activity" : "walking",
      "group" : "walking",
      "manual" : false,
      "startTime" : "20140803T102329+0200",
      "endTime" : "20140803T102710+0200",
      "duration" : 221.0,
      "distance" : 311.0,
      "steps" : 414
    } ],
    "lastUpdate" : "20140803T101930Z"
  }, {
    "type" : "move",
    "startTime" : "20140803T103449+0200",
    "endTime" : "20140803T103941+0200",
    "activities" : [ {
      "activity" : "walking",
      "group" : "walking",
      "manual" : false,
      "startTime" : "20140803T103449+0200",
      "endTime" : "20140803T103942+0200",
      "duration" : 293.0,
      "distance" : 358.0,
      "steps" : 379
    } ],
    "lastUpdate" : "20140803T101930Z"
  }, {
    "type" : "place",
    "startTime" : "20140803T103942+0200",
    "endTime" : "20140803T111411+0200",
    "activities" : [ {
      "activity" : "walking",
      "group" : "walking",
      "manual" : false,
      "startTime" : "20140803T104514+0200",
      "endTime" : "20140803T104734+0200",
      "duration" : 140.0,
      "distance" : 165.0,
      "steps" : 220
    }, {
      "activity" : "walking",
      "group" : "walking",
      "manual" : false,
      "startTime" : "20140803T110009+0200",
      "endTime" : "20140803T110714+0200",
      "duration" : 425.0,
      "distance" : 484.0,
      "steps" : 645
    } ],
    "lastUpdate" : "20140803T101930Z"
  }, {
    "type" : "move",
    "startTime" : "20140803T111411+0200",
    "endTime" : "20140803T111645+0200",
    "activities" : [ {
      "activity" : "walking",
      "group" : "walking",
      "manual" : false,
      "startTime" : "20140803T111411+0200",
      "endTime" : "20140803T111646+0200",
      "duration" : 155.0,
      "distance" : 172.0,
      "steps" : 258
    } ],
    "lastUpdate" : "20140803T101930Z"
  }, {
    "type" : "place",
    "startTime" : "20140803T111646+0200",
    "endTime" : "20140803T112735+0200",
    "activities" : [ {
      "activity" : "walking",
      "group" : "walking",
      "manual" : false,
      "startTime" : "20140803T111646+0200",
      "endTime" : "20140803T111712+0200",
      "duration" : 26.0,
      "distance" : 19.0,
      "steps" : 39
    } ],
    "lastUpdate" : "20140803T115420Z"
  }, {
    "type" : "move",
    "startTime" : "20140803T112735+0200",
    "endTime" : "20140803T131140+0200",
    "activities" : [ {
      "activity" : "walking",
      "group" : "walking",
      "manual" : false,
      "startTime" : "20140803T112735+0200",
      "endTime" : "20140803T113013+0200",
      "duration" : 158.0,
      "distance" : 181.0,
      "steps" : 176
    }, {
      "activity" : "transport",
      "group" : "transport",
      "manual" : false,
      "startTime" : "20140803T113013+0200",
      "endTime" : "20140803T122426+0200",
      "duration" : 3253.0,
      "distance" : 40287.0
    }, {
      "activity" : "walking",
      "group" : "walking",
      "manual" : false,
      "startTime" : "20140803T122425+0200",
      "endTime" : "20140803T122654+0200",
      "duration" : 149.0,
      "distance" : 211.0,
      "steps" : 253
    }, {
      "activity" : "transport",
      "group" : "transport",
      "manual" : false,
      "startTime" : "20140803T122654+0200",
      "endTime" : "20140803T130639+0200",
      "duration" : 2385.0,
      "distance" : 29541.0
    }, {
      "activity" : "walking",
      "group" : "walking",
      "manual" : false,
      "startTime" : "20140803T130639+0200",
      "endTime" : "20140803T131140+0200",
      "duration" : 301.0,
      "distance" : 259.0,
      "steps" : 464
    } ],
    "lastUpdate" : "20140803T115420Z"
  }, {
    "type" : "place",
    "startTime" : "20140803T131140+0200",
    "endTime" : "20140803T134456+0200",
    "activities" : [ {
      "activity" : "walking",
      "group" : "walking",
      "manual" : false,
      "startTime" : "20140803T131140+0200",
      "endTime" : "20140803T132058+0200",
      "duration" : 558.0,
      "distance" : 605.0,
      "steps" : 806
    } ],
    "lastUpdate" : "20140803T150308Z"
  }, {
    "type" : "move",
    "startTime" : "20140803T134456+0200",
    "endTime" : "20140803T135028+0200",
    "activities" : [ {
      "activity" : "walking",
      "group" : "walking",
      "manual" : false,
      "startTime" : "20140803T134456+0200",
      "endTime" : "20140803T135029+0200",
      "duration" : 333.0,
      "distance" : 285.0,
      "steps" : 410
    } ],
    "lastUpdate" : "20140803T150308Z"
  }, {
    "type" : "place",
    "startTime" : "20140803T135029+0200",
    "endTime" : "20140803T141135+0200",
    "activities" : [ {
      "activity" : "walking",
      "group" : "walking",
      "manual" : false,
      "startTime" : "20140803T135029+0200",
      "endTime" : "20140803T135331+0200",
      "duration" : 182.0,
      "distance" : 186.0,
      "steps" : 247
    }, {
      "activity" : "walking",
      "group" : "walking",
      "manual" : false,
      "startTime" : "20140803T140323+0200",
      "endTime" : "20140803T140454+0200",
      "duration" : 91.0,
      "distance" : 61.0,
      "steps" : 121
    } ],
    "lastUpdate" : "20140803T150308Z"
  }, {
    "type" : "move",
    "startTime" : "20140803T141135+0200",
    "endTime" : "20140803T141825+0200",
    "activities" : [ {
      "activity" : "transport",
      "group" : "transport",
      "manual" : false,
      "startTime" : "20140803T141135+0200",
      "endTime" : "20140803T141825+0200",
      "duration" : 410.0,
      "distance" : 1352.0
    } ],
    "lastUpdate" : "20140803T150308Z"
  }, {
    "type" : "place",
    "startTime" : "20140803T141825+0200",
    "endTime" : "20140803T142326+0200",
    "activities" : [ {
      "activity" : "walking",
      "group" : "walking",
      "manual" : false,
      "startTime" : "20140803T141926+0200",
      "endTime" : "20140803T141927+0200",
      "duration" : 1.0,
      "distance" : 1.0,
      "steps" : 1
    } ],
    "lastUpdate" : "20140803T150308Z"
  }, {
    "type" : "move",
    "startTime" : "20140803T142326+0200",
    "endTime" : "20140803T142836+0200",
    "activities" : [ {
      "activity" : "walking",
      "group" : "walking",
      "manual" : false,
      "startTime" : "20140803T142326+0200",
      "endTime" : "20140803T142837+0200",
      "duration" : 311.0,
      "distance" : 301.0,
      "steps" : 358
    } ],
    "lastUpdate" : "20140803T150308Z"
  }, {
    "type" : "place",
    "startTime" : "20140803T142837+0200",
    "endTime" : "20140803T143008+0200",
    "activities" : [ {
      "activity" : "walking",
      "group" : "walking",
      "manual" : false,
      "startTime" : "20140803T142845+0200",
      "endTime" : "20140803T142926+0200",
      "duration" : 41.0,
      "distance" : 28.0,
      "steps" : 55
    } ],
    "lastUpdate" : "20140803T150308Z"
  }, {
    "type" : "move",
    "startTime" : "20140803T143008+0200",
    "endTime" : "20140803T143545+0200",
    "activities" : [ {
      "activity" : "walking",
      "group" : "walking",
      "manual" : false,
      "startTime" : "20140803T143008+0200",
      "endTime" : "20140803T143546+0200",
      "duration" : 338.0,
      "distance" : 201.0,
      "steps" : 235
    } ],
    "lastUpdate" : "20140803T150308Z"
  }, {
    "type" : "place",
    "startTime" : "20140803T143546+0200",
    "endTime" : "20140803T144835+0200",
    "activities" : [ {
      "activity" : "walking",
      "group" : "walking",
      "manual" : false,
      "startTime" : "20140803T143550+0200",
      "endTime" : "20140803T143954+0200",
      "duration" : 244.0,
      "distance" : 268.0,
      "steps" : 357
    } ],
    "lastUpdate" : "20140803T150308Z"
  }, {
    "type" : "move",
    "startTime" : "20140803T144835+0200",
    "endTime" : "20140803T151816+0200",
    "activities" : [ {
      "activity" : "walking",
      "group" : "walking",
      "manual" : false,
      "startTime" : "20140803T144835+0200",
      "endTime" : "20140803T151817+0200",
      "duration" : 1782.0,
      "distance" : 2229.0,
      "steps" : 2830
    } ],
    "lastUpdate" : "20140803T150308Z"
  }, {
    "type" : "place",
    "startTime" : "20140803T151816+0200",
    "endTime" : "20140803T154746+0200",
    "activities" : [ {
      "activity" : "walking",
      "group" : "walking",
      "manual" : false,
      "startTime" : "20140803T151816+0200",
      "endTime" : "20140803T152425+0200",
      "duration" : 369.0,
      "distance" : 430.0,
      "steps" : 573
    } ],
    "lastUpdate" : "20140803T162200Z"
  }, {
    "type" : "move",
    "startTime" : "20140803T154746+0200",
    "endTime" : "20140803T160346+0200",
    "activities" : [ {
      "activity" : "transport",
      "group" : "transport",
      "manual" : false,
      "startTime" : "20140803T154746+0200",
      "endTime" : "20140803T160347+0200",
      "duration" : 961.0,
      "distance" : 1198.0
    } ],
    "lastUpdate" : "20140803T162200Z"
  }, {
    "type" : "place",
    "startTime" : "20140803T160347+0200",
    "endTime" : "20140803T160610+0200",
    "activities" : [ {
      "activity" : "walking",
      "group" : "walking",
      "manual" : false,
      "startTime" : "20140803T160530+0200",
      "endTime" : "20140803T160552+0200",
      "duration" : 22.0,
      "distance" : 18.0,
      "steps" : 36
    } ],
    "lastUpdate" : "20140803T162200Z"
  }, {
    "type" : "move",
    "startTime" : "20140803T160610+0200",
    "endTime" : "20140803T170014+0200",
    "activities" : [ {
      "activity" : "walking",
      "group" : "walking",
      "manual" : false,
      "startTime" : "20140803T160610+0200",
      "endTime" : "20140803T161903+0200",
      "duration" : 773.0,
      "distance" : 486.0,
      "steps" : 971
    }, {
      "activity" : "transport",
      "group" : "transport",
      "manual" : false,
      "startTime" : "20140803T161902+0200",
      "endTime" : "20140803T165326+0200",
      "duration" : 2064.0,
      "distance" : 6169.0
    }, {
      "activity" : "walking",
      "group" : "walking",
      "manual" : false,
      "startTime" : "20140803T165326+0200",
      "endTime" : "20140803T170015+0200",
      "duration" : 409.0,
      "distance" : 254.0,
      "steps" : 510
    } ],
    "lastUpdate" : "20140803T162200Z"
  }, {
    "type" : "place",
    "startTime" : "20140803T170015+0200",
    "endTime" : "20140803T171951+0200",
    "activities" : [ {
      "activity" : "walking",
      "group" : "walking",
      "manual" : false,
      "startTime" : "20140803T170029+0200",
      "endTime" : "20140803T170725+0200",
      "duration" : 416.0,
      "distance" : 456.0,
      "steps" : 608
    } ],
    "lastUpdate" : "20140803T180524Z"
  }, {
    "type" : "move",
    "startTime" : "20140803T171951+0200",
    "endTime" : "20140803T183109+0200",
    "activities" : [ {
      "activity" : "walking",
      "group" : "walking",
      "manual" : false,
      "startTime" : "20140803T171951+0200",
      "endTime" : "20140803T172546+0200",
      "duration" : 355.0,
      "distance" : 494.0,
      "steps" : 601
    }, {
      "activity" : "transport",
      "group" : "transport",
      "manual" : false,
      "startTime" : "20140803T172545+0200",
      "endTime" : "20140803T182909+0200",
      "duration" : 3804.0,
      "distance" : 88045.0
    }, {
      "activity" : "walking",
      "group" : "walking",
      "manual" : false,
      "startTime" : "20140803T182908+0200",
      "endTime" : "20140803T183109+0200",
      "duration" : 121.0,
      "distance" : 109.0,
      "steps" : 172
    } ],
    "lastUpdate" : "20140803T180524Z"
  }, {
    "type" : "place",
    "startTime" : "20140803T183109+0200",
    "endTime" : "20140803T183823+0200",
    "activities" : [ {
      "activity" : "walking",
      "group" : "walking",
      "manual" : false,
      "startTime" : "20140803T183737+0200",
      "endTime" : "20140803T183804+0200",
      "duration" : 27.0,
      "distance" : 18.0,
      "steps" : 36
    } ],
    "lastUpdate" : "20140803T180524Z"
  }, {
    "type" : "move",
    "startTime" : "20140803T183823+0200",
    "endTime" : "20140803T185823+0200",
    "activities" : [ {
      "activity" : "transport",
      "group" : "transport",
      "manual" : false,
      "startTime" : "20140803T183823+0200",
      "endTime" : "20140803T185250+0200",
      "duration" : 867.0,
      "distance" : 2929.0
    }, {
      "activity" : "walking",
      "group" : "walking",
      "manual" : false,
      "startTime" : "20140803T185250+0200",
      "endTime" : "20140803T185823+0200",
      "duration" : 333.0,
      "distance" : 670.0,
      "steps" : 558
    } ],
    "lastUpdate" : "20140803T180524Z"
  }, {
    "type" : "place",
    "startTime" : "20140803T185823+0200",
    "endTime" : "20140804T071517+0200",
    "activities" : [ {
      "activity" : "walking",
      "group" : "walking",
      "manual" : false,
      "startTime" : "20140803T185830+0200",
      "endTime" : "20140803T185836+0200",
      "duration" : 6.0,
      "distance" : 6.0,
      "steps" : 11
    }, {
      "activity" : "walking",
      "group" : "walking",
      "manual" : false,
      "startTime" : "20140803T221820+0200",
      "endTime" : "20140803T221849+0200",
      "duration" : 29.0,
      "distance" : 20.0,
      "steps" : 39
    } ],
    "lastUpdate" : "20140804T072133Z"
  } ],
  "lastUpdate" : "20140804T072133Z"
} ]