[ {
  "date" : "20140929",
  "summary" : [ {
    "activity" : "walking",
    "group" : "walking",
    "duration" : 5433.0,
    "distance" : 5437.0,
    "steps" : 8621
  }, {
    "activity" : "transport",
    "group" : "transport",
    "duration" : 1110.0,
    "distance" : 2898.0
  } ],
  "lastUpdate" : "20140930T165036Z"
}, {
  "date" : "20140930",
  "summary" : [ {
    "activity" : "walking",
    "group" : "walking",
    "duration" : 1984.0,
    "distance" : 2050.0,
    "steps" : 3238
  } ],
  "lastUpdate" : "20141002T120758Z"
}, {
  "date" : "20141001",
  "summary" : [ {
    "activity" : "walking",
    "group" : "walking",
    "duration" : 449.0,
    "distance" : 368.0,
    "steps" : 615
  } ],
  "lastUpdate" : "20141002T120758Z"
}, {
  "date" : "20141002",
  "summary" : [ {
    "activity" : "walking",
    "group" : "walking",
    "duration" : 1787.0,
    "distance" : 1626.0,
    "steps" : 2426
  }, {
    "activity" : "transport",
    "group" : "transport",
    "duration" : 129.0,
    "distance" : 537.0
  }, {
    "activity" : "cycling",
    "group" : "cycling",
    "duration" : 171.0,
    "distance" : 449.0
  } ],
  "lastUpdate" : "20141003T171222Z"
}, {
  "date" : "20141003",
  "summary" : [ {
    "activity" : "walking",
    "group" : "walking",
    "duration" : 784.0,
    "distance" : 795.0,
    "steps" : 1126
  } ],
  "lastUpdate" : "20141005T110523Z"
}, {
  "date" : "20141004",
  "summary" : [ {
    "activity" : "walking",
    "group" : "walking",
    "duration" : 949.0,
    "distance" : 805.0,
    "steps" : 1232
  } ],
  "lastUpdate" : "20141005T110523Z"
}, {
  "date" : "20141005",
  "summary" : [ {
    "activity" : "walking",
    "group" : "walking",
    "duration" : 1653.0,
    "distance" : 1783.0,
    "steps" : 2428
  } ],
  "lastUpdate" : "20141006T123521Z"
} ]