[ {
  "date" : "20140721",
  "summary" : [ {
    "activity" : "walking",
    "group" : "walking",
    "duration" : 4720.0,
    "distance" : 4804.0,
    "steps" : 7790
  }, {
    "activity" : "transport",
    "group" : "transport",
    "duration" : 381.0,
    "distance" : 957.0
  } ],
  "lastUpdate" : "20140722T002339Z"
}, {
  "date" : "20140722",
  "summary" : [ {
    "activity" : "walking",
    "group" : "walking",
    "duration" : 2418.0,
    "distance" : 2224.0,
    "steps" : 3735
  }, {
    "activity" : "transport",
    "group" : "transport",
    "duration" : 1584.0,
    "distance" : 5068.0
  } ],
  "lastUpdate" : "20140723T164239Z"
}, {
  "date" : "20140723",
  "summary" : [ {
    "activity" : "walking",
    "group" : "walking",
    "duration" : 2152.0,
    "distance" : 1951.0,
    "steps" : 3048
  }, {
    "activity" : "transport",
    "group" : "transport",
    "duration" : 524.0,
    "distance" : 2871.0
  } ],
  "lastUpdate" : "20140725T071956Z"
}, {
  "date" : "20140724",
  "summary" : [ {
    "activity" : "walking",
    "group" : "walking",
    "duration" : 350.0,
    "distance" : 349.0,
    "steps" : 500
  } ],
  "lastUpdate" : "20140725T071956Z"
}, {
  "date" : "20140725",
  "summary" : [ {
    "activity" : "walking",
    "group" : "walking",
    "duration" : 2736.0,
    "distance" : 2881.0,
    "steps" : 4189
  }, {
    "activity" : "transport",
    "group" : "transport",
    "duration" : 838.0,
    "distance" : 2000.0
  } ],
  "lastUpdate" : "20140726T001239Z"
}, {
  "date" : "20140726",
  "summary" : [ {
    "activity" : "walking",
    "group" : "walking",
    "duration" : 293.0,
    "distance" : 242.0,
    "steps" : 447
  } ],
  "lastUpdate" : "20140727T094738Z"
}, {
  "date" : "20140727",
  "summary" : [ {
    "activity" : "walking",
    "group" : "walking",
    "duration" : 5146.0,
    "distance" : 4942.0,
    "steps" : 8060
  }, {
    "activity" : "transport",
    "group" : "transport",
    "duration" : 844.0,
    "distance" : 2096.0
  } ],
  "lastUpdate" : "20140728T112311Z"
} ]