[ {
  "date" : "20140714",
  "summary" : [ {
    "activity" : "walking",
    "group" : "walking",
    "duration" : 2890.0,
    "distance" : 2791.0,
    "steps" : 4790
  }, {
    "activity" : "transport",
    "group" : "transport",
    "duration" : 1099.0,
    "distance" : 3375.0
  } ],
  "lastUpdate" : "20140715T081716Z"
}, {
  "date" : "20140715",
  "summary" : [ {
    "activity" : "walking",
    "group" : "walking",
    "duration" : 6337.0,
    "distance" : 6384.0,
    "steps" : 9689
  }, {
    "activity" : "transport",
    "group" : "transport",
    "duration" : 549.0,
    "distance" : 1944.0
  } ],
  "lastUpdate" : "20140716T170044Z"
}, {
  "date" : "20140716",
  "summary" : [ {
    "activity" : "walking",
    "group" : "walking",
    "duration" : 1256.0,
    "distance" : 1301.0,
    "steps" : 2077
  }, {
    "activity" : "transport",
    "group" : "transport",
    "duration" : 426.0,
    "distance" : 1064.0
  } ],
  "lastUpdate" : "20140717T152939Z"
}, {
  "date" : "20140717",
  "summary" : [ {
    "activity" : "walking",
    "group" : "walking",
    "duration" : 3723.0,
    "distance" : 4939.0,
    "steps" : 5958
  } ],
  "lastUpdate" : "20140718T222002Z"
}, {
  "date" : "20140718",
  "summary" : [ {
    "activity" : "walking",
    "group" : "walking",
    "duration" : 641.0,
    "distance" : 581.0,
    "steps" : 992
  } ],
  "lastUpdate" : "20140718T235147Z"
}, {
  "date" : "20140719",
  "summary" : [ {
    "activity" : "walking",
    "group" : "walking",
    "duration" : 1772.0,
    "distance" : 1762.0,
    "steps" : 2567
  } ],
  "lastUpdate" : "20140721T101823Z"
}, {
  "date" : "20140720",
  "summary" : [ {
    "activity" : "walking",
    "group" : "walking",
    "duration" : 260.0,
    "distance" : 173.0,
    "steps" : 342
  } ],
  "lastUpdate" : "20140721T101823Z"
} ]