[ {
  "date" : "20141103",
  "summary" : [ {
    "activity" : "walking",
    "group" : "walking",
    "duration" : 4393.0,
    "distance" : 5165.0,
    "steps" : 5459
  }, {
    "activity" : "transport",
    "group" : "transport",
    "duration" : 719.0,
    "distance" : 3460.0
  } ],
  "lastUpdate" : "20141104T094208Z"
}, {
  "date" : "20141104",
  "summary" : [ {
    "activity" : "walking",
    "group" : "walking",
    "duration" : 3510.0,
    "distance" : 4097.0,
    "steps" : 5203
  }, {
    "activity" : "transport",
    "group" : "transport",
    "duration" : 1555.0,
    "distance" : 5638.0
  } ],
  "lastUpdate" : "20141105T133119Z"
}, {
  "date" : "20141105",
  "summary" : [ {
    "activity" : "walking",
    "group" : "walking",
    "duration" : 2289.0,
    "distance" : 2879.0,
    "steps" : 3467
  }, {
    "activity" : "transport",
    "group" : "transport",
    "duration" : 784.0,
    "distance" : 1843.0
  } ],
  "lastUpdate" : "20141106T090143Z"
}, {
  "date" : "20141106",
  "summary" : [ {
    "activity" : "walking",
    "group" : "walking",
    "duration" : 5988.0,
    "distance" : 6604.0,
    "steps" : 8874
  }, {
    "activity" : "transport",
    "group" : "transport",
    "duration" : 692.0,
    "distance" : 2592.0
  } ],
  "lastUpdate" : "20141107T102734Z"
}, {
  "date" : "20141107",
  "summary" : [ {
    "activity" : "walking",
    "group" : "walking",
    "duration" : 3376.0,
    "distance" : 4432.0,
    "steps" : 5394
  }, {
    "activity" : "transport",
    "group" : "transport",
    "duration" : 2208.0,
    "distance" : 6784.0
  }, {
    "activity" : "running",
    "group" : "running",
    "duration" : 123.0,
    "distance" : 223.0,
    "steps" : 268
  } ],
  "lastUpdate" : "20141108T093345Z"
}, {
  "date" : "20141108",
  "summary" : [ {
    "activity" : "walking",
    "group" : "walking",
    "duration" : 2464.0,
    "distance" : 2676.0,
    "steps" : 3642
  } ],
  "lastUpdate" : "20141109T170253Z"
}, {
  "date" : "20141109",
  "summary" : [ {
    "activity" : "walking",
    "group" : "walking",
    "duration" : 1234.0,
    "distance" : 1097.0,
    "steps" : 1574
  } ],
  "lastUpdate" : "20141110T123634Z"
} ]