[ {
  "date" : "20140922",
  "summary" : [ {
    "activity" : "walking",
    "group" : "walking",
    "duration" : 4553.0,
    "distance" : 5063.0,
    "steps" : 6683
  }, {
    "activity" : "transport",
    "group" : "transport",
    "duration" : 881.0,
    "distance" : 3139.0
  } ],
  "lastUpdate" : "20140923T002814Z"
}, {
  "date" : "20140923",
  "summary" : [ {
    "activity" : "walking",
    "group" : "walking",
    "duration" : 4156.0,
    "distance" : 3774.0,
    "steps" : 5865
  }, {
    "activity" : "cycling",
    "group" : "cycling",
    "duration" : 711.0,
    "distance" : 2957.0
  }, {
    "activity" : "transport",
    "group" : "transport",
    "duration" : 633.0,
    "distance" : 1089.0
  } ],
  "lastUpdate" : "20140924T092517Z"
}, {
  "date" : "20140924",
  "summary" : [ {
    "activity" : "walking",
    "group" : "walking",
    "duration" : 6669.0,
    "distance" : 7758.0,
    "steps" : 10247
  } ],
  "lastUpdate" : "20140925T101106Z"
}, {
  "date" : "20140925",
  "summary" : [ {
    "activity" : "walking",
    "group" : "walking",
    "duration" : 3962.0,
    "distance" : 5079.0,
    "steps" : 6446
  }, {
    "activity" : "transport",
    "group" : "transport",
    "duration" : 948.0,
    "distance" : 4517.0
  } ],
  "lastUpdate" : "20140926T164256Z"
}, {
  "date" : "20140926",
  "summary" : [ {
    "activity" : "walking",
    "group" : "walking",
    "duration" : 2052.0,
    "distance" : 2184.0,
    "steps" : 3214
  } ],
  "lastUpdate" : "20140927T122535Z"
}, {
  "date" : "20140927",
  "summary" : [ {
    "activity" : "walking",
    "group" : "walking",
    "duration" : 1923.0,
    "distance" : 2179.0,
    "steps" : 3196
  } ],
  "lastUpdate" : "20140929T120833Z"
}, {
  "date" : "20140928",
  "summary" : [ {
    "activity" : "walking",
    "group" : "walking",
    "duration" : 1997.0,
    "distance" : 2275.0,
    "steps" : 3129
  } ],
  "lastUpdate" : "20140929T120833Z"
} ]