[ {
  "date" : "20140929",
  "summary" : [ {
    "activity" : "walking",
    "group" : "walking",
    "duration" : 5433.0,
    "distance" : 5437.0,
    "steps" : 8621
  }, {
    "activity" : "transport",
    "group" : "transport",
    "duration" : 1110.0,
    "distance" : 2898.0
  } ],
  "segments" : [ {
    "type" : "place",
    "startTime" : "20140927T123631+0200",
    "endTime" : "20140929T113903+0200",
    "place" : {
      "id" : 251291724,
      "name" : "Home",
      "type" : "home",
      "location" : {
        "lat" : 49.8819996044,
        "lon" : 8.6702592175
      }
    },
    "activities" : [ {
      "activity" : "walking",
      "group" : "walking",
      "manual" : false,
      "startTime" : "20140929T025734+0200",
      "endTime" : "20140929T025742+0200",
      "duration" : 8.0,
      "distance" : 5.0,
      "steps" : 10,
      "trackPoints" : [ ]
    }, {
      "activity" : "walking",
      "group" : "walking",
      "manual" : false,
      "startTime" : "20140929T031204+0200",
      "endTime" : "20140929T031205+0200",
      "duration" : 1.0,
      "distance" : 1.0,
      "steps" : 1,
      "trackPoints" : [ ]
    }, {
      "activity" : "walking",
      "group" : "walking",
      "manual" : false,
      "startTime" : "20140929T093842+0200",
      "endTime" : "20140929T094024+0200",
      "duration" : 102.0,
      "distance" : 58.0,
      "steps" : 116,
      "trackPoints" : [ ]
    }, {
      "activity" : "walking",
      "group" : "walking",
      "manual" : false,
      "startTime" : "20140929T100503+0200",
      "endTime" : "20140929T100509+0200",
      "duration" : 6.0,
      "distance" : 4.0,
      "steps" : 8,
      "trackPoints" : [ ]
    }, {
      "activity" : "walking",
      "group" : "walking",
      "manual" : false,
      "startTime" : "20140929T110138+0200",
      "endTime" : "20140929T110213+0200",
      "duration" : 35.0,
      "distance" : 23.0,
      "steps" : 46,
      "trackPoints" : [ ]
    } ],
    "lastUpdate" : "20140929T120833Z"
  }, {
    "type" : "move",
    "startTime" : "20140929T113903+0200",
    "endTime" : "20140929T120022+0200",
    "activities" : [ {
      "activity" : "walking",
      "group" : "walking",
      "manual" : false,
      "startTime" : "20140929T113903+0200",
      "endTime" : "20140929T114436+0200",
      "duration" : 333.0,
      "distance" : 342.0,
      "steps" : 593,
      "trackPoints" : [ {
        "lat" : 49.8819996044,
        "lon" : 8.6702592175,
        "time" : "20140929T113903+0200"
      }, {
        "lat" : 49.882044732,
        "lon" : 8.6701342177,
        "time" : "20140929T113923+0200"
      }, {
        "lat" : 49.882060231,
        "lon" : 8.6700939718,
        "time" : "20140929T113944+0200"
      }, {
        "lat" : 49.8820678173,
        "lon" : 8.6700640211,
        "time" : "20140929T114004+0200"
      }, {
        "lat" : 49.8820632083,
        "lon" : 8.670058369,
        "time" : "20140929T114019+0200"
      }, {
        "lat" : 49.8820730111,
        "lon" : 8.6700515039,
        "time" : "20140929T114039+0200"
      }, {
        "lat" : 49.8821185994,
        "lon" : 8.6699810919,
        "time" : "20140929T114110+0200"
      }, {
        "lat" : 49.8824621383,
        "lon" : 8.6691349613,
        "time" : "20140929T114152+0200"
      }, {
        "lat" : 49.8825953435,
        "lon" : 8.6687513437,
        "time" : "20140929T114210+0200"
      }, {
        "lat" : 49.8827470616,
        "lon" : 8.6681209605,
        "time" : "20140929T114241+0200"
      }, {
        "lat" : 49.882810368,
        "lon" : 8.6675682187,
        "time" : "20140929T114304+0200"
      }, {
        "lat" : 49.8828772727,
        "lon" : 8.6669011429,
        "time" : "20140929T114332+0200"
      }, {
        "lat" : 49.8828575595,
        "lon" : 8.6666144751,
        "time" : "20140929T114353+0200"
      }, {
        "lat" : 49.8827598966,
        "lon" : 8.6664076084,
        "time" : "20140929T114413+0200"
      }, {
        "lat" : 49.8826180536,
        "lon" : 8.66624067,
        "time" : "20140929T114436+0200"
      } ]
    }, {
      "activity" : "transport",
      "group" : "transport",
      "manual" : false,
      "startTime" : "20140929T114436+0200",
      "endTime" : "20140929T115610+0200",
      "duration" : 694.0,
      "distance" : 1086.0,
      "trackPoints" : [ {
        "lat" : 49.8826180536,
        "lon" : 8.66624067,
        "time" : "20140929T114436+0200"
      }, {
        "lat" : 49.8823639248,
        "lon" : 8.6660709659,
        "time" : "20140929T114513+0200"
      }, {
        "lat" : 49.8823452651,
        "lon" : 8.6660610167,
        "time" : "20140929T114533+0200"
      }, {
        "lat" : 49.8823272461,
        "lon" : 8.6660500726,
        "time" : "20140929T114553+0200"
      }, {
        "lat" : 49.8823107586,
        "lon" : 8.6660402285,
        "time" : "20140929T114613+0200"
      }, {
        "lat" : 49.8822957077,
        "lon" : 8.6660314163,
        "time" : "20140929T114633+0200"
      }, {
        "lat" : 49.8822805349,
        "lon" : 8.6660225611,
        "time" : "20140929T114652+0200"
      }, {
        "lat" : 49.8822657844,
        "lon" : 8.6660138653,
        "time" : "20140929T114712+0200"
      }, {
        "lat" : 49.882252491,
        "lon" : 8.6660057636,
        "time" : "20140929T114732+0200"
      }, {
        "lat" : 49.8822413531,
        "lon" : 8.6659987021,
        "time" : "20140929T114753+0200"
      }, {
        "lat" : 49.8822324483,
        "lon" : 8.6659928701,
        "time" : "20140929T114813+0200"
      }, {
        "lat" : 49.88222578,
        "lon" : 8.6659884148,
        "time" : "20140929T114833+0200"
      }, {
        "lat" : 49.8822210354,
        "lon" : 8.665985216,
        "time" : "20140929T114853+0200"
      }, {
        "lat" : 49.8822173325,
        "lon" : 8.6659826838,
        "time" : "20140929T114913+0200"
      }, {
        "lat" : 49.8822142958,
        "lon" : 8.6659805868,
        "time" : "20140929T114933+0200"
      }, {
        "lat" : 49.8822096254,
        "lon" : 8.6659773573,
        "time" : "20140929T114953+0200"
      }, {
        "lat" : 49.8821998428,
        "lon" : 8.6659706266,
        "time" : "20140929T115013+0200"
      }, {
        "lat" : 49.8821867584,
        "lon" : 8.665961668,
        "time" : "20140929T115033+0200"
      }, {
        "lat" : 49.8821708218,
        "lon" : 8.6659508105,
        "time" : "20140929T115053+0200"
      }, {
        "lat" : 49.8821528253,
        "lon" : 8.6659385842,
        "time" : "20140929T115113+0200"
      }, {
        "lat" : 49.8821398708,
        "lon" : 8.6659297834,
        "time" : "20140929T115133+0200"
      }, {
        "lat" : 49.8821230292,
        "lon" : 8.6659182284,
        "time" : "20140929T115150+0200"
      }, {
        "lat" : 49.881132805,
        "lon" : 8.6652121315,
        "time" : "20140929T115210+0200"
      }, {
        "lat" : 49.880343549,
        "lon" : 8.664288008,
        "time" : "20140929T115240+0200"
      }, {
        "lat" : 49.8802828481,
        "lon" : 8.6642233672,
        "time" : "20140929T115300+0200"
      }, {
        "lat" : 49.8784999486,
        "lon" : 8.6621964458,
        "time" : "20140929T115340+0200"
      }, {
        "lat" : 49.8780978614,
        "lon" : 8.6617478572,
        "time" : "20140929T115400+0200"
      }, {
        "lat" : 49.8778766114,
        "lon" : 8.6615865857,
        "time" : "20140929T115422+0200"
      }, {
        "lat" : 49.8767678527,
        "lon" : 8.6610552921,
        "time" : "20140929T115440+0200"
      }, {
        "lat" : 49.8758278505,
        "lon" : 8.6601261341,
        "time" : "20140929T115525+0200"
      }, {
        "lat" : 49.8755958984,
        "lon" : 8.6596677629,
        "time" : "20140929T115543+0200"
      }, {
        "lat" : 49.8753101946,
        "lon" : 8.6589965895,
        "time" : "20140929T115610+0200"
      } ]
    }, {
      "activity" : "walking",
      "group" : "walking",
      "manual" : false,
      "startTime" : "20140929T115610+0200",
      "endTime" : "20140929T120022+0200",
      "duration" : 252.0,
      "distance" : 304.0,
      "steps" : 456,
      "trackPoints" : [ {
        "lat" : 49.8753101946,
        "lon" : 8.6589965895,
        "time" : "20140929T115610+0200"
      }, {
        "lat" : 49.8752778666,
        "lon" : 8.6589039964,
        "time" : "20140929T115631+0200"
      }, {
        "lat" : 49.8751985502,
        "lon" : 8.6584406253,
        "time" : "20140929T115701+0200"
      }, {
        "lat" : 49.8751122541,
        "lon" : 8.6577037309,
        "time" : "20140929T115732+0200"
      }, {
        "lat" : 49.8750784536,
        "lon" : 8.6573183298,
        "time" : "20140929T115756+0200"
      }, {
        "lat" : 49.8750694386,
        "lon" : 8.65712159,
        "time" : "20140929T115812+0200"
      }, {
        "lat" : 49.8750605839,
        "lon" : 8.6569205753,
        "time" : "20140929T115836+0200"
      }, {
        "lat" : 49.8750141577,
        "lon" : 8.6562685014,
        "time" : "20140929T115922+0200"
      }, {
        "lat" : 49.8749578187,
        "lon" : 8.6557788728,
        "time" : "20140929T115959+0200"
      }, {
        "lat" : 49.8749578039,
        "lon" : 8.6557787437,
        "time" : "20140929T120000+0200"
      }, {
        "lat" : 49.8749546462,
        "lon" : 8.655751301,
        "time" : "20140929T120002+0200"
      }, {
        "lat" : 49.8748546475,
        "lon" : 8.6552842632,
        "time" : "20140929T120022+0200"
      } ]
    } ],
    "lastUpdate" : "20140929T120833Z"
  }, {
    "type" : "place",
    "startTime" : "20140929T120022+0200",
    "endTime" : "20140929T140441+0200",
    "place" : {
      "id" : 262793504,
      "type" : "unknown",
      "location" : {
        "lat" : 49.8738219994,
        "lon" : 8.6560382854
      }
    },
    "activities" : [ {
      "activity" : "walking",
      "group" : "walking",
      "manual" : false,
      "startTime" : "20140929T120024+0200",
      "endTime" : "20140929T120033+0200",
      "duration" : 9.0,
      "distance" : 6.0,
      "steps" : 12,
      "trackPoints" : [ ]
    }, {
      "activity" : "walking",
      "group" : "walking",
      "manual" : false,
      "startTime" : "20140929T134505+0200",
      "endTime" : "20140929T134509+0200",
      "duration" : 4.0,
      "distance" : 3.0,
      "steps" : 5,
      "trackPoints" : [ ]
    }, {
      "activity" : "walking",
      "group" : "walking",
      "manual" : false,
      "startTime" : "20140929T140421+0200",
      "endTime" : "20140929T140437+0200",
      "duration" : 16.0,
      "distance" : 11.0,
      "steps" : 21,
      "trackPoints" : [ ]
    } ],
    "lastUpdate" : "20140929T150813Z"
  }, {
    "type" : "move",
    "startTime" : "20140929T140441+0200",
    "endTime" : "20140929T141348+0200",
    "activities" : [ {
      "activity" : "walking",
      "group" : "walking",
      "manual" : false,
      "startTime" : "20140929T140441+0200",
      "endTime" : "20140929T141348+0200",
      "duration" : 547.0,
      "distance" : 435.0,
      "steps" : 870,
      "trackPoints" : [ {
        "lat" : 49.8738219994,
        "lon" : 8.6560382854,
        "time" : "20140929T140441+0200"
      }, {
        "lat" : 49.8736187526,
        "lon" : 8.6561788208,
        "time" : "20140929T140805+0200"
      }, {
        "lat" : 49.8734079341,
        "lon" : 8.6561550673,
        "time" : "20140929T140841+0200"
      }, {
        "lat" : 49.8733069767,
        "lon" : 8.6561061881,
        "time" : "20140929T140903+0200"
      }, {
        "lat" : 49.873233344,
        "lon" : 8.6560588546,
        "time" : "20140929T140921+0200"
      }, {
        "lat" : 49.8730926719,
        "lon" : 8.6559315564,
        "time" : "20140929T140951+0200"
      }, {
        "lat" : 49.8729715023,
        "lon" : 8.6557479391,
        "time" : "20140929T141012+0200"
      }, {
        "lat" : 49.8728658744,
        "lon" : 8.6555464799,
        "time" : "20140929T141032+0200"
      }, {
        "lat" : 49.8727918406,
        "lon" : 8.6554176959,
        "time" : "20140929T141053+0200"
      }, {
        "lat" : 49.8727550423,
        "lon" : 8.6553857666,
        "time" : "20140929T141113+0200"
      }, {
        "lat" : 49.8727111602,
        "lon" : 8.6553701991,
        "time" : "20140929T141136+0200"
      }, {
        "lat" : 49.8726164908,
        "lon" : 8.6553590618,
        "time" : "20140929T141156+0200"
      }, {
        "lat" : 49.8722800265,
        "lon" : 8.6553253967,
        "time" : "20140929T141217+0200"
      }, {
        "lat" : 49.8720536172,
        "lon" : 8.6553009707,
        "time" : "20140929T141237+0200"
      }, {
        "lat" : 49.8718580268,
        "lon" : 8.6552773558,
        "time" : "20140929T141307+0200"
      }, {
        "lat" : 49.8717209591,
        "lon" : 8.6552692993,
        "time" : "20140929T141327+0200"
      }, {
        "lat" : 49.8713664158,
        "lon" : 8.6551462382,
        "time" : "20140929T141348+0200"
      } ]
    } ],
    "lastUpdate" : "20140929T150813Z"
  }, {
    "type" : "place",
    "startTime" : "20140929T141348+0200",
    "endTime" : "20140929T142903+0200",
    "place" : {
      "id" : 255635055,
      "type" : "unknown",
      "location" : {
        "lat" : 49.8713664158,
        "lon" : 8.6551462382
      }
    },
    "activities" : [ {
      "activity" : "walking",
      "group" : "walking",
      "manual" : false,
      "startTime" : "20140929T141352+0200",
      "endTime" : "20140929T141742+0200",
      "duration" : 230.0,
      "distance" : 235.0,
      "steps" : 313,
      "trackPoints" : [ ]
    } ],
    "lastUpdate" : "20140929T150813Z"
  }, {
    "type" : "move",
    "startTime" : "20140929T142903+0200",
    "endTime" : "20140929T144415+0200",
    "activities" : [ {
      "activity" : "walking",
      "group" : "walking",
      "manual" : false,
      "startTime" : "20140929T142903+0200",
      "endTime" : "20140929T143246+0200",
      "duration" : 223.0,
      "distance" : 193.0,
      "steps" : 385,
      "trackPoints" : [ {
        "lat" : 49.8713664158,
        "lon" : 8.6551462382,
        "time" : "20140929T142903+0200"
      }, {
        "lat" : 49.8714247097,
        "lon" : 8.6552236731,
        "time" : "20140929T142923+0200"
      }, {
        "lat" : 49.8714382656,
        "lon" : 8.6551931969,
        "time" : "20140929T142943+0200"
      }, {
        "lat" : 49.8714702402,
        "lon" : 8.6551164204,
        "time" : "20140929T143022+0200"
      }, {
        "lat" : 49.8714770878,
        "lon" : 8.6550718801,
        "time" : "20140929T143040+0200"
      }, {
        "lat" : 49.8714785033,
        "lon" : 8.6550215931,
        "time" : "20140929T143104+0200"
      }, {
        "lat" : 49.871512237,
        "lon" : 8.6550217256,
        "time" : "20140929T143120+0200"
      }, {
        "lat" : 49.8715544854,
        "lon" : 8.6550300009,
        "time" : "20140929T143140+0200"
      }, {
        "lat" : 49.8716051293,
        "lon" : 8.6550375781,
        "time" : "20140929T143200+0200"
      }, {
        "lat" : 49.8720292526,
        "lon" : 8.6550913935,
        "time" : "20140929T143220+0200"
      }, {
        "lat" : 49.8724530631,
        "lon" : 8.6551411433,
        "time" : "20140929T143246+0200"
      } ]
    }, {
      "activity" : "transport",
      "group" : "transport",
      "manual" : false,
      "startTime" : "20140929T143246+0200",
      "endTime" : "20140929T143942+0200",
      "duration" : 416.0,
      "distance" : 1812.0,
      "trackPoints" : [ {
        "lat" : 49.8724530631,
        "lon" : 8.6551411433,
        "time" : "20140929T143246+0200"
      }, {
        "lat" : 49.8726526049,
        "lon" : 8.6551796715,
        "time" : "20140929T143311+0200"
      }, {
        "lat" : 49.8726873098,
        "lon" : 8.6552031418,
        "time" : "20140929T143330+0200"
      }, {
        "lat" : 49.872701267,
        "lon" : 8.6552124694,
        "time" : "20140929T143350+0200"
      }, {
        "lat" : 49.8727163366,
        "lon" : 8.6552223725,
        "time" : "20140929T143411+0200"
      }, {
        "lat" : 49.873015024,
        "lon" : 8.6554718446,
        "time" : "20140929T143433+0200"
      }, {
        "lat" : 49.873527457,
        "lon" : 8.6558671563,
        "time" : "20140929T143501+0200"
      }, {
        "lat" : 49.8739429442,
        "lon" : 8.6551874707,
        "time" : "20140929T143526+0200"
      }, {
        "lat" : 49.8741541968,
        "lon" : 8.6549655305,
        "time" : "20140929T143546+0200"
      }, {
        "lat" : 49.8752438385,
        "lon" : 8.6588310621,
        "time" : "20140929T143611+0200"
      }, {
        "lat" : 49.8755059042,
        "lon" : 8.6597078419,
        "time" : "20140929T143632+0200"
      }, {
        "lat" : 49.8759995538,
        "lon" : 8.6612270602,
        "time" : "20140929T143647+0200"
      }, {
        "lat" : 49.8757851956,
        "lon" : 8.6604482678,
        "time" : "20140929T143710+0200"
      }, {
        "lat" : 49.8776289469,
        "lon" : 8.6613372053,
        "time" : "20140929T143750+0200"
      }, {
        "lat" : 49.877870363,
        "lon" : 8.6614340073,
        "time" : "20140929T143810+0200"
      }, {
        "lat" : 49.8778890603,
        "lon" : 8.6614474119,
        "time" : "20140929T143832+0200"
      }, {
        "lat" : 49.8822503164,
        "lon" : 8.6657527195,
        "time" : "20140929T143942+0200"
      } ]
    }, {
      "activity" : "walking",
      "group" : "walking",
      "manual" : false,
      "startTime" : "20140929T143942+0200",
      "endTime" : "20140929T144415+0200",
      "duration" : 273.0,
      "distance" : 346.0,
      "steps" : 505,
      "trackPoints" : [ {
        "lat" : 49.8822503164,
        "lon" : 8.6657527195,
        "time" : "20140929T143942+0200"
      }, {
        "lat" : 49.8825552139,
        "lon" : 8.6661309803,
        "time" : "20140929T144011+0200"
      }, {
        "lat" : 49.8825639836,
        "lon" : 8.6662724676,
        "time" : "20140929T144033+0200"
      }, {
        "lat" : 49.882534325,
        "lon" : 8.666429338,
        "time" : "20140929T144051+0200"
      }, {
        "lat" : 49.8825702704,
        "lon" : 8.6670257346,
        "time" : "20140929T144131+0200"
      }, {
        "lat" : 49.8826856138,
        "lon" : 8.6677235011,
        "time" : "20140929T144201+0200"
      }, {
        "lat" : 49.8827323853,
        "lon" : 8.6680107901,
        "time" : "20140929T144217+0200"
      }, {
        "lat" : 49.8827428404,
        "lon" : 8.6682261133,
        "time" : "20140929T144236+0200"
      }, {
        "lat" : 49.8827092581,
        "lon" : 8.6684144736,
        "time" : "20140929T144256+0200"
      }, {
        "lat" : 49.8826197338,
        "lon" : 8.6687354013,
        "time" : "20140929T144319+0200"
      }, {
        "lat" : 49.8823855166,
        "lon" : 8.6695583104,
        "time" : "20140929T144351+0200"
      }, {
        "lat" : 49.8824855756,
        "lon" : 8.6697071135,
        "time" : "20140929T144415+0200"
      } ]
    } ],
    "lastUpdate" : "20140929T150813Z"
  }, {
    "type" : "place",
    "startTime" : "20140929T144415+0200",
    "endTime" : "20140929T183613+0200",
    "place" : {
      "id" : 251291724,
      "name" : "Home",
      "type" : "home",
      "location" : {
        "lat" : 49.8819996044,
        "lon" : 8.6702592175
      }
    },
    "activities" : [ {
      "activity" : "walking",
      "group" : "walking",
      "manual" : false,
      "startTime" : "20140929T144415+0200",
      "endTime" : "20140929T144432+0200",
      "duration" : 17.0,
      "distance" : 16.0,
      "steps" : 32,
      "trackPoints" : [ ]
    }, {
      "activity" : "walking",
      "group" : "walking",
      "manual" : false,
      "startTime" : "20140929T151835+0200",
      "endTime" : "20140929T151937+0200",
      "duration" : 62.0,
      "distance" : 40.0,
      "steps" : 79,
      "trackPoints" : [ ]
    }, {
      "activity" : "walking",
      "group" : "walking",
      "manual" : false,
      "startTime" : "20140929T170225+0200",
      "endTime" : "20140929T170854+0200",
      "duration" : 389.0,
      "distance" : 425.0,
      "steps" : 567,
      "trackPoints" : [ ]
    }, {
      "activity" : "walking",
      "group" : "walking",
      "manual" : false,
      "startTime" : "20140929T180007+0200",
      "endTime" : "20140929T180615+0200",
      "duration" : 368.0,
      "distance" : 422.0,
      "steps" : 562,
      "trackPoints" : [ ]
    } ],
    "lastUpdate" : "20140929T180045Z"
  }, {
    "type" : "move",
    "startTime" : "20140929T183613+0200",
    "endTime" : "20140929T184406+0200",
    "activities" : [ {
      "activity" : "walking",
      "group" : "walking",
      "manual" : false,
      "startTime" : "20140929T183613+0200",
      "endTime" : "20140929T184405+0200",
      "duration" : 472.0,
      "distance" : 443.0,
      "steps" : 786,
      "trackPoints" : [ {
        "lat" : 49.8819996044,
        "lon" : 8.6702592175,
        "time" : "20140929T183613+0200"
      }, {
        "lat" : 49.8821835125,
        "lon" : 8.6705447403,
        "time" : "20140929T183629+0200"
      }, {
        "lat" : 49.8822080374,
        "lon" : 8.6705616721,
        "time" : "20140929T183648+0200"
      }, {
        "lat" : 49.882212872,
        "lon" : 8.6705686415,
        "time" : "20140929T183706+0200"
      }, {
        "lat" : 49.8822051448,
        "lon" : 8.670565063,
        "time" : "20140929T183721+0200"
      }, {
        "lat" : 49.8822836681,
        "lon" : 8.6706066073,
        "time" : "20140929T183741+0200"
      }, {
        "lat" : 49.8828088648,
        "lon" : 8.6708968232,
        "time" : "20140929T183802+0200"
      }, {
        "lat" : 49.8831999738,
        "lon" : 8.6710969837,
        "time" : "20140929T183822+0200"
      }, {
        "lat" : 49.8836605829,
        "lon" : 8.6711774979,
        "time" : "20140929T183857+0200"
      }, {
        "lat" : 49.883840222,
        "lon" : 8.6712364378,
        "time" : "20140929T183916+0200"
      }, {
        "lat" : 49.8841110251,
        "lon" : 8.6712961834,
        "time" : "20140929T183937+0200"
      }, {
        "lat" : 49.8843303385,
        "lon" : 8.6713461969,
        "time" : "20140929T184008+0200"
      }, {
        "lat" : 49.884413358,
        "lon" : 8.6713787165,
        "time" : "20140929T184028+0200"
      }, {
        "lat" : 49.8844898189,
        "lon" : 8.6713955924,
        "time" : "20140929T184048+0200"
      }, {
        "lat" : 49.8845394444,
        "lon" : 8.6714111549,
        "time" : "20140929T184105+0200"
      }, {
        "lat" : 49.8845953461,
        "lon" : 8.6714432015,
        "time" : "20140929T184126+0200"
      }, {
        "lat" : 49.8848331099,
        "lon" : 8.6717054542,
        "time" : "20140929T184206+0200"
      }, {
        "lat" : 49.8848820449,
        "lon" : 8.6717351057,
        "time" : "20140929T184226+0200"
      }, {
        "lat" : 49.8849276576,
        "lon" : 8.6716886238,
        "time" : "20140929T184245+0200"
      }, {
        "lat" : 49.8849820345,
        "lon" : 8.6716123091,
        "time" : "20140929T184306+0200"
      }, {
        "lat" : 49.8852388046,
        "lon" : 8.6712466292,
        "time" : "20140929T184346+0200"
      }, {
        "lat" : 49.8853907879,
        "lon" : 8.6710590028,
        "time" : "20140929T184406+0200"
      } ]
    } ],
    "lastUpdate" : "20140929T180045Z"
  }, {
    "type" : "place",
    "startTime" : "20140929T184406+0200",
    "endTime" : "20140929T190132+0200",
    "place" : {
      "id" : 233376386,
      "type" : "unknown",
      "location" : {
        "lat" : 49.8853907879,
        "lon" : 8.6710590028
      }
    },
    "activities" : [ {
      "activity" : "walking",
      "group" : "walking",
      "manual" : false,
      "startTime" : "20140929T184426+0200",
      "endTime" : "20140929T184803+0200",
      "duration" : 217.0,
      "distance" : 236.0,
      "steps" : 314,
      "trackPoints" : [ ]
    } ],
    "lastUpdate" : "20140929T180045Z"
  }, {
    "type" : "move",
    "startTime" : "20140929T190132+0200",
    "endTime" : "20140929T191054+0200",
    "activities" : [ {
      "activity" : "walking",
      "group" : "walking",
      "manual" : false,
      "startTime" : "20140929T190132+0200",
      "endTime" : "20140929T191053+0200",
      "duration" : 561.0,
      "distance" : 561.0,
      "steps" : 1122,
      "trackPoints" : [ {
        "lat" : 49.8853907879,
        "lon" : 8.6710590028,
        "time" : "20140929T190132+0200"
      }, {
        "lat" : 49.8851905811,
        "lon" : 8.6713994631,
        "time" : "20140929T190154+0200"
      }, {
        "lat" : 49.8851789308,
        "lon" : 8.6714001231,
        "time" : "20140929T190214+0200"
      }, {
        "lat" : 49.8851374376,
        "lon" : 8.6715519836,
        "time" : "20140929T190247+0200"
      }, {
        "lat" : 49.8850968613,
        "lon" : 8.6714997786,
        "time" : "20140929T190311+0200"
      }, {
        "lat" : 49.8850634242,
        "lon" : 8.6714321938,
        "time" : "20140929T190331+0200"
      }, {
        "lat" : 49.8850229874,
        "lon" : 8.6714371157,
        "time" : "20140929T190351+0200"
      }, {
        "lat" : 49.8849239166,
        "lon" : 8.6716544004,
        "time" : "20140929T190432+0200"
      }, {
        "lat" : 49.8848745767,
        "lon" : 8.6717237474,
        "time" : "20140929T190452+0200"
      }, {
        "lat" : 49.8845535787,
        "lon" : 8.6717089572,
        "time" : "20140929T190532+0200"
      }, {
        "lat" : 49.8843786555,
        "lon" : 8.6716804388,
        "time" : "20140929T190552+0200"
      }, {
        "lat" : 49.8840858488,
        "lon" : 8.671591197,
        "time" : "20140929T190614+0200"
      }, {
        "lat" : 49.8836303281,
        "lon" : 8.671353631,
        "time" : "20140929T190634+0200"
      }, {
        "lat" : 49.8833143351,
        "lon" : 8.671175418,
        "time" : "20140929T190654+0200"
      }, {
        "lat" : 49.8832068582,
        "lon" : 8.671118775,
        "time" : "20140929T190714+0200"
      }, {
        "lat" : 49.8831237936,
        "lon" : 8.6710820051,
        "time" : "20140929T190734+0200"
      }, {
        "lat" : 49.8830728316,
        "lon" : 8.6710197785,
        "time" : "20140929T190754+0200"
      }, {
        "lat" : 49.8830172222,
        "lon" : 8.6708978126,
        "time" : "20140929T190812+0200"
      }, {
        "lat" : 49.8829611145,
        "lon" : 8.6707720817,
        "time" : "20140929T190833+0200"
      }, {
        "lat" : 49.882907117,
        "lon" : 8.6706820362,
        "time" : "20140929T190852+0200"
      }, {
        "lat" : 49.8826028718,
        "lon" : 8.6703005429,
        "time" : "20140929T190922+0200"
      }, {
        "lat" : 49.8824210429,
        "lon" : 8.6702044119,
        "time" : "20140929T190951+0200"
      }, {
        "lat" : 49.882310335,
        "lon" : 8.6702298643,
        "time" : "20140929T191014+0200"
      }, {
        "lat" : 49.8822119685,
        "lon" : 8.6702949715,
        "time" : "20140929T191034+0200"
      }, {
        "lat" : 49.8819996044,
        "lon" : 8.6702592175,
        "time" : "20140929T191054+0200"
      } ]
    } ],
    "lastUpdate" : "20140929T180045Z"
  }, {
    "type" : "place",
    "startTime" : "20140929T191054+0200",
    "endTime" : "20140930T172616+0200",
    "place" : {
      "id" : 251291724,
      "name" : "Home",
      "type" : "home",
      "location" : {
        "lat" : 49.8819996044,
        "lon" : 8.6702592175
      }
    },
    "activities" : [ {
      "activity" : "walking",
      "group" : "walking",
      "manual" : false,
      "startTime" : "20140929T191054+0200",
      "endTime" : "20140929T191529+0200",
      "duration" : 275.0,
      "distance" : 279.0,
      "steps" : 372,
      "trackPoints" : [ ]
    }, {
      "activity" : "walking",
      "group" : "walking",
      "manual" : false,
      "startTime" : "20140929T200000+0200",
      "endTime" : "20140929T200827+0200",
      "duration" : 507.0,
      "distance" : 508.0,
      "steps" : 677,
      "trackPoints" : [ ]
    }, {
      "activity" : "walking",
      "group" : "walking",
      "manual" : false,
      "startTime" : "20140929T210218+0200",
      "endTime" : "20140929T210923+0200",
      "duration" : 425.0,
      "distance" : 470.0,
      "steps" : 627,
      "trackPoints" : [ ]
    }, {
      "activity" : "walking",
      "group" : "walking",
      "manual" : false,
      "startTime" : "20140929T220226+0200",
      "endTime" : "20140929T220407+0200",
      "duration" : 101.0,
      "distance" : 71.0,
      "steps" : 142,
      "trackPoints" : [ ]
    } ],
    "lastUpdate" : "20140930T165036Z"
  } ],
  "lastUpdate" : "20140930T165036Z"
}, {
  "date" : "20140930",
  "summary" : [ {
    "activity" : "walking",
    "group" : "walking",
    "duration" : 1984.0,
    "distance" : 2050.0,
    "steps" : 3238
  } ],
  "segments" : [ {
    "type" : "place",
    "startTime" : "20140929T191054+0200",
    "endTime" : "20140930T172616+0200",
    "place" : {
      "id" : 251291724,
      "name" : "Home",
      "type" : "home",
      "location" : {
        "lat" : 49.8819996044,
        "lon" : 8.6702592175
      }
    },
    "activities" : [ {
      "activity" : "walking",
      "group" : "walking",
      "manual" : false,
      "startTime" : "20140930T000343+0200",
      "endTime" : "20140930T000403+0200",
      "duration" : 20.0,
      "distance" : 13.0,
      "steps" : 26,
      "trackPoints" : [ ]
    }, {
      "activity" : "walking",
      "group" : "walking",
      "manual" : false,
      "startTime" : "20140930T011706+0200",
      "endTime" : "20140930T011828+0200",
      "duration" : 82.0,
      "distance" : 42.0,
      "steps" : 85,
      "trackPoints" : [ ]
    }, {
      "activity" : "walking",
      "group" : "walking",
      "manual" : false,
      "startTime" : "20140930T022831+0200",
      "endTime" : "20140930T022851+0200",
      "duration" : 20.0,
      "distance" : 13.0,
      "steps" : 26,
      "trackPoints" : [ ]
    }, {
      "activity" : "walking",
      "group" : "walking",
      "manual" : false,
      "startTime" : "20140930T031058+0200",
      "endTime" : "20140930T031122+0200",
      "duration" : 24.0,
      "distance" : 16.0,
      "steps" : 32,
      "trackPoints" : [ ]
    }, {
      "activity" : "walking",
      "group" : "walking",
      "manual" : false,
      "startTime" : "20140930T112920+0200",
      "endTime" : "20140930T112927+0200",
      "duration" : 7.0,
      "distance" : 5.0,
      "steps" : 10,
      "trackPoints" : [ ]
    }, {
      "activity" : "walking",
      "group" : "walking",
      "manual" : false,
      "startTime" : "20140930T120007+0200",
      "endTime" : "20140930T120015+0200",
      "duration" : 8.0,
      "distance" : 6.0,
      "steps" : 11,
      "trackPoints" : [ ]
    }, {
      "activity" : "walking",
      "group" : "walking",
      "manual" : false,
      "startTime" : "20140930T152409+0200",
      "endTime" : "20140930T152511+0200",
      "duration" : 62.0,
      "distance" : 49.0,
      "steps" : 98,
      "trackPoints" : [ ]
    }, {
      "activity" : "walking",
      "group" : "walking",
      "manual" : false,
      "startTime" : "20140930T160712+0200",
      "endTime" : "20140930T160800+0200",
      "duration" : 48.0,
      "distance" : 32.0,
      "steps" : 64,
      "trackPoints" : [ ]
    }, {
      "activity" : "walking",
      "group" : "walking",
      "manual" : false,
      "startTime" : "20140930T171851+0200",
      "endTime" : "20140930T171951+0200",
      "duration" : 60.0,
      "distance" : 40.0,
      "steps" : 80,
      "trackPoints" : [ ]
    } ],
    "lastUpdate" : "20140930T165036Z"
  }, {
    "type" : "move",
    "startTime" : "20140930T172616+0200",
    "endTime" : "20140930T173946+0200",
    "activities" : [ {
      "activity" : "walking",
      "group" : "walking",
      "manual" : false,
      "startTime" : "20140930T172616+0200",
      "endTime" : "20140930T173947+0200",
      "duration" : 811.0,
      "distance" : 821.0,
      "steps" : 1399,
      "trackPoints" : [ {
        "lat" : 49.8819996044,
        "lon" : 8.6702592175,
        "time" : "20140930T172616+0200"
      }, {
        "lat" : 49.8820395479,
        "lon" : 8.670197925,
        "time" : "20140930T172637+0200"
      }, {
        "lat" : 49.8820434976,
        "lon" : 8.6701842052,
        "time" : "20140930T172654+0200"
      }, {
        "lat" : 49.8820494858,
        "lon" : 8.6701640955,
        "time" : "20140930T172714+0200"
      }, {
        "lat" : 49.8820524765,
        "lon" : 8.6701534482,
        "time" : "20140930T172735+0200"
      }, {
        "lat" : 49.882275785,
        "lon" : 8.6694189706,
        "time" : "20140930T172820+0200"
      }, {
        "lat" : 49.8823641249,
        "lon" : 8.6689587277,
        "time" : "20140930T172841+0200"
      }, {
        "lat" : 49.8824291268,
        "lon" : 8.6684332736,
        "time" : "20140930T172859+0200"
      }, {
        "lat" : 49.8825422476,
        "lon" : 8.6681849709,
        "time" : "20140930T172916+0200"
      }, {
        "lat" : 49.8825501637,
        "lon" : 8.6682375983,
        "time" : "20140930T172932+0200"
      }, {
        "lat" : 49.8825973746,
        "lon" : 8.6684237801,
        "time" : "20140930T173003+0200"
      }, {
        "lat" : 49.8826162165,
        "lon" : 8.6684711393,
        "time" : "20140930T173023+0200"
      }, {
        "lat" : 49.8827664105,
        "lon" : 8.6682938728,
        "time" : "20140930T173103+0200"
      }, {
        "lat" : 49.8828110848,
        "lon" : 8.6682674875,
        "time" : "20140930T173124+0200"
      }, {
        "lat" : 49.8828195924,
        "lon" : 8.668234894,
        "time" : "20140930T173144+0200"
      }, {
        "lat" : 49.8827995032,
        "lon" : 8.6681505718,
        "time" : "20140930T173204+0200"
      }, {
        "lat" : 49.8826943043,
        "lon" : 8.6678116526,
        "time" : "20140930T173225+0200"
      }, {
        "lat" : 49.8824162654,
        "lon" : 8.6667789761,
        "time" : "20140930T173256+0200"
      }, {
        "lat" : 49.882388883,
        "lon" : 8.6664608652,
        "time" : "20140930T173316+0200"
      }, {
        "lat" : 49.882439265,
        "lon" : 8.6662878145,
        "time" : "20140930T173336+0200"
      }, {
        "lat" : 49.8825149239,
        "lon" : 8.6661930151,
        "time" : "20140930T173354+0200"
      }, {
        "lat" : 49.882590844,
        "lon" : 8.6661311515,
        "time" : "20140930T173414+0200"
      }, {
        "lat" : 49.8827934268,
        "lon" : 8.6660389718,
        "time" : "20140930T173444+0200"
      }, {
        "lat" : 49.8829264082,
        "lon" : 8.66602224,
        "time" : "20140930T173504+0200"
      }, {
        "lat" : 49.8830349363,
        "lon" : 8.6660550715,
        "time" : "20140930T173525+0200"
      }, {
        "lat" : 49.8833127067,
        "lon" : 8.6661311286,
        "time" : "20140930T173555+0200"
      }, {
        "lat" : 49.8835318205,
        "lon" : 8.6660963301,
        "time" : "20140930T173616+0200"
      }, {
        "lat" : 49.883818378,
        "lon" : 8.6658317135,
        "time" : "20140930T173646+0200"
      }, {
        "lat" : 49.883980791,
        "lon" : 8.6656366231,
        "time" : "20140930T173706+0200"
      }, {
        "lat" : 49.8841959028,
        "lon" : 8.6653455803,
        "time" : "20140930T173737+0200"
      }, {
        "lat" : 49.8843581797,
        "lon" : 8.6652234424,
        "time" : "20140930T173757+0200"
      }, {
        "lat" : 49.8849610945,
        "lon" : 8.6649938813,
        "time" : "20140930T173839+0200"
      }, {
        "lat" : 49.8851342042,
        "lon" : 8.6650475742,
        "time" : "20140930T173906+0200"
      }, {
        "lat" : 49.8851371629,
        "lon" : 8.6650541459,
        "time" : "20140930T173926+0200"
      }, {
        "lat" : 49.8854638877,
        "lon" : 8.6658461348,
        "time" : "20140930T173946+0200"
      } ]
    } ],
    "lastUpdate" : "20140930T165036Z"
  }, {
    "type" : "place",
    "startTime" : "20140930T173946+0200",
    "endTime" : "20140930T194515+0200",
    "place" : {
      "id" : 251674467,
      "type" : "unknown",
      "location" : {
        "lat" : 49.8854638877,
        "lon" : 8.6658461348
      }
    },
    "activities" : [ {
      "activity" : "walking",
      "group" : "walking",
      "manual" : false,
      "startTime" : "20140930T173946+0200",
      "endTime" : "20140930T174009+0200",
      "duration" : 23.0,
      "distance" : 17.0,
      "steps" : 34,
      "trackPoints" : [ ]
    }, {
      "activity" : "walking",
      "group" : "walking",
      "manual" : false,
      "startTime" : "20140930T193744+0200",
      "endTime" : "20140930T194225+0200",
      "duration" : 281.0,
      "distance" : 359.0,
      "steps" : 478,
      "trackPoints" : [ ]
    } ],
    "lastUpdate" : "20140930T212901Z"
  }, {
    "type" : "move",
    "startTime" : "20140930T194515+0200",
    "endTime" : "20140930T195207+0200",
    "activities" : [ {
      "activity" : "walking",
      "group" : "walking",
      "manual" : false,
      "startTime" : "20140930T194515+0200",
      "endTime" : "20140930T195208+0200",
      "duration" : 413.0,
      "distance" : 555.0,
      "steps" : 730,
      "trackPoints" : [ {
        "lat" : 49.8854638877,
        "lon" : 8.6658461348,
        "time" : "20140930T194515+0200"
      }, {
        "lat" : 49.8840579644,
        "lon" : 8.6668637872,
        "time" : "20140930T194530+0200"
      }, {
        "lat" : 49.882818157,
        "lon" : 8.6682156659,
        "time" : "20140930T194920+0200"
      }, {
        "lat" : 49.8827391655,
        "lon" : 8.6682652126,
        "time" : "20140930T194940+0200"
      }, {
        "lat" : 49.88269082,
        "lon" : 8.6683394577,
        "time" : "20140930T195001+0200"
      }, {
        "lat" : 49.8826565598,
        "lon" : 8.6684671797,
        "time" : "20140930T195018+0200"
      }, {
        "lat" : 49.8824418223,
        "lon" : 8.6693909563,
        "time" : "20140930T195104+0200"
      }, {
        "lat" : 49.8823625833,
        "lon" : 8.6696982543,
        "time" : "20140930T195127+0200"
      }, {
        "lat" : 49.8823051234,
        "lon" : 8.6698499933,
        "time" : "20140930T195147+0200"
      }, {
        "lat" : 49.8819996044,
        "lon" : 8.6702592175,
        "time" : "20140930T195207+0200"
      } ]
    } ],
    "lastUpdate" : "20140930T212901Z"
  }, {
    "type" : "place",
    "startTime" : "20140930T195207+0200",
    "endTime" : "20141002T125249+0200",
    "place" : {
      "id" : 260869940,
      "type" : "unknown",
      "location" : {
        "lat" : 49.8824855756,
        "lon" : 8.6697071135
      }
    },
    "activities" : [ {
      "activity" : "walking",
      "group" : "walking",
      "manual" : false,
      "startTime" : "20140930T195207+0200",
      "endTime" : "20140930T195321+0200",
      "duration" : 74.0,
      "distance" : 49.0,
      "steps" : 99,
      "trackPoints" : [ ]
    }, {
      "activity" : "walking",
      "group" : "walking",
      "manual" : false,
      "startTime" : "20140930T200203+0200",
      "endTime" : "20140930T200216+0200",
      "duration" : 13.0,
      "distance" : 9.0,
      "steps" : 17,
      "trackPoints" : [ ]
    }, {
      "activity" : "walking",
      "group" : "walking",
      "manual" : false,
      "startTime" : "20140930T210456+0200",
      "endTime" : "20140930T210509+0200",
      "duration" : 13.0,
      "distance" : 11.0,
      "steps" : 22,
      "trackPoints" : [ ]
    }, {
      "activity" : "walking",
      "group" : "walking",
      "manual" : false,
      "startTime" : "20140930T225339+0200",
      "endTime" : "20140930T225359+0200",
      "duration" : 20.0,
      "distance" : 10.0,
      "steps" : 21,
      "trackPoints" : [ ]
    }, {
      "activity" : "walking",
      "group" : "walking",
      "manual" : false,
      "startTime" : "20140930T235115+0200",
      "endTime" : "20140930T235120+0200",
      "duration" : 5.0,
      "distance" : 3.0,
      "steps" : 6,
      "trackPoints" : [ ]
    } ],
    "lastUpdate" : "20141002T120758Z"
  } ],
  "lastUpdate" : "20141002T120758Z"
}, {
  "date" : "20141001",
  "summary" : [ {
    "activity" : "walking",
    "group" : "walking",
    "duration" : 449.0,
    "distance" : 368.0,
    "steps" : 615
  } ],
  "segments" : [ {
    "type" : "place",
    "startTime" : "20140930T195207+0200",
    "endTime" : "20141002T125249+0200",
    "place" : {
      "id" : 260869940,
      "type" : "unknown",
      "location" : {
        "lat" : 49.8824855756,
        "lon" : 8.6697071135
      }
    },
    "activities" : [ {
      "activity" : "walking",
      "group" : "walking",
      "manual" : false,
      "startTime" : "20141001T000841+0200",
      "endTime" : "20141001T000850+0200",
      "duration" : 9.0,
      "distance" : 6.0,
      "steps" : 12,
      "trackPoints" : [ ]
    }, {
      "activity" : "walking",
      "group" : "walking",
      "manual" : false,
      "startTime" : "20141001T102943+0200",
      "endTime" : "20141001T102952+0200",
      "duration" : 9.0,
      "distance" : 6.0,
      "steps" : 12,
      "trackPoints" : [ ]
    }, {
      "activity" : "walking",
      "group" : "walking",
      "manual" : false,
      "startTime" : "20141001T120900+0200",
      "endTime" : "20141001T120910+0200",
      "duration" : 10.0,
      "distance" : 7.0,
      "steps" : 13,
      "trackPoints" : [ ]
    }, {
      "activity" : "walking",
      "group" : "walking",
      "manual" : false,
      "startTime" : "20141001T133515+0200",
      "endTime" : "20141001T133521+0200",
      "duration" : 6.0,
      "distance" : 4.0,
      "steps" : 8,
      "trackPoints" : [ ]
    }, {
      "activity" : "walking",
      "group" : "walking",
      "manual" : false,
      "startTime" : "20141001T140708+0200",
      "endTime" : "20141001T140713+0200",
      "duration" : 5.0,
      "distance" : 4.0,
      "steps" : 7,
      "trackPoints" : [ ]
    }, {
      "activity" : "walking",
      "group" : "walking",
      "manual" : false,
      "startTime" : "20141001T153029+0200",
      "endTime" : "20141001T153035+0200",
      "duration" : 6.0,
      "distance" : 5.0,
      "steps" : 10,
      "trackPoints" : [ ]
    }, {
      "activity" : "walking",
      "group" : "walking",
      "manual" : false,
      "startTime" : "20141001T161104+0200",
      "endTime" : "20141001T161126+0200",
      "duration" : 22.0,
      "distance" : 16.0,
      "steps" : 31,
      "trackPoints" : [ ]
    }, {
      "activity" : "walking",
      "group" : "walking",
      "manual" : false,
      "startTime" : "20141001T172112+0200",
      "endTime" : "20141001T172212+0200",
      "duration" : 60.0,
      "distance" : 35.0,
      "steps" : 70,
      "trackPoints" : [ ]
    }, {
      "activity" : "walking",
      "group" : "walking",
      "manual" : false,
      "startTime" : "20141001T193210+0200",
      "endTime" : "20141001T193249+0200",
      "duration" : 39.0,
      "distance" : 31.0,
      "steps" : 62,
      "trackPoints" : [ ]
    }, {
      "activity" : "walking",
      "group" : "walking",
      "manual" : false,
      "startTime" : "20141001T202946+0200",
      "endTime" : "20141001T203009+0200",
      "duration" : 23.0,
      "distance" : 15.0,
      "steps" : 30,
      "trackPoints" : [ ]
    }, {
      "activity" : "walking",
      "group" : "walking",
      "manual" : false,
      "startTime" : "20141001T210214+0200",
      "endTime" : "20141001T210252+0200",
      "duration" : 38.0,
      "distance" : 29.0,
      "steps" : 58,
      "trackPoints" : [ ]
    }, {
      "activity" : "walking",
      "group" : "walking",
      "manual" : false,
      "startTime" : "20141001T220003+0200",
      "endTime" : "20141001T220256+0200",
      "duration" : 173.0,
      "distance" : 177.0,
      "steps" : 236,
      "trackPoints" : [ ]
    }, {
      "activity" : "walking",
      "group" : "walking",
      "manual" : false,
      "startTime" : "20141001T231553+0200",
      "endTime" : "20141001T231642+0200",
      "duration" : 49.0,
      "distance" : 33.0,
      "steps" : 66,
      "trackPoints" : [ ]
    } ],
    "lastUpdate" : "20141002T120758Z"
  } ],
  "lastUpdate" : "20141002T120758Z"
}, {
  "date" : "20141002",
  "summary" : [ {
    "activity" : "walking",
    "group" : "walking",
    "duration" : 1787.0,
    "distance" : 1626.0,
    "steps" : 2426
  }, {
    "activity" : "transport",
    "group" : "transport",
    "duration" : 129.0,
    "distance" : 537.0
  }, {
    "activity" : "cycling",
    "group" : "cycling",
    "duration" : 171.0,
    "distance" : 449.0
  } ],
  "segments" : [ {
    "type" : "place",
    "startTime" : "20140930T195207+0200",
    "endTime" : "20141002T125249+0200",
    "place" : {
      "id" : 260869940,
      "type" : "unknown",
      "location" : {
        "lat" : 49.8824855756,
        "lon" : 8.6697071135
      }
    },
    "activities" : [ {
      "activity" : "walking",
      "group" : "walking",
      "manual" : false,
      "startTime" : "20141002T001734+0200",
      "endTime" : "20141002T001804+0200",
      "duration" : 30.0,
      "distance" : 15.0,
      "steps" : 30,
      "trackPoints" : [ ]
    }, {
      "activity" : "walking",
      "group" : "walking",
      "manual" : false,
      "startTime" : "20141002T012847+0200",
      "endTime" : "20141002T012907+0200",
      "duration" : 20.0,
      "distance" : 11.0,
      "steps" : 22,
      "trackPoints" : [ ]
    }, {
      "activity" : "walking",
      "group" : "walking",
      "manual" : false,
      "startTime" : "20141002T104454+0200",
      "endTime" : "20141002T104654+0200",
      "duration" : 120.0,
      "distance" : 80.0,
      "steps" : 160,
      "trackPoints" : [ ]
    }, {
      "activity" : "walking",
      "group" : "walking",
      "manual" : false,
      "startTime" : "20141002T110010+0200",
      "endTime" : "20141002T110118+0200",
      "duration" : 68.0,
      "distance" : 43.0,
      "steps" : 86,
      "trackPoints" : [ ]
    }, {
      "activity" : "walking",
      "group" : "walking",
      "manual" : false,
      "startTime" : "20141002T123951+0200",
      "endTime" : "20141002T124003+0200",
      "duration" : 12.0,
      "distance" : 7.0,
      "steps" : 15,
      "trackPoints" : [ ]
    } ],
    "lastUpdate" : "20141002T120758Z"
  }, {
    "type" : "move",
    "startTime" : "20141002T125249+0200",
    "endTime" : "20141002T125458+0200",
    "activities" : [ {
      "activity" : "transport",
      "group" : "transport",
      "manual" : false,
      "startTime" : "20141002T125249+0200",
      "endTime" : "20141002T125458+0200",
      "duration" : 129.0,
      "distance" : 537.0,
      "trackPoints" : [ {
        "lat" : 49.8824855756,
        "lon" : 8.6697071135,
        "time" : "20141002T125249+0200"
      }, {
        "lat" : 49.882090295,
        "lon" : 8.6703136484,
        "time" : "20141002T125311+0200"
      }, {
        "lat" : 49.8821127451,
        "lon" : 8.6702998152,
        "time" : "20141002T125327+0200"
      }, {
        "lat" : 49.8825310336,
        "lon" : 8.6704773438,
        "time" : "20141002T125353+0200"
      }, {
        "lat" : 49.883368501,
        "lon" : 8.6711017461,
        "time" : "20141002T125414+0200"
      }, {
        "lat" : 49.8845687678,
        "lon" : 8.671959684,
        "time" : "20141002T125440+0200"
      }, {
        "lat" : 49.8853907879,
        "lon" : 8.6710590028,
        "time" : "20141002T125458+0200"
      } ]
    } ],
    "lastUpdate" : "20141002T120758Z"
  }, {
    "type" : "place",
    "startTime" : "20141002T125458+0200",
    "endTime" : "20141002T130643+0200",
    "place" : {
      "id" : 233376386,
      "type" : "unknown",
      "location" : {
        "lat" : 49.8853907879,
        "lon" : 8.6710590028
      }
    },
    "activities" : [ {
      "activity" : "walking",
      "group" : "walking",
      "manual" : false,
      "startTime" : "20141002T125508+0200",
      "endTime" : "20141002T125707+0200",
      "duration" : 119.0,
      "distance" : 81.0,
      "steps" : 162,
      "trackPoints" : [ ]
    }, {
      "activity" : "walking",
      "group" : "walking",
      "manual" : false,
      "startTime" : "20141002T130007+0200",
      "endTime" : "20141002T130245+0200",
      "duration" : 158.0,
      "distance" : 167.0,
      "steps" : 223,
      "trackPoints" : [ ]
    } ],
    "lastUpdate" : "20141002T120758Z"
  }, {
    "type" : "move",
    "startTime" : "20141002T130643+0200",
    "endTime" : "20141002T130934+0200",
    "activities" : [ {
      "activity" : "cycling",
      "group" : "cycling",
      "manual" : false,
      "startTime" : "20141002T130643+0200",
      "endTime" : "20141002T130934+0200",
      "duration" : 171.0,
      "distance" : 449.0,
      "trackPoints" : [ {
        "lat" : 49.8853907879,
        "lon" : 8.6710590028,
        "time" : "20141002T130643+0200"
      }, {
        "lat" : 49.885435522,
        "lon" : 8.6714936397,
        "time" : "20141002T130704+0200"
      }, {
        "lat" : 49.885451515,
        "lon" : 8.6715491638,
        "time" : "20141002T130724+0200"
      }, {
        "lat" : 49.8854960517,
        "lon" : 8.6716162135,
        "time" : "20141002T130744+0200"
      }, {
        "lat" : 49.8855779693,
        "lon" : 8.6716836375,
        "time" : "20141002T130815+0200"
      }, {
        "lat" : 49.8845863439,
        "lon" : 8.6716727869,
        "time" : "20141002T130835+0200"
      }, {
        "lat" : 49.8843075375,
        "lon" : 8.6717644061,
        "time" : "20141002T130853+0200"
      }, {
        "lat" : 49.8841685988,
        "lon" : 8.6717334826,
        "time" : "20141002T130913+0200"
      }, {
        "lat" : 49.8824855756,
        "lon" : 8.6697071135,
        "time" : "20141002T130934+0200"
      } ]
    } ],
    "lastUpdate" : "20141002T120758Z"
  }, {
    "type" : "place",
    "startTime" : "20141002T130934+0200",
    "endTime" : "20141003T102010+0200",
    "place" : {
      "id" : 251291724,
      "name" : "Home",
      "type" : "home",
      "location" : {
        "lat" : 49.8819996044,
        "lon" : 8.6702592175
      }
    },
    "activities" : [ {
      "activity" : "walking",
      "group" : "walking",
      "manual" : false,
      "startTime" : "20141002T130934+0200",
      "endTime" : "20141002T131440+0200",
      "duration" : 306.0,
      "distance" : 312.0,
      "steps" : 416,
      "trackPoints" : [ ]
    }, {
      "activity" : "walking",
      "group" : "walking",
      "manual" : false,
      "startTime" : "20141002T141018+0200",
      "endTime" : "20141002T141100+0200",
      "duration" : 42.0,
      "distance" : 28.0,
      "steps" : 56,
      "trackPoints" : [ ]
    }, {
      "activity" : "walking",
      "group" : "walking",
      "manual" : false,
      "startTime" : "20141002T150331+0200",
      "endTime" : "20141002T150339+0200",
      "duration" : 8.0,
      "distance" : 6.0,
      "steps" : 12,
      "trackPoints" : [ ]
    }, {
      "activity" : "walking",
      "group" : "walking",
      "manual" : false,
      "startTime" : "20141002T163709+0200",
      "endTime" : "20141002T163936+0200",
      "duration" : 147.0,
      "distance" : 151.0,
      "steps" : 201,
      "trackPoints" : [ ]
    }, {
      "activity" : "walking",
      "group" : "walking",
      "manual" : false,
      "startTime" : "20141002T170011+0200",
      "endTime" : "20141002T170047+0200",
      "duration" : 36.0,
      "distance" : 18.0,
      "steps" : 24,
      "trackPoints" : [ ]
    }, {
      "activity" : "walking",
      "group" : "walking",
      "manual" : false,
      "startTime" : "20141002T191420+0200",
      "endTime" : "20141002T191620+0200",
      "duration" : 120.0,
      "distance" : 78.0,
      "steps" : 157,
      "trackPoints" : [ ]
    }, {
      "activity" : "walking",
      "group" : "walking",
      "manual" : false,
      "startTime" : "20141002T204645+0200",
      "endTime" : "20141002T204647+0200",
      "duration" : 2.0,
      "distance" : 2.0,
      "steps" : 3,
      "trackPoints" : [ ]
    }, {
      "activity" : "walking",
      "group" : "walking",
      "manual" : false,
      "startTime" : "20141002T210955+0200",
      "endTime" : "20141002T211048+0200",
      "duration" : 53.0,
      "distance" : 36.0,
      "steps" : 72,
      "trackPoints" : [ ]
    }, {
      "activity" : "walking",
      "group" : "walking",
      "manual" : false,
      "startTime" : "20141002T224257+0200",
      "endTime" : "20141002T224504+0200",
      "duration" : 127.0,
      "distance" : 126.0,
      "steps" : 168,
      "trackPoints" : [ ]
    }, {
      "activity" : "walking",
      "group" : "walking",
      "manual" : false,
      "startTime" : "20141002T231156+0200",
      "endTime" : "20141002T231855+0200",
      "duration" : 419.0,
      "distance" : 465.0,
      "steps" : 619,
      "trackPoints" : [ ]
    } ],
    "lastUpdate" : "20141003T171222Z"
  } ],
  "lastUpdate" : "20141003T171222Z"
}, {
  "date" : "20141003",
  "summary" : [ {
    "activity" : "walking",
    "group" : "walking",
    "duration" : 784.0,
    "distance" : 795.0,
    "steps" : 1126
  } ],
  "segments" : [ {
    "type" : "place",
    "startTime" : "20141002T130934+0200",
    "endTime" : "20141003T102010+0200",
    "place" : {
      "id" : 251291724,
      "name" : "Home",
      "type" : "home",
      "location" : {
        "lat" : 49.8819996044,
        "lon" : 8.6702592175
      }
    },
    "activities" : [ {
      "activity" : "walking",
      "group" : "walking",
      "manual" : false,
      "startTime" : "20141003T015659+0200",
      "endTime" : "20141003T015700+0200",
      "duration" : 1.0,
      "distance" : 1.0,
      "steps" : 1,
      "trackPoints" : [ ]
    }, {
      "activity" : "walking",
      "group" : "walking",
      "manual" : false,
      "startTime" : "20141003T101243+0200",
      "endTime" : "20141003T101244+0200",
      "duration" : 1.0,
      "distance" : 1.0,
      "steps" : 1,
      "trackPoints" : [ ]
    } ],
    "lastUpdate" : "20141003T171222Z"
  }, {
    "type" : "place",
    "startTime" : "20141003T144016+0200",
    "endTime" : "20141005T041121+0200",
    "place" : {
      "id" : 251291724,
      "name" : "Home",
      "type" : "home",
      "location" : {
        "lat" : 49.8819996044,
        "lon" : 8.6702592175
      }
    },
    "activities" : [ {
      "activity" : "walking",
      "group" : "walking",
      "manual" : false,
      "startTime" : "20141003T144211+0200",
      "endTime" : "20141003T144341+0200",
      "duration" : 90.0,
      "distance" : 54.0,
      "steps" : 108,
      "trackPoints" : [ ]
    }, {
      "activity" : "walking",
      "group" : "walking",
      "manual" : false,
      "startTime" : "20141003T150758+0200",
      "endTime" : "20141003T151007+0200",
      "duration" : 129.0,
      "distance" : 130.0,
      "steps" : 173,
      "trackPoints" : [ ]
    }, {
      "activity" : "walking",
      "group" : "walking",
      "manual" : false,
      "startTime" : "20141003T160329+0200",
      "endTime" : "20141003T160435+0200",
      "duration" : 66.0,
      "distance" : 40.0,
      "steps" : 80,
      "trackPoints" : [ ]
    }, {
      "activity" : "walking",
      "group" : "walking",
      "manual" : false,
      "startTime" : "20141003T181351+0200",
      "endTime" : "20141003T181352+0200",
      "duration" : 1.0,
      "distance" : 1.0,
      "steps" : 1,
      "trackPoints" : [ ]
    }, {
      "activity" : "walking",
      "group" : "walking",
      "manual" : false,
      "startTime" : "20141003T203425+0200",
      "endTime" : "20141003T203431+0200",
      "duration" : 6.0,
      "distance" : 4.0,
      "steps" : 8,
      "trackPoints" : [ ]
    }, {
      "activity" : "walking",
      "group" : "walking",
      "manual" : false,
      "startTime" : "20141003T213459+0200",
      "endTime" : "20141003T214302+0200",
      "duration" : 483.0,
      "distance" : 559.0,
      "steps" : 745,
      "trackPoints" : [ ]
    }, {
      "activity" : "walking",
      "group" : "walking",
      "manual" : false,
      "startTime" : "20141003T220440+0200",
      "endTime" : "20141003T220447+0200",
      "duration" : 7.0,
      "distance" : 5.0,
      "steps" : 9,
      "trackPoints" : [ ]
    } ],
    "lastUpdate" : "20141005T110523Z"
  } ],
  "lastUpdate" : "20141005T110523Z"
}, {
  "date" : "20141004",
  "summary" : [ {
    "activity" : "walking",
    "group" : "walking",
    "duration" : 949.0,
    "distance" : 805.0,
    "steps" : 1232
  } ],
  "segments" : [ {
    "type" : "place",
    "startTime" : "20141003T144016+0200",
    "endTime" : "20141005T041121+0200",
    "place" : {
      "id" : 251291724,
      "name" : "Home",
      "type" : "home",
      "location" : {
        "lat" : 49.8819996044,
        "lon" : 8.6702592175
      }
    },
    "activities" : [ {
      "activity" : "walking",
      "group" : "walking",
      "manual" : false,
      "startTime" : "20141004T002532+0200",
      "endTime" : "20141004T002544+0200",
      "duration" : 12.0,
      "distance" : 9.0,
      "steps" : 17,
      "trackPoints" : [ ]
    }, {
      "activity" : "walking",
      "group" : "walking",
      "manual" : false,
      "startTime" : "20141004T011133+0200",
      "endTime" : "20141004T011150+0200",
      "duration" : 17.0,
      "distance" : 12.0,
      "steps" : 23,
      "trackPoints" : [ ]
    }, {
      "activity" : "walking",
      "group" : "walking",
      "manual" : false,
      "startTime" : "20141004T022948+0200",
      "endTime" : "20141004T023018+0200",
      "duration" : 30.0,
      "distance" : 15.0,
      "steps" : 30,
      "trackPoints" : [ ]
    }, {
      "activity" : "walking",
      "group" : "walking",
      "manual" : false,
      "startTime" : "20141004T100116+0200",
      "endTime" : "20141004T100314+0200",
      "duration" : 118.0,
      "distance" : 79.0,
      "steps" : 157,
      "trackPoints" : [ ]
    }, {
      "activity" : "walking",
      "group" : "walking",
      "manual" : false,
      "startTime" : "20141004T111621+0200",
      "endTime" : "20141004T111634+0200",
      "duration" : 13.0,
      "distance" : 7.0,
      "steps" : 15,
      "trackPoints" : [ ]
    }, {
      "activity" : "walking",
      "group" : "walking",
      "manual" : false,
      "startTime" : "20141004T140958+0200",
      "endTime" : "20141004T141143+0200",
      "duration" : 105.0,
      "distance" : 71.0,
      "steps" : 143,
      "trackPoints" : [ ]
    }, {
      "activity" : "walking",
      "group" : "walking",
      "manual" : false,
      "startTime" : "20141004T153806+0200",
      "endTime" : "20141004T153807+0200",
      "duration" : 1.0,
      "distance" : 1.0,
      "steps" : 1,
      "trackPoints" : [ ]
    }, {
      "activity" : "walking",
      "group" : "walking",
      "manual" : false,
      "startTime" : "20141004T163321+0200",
      "endTime" : "20141004T163329+0200",
      "duration" : 8.0,
      "distance" : 5.0,
      "steps" : 9,
      "trackPoints" : [ ]
    }, {
      "activity" : "walking",
      "group" : "walking",
      "manual" : false,
      "startTime" : "20141004T174424+0200",
      "endTime" : "20141004T174426+0200",
      "duration" : 2.0,
      "distance" : 2.0,
      "steps" : 3,
      "trackPoints" : [ ]
    }, {
      "activity" : "walking",
      "group" : "walking",
      "manual" : false,
      "startTime" : "20141004T185353+0200",
      "endTime" : "20141004T185401+0200",
      "duration" : 8.0,
      "distance" : 5.0,
      "steps" : 10,
      "trackPoints" : [ ]
    }, {
      "activity" : "walking",
      "group" : "walking",
      "manual" : false,
      "startTime" : "20141004T202049+0200",
      "endTime" : "20141004T202446+0200",
      "duration" : 237.0,
      "distance" : 245.0,
      "steps" : 327,
      "trackPoints" : [ ]
    }, {
      "activity" : "walking",
      "group" : "walking",
      "manual" : false,
      "startTime" : "20141004T211858+0200",
      "endTime" : "20141004T212126+0200",
      "duration" : 148.0,
      "distance" : 132.0,
      "steps" : 176,
      "trackPoints" : [ ]
    }, {
      "activity" : "walking",
      "group" : "walking",
      "manual" : false,
      "startTime" : "20141004T223052+0200",
      "endTime" : "20141004T223215+0200",
      "duration" : 83.0,
      "distance" : 41.0,
      "steps" : 79,
      "trackPoints" : [ ]
    }, {
      "activity" : "walking",
      "group" : "walking",
      "manual" : false,
      "startTime" : "20141004T230346+0200",
      "endTime" : "20141004T230633+0200",
      "duration" : 167.0,
      "distance" : 181.0,
      "steps" : 242,
      "trackPoints" : [ ]
    } ],
    "lastUpdate" : "20141005T110523Z"
  } ],
  "lastUpdate" : "20141005T110523Z"
}, {
  "date" : "20141005",
  "summary" : [ {
    "activity" : "walking",
    "group" : "walking",
    "duration" : 1653.0,
    "distance" : 1783.0,
    "steps" : 2428
  } ],
  "segments" : [ {
    "type" : "place",
    "startTime" : "20141003T144016+0200",
    "endTime" : "20141005T041121+0200",
    "place" : {
      "id" : 251291724,
      "name" : "Home",
      "type" : "home",
      "location" : {
        "lat" : 49.8819996044,
        "lon" : 8.6702592175
      }
    },
    "lastUpdate" : "20141005T110523Z"
  }, {
    "type" : "place",
    "startTime" : "20141005T100326+0200",
    "endTime" : "20141006T111347+0200",
    "place" : {
      "id" : 251291724,
      "name" : "Home",
      "type" : "home",
      "location" : {
        "lat" : 49.8819996044,
        "lon" : 8.6702592175
      }
    },
    "activities" : [ {
      "activity" : "walking",
      "group" : "walking",
      "manual" : false,
      "startTime" : "20141005T100637+0200",
      "endTime" : "20141005T101123+0200",
      "duration" : 286.0,
      "distance" : 308.0,
      "steps" : 410,
      "trackPoints" : [ ]
    }, {
      "activity" : "walking",
      "group" : "walking",
      "manual" : false,
      "startTime" : "20141005T110141+0200",
      "endTime" : "20141005T110143+0200",
      "duration" : 2.0,
      "distance" : 2.0,
      "steps" : 3,
      "trackPoints" : [ ]
    }, {
      "activity" : "walking",
      "group" : "walking",
      "manual" : false,
      "startTime" : "20141005T122619+0200",
      "endTime" : "20141005T122620+0200",
      "duration" : 1.0,
      "distance" : 1.0,
      "steps" : 1,
      "trackPoints" : [ ]
    }, {
      "activity" : "walking",
      "group" : "walking",
      "manual" : false,
      "startTime" : "20141005T132631+0200",
      "endTime" : "20141005T132633+0200",
      "duration" : 2.0,
      "distance" : 2.0,
      "steps" : 3,
      "trackPoints" : [ ]
    }, {
      "activity" : "walking",
      "group" : "walking",
      "manual" : false,
      "startTime" : "20141005T142314+0200",
      "endTime" : "20141005T142739+0200",
      "duration" : 265.0,
      "distance" : 306.0,
      "steps" : 407,
      "trackPoints" : [ ]
    }, {
      "activity" : "walking",
      "group" : "walking",
      "manual" : false,
      "startTime" : "20141005T160605+0200",
      "endTime" : "20141005T160610+0200",
      "duration" : 5.0,
      "distance" : 4.0,
      "steps" : 7,
      "trackPoints" : [ ]
    }, {
      "activity" : "walking",
      "group" : "walking",
      "manual" : false,
      "startTime" : "20141005T174101+0200",
      "endTime" : "20141005T174132+0200",
      "duration" : 31.0,
      "distance" : 16.0,
      "steps" : 31,
      "trackPoints" : [ ]
    }, {
      "activity" : "walking",
      "group" : "walking",
      "manual" : false,
      "startTime" : "20141005T181455+0200",
      "endTime" : "20141005T181504+0200",
      "duration" : 9.0,
      "distance" : 7.0,
      "steps" : 13,
      "trackPoints" : [ ]
    }, {
      "activity" : "walking",
      "group" : "walking",
      "manual" : false,
      "startTime" : "20141005T194449+0200",
      "endTime" : "20141005T194623+0200",
      "duration" : 94.0,
      "distance" : 57.0,
      "steps" : 114,
      "trackPoints" : [ ]
    }, {
      "activity" : "walking",
      "group" : "walking",
      "manual" : false,
      "startTime" : "20141005T200126+0200",
      "endTime" : "20141005T201010+0200",
      "duration" : 524.0,
      "distance" : 584.0,
      "steps" : 778,
      "trackPoints" : [ ]
    }, {
      "activity" : "walking",
      "group" : "walking",
      "manual" : false,
      "startTime" : "20141005T210000+0200",
      "endTime" : "20141005T210405+0200",
      "duration" : 245.0,
      "distance" : 263.0,
      "steps" : 350,
      "trackPoints" : [ ]
    }, {
      "activity" : "walking",
      "group" : "walking",
      "manual" : false,
      "startTime" : "20141005T232902+0200",
      "endTime" : "20141005T233211+0200",
      "duration" : 189.0,
      "distance" : 233.0,
      "steps" : 311,
      "trackPoints" : [ ]
    } ],
    "lastUpdate" : "20141006T123521Z"
  } ],
  "lastUpdate" : "20141006T123521Z"
} ]