[ {
  "date" : "20140811",
  "summary" : [ {
    "activity" : "walking",
    "group" : "walking",
    "duration" : 4802.0,
    "distance" : 5932.0,
    "steps" : 8108
  }, {
    "activity" : "transport",
    "group" : "transport",
    "duration" : 2337.0,
    "distance" : 7959.0
  } ],
  "segments" : [ {
    "type" : "place",
    "startTime" : "20140810T093712+0200",
    "endTime" : "20140811T090228+0200",
    "place" : {
      "id" : 223509887,
      "type" : "unknown",
      "location" : {
        "lat" : 49.8829100725,
        "lon" : 8.6682008619
      }
    },
    "activities" : [ {
      "activity" : "walking",
      "group" : "walking",
      "manual" : false,
      "startTime" : "20140811T013754+0200",
      "endTime" : "20140811T013824+0200",
      "duration" : 30.0,
      "distance" : 16.0,
      "steps" : 32,
      "trackPoints" : [ ]
    }, {
      "activity" : "walking",
      "group" : "walking",
      "manual" : false,
      "startTime" : "20140811T090208+0200",
      "endTime" : "20140811T090228+0200",
      "duration" : 20.0,
      "distance" : 14.0,
      "steps" : 27,
      "trackPoints" : [ ]
    } ],
    "lastUpdate" : "20140811T105544Z"
  }, {
    "type" : "move",
    "startTime" : "20140811T090228+0200",
    "endTime" : "20140811T093015+0200",
    "activities" : [ {
      "activity" : "walking",
      "group" : "walking",
      "manual" : false,
      "startTime" : "20140811T090228+0200",
      "endTime" : "20140811T090654+0200",
      "duration" : 266.0,
      "distance" : 454.0,
      "steps" : 485,
      "trackPoints" : [ {
        "lat" : 49.8829100725,
        "lon" : 8.6682008619,
        "time" : "20140811T090228+0200"
      }, {
        "lat" : 49.8820444063,
        "lon" : 8.6700088292,
        "time" : "20140811T090248+0200"
      }, {
        "lat" : 49.8820553846,
        "lon" : 8.6699932542,
        "time" : "20140811T090308+0200"
      }, {
        "lat" : 49.8820695183,
        "lon" : 8.6699797335,
        "time" : "20140811T090325+0200"
      }, {
        "lat" : 49.8820892547,
        "lon" : 8.6699641333,
        "time" : "20140811T090343+0200"
      }, {
        "lat" : 49.8821087059,
        "lon" : 8.6699415738,
        "time" : "20140811T090400+0200"
      }, {
        "lat" : 49.8821249474,
        "lon" : 8.6699337303,
        "time" : "20140811T090422+0200"
      }, {
        "lat" : 49.8823768037,
        "lon" : 8.6691677768,
        "time" : "20140811T090445+0200"
      }, {
        "lat" : 49.8825537176,
        "lon" : 8.6685452058,
        "time" : "20140811T090505+0200"
      }, {
        "lat" : 49.8826592769,
        "lon" : 8.6678639104,
        "time" : "20140811T090525+0200"
      }, {
        "lat" : 49.8827190957,
        "lon" : 8.6666139721,
        "time" : "20140811T090548+0200"
      }, {
        "lat" : 49.8827613595,
        "lon" : 8.6662974183,
        "time" : "20140811T090604+0200"
      }, {
        "lat" : 49.8827180218,
        "lon" : 8.6662245346,
        "time" : "20140811T090654+0200"
      } ]
    }, {
      "activity" : "transport",
      "group" : "transport",
      "manual" : false,
      "startTime" : "20140811T090654+0200",
      "endTime" : "20140811T092334+0200",
      "duration" : 1000.0,
      "distance" : 4043.0,
      "trackPoints" : [ {
        "lat" : 49.8827180218,
        "lon" : 8.6662245346,
        "time" : "20140811T090654+0200"
      }, {
        "lat" : 49.8820733775,
        "lon" : 8.665762691,
        "time" : "20140811T090920+0200"
      }, {
        "lat" : 49.8820175417,
        "lon" : 8.6657362241,
        "time" : "20140811T090935+0200"
      }, {
        "lat" : 49.8819628063,
        "lon" : 8.6657118064,
        "time" : "20140811T090952+0200"
      }, {
        "lat" : 49.8757219536,
        "lon" : 8.6608059816,
        "time" : "20140811T091245+0200"
      }, {
        "lat" : 49.8757571827,
        "lon" : 8.6603594427,
        "time" : "20140811T091303+0200"
      }, {
        "lat" : 49.875745688,
        "lon" : 8.6603281371,
        "time" : "20140811T091319+0200"
      }, {
        "lat" : 49.8756984729,
        "lon" : 8.6602242732,
        "time" : "20140811T091339+0200"
      }, {
        "lat" : 49.8756487021,
        "lon" : 8.6601106387,
        "time" : "20140811T091402+0200"
      }, {
        "lat" : 49.8752024608,
        "lon" : 8.6587168587,
        "time" : "20140811T091431+0200"
      }, {
        "lat" : 49.8750045818,
        "lon" : 8.6580563413,
        "time" : "20140811T091451+0200"
      }, {
        "lat" : 49.8748960592,
        "lon" : 8.6576432898,
        "time" : "20140811T091511+0200"
      }, {
        "lat" : 49.8746472666,
        "lon" : 8.6566989013,
        "time" : "20140811T091532+0200"
      }, {
        "lat" : 49.8744299888,
        "lon" : 8.656362701,
        "time" : "20140811T091555+0200"
      }, {
        "lat" : 49.8731403784,
        "lon" : 8.6534232822,
        "time" : "20140811T091627+0200"
      }, {
        "lat" : 49.8728900524,
        "lon" : 8.6520823503,
        "time" : "20140811T091656+0200"
      }, {
        "lat" : 49.8729191138,
        "lon" : 8.6551213544,
        "time" : "20140811T091715+0200"
      }, {
        "lat" : 49.8729191138,
        "lon" : 8.6551213544,
        "time" : "20140811T091735+0200"
      }, {
        "lat" : 49.8716798031,
        "lon" : 8.6434960436,
        "time" : "20140811T091922+0200"
      }, {
        "lat" : 49.8712250647,
        "lon" : 8.6318981716,
        "time" : "20140811T092250+0200"
      }, {
        "lat" : 49.871174364,
        "lon" : 8.6317864794,
        "time" : "20140811T092310+0200"
      }, {
        "lat" : 49.8714274834,
        "lon" : 8.6311707677,
        "time" : "20140811T092334+0200"
      } ]
    }, {
      "activity" : "walking",
      "group" : "walking",
      "manual" : false,
      "startTime" : "20140811T092334+0200",
      "endTime" : "20140811T093015+0200",
      "duration" : 401.0,
      "distance" : 491.0,
      "steps" : 718,
      "trackPoints" : [ {
        "lat" : 49.8714274834,
        "lon" : 8.6311707677,
        "time" : "20140811T092334+0200"
      }, {
        "lat" : 49.872196312,
        "lon" : 8.6288977023,
        "time" : "20140811T092638+0200"
      }, {
        "lat" : 49.870937141,
        "lon" : 8.6266797055,
        "time" : "20140811T092958+0200"
      }, {
        "lat" : 49.8710644442,
        "lon" : 8.6262135,
        "time" : "20140811T093015+0200"
      } ]
    } ],
    "lastUpdate" : "20140811T105544Z"
  }, {
    "type" : "move",
    "startTime" : "20140811T093015+0200",
    "endTime" : "20140811T093214+0200",
    "activities" : [ {
      "activity" : "walking",
      "group" : "walking",
      "manual" : false,
      "startTime" : "20140811T093015+0200",
      "endTime" : "20140811T093215+0200",
      "duration" : 120.0,
      "distance" : 89.0,
      "steps" : 177,
      "trackPoints" : [ {
        "lat" : 49.871206107,
        "lon" : 8.6262355838,
        "time" : "20140811T093115+0200"
      }, {
        "lat" : 49.8710644442,
        "lon" : 8.6262135,
        "time" : "20140811T093214+0200"
      } ]
    } ],
    "lastUpdate" : "20140811T114630Z"
  }, {
    "type" : "place",
    "startTime" : "20140811T093215+0200",
    "endTime" : "20140811T133615+0200",
    "place" : {
      "id" : 238128197,
      "type" : "unknown",
      "location" : {
        "lat" : 49.8711145037,
        "lon" : 8.6266934201
      }
    },
    "lastUpdate" : "20140811T135720Z"
  }, {
    "type" : "move",
    "startTime" : "20140811T133615+0200",
    "endTime" : "20140811T141611+0200",
    "activities" : [ {
      "activity" : "walking",
      "group" : "walking",
      "manual" : false,
      "startTime" : "20140811T133615+0200",
      "endTime" : "20140811T135019+0200",
      "duration" : 844.0,
      "distance" : 736.0,
      "steps" : 1403,
      "trackPoints" : [ {
        "lat" : 49.8711145037,
        "lon" : 8.6266934201,
        "time" : "20140811T133615+0200"
      }, {
        "lat" : 49.8713218138,
        "lon" : 8.6265936842,
        "time" : "20140811T133913+0200"
      }, {
        "lat" : 49.8715083968,
        "lon" : 8.6318760271,
        "time" : "20140811T134603+0200"
      }, {
        "lat" : 49.8714176368,
        "lon" : 8.6319899997,
        "time" : "20140811T134625+0200"
      }, {
        "lat" : 49.870637537,
        "lon" : 8.6346262768,
        "time" : "20140811T134943+0200"
      }, {
        "lat" : 49.8706611303,
        "lon" : 8.6348696356,
        "time" : "20140811T134959+0200"
      }, {
        "lat" : 49.8706619184,
        "lon" : 8.6348991516,
        "time" : "20140811T135018+0200"
      } ]
    }, {
      "activity" : "transport",
      "group" : "transport",
      "manual" : false,
      "startTime" : "20140811T135018+0200",
      "endTime" : "20140811T140952+0200",
      "duration" : 1174.0,
      "distance" : 2957.0,
      "trackPoints" : [ {
        "lat" : 49.8706619184,
        "lon" : 8.6348991516,
        "time" : "20140811T135018+0200"
      }, {
        "lat" : 49.8706816281,
        "lon" : 8.636111899,
        "time" : "20140811T135244+0200"
      }, {
        "lat" : 49.8714361,
        "lon" : 8.643254508,
        "time" : "20140811T135609+0200"
      }, {
        "lat" : 49.8715546136,
        "lon" : 8.6436613087,
        "time" : "20140811T135629+0200"
      }, {
        "lat" : 49.8724920704,
        "lon" : 8.6496313416,
        "time" : "20140811T135959+0200"
      }, {
        "lat" : 49.8724921148,
        "lon" : 8.6496316247,
        "time" : "20140811T140000+0200"
      }, {
        "lat" : 49.8729429445,
        "lon" : 8.6525026563,
        "time" : "20140811T140141+0200"
      }, {
        "lat" : 49.87288434,
        "lon" : 8.6529991102,
        "time" : "20140811T140200+0200"
      }, {
        "lat" : 49.8728233872,
        "lon" : 8.6549533637,
        "time" : "20140811T140313+0200"
      }, {
        "lat" : 49.8728516651,
        "lon" : 8.6552166292,
        "time" : "20140811T140330+0200"
      }, {
        "lat" : 49.8728833864,
        "lon" : 8.6553327885,
        "time" : "20140811T140345+0200"
      }, {
        "lat" : 49.8728993902,
        "lon" : 8.655373986,
        "time" : "20140811T140411+0200"
      }, {
        "lat" : 49.8729030691,
        "lon" : 8.6553829793,
        "time" : "20140811T140430+0200"
      }, {
        "lat" : 49.8729082607,
        "lon" : 8.6553924398,
        "time" : "20140811T140450+0200"
      }, {
        "lat" : 49.8756720823,
        "lon" : 8.6596287367,
        "time" : "20140811T140555+0200"
      }, {
        "lat" : 49.8757073755,
        "lon" : 8.6597162312,
        "time" : "20140811T140619+0200"
      }, {
        "lat" : 49.8757038765,
        "lon" : 8.659709254,
        "time" : "20140811T140638+0200"
      }, {
        "lat" : 49.8784244832,
        "lon" : 8.6661821825,
        "time" : "20140811T140824+0200"
      }, {
        "lat" : 49.8786350838,
        "lon" : 8.6675004728,
        "time" : "20140811T140844+0200"
      }, {
        "lat" : 49.8786361732,
        "lon" : 8.6675073358,
        "time" : "20140811T140904+0200"
      }, {
        "lat" : 49.8786369699,
        "lon" : 8.6675096003,
        "time" : "20140811T140924+0200"
      }, {
        "lat" : 49.8786368839,
        "lon" : 8.6675098108,
        "time" : "20140811T140951+0200"
      } ]
    }, {
      "activity" : "walking",
      "group" : "walking",
      "manual" : false,
      "startTime" : "20140811T140951+0200",
      "endTime" : "20140811T141611+0200",
      "duration" : 380.0,
      "distance" : 665.0,
      "steps" : 667,
      "trackPoints" : [ {
        "lat" : 49.8786368839,
        "lon" : 8.6675098108,
        "time" : "20140811T140951+0200"
      }, {
        "lat" : 49.8786351595,
        "lon" : 8.6675081823,
        "time" : "20140811T141010+0200"
      }, {
        "lat" : 49.8786313659,
        "lon" : 8.6675050954,
        "time" : "20140811T141030+0200"
      }, {
        "lat" : 49.8786305714,
        "lon" : 8.6675047847,
        "time" : "20140811T141050+0200"
      }, {
        "lat" : 49.8786305276,
        "lon" : 8.6675049559,
        "time" : "20140811T141110+0200"
      }, {
        "lat" : 49.8786305547,
        "lon" : 8.6675050874,
        "time" : "20140811T141130+0200"
      }, {
        "lat" : 49.8786306429,
        "lon" : 8.6675052226,
        "time" : "20140811T141154+0200"
      }, {
        "lat" : 49.8786307652,
        "lon" : 8.6675053464,
        "time" : "20140811T141214+0200"
      }, {
        "lat" : 49.8786312181,
        "lon" : 8.6675057165,
        "time" : "20140811T141245+0200"
      }, {
        "lat" : 49.8786318917,
        "lon" : 8.6675062412,
        "time" : "20140811T141305+0200"
      }, {
        "lat" : 49.8786333956,
        "lon" : 8.6675074027,
        "time" : "20140811T141329+0200"
      }, {
        "lat" : 49.8786355719,
        "lon" : 8.6675090796,
        "time" : "20140811T141346+0200"
      }, {
        "lat" : 49.8786402425,
        "lon" : 8.6675126763,
        "time" : "20140811T141406+0200"
      }, {
        "lat" : 49.8820288692,
        "lon" : 8.6701610117,
        "time" : "20140811T141436+0200"
      }, {
        "lat" : 49.8820452878,
        "lon" : 8.6701672652,
        "time" : "20140811T141455+0200"
      }, {
        "lat" : 49.8820489162,
        "lon" : 8.6701789644,
        "time" : "20140811T141523+0200"
      }, {
        "lat" : 49.8820310852,
        "lon" : 8.6701940294,
        "time" : "20140811T141548+0200"
      }, {
        "lat" : 49.8829100725,
        "lon" : 8.6682008619,
        "time" : "20140811T141611+0200"
      } ]
    } ],
    "lastUpdate" : "20140811T135720Z"
  }, {
    "type" : "place",
    "startTime" : "20140811T141611+0200",
    "endTime" : "20140811T160939+0200",
    "place" : {
      "id" : 223509887,
      "type" : "unknown",
      "location" : {
        "lat" : 49.8829100725,
        "lon" : 8.6682008619
      }
    },
    "lastUpdate" : "20140811T174849Z"
  }, {
    "type" : "move",
    "startTime" : "20140811T160939+0200",
    "endTime" : "20140811T162901+0200",
    "activities" : [ {
      "activity" : "walking",
      "group" : "walking",
      "manual" : false,
      "startTime" : "20140811T160939+0200",
      "endTime" : "20140811T162902+0200",
      "duration" : 1163.0,
      "distance" : 1541.0,
      "steps" : 2018,
      "trackPoints" : [ {
        "lat" : 49.8829100725,
        "lon" : 8.6682008619,
        "time" : "20140811T160939+0200"
      }, {
        "lat" : 49.8820318,
        "lon" : 8.670162399,
        "time" : "20140811T160958+0200"
      }, {
        "lat" : 49.8820202418,
        "lon" : 8.670177725,
        "time" : "20140811T161014+0200"
      }, {
        "lat" : 49.8820317476,
        "lon" : 8.6701665564,
        "time" : "20140811T161034+0200"
      }, {
        "lat" : 49.8820518157,
        "lon" : 8.6701528214,
        "time" : "20140811T161051+0200"
      }, {
        "lat" : 49.8820761957,
        "lon" : 8.6701248835,
        "time" : "20140811T161113+0200"
      }, {
        "lat" : 49.8820847618,
        "lon" : 8.6701232639,
        "time" : "20140811T161133+0200"
      }, {
        "lat" : 49.8824209163,
        "lon" : 8.6692919057,
        "time" : "20140811T161208+0200"
      }, {
        "lat" : 49.8826229409,
        "lon" : 8.6688188055,
        "time" : "20140811T161226+0200"
      }, {
        "lat" : 49.8827959609,
        "lon" : 8.6684335253,
        "time" : "20140811T161249+0200"
      }, {
        "lat" : 49.8827782299,
        "lon" : 8.6683375303,
        "time" : "20140811T161304+0200"
      }, {
        "lat" : 49.8815993431,
        "lon" : 8.6655461782,
        "time" : "20140811T161603+0200"
      }, {
        "lat" : 49.881445505,
        "lon" : 8.6654488031,
        "time" : "20140811T161622+0200"
      }, {
        "lat" : 49.8814095381,
        "lon" : 8.6654358712,
        "time" : "20140811T161648+0200"
      }, {
        "lat" : 49.881407121,
        "lon" : 8.665434668,
        "time" : "20140811T161713+0200"
      }, {
        "lat" : 49.8814066207,
        "lon" : 8.6654342015,
        "time" : "20140811T161733+0200"
      }, {
        "lat" : 49.8814061534,
        "lon" : 8.6654336289,
        "time" : "20140811T161753+0200"
      }, {
        "lat" : 49.8814059682,
        "lon" : 8.6654333965,
        "time" : "20140811T161815+0200"
      }, {
        "lat" : 49.8814054965,
        "lon" : 8.6654327901,
        "time" : "20140811T161835+0200"
      }, {
        "lat" : 49.8814049826,
        "lon" : 8.6654321284,
        "time" : "20140811T161905+0200"
      }, {
        "lat" : 49.8814038215,
        "lon" : 8.6654306329,
        "time" : "20140811T161925+0200"
      }, {
        "lat" : 49.8814032637,
        "lon" : 8.6654299144,
        "time" : "20140811T161950+0200"
      }, {
        "lat" : 49.881402313,
        "lon" : 8.6654286898,
        "time" : "20140811T162011+0200"
      }, {
        "lat" : 49.8814007306,
        "lon" : 8.6654266516,
        "time" : "20140811T162031+0200"
      }, {
        "lat" : 49.881394341,
        "lon" : 8.6654184211,
        "time" : "20140811T162051+0200"
      }, {
        "lat" : 49.8813563804,
        "lon" : 8.6653695242,
        "time" : "20140811T162111+0200"
      }, {
        "lat" : 49.878173841,
        "lon" : 8.6612549147,
        "time" : "20140811T162300+0200"
      }, {
        "lat" : 49.8781523866,
        "lon" : 8.6612297902,
        "time" : "20140811T162316+0200"
      }, {
        "lat" : 49.8774881734,
        "lon" : 8.6576984064,
        "time" : "20140811T162615+0200"
      }, {
        "lat" : 49.8772289175,
        "lon" : 8.6577190654,
        "time" : "20140811T162634+0200"
      }, {
        "lat" : 49.877188944,
        "lon" : 8.6577976826,
        "time" : "20140811T162713+0200"
      }, {
        "lat" : 49.8771855225,
        "lon" : 8.6578105267,
        "time" : "20140811T162729+0200"
      }, {
        "lat" : 49.87717537,
        "lon" : 8.6578168544,
        "time" : "20140811T162744+0200"
      }, {
        "lat" : 49.8771079466,
        "lon" : 8.6578020205,
        "time" : "20140811T162822+0200"
      }, {
        "lat" : 49.8770531478,
        "lon" : 8.6577744815,
        "time" : "20140811T162846+0200"
      }, {
        "lat" : 49.8770449952,
        "lon" : 8.657750091,
        "time" : "20140811T162901+0200"
      } ]
    } ],
    "lastUpdate" : "20140811T174849Z"
  }, {
    "type" : "place",
    "startTime" : "20140811T162901+0200",
    "endTime" : "20140811T193638+0200",
    "place" : {
      "id" : 236799681,
      "type" : "unknown",
      "location" : {
        "lat" : 49.8770449952,
        "lon" : 8.657750091
      }
    },
    "activities" : [ {
      "activity" : "walking",
      "group" : "walking",
      "manual" : false,
      "startTime" : "20140811T162922+0200",
      "endTime" : "20140811T163201+0200",
      "duration" : 159.0,
      "distance" : 188.0,
      "steps" : 250,
      "trackPoints" : [ ]
    }, {
      "activity" : "walking",
      "group" : "walking",
      "manual" : false,
      "startTime" : "20140811T170047+0200",
      "endTime" : "20140811T170128+0200",
      "duration" : 41.0,
      "distance" : 37.0,
      "steps" : 73,
      "trackPoints" : [ ]
    }, {
      "activity" : "walking",
      "group" : "walking",
      "manual" : false,
      "startTime" : "20140811T193008+0200",
      "endTime" : "20140811T193322+0200",
      "duration" : 194.0,
      "distance" : 228.0,
      "steps" : 303,
      "trackPoints" : [ ]
    } ],
    "lastUpdate" : "20140811T212431Z"
  }, {
    "type" : "move",
    "startTime" : "20140811T193638+0200",
    "endTime" : "20140811T194216+0200",
    "activities" : [ {
      "activity" : "walking",
      "group" : "walking",
      "manual" : false,
      "startTime" : "20140811T193638+0200",
      "endTime" : "20140811T194216+0200",
      "duration" : 338.0,
      "distance" : 615.0,
      "steps" : 559,
      "trackPoints" : [ {
        "lat" : 49.8770449952,
        "lon" : 8.657750091,
        "time" : "20140811T193638+0200"
      }, {
        "lat" : 49.8762867308,
        "lon" : 8.657035564,
        "time" : "20140811T193657+0200"
      }, {
        "lat" : 49.8761173867,
        "lon" : 8.6568486897,
        "time" : "20140811T193746+0200"
      }, {
        "lat" : 49.8760767696,
        "lon" : 8.65687983,
        "time" : "20140811T193806+0200"
      }, {
        "lat" : 49.8763371735,
        "lon" : 8.6580341405,
        "time" : "20140811T193858+0200"
      }, {
        "lat" : 49.8764068126,
        "lon" : 8.6584147699,
        "time" : "20140811T193918+0200"
      }, {
        "lat" : 49.8764118129,
        "lon" : 8.6585752002,
        "time" : "20140811T193935+0200"
      }, {
        "lat" : 49.8763542796,
        "lon" : 8.6586974908,
        "time" : "20140811T193953+0200"
      }, {
        "lat" : 49.8762537067,
        "lon" : 8.6588106251,
        "time" : "20140811T194009+0200"
      }, {
        "lat" : 49.8761857628,
        "lon" : 8.6588760184,
        "time" : "20140811T194027+0200"
      }, {
        "lat" : 49.8761314351,
        "lon" : 8.6589413976,
        "time" : "20140811T194043+0200"
      }, {
        "lat" : 49.8759346201,
        "lon" : 8.6592916644,
        "time" : "20140811T194110+0200"
      }, {
        "lat" : 49.8758097104,
        "lon" : 8.6595386307,
        "time" : "20140811T194126+0200"
      }, {
        "lat" : 49.8756799735,
        "lon" : 8.6598160092,
        "time" : "20140811T194146+0200"
      }, {
        "lat" : 49.8756531976,
        "lon" : 8.6598819099,
        "time" : "20140811T194201+0200"
      }, {
        "lat" : 49.8770449952,
        "lon" : 8.657750091,
        "time" : "20140811T194216+0200"
      } ]
    } ],
    "lastUpdate" : "20140811T212431Z"
  }, {
    "type" : "place",
    "startTime" : "20140811T194216+0200",
    "endTime" : "20140811T195033+0200",
    "place" : {
      "id" : 236799681,
      "type" : "unknown",
      "location" : {
        "lat" : 49.8770449952,
        "lon" : 8.657750091
      }
    },
    "activities" : [ {
      "activity" : "walking",
      "group" : "walking",
      "manual" : false,
      "startTime" : "20140811T194216+0200",
      "endTime" : "20140811T194226+0200",
      "duration" : 10.0,
      "distance" : 7.0,
      "steps" : 14,
      "trackPoints" : [ ]
    } ],
    "lastUpdate" : "20140811T212431Z"
  }, {
    "type" : "move",
    "startTime" : "20140811T195033+0200",
    "endTime" : "20140811T195932+0200",
    "activities" : [ {
      "activity" : "transport",
      "group" : "transport",
      "manual" : false,
      "startTime" : "20140811T195033+0200",
      "endTime" : "20140811T195316+0200",
      "duration" : 163.0,
      "distance" : 959.0,
      "trackPoints" : [ {
        "lat" : 49.8770449952,
        "lon" : 8.657750091,
        "time" : "20140811T195033+0200"
      }, {
        "lat" : 49.8799491376,
        "lon" : 8.6640374319,
        "time" : "20140811T195221+0200"
      }, {
        "lat" : 49.8816993527,
        "lon" : 8.6668436807,
        "time" : "20140811T195316+0200"
      } ]
    }, {
      "activity" : "walking",
      "group" : "walking",
      "manual" : false,
      "startTime" : "20140811T195316+0200",
      "endTime" : "20140811T195932+0200",
      "duration" : 376.0,
      "distance" : 345.0,
      "steps" : 690,
      "trackPoints" : [ {
        "lat" : 49.8816993527,
        "lon" : 8.6668436807,
        "time" : "20140811T195316+0200"
      }, {
        "lat" : 49.8824076405,
        "lon" : 8.6680282684,
        "time" : "20140811T195558+0200"
      }, {
        "lat" : 49.8825235637,
        "lon" : 8.6682091859,
        "time" : "20140811T195623+0200"
      }, {
        "lat" : 49.8826071974,
        "lon" : 8.668346953,
        "time" : "20140811T195643+0200"
      }, {
        "lat" : 49.8826217832,
        "lon" : 8.6684028015,
        "time" : "20140811T195703+0200"
      }, {
        "lat" : 49.8826155115,
        "lon" : 8.6684529056,
        "time" : "20140811T195723+0200"
      }, {
        "lat" : 49.882588632,
        "lon" : 8.6685584064,
        "time" : "20140811T195743+0200"
      }, {
        "lat" : 49.8824648134,
        "lon" : 8.6690005378,
        "time" : "20140811T195807+0200"
      }, {
        "lat" : 49.8821919012,
        "lon" : 8.6699537733,
        "time" : "20140811T195831+0200"
      }, {
        "lat" : 49.8821339247,
        "lon" : 8.670122886,
        "time" : "20140811T195852+0200"
      }, {
        "lat" : 49.8820982145,
        "lon" : 8.6701688839,
        "time" : "20140811T195912+0200"
      }, {
        "lat" : 49.8819681239,
        "lon" : 8.6703339401,
        "time" : "20140811T195932+0200"
      } ]
    } ],
    "lastUpdate" : "20140811T212431Z"
  }, {
    "type" : "place",
    "startTime" : "20140811T195932+0200",
    "endTime" : "20140812T084859+0200",
    "place" : {
      "id" : 222568631,
      "type" : "unknown",
      "location" : {
        "lat" : 49.8819681239,
        "lon" : 8.6703339401
      }
    },
    "activities" : [ {
      "activity" : "walking",
      "group" : "walking",
      "manual" : false,
      "startTime" : "20140811T215120+0200",
      "endTime" : "20140811T215158+0200",
      "duration" : 38.0,
      "distance" : 26.0,
      "steps" : 51,
      "trackPoints" : [ ]
    }, {
      "activity" : "walking",
      "group" : "walking",
      "manual" : false,
      "startTime" : "20140811T220014+0200",
      "endTime" : "20140811T220419+0200",
      "duration" : 245.0,
      "distance" : 264.0,
      "steps" : 353,
      "trackPoints" : [ ]
    }, {
      "activity" : "walking",
      "group" : "walking",
      "manual" : false,
      "startTime" : "20140811T231444+0200",
      "endTime" : "20140811T231741+0200",
      "duration" : 177.0,
      "distance" : 216.0,
      "steps" : 288,
      "trackPoints" : [ ]
    } ],
    "lastUpdate" : "20140812T072119Z"
  } ],
  "lastUpdate" : "20140812T072119Z"
}, {
  "date" : "20140812",
  "summary" : [ {
    "activity" : "walking",
    "group" : "walking",
    "duration" : 4587.0,
    "distance" : 5708.0,
    "steps" : 7986
  }, {
    "activity" : "transport",
    "group" : "transport",
    "duration" : 1631.0,
    "distance" : 7537.0
  } ],
  "segments" : [ {
    "type" : "place",
    "startTime" : "20140811T195932+0200",
    "endTime" : "20140812T084859+0200",
    "place" : {
      "id" : 222568631,
      "type" : "unknown",
      "location" : {
        "lat" : 49.8819681239,
        "lon" : 8.6703339401
      }
    },
    "activities" : [ {
      "activity" : "walking",
      "group" : "walking",
      "manual" : false,
      "startTime" : "20140812T015815+0200",
      "endTime" : "20140812T015845+0200",
      "duration" : 30.0,
      "distance" : 15.0,
      "steps" : 30,
      "trackPoints" : [ ]
    }, {
      "activity" : "walking",
      "group" : "walking",
      "manual" : false,
      "startTime" : "20140812T084030+0200",
      "endTime" : "20140812T084046+0200",
      "duration" : 16.0,
      "distance" : 11.0,
      "steps" : 21,
      "trackPoints" : [ ]
    } ],
    "lastUpdate" : "20140812T072119Z"
  }, {
    "type" : "move",
    "startTime" : "20140812T084859+0200",
    "endTime" : "20140812T085354+0200",
    "activities" : [ {
      "activity" : "walking",
      "group" : "walking",
      "manual" : false,
      "startTime" : "20140812T084859+0200",
      "endTime" : "20140812T085354+0200",
      "duration" : 295.0,
      "distance" : 366.0,
      "steps" : 535,
      "trackPoints" : [ {
        "lat" : 49.8819681239,
        "lon" : 8.6703339401,
        "time" : "20140812T084859+0200"
      }, {
        "lat" : 49.8821019098,
        "lon" : 8.6701364665,
        "time" : "20140812T084931+0200"
      }, {
        "lat" : 49.8821024181,
        "lon" : 8.6701399102,
        "time" : "20140812T084952+0200"
      }, {
        "lat" : 49.8822249567,
        "lon" : 8.6699517812,
        "time" : "20140812T085026+0200"
      }, {
        "lat" : 49.8823778882,
        "lon" : 8.6693779611,
        "time" : "20140812T085051+0200"
      }, {
        "lat" : 49.8824670613,
        "lon" : 8.669030876,
        "time" : "20140812T085107+0200"
      }, {
        "lat" : 49.8825594259,
        "lon" : 8.668626676,
        "time" : "20140812T085131+0200"
      }, {
        "lat" : 49.8825748491,
        "lon" : 8.6685449783,
        "time" : "20140812T085151+0200"
      }, {
        "lat" : 49.8825719159,
        "lon" : 8.6685438869,
        "time" : "20140812T085211+0200"
      }, {
        "lat" : 49.8825660878,
        "lon" : 8.6685477659,
        "time" : "20140812T085231+0200"
      }, {
        "lat" : 49.8825581655,
        "lon" : 8.6684695487,
        "time" : "20140812T085255+0200"
      }, {
        "lat" : 49.8822491921,
        "lon" : 8.6660203318,
        "time" : "20140812T085354+0200"
      } ]
    } ],
    "lastUpdate" : "20140812T072119Z"
  }, {
    "type" : "place",
    "startTime" : "20140812T085355+0200",
    "endTime" : "20140812T091217+0200",
    "place" : {
      "id" : 224354608,
      "type" : "unknown",
      "location" : {
        "lat" : 49.8822491921,
        "lon" : 8.6660203318
      }
    },
    "activities" : [ {
      "activity" : "walking",
      "group" : "walking",
      "manual" : false,
      "startTime" : "20140812T085355+0200",
      "endTime" : "20140812T085415+0200",
      "duration" : 20.0,
      "distance" : 13.0,
      "steps" : 27,
      "trackPoints" : [ ]
    }, {
      "activity" : "walking",
      "group" : "walking",
      "manual" : false,
      "startTime" : "20140812T090017+0200",
      "endTime" : "20140812T090036+0200",
      "duration" : 19.0,
      "distance" : 10.0,
      "steps" : 17,
      "trackPoints" : [ ]
    } ],
    "lastUpdate" : "20140812T103903Z"
  }, {
    "type" : "move",
    "startTime" : "20140812T091217+0200",
    "endTime" : "20140812T093317+0200",
    "activities" : [ {
      "activity" : "transport",
      "group" : "transport",
      "manual" : false,
      "startTime" : "20140812T091217+0200",
      "endTime" : "20140812T092636+0200",
      "duration" : 859.0,
      "distance" : 3586.0,
      "trackPoints" : [ {
        "lat" : 49.8822491921,
        "lon" : 8.6660203318,
        "time" : "20140812T091217+0200"
      }, {
        "lat" : 49.881166786,
        "lon" : 8.6652219263,
        "time" : "20140812T091246+0200"
      }, {
        "lat" : 49.881121453,
        "lon" : 8.6651941529,
        "time" : "20140812T091306+0200"
      }, {
        "lat" : 49.8811139637,
        "lon" : 8.6651887239,
        "time" : "20140812T091326+0200"
      }, {
        "lat" : 49.8811135938,
        "lon" : 8.6651884946,
        "time" : "20140812T091346+0200"
      }, {
        "lat" : 49.8759296717,
        "lon" : 8.6612432629,
        "time" : "20140812T091516+0200"
      }, {
        "lat" : 49.8756615228,
        "lon" : 8.6604205494,
        "time" : "20140812T091537+0200"
      }, {
        "lat" : 49.875668495,
        "lon" : 8.6603324632,
        "time" : "20140812T091558+0200"
      }, {
        "lat" : 49.8756736358,
        "lon" : 8.660257723,
        "time" : "20140812T091621+0200"
      }, {
        "lat" : 49.8756778206,
        "lon" : 8.6601898636,
        "time" : "20140812T091652+0200"
      }, {
        "lat" : 49.8756799254,
        "lon" : 8.6601593157,
        "time" : "20140812T091707+0200"
      }, {
        "lat" : 49.8756826318,
        "lon" : 8.6601267305,
        "time" : "20140812T091728+0200"
      }, {
        "lat" : 49.8756842549,
        "lon" : 8.6601075078,
        "time" : "20140812T091743+0200"
      }, {
        "lat" : 49.8756851338,
        "lon" : 8.6600952534,
        "time" : "20140812T091803+0200"
      }, {
        "lat" : 49.8730571022,
        "lon" : 8.6533593656,
        "time" : "20140812T091910+0200"
      }, {
        "lat" : 49.8715967127,
        "lon" : 8.6432812514,
        "time" : "20140812T092240+0200"
      }, {
        "lat" : 49.871316432,
        "lon" : 8.631223497,
        "time" : "20140812T092600+0200"
      }, {
        "lat" : 49.8719284283,
        "lon" : 8.6312495002,
        "time" : "20140812T092615+0200"
      }, {
        "lat" : 49.8717989127,
        "lon" : 8.6306083347,
        "time" : "20140812T092637+0200"
      } ]
    }, {
      "activity" : "walking",
      "group" : "walking",
      "manual" : false,
      "startTime" : "20140812T092637+0200",
      "endTime" : "20140812T093318+0200",
      "duration" : 401.0,
      "distance" : 444.0,
      "steps" : 748,
      "trackPoints" : [ {
        "lat" : 49.8717989127,
        "lon" : 8.6306083347,
        "time" : "20140812T092637+0200"
      }, {
        "lat" : 49.870956168,
        "lon" : 8.625379529,
        "time" : "20140812T093317+0200"
      } ]
    } ],
    "lastUpdate" : "20140812T103903Z"
  }, {
    "type" : "move",
    "startTime" : "20140812T093317+0200",
    "endTime" : "20140812T093416+0200",
    "activities" : [ {
      "activity" : "walking",
      "group" : "walking",
      "manual" : false,
      "startTime" : "20140812T093317+0200",
      "endTime" : "20140812T093417+0200",
      "duration" : 60.0,
      "distance" : 69.0,
      "steps" : 107,
      "trackPoints" : [ {
        "lat" : 49.8709577302,
        "lon" : 8.6253956784,
        "time" : "20140812T093317+0200"
      }, {
        "lat" : 49.8710644442,
        "lon" : 8.6262135,
        "time" : "20140812T093416+0200"
      } ]
    } ],
    "lastUpdate" : "20140812T115412Z"
  }, {
    "type" : "place",
    "startTime" : "20140812T093417+0200",
    "endTime" : "20140812T123117+0200",
    "place" : {
      "id" : 242563577,
      "type" : "unknown",
      "location" : {
        "lat" : 49.8710644442,
        "lon" : 8.6262135
      }
    },
    "activities" : [ {
      "activity" : "walking",
      "group" : "walking",
      "manual" : false,
      "startTime" : "20140812T093417+0200",
      "endTime" : "20140812T093424+0200",
      "duration" : 7.0,
      "distance" : 5.0,
      "steps" : 10,
      "trackPoints" : [ ]
    } ],
    "lastUpdate" : "20140812T115412Z"
  }, {
    "type" : "move",
    "startTime" : "20140812T123117+0200",
    "endTime" : "20140812T123658+0200",
    "activities" : [ {
      "activity" : "walking",
      "group" : "walking",
      "manual" : false,
      "startTime" : "20140812T123117+0200",
      "endTime" : "20140812T123659+0200",
      "duration" : 342.0,
      "distance" : 301.0,
      "steps" : 602,
      "trackPoints" : [ {
        "lat" : 49.8710644442,
        "lon" : 8.6262135,
        "time" : "20140812T123117+0200"
      }, {
        "lat" : 49.8710230799,
        "lon" : 8.6262730488,
        "time" : "20140812T123353+0200"
      }, {
        "lat" : 49.872322656,
        "lon" : 8.628248116,
        "time" : "20140812T123658+0200"
      } ]
    } ],
    "lastUpdate" : "20140812T115412Z"
  }, {
    "type" : "place",
    "startTime" : "20140812T123659+0200",
    "endTime" : "20140812T124915+0200",
    "place" : {
      "id" : 243008096,
      "type" : "unknown",
      "location" : {
        "lat" : 49.872322656,
        "lon" : 8.628248116
      }
    },
    "activities" : [ {
      "activity" : "walking",
      "group" : "walking",
      "manual" : false,
      "startTime" : "20140812T123712+0200",
      "endTime" : "20140812T123748+0200",
      "duration" : 36.0,
      "distance" : 24.0,
      "steps" : 48,
      "trackPoints" : [ ]
    } ],
    "lastUpdate" : "20140812T115412Z"
  }, {
    "type" : "move",
    "startTime" : "20140812T124915+0200",
    "endTime" : "20140812T130207+0200",
    "activities" : [ {
      "activity" : "transport",
      "group" : "transport",
      "manual" : false,
      "startTime" : "20140812T124915+0200",
      "endTime" : "20140812T130207+0200",
      "duration" : 772.0,
      "distance" : 3951.0,
      "trackPoints" : [ {
        "lat" : 49.872322656,
        "lon" : 8.628248116,
        "time" : "20140812T124915+0200"
      }, {
        "lat" : 49.8699123447,
        "lon" : 8.6284940856,
        "time" : "20140812T125040+0200"
      }, {
        "lat" : 49.8699227329,
        "lon" : 8.6285879456,
        "time" : "20140812T125057+0200"
      }, {
        "lat" : 49.8716230068,
        "lon" : 8.6441036015,
        "time" : "20140812T125412+0200"
      }, {
        "lat" : 49.8718158743,
        "lon" : 8.644841069,
        "time" : "20140812T125430+0200"
      }, {
        "lat" : 49.8729618122,
        "lon" : 8.6561562667,
        "time" : "20140812T125739+0200"
      }, {
        "lat" : 49.8731079335,
        "lon" : 8.6563499622,
        "time" : "20140812T125757+0200"
      }, {
        "lat" : 49.8732490656,
        "lon" : 8.6564524463,
        "time" : "20140812T125825+0200"
      }, {
        "lat" : 49.8732601926,
        "lon" : 8.6564630423,
        "time" : "20140812T125850+0200"
      }, {
        "lat" : 49.8755808615,
        "lon" : 8.6599619585,
        "time" : "20140812T125911+0200"
      }, {
        "lat" : 49.8757176514,
        "lon" : 8.6601747527,
        "time" : "20140812T125932+0200"
      }, {
        "lat" : 49.875719547,
        "lon" : 8.6601780219,
        "time" : "20140812T125952+0200"
      }, {
        "lat" : 49.8760075534,
        "lon" : 8.6608603552,
        "time" : "20140812T125959+0200"
      }, {
        "lat" : 49.8760079228,
        "lon" : 8.6608612304,
        "time" : "20140812T130000+0200"
      }, {
        "lat" : 49.8786958097,
        "lon" : 8.6672292664,
        "time" : "20140812T130112+0200"
      }, {
        "lat" : 49.8787159976,
        "lon" : 8.6682933111,
        "time" : "20140812T130128+0200"
      }, {
        "lat" : 49.8788668545,
        "lon" : 8.6691371934,
        "time" : "20140812T130146+0200"
      }, {
        "lat" : 49.8790864404,
        "lon" : 8.6691945542,
        "time" : "20140812T130207+0200"
      } ]
    } ],
    "lastUpdate" : "20140812T115412Z"
  }, {
    "type" : "place",
    "startTime" : "20140812T130207+0200",
    "endTime" : "20140812T130922+0200",
    "place" : {
      "id" : 229023728,
      "type" : "unknown",
      "location" : {
        "lat" : 49.8790864404,
        "lon" : 8.6691945542
      }
    },
    "activities" : [ {
      "activity" : "walking",
      "group" : "walking",
      "manual" : false,
      "startTime" : "20140812T130220+0200",
      "endTime" : "20140812T130319+0200",
      "duration" : 59.0,
      "distance" : 52.0,
      "steps" : 103,
      "trackPoints" : [ ]
    } ],
    "lastUpdate" : "20140812T115412Z"
  }, {
    "type" : "move",
    "startTime" : "20140812T130922+0200",
    "endTime" : "20140812T131523+0200",
    "activities" : [ {
      "activity" : "walking",
      "group" : "walking",
      "manual" : false,
      "startTime" : "20140812T130922+0200",
      "endTime" : "20140812T131523+0200",
      "duration" : 361.0,
      "distance" : 450.0,
      "steps" : 649,
      "trackPoints" : [ {
        "lat" : 49.8790864404,
        "lon" : 8.6691945542,
        "time" : "20140812T130922+0200"
      }, {
        "lat" : 49.8788793804,
        "lon" : 8.6691623574,
        "time" : "20140812T130942+0200"
      }, {
        "lat" : 49.8788758643,
        "lon" : 8.6691611366,
        "time" : "20140812T131003+0200"
      }, {
        "lat" : 49.878872211,
        "lon" : 8.6691599268,
        "time" : "20140812T131023+0200"
      }, {
        "lat" : 49.8788719758,
        "lon" : 8.6691598801,
        "time" : "20140812T131040+0200"
      }, {
        "lat" : 49.8788720084,
        "lon" : 8.6691599118,
        "time" : "20140812T131100+0200"
      }, {
        "lat" : 49.8788720907,
        "lon" : 8.669159954,
        "time" : "20140812T131132+0200"
      }, {
        "lat" : 49.8788722108,
        "lon" : 8.669159998,
        "time" : "20140812T131152+0200"
      }, {
        "lat" : 49.878872577,
        "lon" : 8.6691601224,
        "time" : "20140812T131222+0200"
      }, {
        "lat" : 49.878873156,
        "lon" : 8.6691603151,
        "time" : "20140812T131242+0200"
      }, {
        "lat" : 49.8788744441,
        "lon" : 8.6691607425,
        "time" : "20140812T131307+0200"
      }, {
        "lat" : 49.8788761531,
        "lon" : 8.669161309,
        "time" : "20140812T131323+0200"
      }, {
        "lat" : 49.8788791306,
        "lon" : 8.6691622957,
        "time" : "20140812T131340+0200"
      }, {
        "lat" : 49.8820343506,
        "lon" : 8.6702168842,
        "time" : "20140812T131421+0200"
      }, {
        "lat" : 49.8820391527,
        "lon" : 8.6702186949,
        "time" : "20140812T131441+0200"
      }, {
        "lat" : 49.8820381181,
        "lon" : 8.670220116,
        "time" : "20140812T131502+0200"
      }, {
        "lat" : 49.8819681239,
        "lon" : 8.6703339401,
        "time" : "20140812T131523+0200"
      } ]
    } ],
    "lastUpdate" : "20140812T115412Z"
  }, {
    "type" : "place",
    "startTime" : "20140812T131523+0200",
    "endTime" : "20140812T135233+0200",
    "place" : {
      "id" : 222568631,
      "type" : "unknown",
      "location" : {
        "lat" : 49.8819681239,
        "lon" : 8.6703339401
      }
    },
    "activities" : [ {
      "activity" : "walking",
      "group" : "walking",
      "manual" : false,
      "startTime" : "20140812T131532+0200",
      "endTime" : "20140812T131557+0200",
      "duration" : 25.0,
      "distance" : 14.0,
      "steps" : 28,
      "trackPoints" : [ ]
    } ],
    "lastUpdate" : "20140812T131847Z"
  }, {
    "type" : "move",
    "startTime" : "20140812T135233+0200",
    "endTime" : "20140812T141018+0200",
    "activities" : [ {
      "activity" : "walking",
      "group" : "walking",
      "manual" : false,
      "startTime" : "20140812T135233+0200",
      "endTime" : "20140812T141018+0200",
      "duration" : 1065.0,
      "distance" : 1661.0,
      "steps" : 2071,
      "trackPoints" : [ {
        "lat" : 49.8819681239,
        "lon" : 8.6703339401,
        "time" : "20140812T135233+0200"
      }, {
        "lat" : 49.8820583661,
        "lon" : 8.6702084627,
        "time" : "20140812T135253+0200"
      }, {
        "lat" : 49.8820648532,
        "lon" : 8.6701993168,
        "time" : "20140812T135313+0200"
      }, {
        "lat" : 49.8820706482,
        "lon" : 8.6701898126,
        "time" : "20140812T135329+0200"
      }, {
        "lat" : 49.8820794695,
        "lon" : 8.6701731058,
        "time" : "20140812T135349+0200"
      }, {
        "lat" : 49.8820916409,
        "lon" : 8.6701515584,
        "time" : "20140812T135408+0200"
      }, {
        "lat" : 49.8821091577,
        "lon" : 8.6701237705,
        "time" : "20140812T135428+0200"
      }, {
        "lat" : 49.8821084336,
        "lon" : 8.670142635,
        "time" : "20140812T135443+0200"
      }, {
        "lat" : 49.8823566412,
        "lon" : 8.6694877514,
        "time" : "20140812T135508+0200"
      }, {
        "lat" : 49.8825940653,
        "lon" : 8.6688534628,
        "time" : "20140812T135530+0200"
      }, {
        "lat" : 49.8826821447,
        "lon" : 8.6685718417,
        "time" : "20140812T135546+0200"
      }, {
        "lat" : 49.8826947705,
        "lon" : 8.6684996562,
        "time" : "20140812T135602+0200"
      }, {
        "lat" : 49.8826845505,
        "lon" : 8.6684913702,
        "time" : "20140812T135617+0200"
      }, {
        "lat" : 49.8826396935,
        "lon" : 8.6684724616,
        "time" : "20140812T135642+0200"
      }, {
        "lat" : 49.8802722818,
        "lon" : 8.6644832596,
        "time" : "20140812T135959+0200"
      }, {
        "lat" : 49.8802721617,
        "lon" : 8.6644830572,
        "time" : "20140812T140000+0200"
      }, {
        "lat" : 49.8802618578,
        "lon" : 8.6644656947,
        "time" : "20140812T140000+0200"
      }, {
        "lat" : 49.8800976179,
        "lon" : 8.664304912,
        "time" : "20140812T140025+0200"
      }, {
        "lat" : 49.880077451,
        "lon" : 8.6642776535,
        "time" : "20140812T140040+0200"
      }, {
        "lat" : 49.8800488902,
        "lon" : 8.6642324705,
        "time" : "20140812T140056+0200"
      }, {
        "lat" : 49.8781605771,
        "lon" : 8.6611589883,
        "time" : "20140812T140340+0200"
      }, {
        "lat" : 49.8781147556,
        "lon" : 8.6609325654,
        "time" : "20140812T140401+0200"
      }, {
        "lat" : 49.8775817829,
        "lon" : 8.6576037151,
        "time" : "20140812T140625+0200"
      }, {
        "lat" : 49.8775492259,
        "lon" : 8.6572739235,
        "time" : "20140812T140641+0200"
      }, {
        "lat" : 49.877545606,
        "lon" : 8.657093625,
        "time" : "20140812T140656+0200"
      }, {
        "lat" : 49.8775313697,
        "lon" : 8.6570051034,
        "time" : "20140812T140712+0200"
      }, {
        "lat" : 49.8774474081,
        "lon" : 8.6567331924,
        "time" : "20140812T140732+0200"
      }, {
        "lat" : 49.8771031302,
        "lon" : 8.6556618795,
        "time" : "20140812T140758+0200"
      }, {
        "lat" : 49.8770528879,
        "lon" : 8.6555004514,
        "time" : "20140812T140818+0200"
      }, {
        "lat" : 49.8770459369,
        "lon" : 8.6554593965,
        "time" : "20140812T140838+0200"
      }, {
        "lat" : 49.8770462551,
        "lon" : 8.6553938499,
        "time" : "20140812T140911+0200"
      }, {
        "lat" : 49.8770509365,
        "lon" : 8.6553735355,
        "time" : "20140812T140931+0200"
      }, {
        "lat" : 49.8770449952,
        "lon" : 8.657750091,
        "time" : "20140812T141018+0200"
      } ]
    } ],
    "lastUpdate" : "20140812T131847Z"
  }, {
    "type" : "place",
    "startTime" : "20140812T141018+0200",
    "endTime" : "20140812T154224+0200",
    "place" : {
      "id" : 236799681,
      "type" : "unknown",
      "location" : {
        "lat" : 49.8770449952,
        "lon" : 8.657750091
      }
    },
    "activities" : [ {
      "activity" : "walking",
      "group" : "walking",
      "manual" : false,
      "startTime" : "20140812T141024+0200",
      "endTime" : "20140812T141545+0200",
      "duration" : 321.0,
      "distance" : 370.0,
      "steps" : 493,
      "trackPoints" : [ ]
    }, {
      "activity" : "walking",
      "group" : "walking",
      "manual" : false,
      "startTime" : "20140812T154213+0200",
      "endTime" : "20140812T154225+0200",
      "duration" : 12.0,
      "distance" : 9.0,
      "steps" : 18,
      "trackPoints" : [ ]
    } ],
    "lastUpdate" : "20140812T145746Z"
  }, {
    "type" : "move",
    "startTime" : "20140812T154224+0200",
    "endTime" : "20140812T155130+0200",
    "activities" : [ {
      "activity" : "walking",
      "group" : "walking",
      "manual" : false,
      "startTime" : "20140812T154224+0200",
      "endTime" : "20140812T155130+0200",
      "duration" : 546.0,
      "distance" : 740.0,
      "steps" : 916,
      "trackPoints" : [ {
        "lat" : 49.8770449952,
        "lon" : 8.657750091,
        "time" : "20140812T154224+0200"
      }, {
        "lat" : 49.8771714702,
        "lon" : 8.654990544,
        "time" : "20140812T154246+0200"
      }, {
        "lat" : 49.8771664395,
        "lon" : 8.655004827,
        "time" : "20140812T154305+0200"
      }, {
        "lat" : 49.8771598552,
        "lon" : 8.6550479552,
        "time" : "20140812T154335+0200"
      }, {
        "lat" : 49.8771544613,
        "lon" : 8.655127605,
        "time" : "20140812T154418+0200"
      }, {
        "lat" : 49.8771610216,
        "lon" : 8.6551163511,
        "time" : "20140812T154434+0200"
      }, {
        "lat" : 49.8771315519,
        "lon" : 8.6551649607,
        "time" : "20140812T154451+0200"
      }, {
        "lat" : 49.8770936315,
        "lon" : 8.6552490592,
        "time" : "20140812T154508+0200"
      }, {
        "lat" : 49.877080597,
        "lon" : 8.6553111428,
        "time" : "20140812T154528+0200"
      }, {
        "lat" : 49.8770884385,
        "lon" : 8.6553670965,
        "time" : "20140812T154552+0200"
      }, {
        "lat" : 49.877117745,
        "lon" : 8.6554906592,
        "time" : "20140812T154612+0200"
      }, {
        "lat" : 49.8771496117,
        "lon" : 8.6556267028,
        "time" : "20140812T154629+0200"
      }, {
        "lat" : 49.8771721112,
        "lon" : 8.6557344476,
        "time" : "20140812T154644+0200"
      }, {
        "lat" : 49.8772557321,
        "lon" : 8.656633817,
        "time" : "20140812T154729+0200"
      }, {
        "lat" : 49.8776408539,
        "lon" : 8.6611042225,
        "time" : "20140812T155046+0200"
      }, {
        "lat" : 49.8776880058,
        "lon" : 8.6611857575,
        "time" : "20140812T155110+0200"
      }, {
        "lat" : 49.8775237139,
        "lon" : 8.6614601496,
        "time" : "20140812T155130+0200"
      } ]
    } ],
    "lastUpdate" : "20140812T145746Z"
  }, {
    "type" : "place",
    "startTime" : "20140812T155130+0200",
    "endTime" : "20140812T155511+0200",
    "place" : {
      "id" : 228151899,
      "type" : "unknown",
      "location" : {
        "lat" : 49.8775237139,
        "lon" : 8.6614601496
      }
    },
    "lastUpdate" : "20140812T145746Z"
  }, {
    "type" : "move",
    "startTime" : "20140812T155511+0200",
    "endTime" : "20140812T160125+0200",
    "activities" : [ {
      "activity" : "walking",
      "group" : "walking",
      "manual" : false,
      "startTime" : "20140812T155511+0200",
      "endTime" : "20140812T160126+0200",
      "duration" : 375.0,
      "distance" : 666.0,
      "steps" : 641,
      "trackPoints" : [ {
        "lat" : 49.8775237139,
        "lon" : 8.6614601496,
        "time" : "20140812T155511+0200"
      }, {
        "lat" : 49.8777355765,
        "lon" : 8.6612649911,
        "time" : "20140812T155531+0200"
      }, {
        "lat" : 49.8777426301,
        "lon" : 8.6612795346,
        "time" : "20140812T155551+0200"
      }, {
        "lat" : 49.8777555617,
        "lon" : 8.6613062291,
        "time" : "20140812T155614+0200"
      }, {
        "lat" : 49.8777696587,
        "lon" : 8.661335345,
        "time" : "20140812T155634+0200"
      }, {
        "lat" : 49.877813595,
        "lon" : 8.6614261622,
        "time" : "20140812T155654+0200"
      }, {
        "lat" : 49.8819476895,
        "lon" : 8.669975086,
        "time" : "20140812T155959+0200"
      }, {
        "lat" : 49.8819479124,
        "lon" : 8.669975547,
        "time" : "20140812T160000+0200"
      }, {
        "lat" : 49.8819828659,
        "lon" : 8.6700478275,
        "time" : "20140812T160001+0200"
      }, {
        "lat" : 49.8820254311,
        "lon" : 8.670180018,
        "time" : "20140812T160021+0200"
      }, {
        "lat" : 49.8820216615,
        "lon" : 8.6701855592,
        "time" : "20140812T160041+0200"
      }, {
        "lat" : 49.8820201038,
        "lon" : 8.6702006921,
        "time" : "20140812T160101+0200"
      }, {
        "lat" : 49.8819681239,
        "lon" : 8.6703339401,
        "time" : "20140812T160125+0200"
      } ]
    } ],
    "lastUpdate" : "20140812T145746Z"
  }, {
    "type" : "place",
    "startTime" : "20140812T160125+0200",
    "endTime" : "20140812T211511+0200",
    "place" : {
      "id" : 222568631,
      "type" : "unknown",
      "location" : {
        "lat" : 49.8819681239,
        "lon" : 8.6703339401
      }
    },
    "activities" : [ {
      "activity" : "walking",
      "group" : "walking",
      "manual" : false,
      "startTime" : "20140812T210145+0200",
      "endTime" : "20140812T210249+0200",
      "duration" : 64.0,
      "distance" : 38.0,
      "steps" : 75,
      "trackPoints" : [ ]
    } ],
    "lastUpdate" : "20140812T211447Z"
  }, {
    "type" : "move",
    "startTime" : "20140812T211511+0200",
    "endTime" : "20140812T212019+0200",
    "activities" : [ {
      "activity" : "walking",
      "group" : "walking",
      "manual" : false,
      "startTime" : "20140812T211511+0200",
      "endTime" : "20140812T212019+0200",
      "duration" : 308.0,
      "distance" : 249.0,
      "steps" : 498,
      "trackPoints" : [ {
        "lat" : 49.8819681239,
        "lon" : 8.6703339401,
        "time" : "20140812T211511+0200"
      }, {
        "lat" : 49.8820378154,
        "lon" : 8.6701553419,
        "time" : "20140812T211646+0200"
      }, {
        "lat" : 49.8820080267,
        "lon" : 8.6702334148,
        "time" : "20140812T211705+0200"
      }, {
        "lat" : 49.8820126524,
        "lon" : 8.6702235874,
        "time" : "20140812T211722+0200"
      }, {
        "lat" : 49.8820464405,
        "lon" : 8.6701331971,
        "time" : "20140812T211748+0200"
      }, {
        "lat" : 49.882489696,
        "lon" : 8.6691516026,
        "time" : "20140812T211905+0200"
      }, {
        "lat" : 49.8825614166,
        "lon" : 8.6690051343,
        "time" : "20140812T211920+0200"
      }, {
        "lat" : 49.8826852249,
        "lon" : 8.6688546976,
        "time" : "20140812T212019+0200"
      } ]
    } ],
    "lastUpdate" : "20140812T211447Z"
  }, {
    "type" : "place",
    "startTime" : "20140812T212020+0200",
    "endTime" : "20140812T221356+0200",
    "place" : {
      "id" : 229496202,
      "type" : "unknown",
      "location" : {
        "lat" : 49.8826852249,
        "lon" : 8.6688546976
      }
    },
    "activities" : [ {
      "activity" : "walking",
      "group" : "walking",
      "manual" : false,
      "startTime" : "20140812T212034+0200",
      "endTime" : "20140812T212038+0200",
      "duration" : 4.0,
      "distance" : 3.0,
      "steps" : 5,
      "trackPoints" : [ ]
    }, {
      "activity" : "walking",
      "group" : "walking",
      "manual" : false,
      "startTime" : "20140812T221209+0200",
      "endTime" : "20140812T221233+0200",
      "duration" : 24.0,
      "distance" : 16.0,
      "steps" : 32,
      "trackPoints" : [ ]
    } ],
    "lastUpdate" : "20140812T211447Z"
  }, {
    "type" : "move",
    "startTime" : "20140812T221356+0200",
    "endTime" : "20140812T221633+0200",
    "activities" : [ {
      "activity" : "walking",
      "group" : "walking",
      "manual" : false,
      "startTime" : "20140812T221356+0200",
      "endTime" : "20140812T221633+0200",
      "duration" : 157.0,
      "distance" : 154.0,
      "steps" : 256,
      "trackPoints" : [ {
        "lat" : 49.8826852249,
        "lon" : 8.6688546976,
        "time" : "20140812T221356+0200"
      }, {
        "lat" : 49.8827049584,
        "lon" : 8.6688533443,
        "time" : "20140812T221541+0200"
      }, {
        "lat" : 49.882277858,
        "lon" : 8.6700244131,
        "time" : "20140812T221618+0200"
      }, {
        "lat" : 49.8819681239,
        "lon" : 8.6703339401,
        "time" : "20140812T221633+0200"
      } ]
    } ],
    "lastUpdate" : "20140812T211447Z"
  }, {
    "type" : "place",
    "startTime" : "20140812T221633+0200",
    "endTime" : "20140813T081743+0200",
    "place" : {
      "id" : 222568631,
      "type" : "unknown",
      "location" : {
        "lat" : 49.8819681239,
        "lon" : 8.6703339401
      }
    },
    "activities" : [ {
      "activity" : "walking",
      "group" : "walking",
      "manual" : false,
      "startTime" : "20140812T221633+0200",
      "endTime" : "20140812T221713+0200",
      "duration" : 40.0,
      "distance" : 28.0,
      "steps" : 56,
      "trackPoints" : [ ]
    } ],
    "lastUpdate" : "20140813T071722Z"
  } ],
  "lastUpdate" : "20140813T071722Z"
}, {
  "date" : "20140813",
  "summary" : [ {
    "activity" : "walking",
    "group" : "walking",
    "duration" : 6867.0,
    "distance" : 7426.0,
    "steps" : 10731
  }, {
    "activity" : "transport",
    "group" : "transport",
    "duration" : 1677.0,
    "distance" : 6197.0
  } ],
  "segments" : [ {
    "type" : "place",
    "startTime" : "20140812T221633+0200",
    "endTime" : "20140813T081743+0200",
    "place" : {
      "id" : 222568631,
      "type" : "unknown",
      "location" : {
        "lat" : 49.8819681239,
        "lon" : 8.6703339401
      }
    },
    "activities" : [ {
      "activity" : "walking",
      "group" : "walking",
      "manual" : false,
      "startTime" : "20140813T015326+0200",
      "endTime" : "20140813T015356+0200",
      "duration" : 30.0,
      "distance" : 15.0,
      "steps" : 30,
      "trackPoints" : [ ]
    }, {
      "activity" : "walking",
      "group" : "walking",
      "manual" : false,
      "startTime" : "20140813T081648+0200",
      "endTime" : "20140813T081708+0200",
      "duration" : 20.0,
      "distance" : 13.0,
      "steps" : 27,
      "trackPoints" : [ ]
    } ],
    "lastUpdate" : "20140813T071722Z"
  }, {
    "type" : "move",
    "startTime" : "20140813T081743+0200",
    "endTime" : "20140813T083422+0200",
    "activities" : [ {
      "activity" : "walking",
      "group" : "walking",
      "manual" : false,
      "startTime" : "20140813T081743+0200",
      "endTime" : "20140813T082308+0200",
      "duration" : 325.0,
      "distance" : 270.0,
      "steps" : 541,
      "trackPoints" : [ {
        "lat" : 49.8819681239,
        "lon" : 8.6703339401,
        "time" : "20140813T081743+0200"
      }, {
        "lat" : 49.8820462863,
        "lon" : 8.6701956616,
        "time" : "20140813T081813+0200"
      }, {
        "lat" : 49.88205246,
        "lon" : 8.6701840569,
        "time" : "20140813T081829+0200"
      }, {
        "lat" : 49.8820639576,
        "lon" : 8.6701639781,
        "time" : "20140813T081850+0200"
      }, {
        "lat" : 49.8820808799,
        "lon" : 8.6701358612,
        "time" : "20140813T081913+0200"
      }, {
        "lat" : 49.8820984366,
        "lon" : 8.670106602,
        "time" : "20140813T081930+0200"
      }, {
        "lat" : 49.8821110424,
        "lon" : 8.6701271116,
        "time" : "20140813T082002+0200"
      }, {
        "lat" : 49.8821972025,
        "lon" : 8.669873224,
        "time" : "20140813T082030+0200"
      }, {
        "lat" : 49.8822635042,
        "lon" : 8.6696698945,
        "time" : "20140813T082050+0200"
      }, {
        "lat" : 49.8823294393,
        "lon" : 8.6694517949,
        "time" : "20140813T082110+0200"
      }, {
        "lat" : 49.8823921854,
        "lon" : 8.6692138502,
        "time" : "20140813T082130+0200"
      }, {
        "lat" : 49.8824587272,
        "lon" : 8.6688989792,
        "time" : "20140813T082154+0200"
      }, {
        "lat" : 49.8824796636,
        "lon" : 8.6686614185,
        "time" : "20140813T082212+0200"
      }, {
        "lat" : 49.8824154795,
        "lon" : 8.6684040337,
        "time" : "20140813T082232+0200"
      }, {
        "lat" : 49.8823428448,
        "lon" : 8.6682787848,
        "time" : "20140813T082309+0200"
      } ]
    }, {
      "activity" : "transport",
      "group" : "transport",
      "manual" : false,
      "startTime" : "20140813T082309+0200",
      "endTime" : "20140813T082743+0200",
      "duration" : 274.0,
      "distance" : 784.0,
      "trackPoints" : [ {
        "lat" : 49.8823428448,
        "lon" : 8.6682787848,
        "time" : "20140813T082309+0200"
      }, {
        "lat" : 49.8782406287,
        "lon" : 8.66120506,
        "time" : "20140813T082742+0200"
      } ]
    }, {
      "activity" : "walking",
      "group" : "walking",
      "manual" : false,
      "startTime" : "20140813T082742+0200",
      "endTime" : "20140813T083422+0200",
      "duration" : 400.0,
      "distance" : 661.0,
      "steps" : 718,
      "trackPoints" : [ {
        "lat" : 49.8782406287,
        "lon" : 8.66120506,
        "time" : "20140813T082742+0200"
      }, {
        "lat" : 49.8781577654,
        "lon" : 8.6610565044,
        "time" : "20140813T082828+0200"
      }, {
        "lat" : 49.8781103979,
        "lon" : 8.6608105005,
        "time" : "20140813T082844+0200"
      }, {
        "lat" : 49.8780463409,
        "lon" : 8.6605550767,
        "time" : "20140813T082902+0200"
      }, {
        "lat" : 49.8779779454,
        "lon" : 8.6601563798,
        "time" : "20140813T082921+0200"
      }, {
        "lat" : 49.8778780917,
        "lon" : 8.6595169851,
        "time" : "20140813T082951+0200"
      }, {
        "lat" : 49.8777793173,
        "lon" : 8.6590230007,
        "time" : "20140813T083034+0200"
      }, {
        "lat" : 49.8776553898,
        "lon" : 8.6581133474,
        "time" : "20140813T083108+0200"
      }, {
        "lat" : 49.8776111127,
        "lon" : 8.6577786808,
        "time" : "20140813T083130+0200"
      }, {
        "lat" : 49.8775872512,
        "lon" : 8.6576044844,
        "time" : "20140813T083150+0200"
      }, {
        "lat" : 49.8775558999,
        "lon" : 8.6574075928,
        "time" : "20140813T083210+0200"
      }, {
        "lat" : 49.8772507809,
        "lon" : 8.6554877789,
        "time" : "20140813T083343+0200"
      }, {
        "lat" : 49.877281761,
        "lon" : 8.6552693359,
        "time" : "20140813T083359+0200"
      }, {
        "lat" : 49.8770449952,
        "lon" : 8.657750091,
        "time" : "20140813T083422+0200"
      } ]
    } ],
    "lastUpdate" : "20140813T071722Z"
  }, {
    "type" : "place",
    "startTime" : "20140813T083422+0200",
    "endTime" : "20140813T115624+0200",
    "place" : {
      "id" : 236799681,
      "type" : "unknown",
      "location" : {
        "lat" : 49.8770449952,
        "lon" : 8.657750091
      }
    },
    "activities" : [ {
      "activity" : "walking",
      "group" : "walking",
      "manual" : false,
      "startTime" : "20140813T084706+0200",
      "endTime" : "20140813T084741+0200",
      "duration" : 35.0,
      "distance" : 19.0,
      "steps" : 37,
      "trackPoints" : [ ]
    }, {
      "activity" : "walking",
      "group" : "walking",
      "manual" : false,
      "startTime" : "20140813T094513+0200",
      "endTime" : "20140813T095001+0200",
      "duration" : 288.0,
      "distance" : 374.0,
      "steps" : 499,
      "trackPoints" : [ ]
    }, {
      "activity" : "walking",
      "group" : "walking",
      "manual" : false,
      "startTime" : "20140813T114800+0200",
      "endTime" : "20140813T115033+0200",
      "duration" : 153.0,
      "distance" : 179.0,
      "steps" : 239,
      "trackPoints" : [ ]
    } ],
    "lastUpdate" : "20140813T120512Z"
  }, {
    "type" : "move",
    "startTime" : "20140813T115624+0200",
    "endTime" : "20140813T121800+0200",
    "activities" : [ {
      "activity" : "walking",
      "group" : "walking",
      "manual" : false,
      "startTime" : "20140813T115624+0200",
      "endTime" : "20140813T120855+0200",
      "duration" : 751.0,
      "distance" : 796.0,
      "steps" : 984,
      "trackPoints" : [ {
        "lat" : 49.8770449952,
        "lon" : 8.657750091,
        "time" : "20140813T115624+0200"
      }, {
        "lat" : 49.8774285431,
        "lon" : 8.6551042616,
        "time" : "20140813T115646+0200"
      }, {
        "lat" : 49.8774172894,
        "lon" : 8.6551531999,
        "time" : "20140813T115708+0200"
      }, {
        "lat" : 49.8774094646,
        "lon" : 8.655208204,
        "time" : "20140813T115729+0200"
      }, {
        "lat" : 49.8774030062,
        "lon" : 8.6552704459,
        "time" : "20140813T115750+0200"
      }, {
        "lat" : 49.8774054341,
        "lon" : 8.6554412741,
        "time" : "20140813T115813+0200"
      }, {
        "lat" : 49.8774955255,
        "lon" : 8.6566964794,
        "time" : "20140813T115839+0200"
      }, {
        "lat" : 49.8775146284,
        "lon" : 8.6568268039,
        "time" : "20140813T115855+0200"
      }, {
        "lat" : 49.8775300502,
        "lon" : 8.6569219689,
        "time" : "20140813T115929+0200"
      }, {
        "lat" : 49.8775366297,
        "lon" : 8.657069163,
        "time" : "20140813T115945+0200"
      }, {
        "lat" : 49.8775382003,
        "lon" : 8.6571171048,
        "time" : "20140813T115959+0200"
      }, {
        "lat" : 49.8775382013,
        "lon" : 8.6571171368,
        "time" : "20140813T120000+0200"
      }, {
        "lat" : 49.8775387257,
        "lon" : 8.657133143,
        "time" : "20140813T120005+0200"
      }, {
        "lat" : 49.877539685,
        "lon" : 8.6571909736,
        "time" : "20140813T120028+0200"
      }, {
        "lat" : 49.8775380524,
        "lon" : 8.6572392724,
        "time" : "20140813T120048+0200"
      }, {
        "lat" : 49.8775346732,
        "lon" : 8.6572873563,
        "time" : "20140813T120110+0200"
      }, {
        "lat" : 49.8775252334,
        "lon" : 8.6573351023,
        "time" : "20140813T120128+0200"
      }, {
        "lat" : 49.876144342,
        "lon" : 8.6604698321,
        "time" : "20140813T120428+0200"
      }, {
        "lat" : 49.8760253531,
        "lon" : 8.6606472441,
        "time" : "20140813T120446+0200"
      }, {
        "lat" : 49.8759913255,
        "lon" : 8.6607722772,
        "time" : "20140813T120507+0200"
      }, {
        "lat" : 49.8759962467,
        "lon" : 8.6608866949,
        "time" : "20140813T120524+0200"
      }, {
        "lat" : 49.8759966962,
        "lon" : 8.6609063018,
        "time" : "20140813T120539+0200"
      }, {
        "lat" : 49.8759966962,
        "lon" : 8.6609063018,
        "time" : "20140813T120625+0200"
      }, {
        "lat" : 49.8759974046,
        "lon" : 8.6609068985,
        "time" : "20140813T120655+0200"
      }, {
        "lat" : 49.8760028052,
        "lon" : 8.6609139692,
        "time" : "20140813T120720+0200"
      }, {
        "lat" : 49.8760148349,
        "lon" : 8.661123176,
        "time" : "20140813T120756+0200"
      }, {
        "lat" : 49.8760593054,
        "lon" : 8.6610921622,
        "time" : "20140813T120815+0200"
      }, {
        "lat" : 49.8758197006,
        "lon" : 8.6603628197,
        "time" : "20140813T120854+0200"
      } ]
    }, {
      "activity" : "transport",
      "group" : "transport",
      "manual" : false,
      "startTime" : "20140813T120854+0200",
      "endTime" : "20140813T121325+0200",
      "duration" : 271.0,
      "distance" : 1008.0,
      "trackPoints" : [ {
        "lat" : 49.8758197006,
        "lon" : 8.6603628197,
        "time" : "20140813T120854+0200"
      }, {
        "lat" : 49.8757419683,
        "lon" : 8.6601116787,
        "time" : "20140813T120915+0200"
      }, {
        "lat" : 49.8757417989,
        "lon" : 8.6601101694,
        "time" : "20140813T120948+0200"
      }, {
        "lat" : 49.8757418138,
        "lon" : 8.6601089257,
        "time" : "20140813T121011+0200"
      }, {
        "lat" : 49.875741978,
        "lon" : 8.660108421,
        "time" : "20140813T121031+0200"
      }, {
        "lat" : 49.8757421211,
        "lon" : 8.6601082584,
        "time" : "20140813T121049+0200"
      }, {
        "lat" : 49.8757427452,
        "lon" : 8.6601085972,
        "time" : "20140813T121108+0200"
      }, {
        "lat" : 49.8823826431,
        "lon" : 8.6661585365,
        "time" : "20140813T121325+0200"
      } ]
    }, {
      "activity" : "walking",
      "group" : "walking",
      "manual" : false,
      "startTime" : "20140813T121325+0200",
      "endTime" : "20140813T121800+0200",
      "duration" : 275.0,
      "distance" : 372.0,
      "steps" : 473,
      "trackPoints" : [ {
        "lat" : 49.8823826431,
        "lon" : 8.6661585365,
        "time" : "20140813T121325+0200"
      }, {
        "lat" : 49.8827294061,
        "lon" : 8.6667960253,
        "time" : "20140813T121442+0200"
      }, {
        "lat" : 49.8827179147,
        "lon" : 8.6669482681,
        "time" : "20140813T121503+0200"
      }, {
        "lat" : 49.8826852006,
        "lon" : 8.6673922223,
        "time" : "20140813T121523+0200"
      }, {
        "lat" : 49.8826457114,
        "lon" : 8.6681077115,
        "time" : "20140813T121610+0200"
      }, {
        "lat" : 49.8826236616,
        "lon" : 8.6683991492,
        "time" : "20140813T121630+0200"
      }, {
        "lat" : 49.8825703792,
        "lon" : 8.6687534079,
        "time" : "20140813T121654+0200"
      }, {
        "lat" : 49.882476402,
        "lon" : 8.6691484415,
        "time" : "20140813T121714+0200"
      }, {
        "lat" : 49.8822598033,
        "lon" : 8.6698975491,
        "time" : "20140813T121745+0200"
      }, {
        "lat" : 49.8819681239,
        "lon" : 8.6703339401,
        "time" : "20140813T121800+0200"
      } ]
    } ],
    "lastUpdate" : "20140813T120512Z"
  }, {
    "type" : "place",
    "startTime" : "20140813T121800+0200",
    "endTime" : "20140813T162132+0200",
    "place" : {
      "id" : 222568631,
      "type" : "unknown",
      "location" : {
        "lat" : 49.8819681239,
        "lon" : 8.6703339401
      }
    },
    "activities" : [ {
      "activity" : "walking",
      "group" : "walking",
      "manual" : false,
      "startTime" : "20140813T121800+0200",
      "endTime" : "20140813T122038+0200",
      "duration" : 158.0,
      "distance" : 163.0,
      "steps" : 217,
      "trackPoints" : [ ]
    }, {
      "activity" : "walking",
      "group" : "walking",
      "manual" : false,
      "startTime" : "20140813T130438+0200",
      "endTime" : "20140813T130441+0200",
      "duration" : 3.0,
      "distance" : 2.0,
      "steps" : 4,
      "trackPoints" : [ ]
    }, {
      "activity" : "walking",
      "group" : "walking",
      "manual" : false,
      "startTime" : "20140813T151836+0200",
      "endTime" : "20140813T151838+0200",
      "duration" : 2.0,
      "distance" : 1.0,
      "steps" : 2,
      "trackPoints" : [ ]
    } ],
    "lastUpdate" : "20140813T174753Z"
  }, {
    "type" : "move",
    "startTime" : "20140813T162132+0200",
    "endTime" : "20140813T162635+0200",
    "activities" : [ {
      "activity" : "walking",
      "group" : "walking",
      "manual" : false,
      "startTime" : "20140813T162132+0200",
      "endTime" : "20140813T162635+0200",
      "duration" : 303.0,
      "distance" : 347.0,
      "steps" : 409,
      "trackPoints" : [ {
        "lat" : 49.8819681239,
        "lon" : 8.6703339401,
        "time" : "20140813T162132+0200"
      }, {
        "lat" : 49.8820176133,
        "lon" : 8.6701838516,
        "time" : "20140813T162217+0200"
      }, {
        "lat" : 49.8820118454,
        "lon" : 8.6702154579,
        "time" : "20140813T162236+0200"
      }, {
        "lat" : 49.8820023016,
        "lon" : 8.6702126193,
        "time" : "20140813T162254+0200"
      }, {
        "lat" : 49.8819988173,
        "lon" : 8.6702085639,
        "time" : "20140813T162309+0200"
      }, {
        "lat" : 49.8819958076,
        "lon" : 8.6702028018,
        "time" : "20140813T162325+0200"
      }, {
        "lat" : 49.8819957694,
        "lon" : 8.6701941152,
        "time" : "20140813T162345+0200"
      }, {
        "lat" : 49.8820002045,
        "lon" : 8.6701818062,
        "time" : "20140813T162410+0200"
      }, {
        "lat" : 49.882006838,
        "lon" : 8.6701690261,
        "time" : "20140813T162426+0200"
      }, {
        "lat" : 49.8820163287,
        "lon" : 8.6701509051,
        "time" : "20140813T162447+0200"
      }, {
        "lat" : 49.8820488448,
        "lon" : 8.6700809143,
        "time" : "20140813T162509+0200"
      }, {
        "lat" : 49.8827323424,
        "lon" : 8.6684665472,
        "time" : "20140813T162614+0200"
      }, {
        "lat" : 49.8819681239,
        "lon" : 8.6703339401,
        "time" : "20140813T162635+0200"
      } ]
    } ],
    "lastUpdate" : "20140813T174753Z"
  }, {
    "type" : "place",
    "startTime" : "20140813T162635+0200",
    "endTime" : "20140813T174914+0200",
    "place" : {
      "id" : 222568631,
      "type" : "unknown",
      "location" : {
        "lat" : 49.8819681239,
        "lon" : 8.6703339401
      }
    },
    "activities" : [ {
      "activity" : "walking",
      "group" : "walking",
      "manual" : false,
      "startTime" : "20140813T163218+0200",
      "endTime" : "20140813T163847+0200",
      "duration" : 389.0,
      "distance" : 531.0,
      "steps" : 708,
      "trackPoints" : [ ]
    }, {
      "activity" : "walking",
      "group" : "walking",
      "manual" : false,
      "startTime" : "20140813T174513+0200",
      "endTime" : "20140813T174543+0200",
      "duration" : 30.0,
      "distance" : 20.0,
      "steps" : 40,
      "trackPoints" : [ ]
    } ],
    "lastUpdate" : "20140813T174753Z"
  }, {
    "type" : "move",
    "startTime" : "20140813T174914+0200",
    "endTime" : "20140813T175247+0200",
    "activities" : [ {
      "activity" : "walking",
      "group" : "walking",
      "manual" : false,
      "startTime" : "20140813T174914+0200",
      "endTime" : "20140813T175246+0200",
      "duration" : 212.0,
      "distance" : 407.0,
      "steps" : 339,
      "trackPoints" : [ {
        "lat" : 49.8819681239,
        "lon" : 8.6703339401,
        "time" : "20140813T174914+0200"
      }, {
        "lat" : 49.8829008542,
        "lon" : 8.6682469744,
        "time" : "20140813T174945+0200"
      }, {
        "lat" : 49.8828971924,
        "lon" : 8.668255023,
        "time" : "20140813T175001+0200"
      }, {
        "lat" : 49.8828870521,
        "lon" : 8.6682789024,
        "time" : "20140813T175028+0200"
      }, {
        "lat" : 49.8828772027,
        "lon" : 8.6683035096,
        "time" : "20140813T175045+0200"
      }, {
        "lat" : 49.8825024571,
        "lon" : 8.6693079897,
        "time" : "20140813T175139+0200"
      }, {
        "lat" : 49.8823462427,
        "lon" : 8.6697189896,
        "time" : "20140813T175204+0200"
      }, {
        "lat" : 49.882229806,
        "lon" : 8.6700053834,
        "time" : "20140813T175228+0200"
      }, {
        "lat" : 49.8819681239,
        "lon" : 8.6703339401,
        "time" : "20140813T175247+0200"
      } ]
    } ],
    "lastUpdate" : "20140813T174753Z"
  }, {
    "type" : "place",
    "startTime" : "20140813T175247+0200",
    "endTime" : "20140813T211856+0200",
    "place" : {
      "id" : 222568631,
      "type" : "unknown",
      "location" : {
        "lat" : 49.8819681239,
        "lon" : 8.6703339401
      }
    },
    "activities" : [ {
      "activity" : "walking",
      "group" : "walking",
      "manual" : false,
      "startTime" : "20140813T175247+0200",
      "endTime" : "20140813T175254+0200",
      "duration" : 7.0,
      "distance" : 5.0,
      "steps" : 9,
      "trackPoints" : [ ]
    }, {
      "activity" : "walking",
      "group" : "walking",
      "manual" : false,
      "startTime" : "20140813T201934+0200",
      "endTime" : "20140813T201935+0200",
      "duration" : 1.0,
      "distance" : 1.0,
      "steps" : 1,
      "trackPoints" : [ ]
    }, {
      "activity" : "walking",
      "group" : "walking",
      "manual" : false,
      "startTime" : "20140813T211027+0200",
      "endTime" : "20140813T211113+0200",
      "duration" : 46.0,
      "distance" : 31.0,
      "steps" : 62,
      "trackPoints" : [ ]
    } ],
    "lastUpdate" : "20140813T205243Z"
  }, {
    "type" : "move",
    "startTime" : "20140813T211856+0200",
    "endTime" : "20140813T212159+0200",
    "activities" : [ {
      "activity" : "walking",
      "group" : "walking",
      "manual" : false,
      "startTime" : "20140813T211856+0200",
      "endTime" : "20140813T212158+0200",
      "duration" : 182.0,
      "distance" : 235.0,
      "steps" : 272,
      "trackPoints" : [ {
        "lat" : 49.8819681239,
        "lon" : 8.6703339401,
        "time" : "20140813T211856+0200"
      }, {
        "lat" : 49.882079778,
        "lon" : 8.6701146429,
        "time" : "20140813T211917+0200"
      }, {
        "lat" : 49.8821073045,
        "lon" : 8.6700760773,
        "time" : "20140813T211941+0200"
      }, {
        "lat" : 49.882136604,
        "lon" : 8.6700400686,
        "time" : "20140813T212003+0200"
      }, {
        "lat" : 49.8821881957,
        "lon" : 8.6699094889,
        "time" : "20140813T212028+0200"
      }, {
        "lat" : 49.8825125477,
        "lon" : 8.6688441014,
        "time" : "20140813T212058+0200"
      }, {
        "lat" : 49.8825976851,
        "lon" : 8.6685895386,
        "time" : "20140813T212118+0200"
      }, {
        "lat" : 49.882632582,
        "lon" : 8.6685001796,
        "time" : "20140813T212139+0200"
      }, {
        "lat" : 49.8826210232,
        "lon" : 8.6675185755,
        "time" : "20140813T212159+0200"
      } ]
    } ],
    "lastUpdate" : "20140813T205243Z"
  }, {
    "type" : "place",
    "startTime" : "20140813T212159+0200",
    "endTime" : "20140813T213523+0200",
    "place" : {
      "id" : 223135125,
      "name" : "Volleyball field of Karlshof",
      "type" : "user",
      "location" : {
        "lat" : 49.8826210232,
        "lon" : 8.6675185755
      }
    },
    "activities" : [ {
      "activity" : "walking",
      "group" : "walking",
      "manual" : false,
      "startTime" : "20140813T212159+0200",
      "endTime" : "20140813T212739+0200",
      "duration" : 340.0,
      "distance" : 415.0,
      "steps" : 553,
      "trackPoints" : [ ]
    } ],
    "lastUpdate" : "20140831T185019Z"
  }, {
    "type" : "move",
    "startTime" : "20140813T213523+0200",
    "endTime" : "20140813T214400+0200",
    "activities" : [ {
      "activity" : "transport",
      "group" : "transport",
      "manual" : false,
      "startTime" : "20140813T213523+0200",
      "endTime" : "20140813T214107+0200",
      "duration" : 344.0,
      "distance" : 899.0,
      "trackPoints" : [ {
        "lat" : 49.8826210232,
        "lon" : 8.6675185755,
        "time" : "20140813T213523+0200"
      }, {
        "lat" : 49.8816248726,
        "lon" : 8.6656267609,
        "time" : "20140813T213820+0200"
      }, {
        "lat" : 49.8804718534,
        "lon" : 8.6646118677,
        "time" : "20140813T213853+0200"
      }, {
        "lat" : 49.8804505743,
        "lon" : 8.664587192,
        "time" : "20140813T213917+0200"
      }, {
        "lat" : 49.8804476146,
        "lon" : 8.6645839388,
        "time" : "20140813T213935+0200"
      }, {
        "lat" : 49.8804393742,
        "lon" : 8.6645756271,
        "time" : "20140813T213955+0200"
      }, {
        "lat" : 49.8771841175,
        "lon" : 8.6613492012,
        "time" : "20140813T214034+0200"
      }, {
        "lat" : 49.8770370308,
        "lon" : 8.6614804867,
        "time" : "20140813T214051+0200"
      }, {
        "lat" : 49.8769869154,
        "lon" : 8.6615463947,
        "time" : "20140813T214107+0200"
      } ]
    }, {
      "activity" : "walking",
      "group" : "walking",
      "manual" : false,
      "startTime" : "20140813T214107+0200",
      "endTime" : "20140813T214401+0200",
      "duration" : 174.0,
      "distance" : 122.0,
      "steps" : 244,
      "trackPoints" : [ {
        "lat" : 49.8769869154,
        "lon" : 8.6615463947,
        "time" : "20140813T214107+0200"
      }, {
        "lat" : 49.876527318,
        "lon" : 8.6620576534,
        "time" : "20140813T214400+0200"
      } ]
    } ],
    "lastUpdate" : "20140813T205243Z"
  }, {
    "type" : "place",
    "startTime" : "20140813T214401+0200",
    "endTime" : "20140813T215415+0200",
    "place" : {
      "id" : 243610652,
      "type" : "unknown",
      "location" : {
        "lat" : 49.876527318,
        "lon" : 8.6620576534
      }
    },
    "activities" : [ {
      "activity" : "walking",
      "group" : "walking",
      "manual" : false,
      "startTime" : "20140813T214404+0200",
      "endTime" : "20140813T214555+0200",
      "duration" : 111.0,
      "distance" : 79.0,
      "steps" : 157,
      "trackPoints" : [ ]
    } ],
    "lastUpdate" : "20140813T205243Z"
  }, {
    "type" : "move",
    "startTime" : "20140813T215415+0200",
    "endTime" : "20140813T222222+0200",
    "activities" : [ {
      "activity" : "walking",
      "group" : "walking",
      "manual" : false,
      "startTime" : "20140813T215415+0200",
      "endTime" : "20140813T222223+0200",
      "duration" : 1688.0,
      "distance" : 1558.0,
      "steps" : 2638,
      "trackPoints" : [ {
        "lat" : 49.876527318,
        "lon" : 8.6620576534,
        "time" : "20140813T215415+0200"
      }, {
        "lat" : 49.8765184623,
        "lon" : 8.6620814955,
        "time" : "20140813T215541+0200"
      }, {
        "lat" : 49.8764893882,
        "lon" : 8.662015103,
        "time" : "20140813T215557+0200"
      }, {
        "lat" : 49.8758182938,
        "lon" : 8.66046376,
        "time" : "20140813T215757+0200"
      }, {
        "lat" : 49.8751043242,
        "lon" : 8.658816764,
        "time" : "20140813T215959+0200"
      }, {
        "lat" : 49.875104266,
        "lon" : 8.6588166299,
        "time" : "20140813T220000+0200"
      }, {
        "lat" : 49.8749936478,
        "lon" : 8.6585614539,
        "time" : "20140813T220019+0200"
      }, {
        "lat" : 49.8749568852,
        "lon" : 8.6584676921,
        "time" : "20140813T220039+0200"
      }, {
        "lat" : 49.8749584176,
        "lon" : 8.6584117476,
        "time" : "20140813T220059+0200"
      }, {
        "lat" : 49.8749763974,
        "lon" : 8.6583685689,
        "time" : "20140813T220120+0200"
      }, {
        "lat" : 49.8749888138,
        "lon" : 8.6583335206,
        "time" : "20140813T220141+0200"
      }, {
        "lat" : 49.8749801523,
        "lon" : 8.6582490352,
        "time" : "20140813T220201+0200"
      }, {
        "lat" : 49.8747488776,
        "lon" : 8.657140608,
        "time" : "20140813T220233+0200"
      }, {
        "lat" : 49.8744934094,
        "lon" : 8.6562286544,
        "time" : "20140813T220255+0200"
      }, {
        "lat" : 49.8742592288,
        "lon" : 8.6556649218,
        "time" : "20140813T220320+0200"
      }, {
        "lat" : 49.8734554445,
        "lon" : 8.6559376342,
        "time" : "20140813T220508+0200"
      }, {
        "lat" : 49.8728897032,
        "lon" : 8.655169247,
        "time" : "20140813T220702+0200"
      }, {
        "lat" : 49.872847414,
        "lon" : 8.6549802801,
        "time" : "20140813T220723+0200"
      }, {
        "lat" : 49.8731708489,
        "lon" : 8.653369051,
        "time" : "20140813T220833+0200"
      }, {
        "lat" : 49.8723044912,
        "lon" : 8.6511903012,
        "time" : "20140813T221214+0200"
      }, {
        "lat" : 49.8711324019,
        "lon" : 8.6505324573,
        "time" : "20140813T221542+0200"
      }, {
        "lat" : 49.8710752434,
        "lon" : 8.6514436138,
        "time" : "20140813T221910+0200"
      }, {
        "lat" : 49.869952747,
        "lon" : 8.650676356,
        "time" : "20140813T222222+0200"
      } ]
    } ],
    "lastUpdate" : "20140813T205243Z"
  }, {
    "type" : "place",
    "startTime" : "20140813T222223+0200",
    "endTime" : "20140813T230706+0200",
    "place" : {
      "id" : 243639455,
      "type" : "unknown",
      "location" : {
        "lat" : 49.8701663095,
        "lon" : 8.650944123
      }
    },
    "activities" : [ {
      "activity" : "walking",
      "group" : "walking",
      "manual" : false,
      "startTime" : "20140813T222300+0200",
      "endTime" : "20140813T222306+0200",
      "duration" : 6.0,
      "distance" : 4.0,
      "steps" : 8,
      "trackPoints" : [ ]
    } ],
    "lastUpdate" : "20140813T224326Z"
  }, {
    "type" : "move",
    "startTime" : "20140813T230706+0200",
    "endTime" : "20140813T232331+0200",
    "activities" : [ {
      "activity" : "walking",
      "group" : "walking",
      "manual" : false,
      "startTime" : "20140813T230706+0200",
      "endTime" : "20140813T231119+0200",
      "duration" : 253.0,
      "distance" : 246.0,
      "steps" : 493,
      "trackPoints" : [ {
        "lat" : 49.8701663095,
        "lon" : 8.650944123,
        "time" : "20140813T230706+0200"
      }, {
        "lat" : 49.8701756703,
        "lon" : 8.6509345343,
        "time" : "20140813T230836+0200"
      }, {
        "lat" : 49.8714810114,
        "lon" : 8.6508692078,
        "time" : "20140813T231118+0200"
      } ]
    }, {
      "activity" : "transport",
      "group" : "transport",
      "manual" : false,
      "startTime" : "20140813T231118+0200",
      "endTime" : "20140813T231859+0200",
      "duration" : 461.0,
      "distance" : 1926.0,
      "trackPoints" : [ {
        "lat" : 49.8714810114,
        "lon" : 8.6508692078,
        "time" : "20140813T231118+0200"
      }, {
        "lat" : 49.8727964638,
        "lon" : 8.6507259364,
        "time" : "20140813T231251+0200"
      }, {
        "lat" : 49.8727916556,
        "lon" : 8.6505793781,
        "time" : "20140813T231312+0200"
      }, {
        "lat" : 49.8712768571,
        "lon" : 8.638496133,
        "time" : "20140813T231626+0200"
      }, {
        "lat" : 49.8709330808,
        "lon" : 8.6363532696,
        "time" : "20140813T231641+0200"
      }, {
        "lat" : 49.8704633293,
        "lon" : 8.6337393384,
        "time" : "20140813T231751+0200"
      }, {
        "lat" : 49.8724056234,
        "lon" : 8.6307343494,
        "time" : "20140813T231859+0200"
      } ]
    }, {
      "activity" : "walking",
      "group" : "walking",
      "manual" : false,
      "startTime" : "20140813T231859+0200",
      "endTime" : "20140813T232330+0200",
      "duration" : 271.0,
      "distance" : 177.0,
      "steps" : 355,
      "trackPoints" : [ {
        "lat" : 49.8724056234,
        "lon" : 8.6307343494,
        "time" : "20140813T231859+0200"
      }, {
        "lat" : 49.8725919068,
        "lon" : 8.6302735375,
        "time" : "20140813T232005+0200"
      }, {
        "lat" : 49.8727137981,
        "lon" : 8.631430972,
        "time" : "20140813T232331+0200"
      } ]
    } ],
    "lastUpdate" : "20140813T224326Z"
  }, {
    "type" : "place",
    "startTime" : "20140813T232331+0200",
    "endTime" : "20140813T233718+0200",
    "place" : {
      "id" : 243639456,
      "type" : "unknown",
      "location" : {
        "lat" : 49.8727137981,
        "lon" : 8.631430972
      }
    },
    "activities" : [ {
      "activity" : "walking",
      "group" : "walking",
      "manual" : false,
      "startTime" : "20140813T232331+0200",
      "endTime" : "20140813T232526+0200",
      "duration" : 115.0,
      "distance" : 78.0,
      "steps" : 157,
      "trackPoints" : [ ]
    } ],
    "lastUpdate" : "20140813T224326Z"
  }, {
    "type" : "move",
    "startTime" : "20140813T233718+0200",
    "endTime" : "20140813T234743+0200",
    "activities" : [ {
      "activity" : "transport",
      "group" : "transport",
      "manual" : false,
      "startTime" : "20140813T233718+0200",
      "endTime" : "20140813T234245+0200",
      "duration" : 327.0,
      "distance" : 1580.0,
      "trackPoints" : [ {
        "lat" : 49.8727137981,
        "lon" : 8.631430972,
        "time" : "20140813T233718+0200"
      }, {
        "lat" : 49.8713921319,
        "lon" : 8.6407363038,
        "time" : "20140813T234038+0200"
      }, {
        "lat" : 49.8721791957,
        "lon" : 8.6503024529,
        "time" : "20140813T234245+0200"
      } ]
    }, {
      "activity" : "walking",
      "group" : "walking",
      "manual" : false,
      "startTime" : "20140813T234245+0200",
      "endTime" : "20140813T234743+0200",
      "duration" : 298.0,
      "distance" : 305.0,
      "steps" : 514,
      "trackPoints" : [ {
        "lat" : 49.8721791957,
        "lon" : 8.6503024529,
        "time" : "20140813T234245+0200"
      }, {
        "lat" : 49.872237626,
        "lon" : 8.6508797974,
        "time" : "20140813T234358+0200"
      }, {
        "lat" : 49.8720775977,
        "lon" : 8.65102995,
        "time" : "20140813T234414+0200"
      }, {
        "lat" : 49.8702611033,
        "lon" : 8.6505232954,
        "time" : "20140813T234743+0200"
      } ]
    } ],
    "lastUpdate" : "20140813T224326Z"
  }, {
    "type" : "place",
    "startTime" : "20140813T234743+0200",
    "endTime" : "20140814T003651+0200",
    "place" : {
      "id" : 243639455,
      "type" : "unknown",
      "location" : {
        "lat" : 49.8701663095,
        "lon" : 8.650944123
      }
    },
    "activities" : [ {
      "activity" : "walking",
      "group" : "walking",
      "manual" : false,
      "startTime" : "20140813T234743+0200",
      "endTime" : "20140813T234744+0200",
      "duration" : 1.0,
      "distance" : 0.0,
      "steps" : 1,
      "trackPoints" : [ ]
    } ],
    "lastUpdate" : "20140814T192956Z"
  } ],
  "lastUpdate" : "20140831T185019Z"
}, {
  "date" : "20140814",
  "summary" : [ {
    "activity" : "walking",
    "group" : "walking",
    "duration" : 813.0,
    "distance" : 810.0,
    "steps" : 1293
  }, {
    "activity" : "transport",
    "group" : "transport",
    "duration" : 423.0,
    "distance" : 1831.0
  } ],
  "segments" : [ {
    "type" : "place",
    "startTime" : "20140813T234743+0200",
    "endTime" : "20140814T003651+0200",
    "place" : {
      "id" : 243639455,
      "type" : "unknown",
      "location" : {
        "lat" : 49.8701663095,
        "lon" : 8.650944123
      }
    },
    "activities" : [ {
      "activity" : "walking",
      "group" : "walking",
      "manual" : false,
      "startTime" : "20140814T002007+0200",
      "endTime" : "20140814T002037+0200",
      "duration" : 30.0,
      "distance" : 15.0,
      "steps" : 20,
      "trackPoints" : [ ]
    } ],
    "lastUpdate" : "20140814T192956Z"
  }, {
    "type" : "move",
    "startTime" : "20140814T003651+0200",
    "endTime" : "20140814T005628+0200",
    "activities" : [ {
      "activity" : "walking",
      "group" : "walking",
      "manual" : false,
      "startTime" : "20140814T003651+0200",
      "endTime" : "20140814T004448+0200",
      "duration" : 477.0,
      "distance" : 359.0,
      "steps" : 718,
      "trackPoints" : [ {
        "lat" : 49.8701663095,
        "lon" : 8.650944123,
        "time" : "20140814T003651+0200"
      }, {
        "lat" : 49.8702368788,
        "lon" : 8.6508567231,
        "time" : "20140814T003759+0200"
      }, {
        "lat" : 49.8718882322,
        "lon" : 8.651181129,
        "time" : "20140814T004109+0200"
      }, {
        "lat" : 49.872256433,
        "lon" : 8.6510633298,
        "time" : "20140814T004132+0200"
      }, {
        "lat" : 49.8726553912,
        "lon" : 8.6514681176,
        "time" : "20140814T004448+0200"
      } ]
    }, {
      "activity" : "transport",
      "group" : "transport",
      "manual" : false,
      "startTime" : "20140814T004448+0200",
      "endTime" : "20140814T005151+0200",
      "duration" : 423.0,
      "distance" : 1831.0,
      "trackPoints" : [ {
        "lat" : 49.8726553912,
        "lon" : 8.6514681176,
        "time" : "20140814T004448+0200"
      }, {
        "lat" : 49.87275088,
        "lon" : 8.6515643465,
        "time" : "20140814T004523+0200"
      }, {
        "lat" : 49.8728749546,
        "lon" : 8.6533317331,
        "time" : "20140814T004622+0200"
      }, {
        "lat" : 49.8727725104,
        "lon" : 8.654466822,
        "time" : "20140814T004647+0200"
      }, {
        "lat" : 49.872757438,
        "lon" : 8.6551834781,
        "time" : "20140814T004713+0200"
      }, {
        "lat" : 49.87284277,
        "lon" : 8.6554257051,
        "time" : "20140814T004730+0200"
      }, {
        "lat" : 49.8728654269,
        "lon" : 8.655469406,
        "time" : "20140814T004750+0200"
      }, {
        "lat" : 49.8728723038,
        "lon" : 8.6554822084,
        "time" : "20140814T004807+0200"
      }, {
        "lat" : 49.8728801831,
        "lon" : 8.6554934758,
        "time" : "20140814T004828+0200"
      }, {
        "lat" : 49.8824124072,
        "lon" : 8.6658981068,
        "time" : "20140814T005151+0200"
      } ]
    }, {
      "activity" : "walking",
      "group" : "walking",
      "manual" : false,
      "startTime" : "20140814T005151+0200",
      "endTime" : "20140814T005628+0200",
      "duration" : 277.0,
      "distance" : 414.0,
      "steps" : 511,
      "trackPoints" : [ {
        "lat" : 49.8824124072,
        "lon" : 8.6658981068,
        "time" : "20140814T005151+0200"
      }, {
        "lat" : 49.8827926236,
        "lon" : 8.6664206459,
        "time" : "20140814T005241+0200"
      }, {
        "lat" : 49.8827993341,
        "lon" : 8.6666120818,
        "time" : "20140814T005303+0200"
      }, {
        "lat" : 49.8826989309,
        "lon" : 8.6678956675,
        "time" : "20140814T005412+0200"
      }, {
        "lat" : 49.8826548185,
        "lon" : 8.6682918091,
        "time" : "20140814T005440+0200"
      }, {
        "lat" : 49.8826029657,
        "lon" : 8.6685892025,
        "time" : "20140814T005500+0200"
      }, {
        "lat" : 49.8825092151,
        "lon" : 8.6689901304,
        "time" : "20140814T005521+0200"
      }, {
        "lat" : 49.8822943253,
        "lon" : 8.6698243879,
        "time" : "20140814T005544+0200"
      }, {
        "lat" : 49.8821063966,
        "lon" : 8.6705547693,
        "time" : "20140814T005608+0200"
      }, {
        "lat" : 49.8819681239,
        "lon" : 8.6703339401,
        "time" : "20140814T005628+0200"
      } ]
    } ],
    "lastUpdate" : "20140814T192956Z"
  }, {
    "type" : "place",
    "startTime" : "20140814T005628+0200",
    "endTime" : "20140814T010453+0200",
    "place" : {
      "id" : 222568631,
      "type" : "unknown",
      "location" : {
        "lat" : 49.8819681239,
        "lon" : 8.6703339401
      }
    },
    "activities" : [ {
      "activity" : "walking",
      "group" : "walking",
      "manual" : false,
      "startTime" : "20140814T005628+0200",
      "endTime" : "20140814T005657+0200",
      "duration" : 29.0,
      "distance" : 22.0,
      "steps" : 44,
      "trackPoints" : [ ]
    } ],
    "lastUpdate" : "20140814T192956Z"
  }, {
    "type" : "place",
    "startTime" : "20140814T193711+0200",
    "endTime" : "20140814T225832+0200",
    "place" : {
      "id" : 222568631,
      "type" : "unknown",
      "location" : {
        "lat" : 49.8819681239,
        "lon" : 8.6703339401
      }
    },
    "lastUpdate" : "20140815T171103Z"
  }, {
    "type" : "place",
    "startTime" : "20140814T232332+0200",
    "endTime" : "20140814T233019+0200",
    "place" : {
      "id" : 222568631,
      "type" : "unknown",
      "location" : {
        "lat" : 49.8819681239,
        "lon" : 8.6703339401
      }
    },
    "lastUpdate" : "20140815T171103Z"
  } ],
  "lastUpdate" : "20140815T171103Z"
} ]