[ {
  "date" : "20140714",
  "summary" : [ {
    "activity" : "walking",
    "group" : "walking",
    "duration" : 2890.0,
    "distance" : 2791.0,
    "steps" : 4790
  }, {
    "activity" : "transport",
    "group" : "transport",
    "duration" : 1099.0,
    "distance" : 3375.0
  } ],
  "segments" : [ {
    "type" : "place",
    "startTime" : "20140713T234607+0200",
    "endTime" : "20140714T001511+0200",
    "place" : {
      "id" : 230177678,
      "type" : "unknown",
      "location" : {
        "lat" : 49.8726261215,
        "lon" : 8.649758177
      }
    },
    "activities" : [ {
      "activity" : "walking",
      "group" : "walking",
      "manual" : false,
      "startTime" : "20140714T000228+0200",
      "endTime" : "20140714T000234+0200",
      "duration" : 6.0,
      "distance" : 4.0,
      "steps" : 8,
      "trackPoints" : [ ]
    } ],
    "lastUpdate" : "20140713T233844Z"
  }, {
    "type" : "move",
    "startTime" : "20140714T001511+0200",
    "endTime" : "20140714T004031+0200",
    "activities" : [ {
      "activity" : "walking",
      "group" : "walking",
      "manual" : false,
      "startTime" : "20140714T001511+0200",
      "endTime" : "20140714T002753+0200",
      "duration" : 762.0,
      "distance" : 606.0,
      "steps" : 1211,
      "trackPoints" : [ {
        "lat" : 49.8726261215,
        "lon" : 8.649758177,
        "time" : "20140714T001511+0200"
      }, {
        "lat" : 49.8724961578,
        "lon" : 8.651332439,
        "time" : "20140714T002049+0200"
      }, {
        "lat" : 49.8725503614,
        "lon" : 8.6514472568,
        "time" : "20140714T002108+0200"
      }, {
        "lat" : 49.8722602824,
        "lon" : 8.653520901,
        "time" : "20140714T002409+0200"
      }, {
        "lat" : 49.8721843295,
        "lon" : 8.653635215,
        "time" : "20140714T002425+0200"
      }, {
        "lat" : 49.8724679339,
        "lon" : 8.6543148575,
        "time" : "20140714T002638+0200"
      }, {
        "lat" : 49.8726488195,
        "lon" : 8.6548012365,
        "time" : "20140714T002653+0200"
      }, {
        "lat" : 49.8727691477,
        "lon" : 8.6550995773,
        "time" : "20140714T002713+0200"
      }, {
        "lat" : 49.8728056607,
        "lon" : 8.6551457384,
        "time" : "20140714T002737+0200"
      }, {
        "lat" : 49.8728182452,
        "lon" : 8.6551599116,
        "time" : "20140714T002752+0200"
      } ]
    }, {
      "activity" : "transport",
      "group" : "transport",
      "manual" : false,
      "startTime" : "20140714T002752+0200",
      "endTime" : "20140714T003612+0200",
      "duration" : 500.0,
      "distance" : 1511.0,
      "trackPoints" : [ {
        "lat" : 49.8728182452,
        "lon" : 8.6551599116,
        "time" : "20140714T002752+0200"
      }, {
        "lat" : 49.8728501976,
        "lon" : 8.6552407881,
        "time" : "20140714T002807+0200"
      }, {
        "lat" : 49.8728822342,
        "lon" : 8.6553225789,
        "time" : "20140714T002908+0200"
      }, {
        "lat" : 49.8728916008,
        "lon" : 8.6553447318,
        "time" : "20140714T002923+0200"
      }, {
        "lat" : 49.8729041299,
        "lon" : 8.655373456,
        "time" : "20140714T002941+0200"
      }, {
        "lat" : 49.8729190928,
        "lon" : 8.6554067105,
        "time" : "20140714T003000+0200"
      }, {
        "lat" : 49.8729313047,
        "lon" : 8.6554329737,
        "time" : "20140714T003015+0200"
      }, {
        "lat" : 49.872943701,
        "lon" : 8.6554586346,
        "time" : "20140714T003032+0200"
      }, {
        "lat" : 49.8729535802,
        "lon" : 8.6554781994,
        "time" : "20140714T003048+0200"
      }, {
        "lat" : 49.8729638438,
        "lon" : 8.6554974148,
        "time" : "20140714T003103+0200"
      }, {
        "lat" : 49.8729756334,
        "lon" : 8.6555180357,
        "time" : "20140714T003123+0200"
      }, {
        "lat" : 49.8729853484,
        "lon" : 8.6555344475,
        "time" : "20140714T003143+0200"
      }, {
        "lat" : 49.8756658727,
        "lon" : 8.6599658125,
        "time" : "20140714T003223+0200"
      }, {
        "lat" : 49.8756923716,
        "lon" : 8.6599996122,
        "time" : "20140714T003243+0200"
      }, {
        "lat" : 49.8756959295,
        "lon" : 8.6600039111,
        "time" : "20140714T003303+0200"
      }, {
        "lat" : 49.8756981751,
        "lon" : 8.6600063889,
        "time" : "20140714T003318+0200"
      }, {
        "lat" : 49.8823007409,
        "lon" : 8.6658488596,
        "time" : "20140714T003612+0200"
      } ]
    }, {
      "activity" : "walking",
      "group" : "walking",
      "manual" : false,
      "startTime" : "20140714T003612+0200",
      "endTime" : "20140714T004031+0200",
      "duration" : 259.0,
      "distance" : 410.0,
      "steps" : 466,
      "trackPoints" : [ {
        "lat" : 49.8823007409,
        "lon" : 8.6658488596,
        "time" : "20140714T003612+0200"
      }, {
        "lat" : 49.8826255953,
        "lon" : 8.6661423229,
        "time" : "20140714T003646+0200"
      }, {
        "lat" : 49.882737274,
        "lon" : 8.6663206519,
        "time" : "20140714T003711+0200"
      }, {
        "lat" : 49.8825453185,
        "lon" : 8.6677033138,
        "time" : "20140714T003816+0200"
      }, {
        "lat" : 49.8825336825,
        "lon" : 8.6677858258,
        "time" : "20140714T003839+0200"
      }, {
        "lat" : 49.8825309955,
        "lon" : 8.6678016928,
        "time" : "20140714T003909+0200"
      }, {
        "lat" : 49.8825287191,
        "lon" : 8.6678140412,
        "time" : "20140714T003929+0200"
      }, {
        "lat" : 49.8825193611,
        "lon" : 8.6678644929,
        "time" : "20140714T004001+0200"
      }, {
        "lat" : 49.8819681239,
        "lon" : 8.6703339401,
        "time" : "20140714T004031+0200"
      } ]
    } ],
    "lastUpdate" : "20140713T233844Z"
  }, {
    "type" : "place",
    "startTime" : "20140714T004031+0200",
    "endTime" : "20140714T111423+0200",
    "place" : {
      "id" : 222568631,
      "type" : "unknown",
      "location" : {
        "lat" : 49.8819681239,
        "lon" : 8.6703339401
      }
    },
    "activities" : [ {
      "activity" : "walking",
      "group" : "walking",
      "manual" : false,
      "startTime" : "20140714T004031+0200",
      "endTime" : "20140714T004117+0200",
      "duration" : 46.0,
      "distance" : 40.0,
      "steps" : 79,
      "trackPoints" : [ ]
    }, {
      "activity" : "walking",
      "group" : "walking",
      "manual" : false,
      "startTime" : "20140714T090934+0200",
      "endTime" : "20140714T091033+0200",
      "duration" : 59.0,
      "distance" : 32.0,
      "steps" : 65,
      "trackPoints" : [ ]
    }, {
      "activity" : "walking",
      "group" : "walking",
      "manual" : false,
      "startTime" : "20140714T111303+0200",
      "endTime" : "20140714T111316+0200",
      "duration" : 13.0,
      "distance" : 9.0,
      "steps" : 17,
      "trackPoints" : [ ]
    } ],
    "lastUpdate" : "20140714T111711Z"
  }, {
    "type" : "move",
    "startTime" : "20140714T111423+0200",
    "endTime" : "20140714T113330+0200",
    "activities" : [ {
      "activity" : "walking",
      "group" : "walking",
      "manual" : false,
      "startTime" : "20140714T111423+0200",
      "endTime" : "20140714T112021+0200",
      "duration" : 358.0,
      "distance" : 366.0,
      "steps" : 581,
      "trackPoints" : [ {
        "lat" : 49.8819681239,
        "lon" : 8.6703339401,
        "time" : "20140714T111423+0200"
      }, {
        "lat" : 49.8819591141,
        "lon" : 8.6701948172,
        "time" : "20140714T111444+0200"
      }, {
        "lat" : 49.881960943,
        "lon" : 8.6701860949,
        "time" : "20140714T111459+0200"
      }, {
        "lat" : 49.8819654687,
        "lon" : 8.670168406,
        "time" : "20140714T111519+0200"
      }, {
        "lat" : 49.8819689952,
        "lon" : 8.670162849,
        "time" : "20140714T111540+0200"
      }, {
        "lat" : 49.8825583107,
        "lon" : 8.6660659694,
        "time" : "20140714T111953+0200"
      }, {
        "lat" : 49.8824970917,
        "lon" : 8.6660800805,
        "time" : "20140714T112021+0200"
      } ]
    }, {
      "activity" : "transport",
      "group" : "transport",
      "manual" : false,
      "startTime" : "20140714T112021+0200",
      "endTime" : "20140714T112724+0200",
      "duration" : 423.0,
      "distance" : 924.0,
      "trackPoints" : [ {
        "lat" : 49.8824970917,
        "lon" : 8.6660800805,
        "time" : "20140714T112021+0200"
      }, {
        "lat" : 49.882193198,
        "lon" : 8.665885646,
        "time" : "20140714T112312+0200"
      }, {
        "lat" : 49.882158301,
        "lon" : 8.6658566193,
        "time" : "20140714T112330+0200"
      }, {
        "lat" : 49.8818310442,
        "lon" : 8.6656780071,
        "time" : "20140714T112346+0200"
      }, {
        "lat" : 49.8765763399,
        "lon" : 8.6616447175,
        "time" : "20140714T112653+0200"
      }, {
        "lat" : 49.876053922,
        "lon" : 8.6609182985,
        "time" : "20140714T112724+0200"
      } ]
    }, {
      "activity" : "walking",
      "group" : "walking",
      "manual" : false,
      "startTime" : "20140714T112724+0200",
      "endTime" : "20140714T113330+0200",
      "duration" : 366.0,
      "distance" : 488.0,
      "steps" : 693,
      "trackPoints" : [ {
        "lat" : 49.876053922,
        "lon" : 8.6609182985,
        "time" : "20140714T112724+0200"
      }, {
        "lat" : 49.8759970224,
        "lon" : 8.6607790352,
        "time" : "20140714T112806+0200"
      }, {
        "lat" : 49.8759316194,
        "lon" : 8.6606478631,
        "time" : "20140714T112826+0200"
      }, {
        "lat" : 49.8758701427,
        "lon" : 8.660524321,
        "time" : "20140714T112846+0200"
      }, {
        "lat" : 49.8757807661,
        "lon" : 8.6603749262,
        "time" : "20140714T112906+0200"
      }, {
        "lat" : 49.8755655341,
        "lon" : 8.660123215,
        "time" : "20140714T112930+0200"
      }, {
        "lat" : 49.8743366375,
        "lon" : 8.6589739372,
        "time" : "20140714T113020+0200"
      }, {
        "lat" : 49.874137543,
        "lon" : 8.6590862211,
        "time" : "20140714T113050+0200"
      }, {
        "lat" : 49.8739410782,
        "lon" : 8.6600671958,
        "time" : "20140714T113136+0200"
      }, {
        "lat" : 49.8739279379,
        "lon" : 8.6605111534,
        "time" : "20140714T113158+0200"
      }, {
        "lat" : 49.8739451302,
        "lon" : 8.6607337726,
        "time" : "20140714T113217+0200"
      }, {
        "lat" : 49.8739294711,
        "lon" : 8.6607562565,
        "time" : "20140714T113235+0200"
      }, {
        "lat" : 49.8739133701,
        "lon" : 8.6607385573,
        "time" : "20140714T113250+0200"
      }, {
        "lat" : 49.8738699384,
        "lon" : 8.6606888356,
        "time" : "20140714T113311+0200"
      }, {
        "lat" : 49.8734474315,
        "lon" : 8.6604081896,
        "time" : "20140714T113330+0200"
      } ]
    } ],
    "lastUpdate" : "20140714T111711Z"
  }, {
    "type" : "place",
    "startTime" : "20140714T113330+0200",
    "endTime" : "20140714T131630+0200",
    "place" : {
      "id" : 224376632,
      "type" : "unknown",
      "location" : {
        "lat" : 49.8734474315,
        "lon" : 8.6604081896
      }
    },
    "activities" : [ {
      "activity" : "walking",
      "group" : "walking",
      "manual" : false,
      "startTime" : "20140714T113330+0200",
      "endTime" : "20140714T113356+0200",
      "duration" : 26.0,
      "distance" : 17.0,
      "steps" : 34,
      "trackPoints" : [ ]
    } ],
    "lastUpdate" : "20140714T125554Z"
  }, {
    "type" : "move",
    "startTime" : "20140714T131630+0200",
    "endTime" : "20140714T133441+0200",
    "activities" : [ {
      "activity" : "walking",
      "group" : "walking",
      "manual" : false,
      "startTime" : "20140714T131630+0200",
      "endTime" : "20140714T132504+0200",
      "duration" : 514.0,
      "distance" : 437.0,
      "steps" : 874,
      "trackPoints" : [ {
        "lat" : 49.8734474315,
        "lon" : 8.6604081896,
        "time" : "20140714T131630+0200"
      }, {
        "lat" : 49.8735737913,
        "lon" : 8.6603626787,
        "time" : "20140714T131652+0200"
      }, {
        "lat" : 49.8736048006,
        "lon" : 8.6603669681,
        "time" : "20140714T131709+0200"
      }, {
        "lat" : 49.873714483,
        "lon" : 8.6603740688,
        "time" : "20140714T131759+0200"
      }, {
        "lat" : 49.8737242577,
        "lon" : 8.6603707532,
        "time" : "20140714T131814+0200"
      }, {
        "lat" : 49.8737899979,
        "lon" : 8.6603811465,
        "time" : "20140714T131836+0200"
      }, {
        "lat" : 49.8738894846,
        "lon" : 8.6604010698,
        "time" : "20140714T131856+0200"
      }, {
        "lat" : 49.8739731336,
        "lon" : 8.6604069482,
        "time" : "20140714T131913+0200"
      }, {
        "lat" : 49.8741508702,
        "lon" : 8.660399363,
        "time" : "20140714T131929+0200"
      }, {
        "lat" : 49.8747053521,
        "lon" : 8.6603223487,
        "time" : "20140714T131948+0200"
      }, {
        "lat" : 49.8751251082,
        "lon" : 8.6602586473,
        "time" : "20140714T132013+0200"
      }, {
        "lat" : 49.8754832423,
        "lon" : 8.660375523,
        "time" : "20140714T132103+0200"
      }, {
        "lat" : 49.8756178036,
        "lon" : 8.6604088834,
        "time" : "20140714T132123+0200"
      }, {
        "lat" : 49.8757102424,
        "lon" : 8.6604146604,
        "time" : "20140714T132149+0200"
      }, {
        "lat" : 49.8757303053,
        "lon" : 8.6604126735,
        "time" : "20140714T132204+0200"
      }, {
        "lat" : 49.8757397176,
        "lon" : 8.6604152566,
        "time" : "20140714T132224+0200"
      }, {
        "lat" : 49.8757479918,
        "lon" : 8.6604315237,
        "time" : "20140714T132240+0200"
      }, {
        "lat" : 49.8757785466,
        "lon" : 8.6605116548,
        "time" : "20140714T132300+0200"
      }, {
        "lat" : 49.8758128174,
        "lon" : 8.6605963233,
        "time" : "20140714T132320+0200"
      }, {
        "lat" : 49.8758752923,
        "lon" : 8.6606980982,
        "time" : "20140714T132344+0200"
      }, {
        "lat" : 49.8762091533,
        "lon" : 8.6611498506,
        "time" : "20140714T132503+0200"
      } ]
    }, {
      "activity" : "transport",
      "group" : "transport",
      "manual" : false,
      "startTime" : "20140714T132503+0200",
      "endTime" : "20140714T132759+0200",
      "duration" : 176.0,
      "distance" : 940.0,
      "trackPoints" : [ {
        "lat" : 49.8762091533,
        "lon" : 8.6611498506,
        "time" : "20140714T132503+0200"
      }, {
        "lat" : 49.8817472748,
        "lon" : 8.668643567,
        "time" : "20140714T132800+0200"
      } ]
    }, {
      "activity" : "walking",
      "group" : "walking",
      "manual" : false,
      "startTime" : "20140714T132800+0200",
      "endTime" : "20140714T133441+0200",
      "duration" : 401.0,
      "distance" : 328.0,
      "steps" : 655,
      "trackPoints" : [ {
        "lat" : 49.8817472748,
        "lon" : 8.668643567,
        "time" : "20140714T132800+0200"
      }, {
        "lat" : 49.8821590946,
        "lon" : 8.6695764346,
        "time" : "20140714T133005+0200"
      }, {
        "lat" : 49.8822863351,
        "lon" : 8.6703861046,
        "time" : "20140714T133221+0200"
      }, {
        "lat" : 49.8822118364,
        "lon" : 8.6704463324,
        "time" : "20140714T133237+0200"
      }, {
        "lat" : 49.8821443076,
        "lon" : 8.6703732734,
        "time" : "20140714T133256+0200"
      }, {
        "lat" : 49.8820680586,
        "lon" : 8.6702216596,
        "time" : "20140714T133327+0200"
      }, {
        "lat" : 49.882048897,
        "lon" : 8.6702025904,
        "time" : "20140714T133357+0200"
      }, {
        "lat" : 49.882038833,
        "lon" : 8.6701959855,
        "time" : "20140714T133417+0200"
      }, {
        "lat" : 49.8819681239,
        "lon" : 8.6703339401,
        "time" : "20140714T133441+0200"
      } ]
    } ],
    "lastUpdate" : "20140714T125554Z"
  }, {
    "type" : "place",
    "startTime" : "20140714T133441+0200",
    "endTime" : "20140715T083354+0200",
    "place" : {
      "id" : 222568631,
      "type" : "unknown",
      "location" : {
        "lat" : 49.8819681239,
        "lon" : 8.6703339401
      }
    },
    "activities" : [ {
      "activity" : "walking",
      "group" : "walking",
      "manual" : false,
      "startTime" : "20140714T133441+0200",
      "endTime" : "20140714T133536+0200",
      "duration" : 55.0,
      "distance" : 36.0,
      "steps" : 73,
      "trackPoints" : [ ]
    }, {
      "activity" : "walking",
      "group" : "walking",
      "manual" : false,
      "startTime" : "20140714T151957+0200",
      "endTime" : "20140714T152000+0200",
      "duration" : 3.0,
      "distance" : 2.0,
      "steps" : 4,
      "trackPoints" : [ ]
    }, {
      "activity" : "walking",
      "group" : "walking",
      "manual" : false,
      "startTime" : "20140714T185740+0200",
      "endTime" : "20140714T185754+0200",
      "duration" : 14.0,
      "distance" : 10.0,
      "steps" : 19,
      "trackPoints" : [ ]
    }, {
      "activity" : "walking",
      "group" : "walking",
      "manual" : false,
      "startTime" : "20140714T221038+0200",
      "endTime" : "20140714T221046+0200",
      "duration" : 8.0,
      "distance" : 6.0,
      "steps" : 11,
      "trackPoints" : [ ]
    } ],
    "lastUpdate" : "20140715T081716Z"
  } ],
  "lastUpdate" : "20140715T081716Z"
}, {
  "date" : "20140715",
  "summary" : [ {
    "activity" : "walking",
    "group" : "walking",
    "duration" : 6337.0,
    "distance" : 6384.0,
    "steps" : 9689
  }, {
    "activity" : "transport",
    "group" : "transport",
    "duration" : 549.0,
    "distance" : 1944.0
  } ],
  "segments" : [ {
    "type" : "place",
    "startTime" : "20140714T133441+0200",
    "endTime" : "20140715T083354+0200",
    "place" : {
      "id" : 222568631,
      "type" : "unknown",
      "location" : {
        "lat" : 49.8819681239,
        "lon" : 8.6703339401
      }
    },
    "activities" : [ {
      "activity" : "walking",
      "group" : "walking",
      "manual" : false,
      "startTime" : "20140715T001632+0200",
      "endTime" : "20140715T001643+0200",
      "duration" : 11.0,
      "distance" : 6.0,
      "steps" : 11,
      "trackPoints" : [ ]
    } ],
    "lastUpdate" : "20140715T081716Z"
  }, {
    "type" : "move",
    "startTime" : "20140715T083354+0200",
    "endTime" : "20140715T084932+0200",
    "activities" : [ {
      "activity" : "walking",
      "group" : "walking",
      "manual" : false,
      "startTime" : "20140715T083354+0200",
      "endTime" : "20140715T083623+0200",
      "duration" : 149.0,
      "distance" : 173.0,
      "steps" : 274,
      "trackPoints" : [ {
        "lat" : 49.8819681239,
        "lon" : 8.6703339401,
        "time" : "20140715T083354+0200"
      }, {
        "lat" : 49.8819564054,
        "lon" : 8.6701154579,
        "time" : "20140715T083414+0200"
      }, {
        "lat" : 49.881959666,
        "lon" : 8.6700762628,
        "time" : "20140715T083438+0200"
      }, {
        "lat" : 49.8821137398,
        "lon" : 8.6682221288,
        "time" : "20140715T083623+0200"
      } ]
    }, {
      "activity" : "transport",
      "group" : "transport",
      "manual" : false,
      "startTime" : "20140715T083623+0200",
      "endTime" : "20140715T084129+0200",
      "duration" : 306.0,
      "distance" : 908.0,
      "trackPoints" : [ {
        "lat" : 49.8821137398,
        "lon" : 8.6682221288,
        "time" : "20140715T083623+0200"
      }, {
        "lat" : 49.8823151538,
        "lon" : 8.665798102,
        "time" : "20140715T083639+0200"
      }, {
        "lat" : 49.8823365866,
        "lon" : 8.6658488512,
        "time" : "20140715T083659+0200"
      }, {
        "lat" : 49.8823351425,
        "lon" : 8.6658516938,
        "time" : "20140715T083714+0200"
      }, {
        "lat" : 49.8782019794,
        "lon" : 8.6602449841,
        "time" : "20140715T084129+0200"
      } ]
    }, {
      "activity" : "walking",
      "group" : "walking",
      "manual" : false,
      "startTime" : "20140715T084129+0200",
      "endTime" : "20140715T084932+0200",
      "duration" : 483.0,
      "distance" : 479.0,
      "steps" : 746,
      "trackPoints" : [ {
        "lat" : 49.8782019794,
        "lon" : 8.6602449841,
        "time" : "20140715T084129+0200"
      }, {
        "lat" : 49.8778064692,
        "lon" : 8.659523523,
        "time" : "20140715T084351+0200"
      }, {
        "lat" : 49.8776741533,
        "lon" : 8.6582891102,
        "time" : "20140715T084508+0200"
      }, {
        "lat" : 49.8776489674,
        "lon" : 8.6580647008,
        "time" : "20140715T084528+0200"
      }, {
        "lat" : 49.8776106494,
        "lon" : 8.6576447691,
        "time" : "20140715T084552+0200"
      }, {
        "lat" : 49.8775589173,
        "lon" : 8.6570761819,
        "time" : "20140715T084608+0200"
      }, {
        "lat" : 49.8775281447,
        "lon" : 8.6568128941,
        "time" : "20140715T084626+0200"
      }, {
        "lat" : 49.8775123111,
        "lon" : 8.6566974673,
        "time" : "20140715T084649+0200"
      }, {
        "lat" : 49.8775006138,
        "lon" : 8.6566288534,
        "time" : "20140715T084713+0200"
      }, {
        "lat" : 49.8774771493,
        "lon" : 8.6565486463,
        "time" : "20140715T084728+0200"
      }, {
        "lat" : 49.8774459873,
        "lon" : 8.6564985495,
        "time" : "20140715T084747+0200"
      }, {
        "lat" : 49.8771896623,
        "lon" : 8.6568636888,
        "time" : "20140715T084835+0200"
      }, {
        "lat" : 49.8771454057,
        "lon" : 8.6569624067,
        "time" : "20140715T084909+0200"
      }, {
        "lat" : 49.876159775,
        "lon" : 8.6572254169,
        "time" : "20140715T084932+0200"
      } ]
    } ],
    "lastUpdate" : "20140715T081716Z"
  }, {
    "type" : "place",
    "startTime" : "20140715T084932+0200",
    "endTime" : "20140715T110745+0200",
    "place" : {
      "id" : 227346831,
      "type" : "unknown",
      "location" : {
        "lat" : 49.876159775,
        "lon" : 8.6572254169
      }
    },
    "activities" : [ {
      "activity" : "walking",
      "group" : "walking",
      "manual" : false,
      "startTime" : "20140715T084956+0200",
      "endTime" : "20140715T085029+0200",
      "duration" : 33.0,
      "distance" : 22.0,
      "steps" : 44,
      "trackPoints" : [ ]
    }, {
      "activity" : "walking",
      "group" : "walking",
      "manual" : false,
      "startTime" : "20140715T105131+0200",
      "endTime" : "20140715T105306+0200",
      "duration" : 95.0,
      "distance" : 75.0,
      "steps" : 150,
      "trackPoints" : [ ]
    }, {
      "activity" : "walking",
      "group" : "walking",
      "manual" : false,
      "startTime" : "20140715T110000+0200",
      "endTime" : "20140715T110246+0200",
      "duration" : 166.0,
      "distance" : 218.0,
      "steps" : 290,
      "trackPoints" : [ ]
    } ],
    "lastUpdate" : "20140715T094837Z"
  }, {
    "type" : "move",
    "startTime" : "20140715T110745+0200",
    "endTime" : "20140715T111429+0200",
    "activities" : [ {
      "activity" : "walking",
      "group" : "walking",
      "manual" : false,
      "startTime" : "20140715T110745+0200",
      "endTime" : "20140715T111430+0200",
      "duration" : 405.0,
      "distance" : 455.0,
      "steps" : 549,
      "trackPoints" : [ {
        "lat" : 49.876159775,
        "lon" : 8.6572254169,
        "time" : "20140715T110745+0200"
      }, {
        "lat" : 49.8775936229,
        "lon" : 8.6573680212,
        "time" : "20140715T110815+0200"
      }, {
        "lat" : 49.8776029738,
        "lon" : 8.6574264939,
        "time" : "20140715T110835+0200"
      }, {
        "lat" : 49.8776055637,
        "lon" : 8.6574385031,
        "time" : "20140715T110856+0200"
      }, {
        "lat" : 49.87760545,
        "lon" : 8.6574353493,
        "time" : "20140715T110913+0200"
      }, {
        "lat" : 49.877604103,
        "lon" : 8.6574256627,
        "time" : "20140715T110928+0200"
      }, {
        "lat" : 49.877604455,
        "lon" : 8.6574229788,
        "time" : "20140715T110947+0200"
      }, {
        "lat" : 49.8775978431,
        "lon" : 8.6573742585,
        "time" : "20140715T111014+0200"
      }, {
        "lat" : 49.8773458183,
        "lon" : 8.6561761438,
        "time" : "20140715T111045+0200"
      }, {
        "lat" : 49.8772784062,
        "lon" : 8.6559153024,
        "time" : "20140715T111108+0200"
      }, {
        "lat" : 49.8772632682,
        "lon" : 8.6558306138,
        "time" : "20140715T111129+0200"
      }, {
        "lat" : 49.8772308885,
        "lon" : 8.6557590395,
        "time" : "20140715T111145+0200"
      }, {
        "lat" : 49.8771603583,
        "lon" : 8.6555924144,
        "time" : "20140715T111208+0200"
      }, {
        "lat" : 49.8771008228,
        "lon" : 8.6554277854,
        "time" : "20140715T111229+0200"
      }, {
        "lat" : 49.8770770825,
        "lon" : 8.6553637708,
        "time" : "20140715T111244+0200"
      }, {
        "lat" : 49.8770594728,
        "lon" : 8.6553074688,
        "time" : "20140715T111304+0200"
      }, {
        "lat" : 49.8770533559,
        "lon" : 8.6552664506,
        "time" : "20140715T111319+0200"
      }, {
        "lat" : 49.8770792203,
        "lon" : 8.6552097648,
        "time" : "20140715T111346+0200"
      }, {
        "lat" : 49.8770985486,
        "lon" : 8.6551897988,
        "time" : "20140715T111414+0200"
      }, {
        "lat" : 49.877662904,
        "lon" : 8.654577692,
        "time" : "20140715T111429+0200"
      } ]
    } ],
    "lastUpdate" : "20140715T094837Z"
  }, {
    "type" : "place",
    "startTime" : "20140715T111429+0200",
    "endTime" : "20140715T120431+0200",
    "place" : {
      "id" : 223098012,
      "type" : "unknown",
      "location" : {
        "lat" : 49.877662904,
        "lon" : 8.654577692
      }
    },
    "activities" : [ {
      "activity" : "walking",
      "group" : "walking",
      "manual" : false,
      "startTime" : "20140715T111429+0200",
      "endTime" : "20140715T111523+0200",
      "duration" : 54.0,
      "distance" : 40.0,
      "steps" : 80,
      "trackPoints" : [ ]
    }, {
      "activity" : "walking",
      "group" : "walking",
      "manual" : false,
      "startTime" : "20140715T120000+0200",
      "endTime" : "20140715T120342+0200",
      "duration" : 222.0,
      "distance" : 263.0,
      "steps" : 351,
      "trackPoints" : [ ]
    } ],
    "lastUpdate" : "20140715T111751Z"
  }, {
    "type" : "move",
    "startTime" : "20140715T120431+0200",
    "endTime" : "20140715T120540+0200",
    "activities" : [ {
      "activity" : "walking",
      "group" : "walking",
      "manual" : false,
      "startTime" : "20140715T120431+0200",
      "endTime" : "20140715T120541+0200",
      "duration" : 70.0,
      "distance" : 137.0,
      "steps" : 114,
      "trackPoints" : [ {
        "lat" : 49.877662904,
        "lon" : 8.654577692,
        "time" : "20140715T120431+0200"
      }, {
        "lat" : 49.8774207752,
        "lon" : 8.6561414282,
        "time" : "20140715T120453+0200"
      }, {
        "lat" : 49.8774268933,
        "lon" : 8.6562908302,
        "time" : "20140715T120509+0200"
      }, {
        "lat" : 49.877662904,
        "lon" : 8.654577692,
        "time" : "20140715T120540+0200"
      } ]
    } ],
    "lastUpdate" : "20140715T111751Z"
  }, {
    "type" : "place",
    "startTime" : "20140715T120540+0200",
    "endTime" : "20140715T121126+0200",
    "place" : {
      "id" : 223098012,
      "type" : "unknown",
      "location" : {
        "lat" : 49.877662904,
        "lon" : 8.654577692
      }
    },
    "activities" : [ {
      "activity" : "walking",
      "group" : "walking",
      "manual" : false,
      "startTime" : "20140715T120540+0200",
      "endTime" : "20140715T120821+0200",
      "duration" : 161.0,
      "distance" : 199.0,
      "steps" : 265,
      "trackPoints" : [ ]
    } ],
    "lastUpdate" : "20140715T111751Z"
  }, {
    "type" : "move",
    "startTime" : "20140715T121126+0200",
    "endTime" : "20140715T121649+0200",
    "activities" : [ {
      "activity" : "walking",
      "group" : "walking",
      "manual" : false,
      "startTime" : "20140715T121126+0200",
      "endTime" : "20140715T121649+0200",
      "duration" : 323.0,
      "distance" : 366.0,
      "steps" : 454,
      "trackPoints" : [ {
        "lat" : 49.877662904,
        "lon" : 8.654577692,
        "time" : "20140715T121126+0200"
      }, {
        "lat" : 49.8772689463,
        "lon" : 8.6567485795,
        "time" : "20140715T121147+0200"
      }, {
        "lat" : 49.8772294463,
        "lon" : 8.656785021,
        "time" : "20140715T121208+0200"
      }, {
        "lat" : 49.8771709977,
        "lon" : 8.6568253105,
        "time" : "20140715T121224+0200"
      }, {
        "lat" : 49.8766558566,
        "lon" : 8.6570952732,
        "time" : "20140715T121244+0200"
      }, {
        "lat" : 49.8763492004,
        "lon" : 8.6573197009,
        "time" : "20140715T121307+0200"
      }, {
        "lat" : 49.876235754,
        "lon" : 8.6574386366,
        "time" : "20140715T121327+0200"
      }, {
        "lat" : 49.8761941789,
        "lon" : 8.6574269391,
        "time" : "20140715T121359+0200"
      }, {
        "lat" : 49.876256804,
        "lon" : 8.6571508392,
        "time" : "20140715T121433+0200"
      }, {
        "lat" : 49.8762941912,
        "lon" : 8.6569665883,
        "time" : "20140715T121522+0200"
      }, {
        "lat" : 49.8763081057,
        "lon" : 8.6569160081,
        "time" : "20140715T121549+0200"
      }, {
        "lat" : 49.8762897317,
        "lon" : 8.6569207336,
        "time" : "20140715T121606+0200"
      }, {
        "lat" : 49.8762625702,
        "lon" : 8.656930146,
        "time" : "20140715T121624+0200"
      }, {
        "lat" : 49.876159775,
        "lon" : 8.6572254169,
        "time" : "20140715T121649+0200"
      } ]
    } ],
    "lastUpdate" : "20140715T111751Z"
  }, {
    "type" : "place",
    "startTime" : "20140715T121649+0200",
    "endTime" : "20140715T151724+0200",
    "place" : {
      "id" : 227346831,
      "type" : "unknown",
      "location" : {
        "lat" : 49.876159775,
        "lon" : 8.6572254169
      }
    },
    "activities" : [ {
      "activity" : "walking",
      "group" : "walking",
      "manual" : false,
      "startTime" : "20140715T121729+0200",
      "endTime" : "20140715T122110+0200",
      "duration" : 221.0,
      "distance" : 292.0,
      "steps" : 389,
      "trackPoints" : [ ]
    }, {
      "activity" : "walking",
      "group" : "walking",
      "manual" : false,
      "startTime" : "20140715T132011+0200",
      "endTime" : "20140715T132927+0200",
      "duration" : 556.0,
      "distance" : 650.0,
      "steps" : 866,
      "trackPoints" : [ ]
    }, {
      "activity" : "walking",
      "group" : "walking",
      "manual" : false,
      "startTime" : "20140715T140731+0200",
      "endTime" : "20140715T141428+0200",
      "duration" : 417.0,
      "distance" : 507.0,
      "steps" : 677,
      "trackPoints" : [ ]
    } ],
    "lastUpdate" : "20140715T154716Z"
  }, {
    "type" : "move",
    "startTime" : "20140715T151724+0200",
    "endTime" : "20140715T152809+0200",
    "activities" : [ {
      "activity" : "walking",
      "group" : "walking",
      "manual" : false,
      "startTime" : "20140715T151724+0200",
      "endTime" : "20140715T152810+0200",
      "duration" : 646.0,
      "distance" : 486.0,
      "steps" : 972,
      "trackPoints" : [ {
        "lat" : 49.876159775,
        "lon" : 8.6572254169,
        "time" : "20140715T151724+0200"
      }, {
        "lat" : 49.8762248436,
        "lon" : 8.6566914168,
        "time" : "20140715T151756+0200"
      }, {
        "lat" : 49.876184315,
        "lon" : 8.6567660697,
        "time" : "20140715T151816+0200"
      }, {
        "lat" : 49.8761228208,
        "lon" : 8.6568463943,
        "time" : "20140715T151840+0200"
      }, {
        "lat" : 49.876068907,
        "lon" : 8.6568768302,
        "time" : "20140715T151856+0200"
      }, {
        "lat" : 49.876005126,
        "lon" : 8.6568882328,
        "time" : "20140715T151916+0200"
      }, {
        "lat" : 49.8759812325,
        "lon" : 8.6568866662,
        "time" : "20140715T151932+0200"
      }, {
        "lat" : 49.8759873931,
        "lon" : 8.6568831886,
        "time" : "20140715T151947+0200"
      }, {
        "lat" : 49.876011845,
        "lon" : 8.6568821797,
        "time" : "20140715T152010+0200"
      }, {
        "lat" : 49.8760568934,
        "lon" : 8.6568943517,
        "time" : "20140715T152040+0200"
      }, {
        "lat" : 49.8760926552,
        "lon" : 8.6569089533,
        "time" : "20140715T152056+0200"
      }, {
        "lat" : 49.8761287856,
        "lon" : 8.6569252052,
        "time" : "20140715T152119+0200"
      }, {
        "lat" : 49.8761403076,
        "lon" : 8.6569281028,
        "time" : "20140715T152151+0200"
      }, {
        "lat" : 49.8761453933,
        "lon" : 8.6569284385,
        "time" : "20140715T152213+0200"
      }, {
        "lat" : 49.8761475148,
        "lon" : 8.6569292982,
        "time" : "20140715T152229+0200"
      }, {
        "lat" : 49.8761558988,
        "lon" : 8.6569265837,
        "time" : "20140715T152300+0200"
      }, {
        "lat" : 49.876173386,
        "lon" : 8.6569212155,
        "time" : "20140715T152317+0200"
      }, {
        "lat" : 49.8762104662,
        "lon" : 8.6569083544,
        "time" : "20140715T152336+0200"
      }, {
        "lat" : 49.8762280382,
        "lon" : 8.6569011041,
        "time" : "20140715T152357+0200"
      }, {
        "lat" : 49.8762727424,
        "lon" : 8.6568629146,
        "time" : "20140715T152425+0200"
      }, {
        "lat" : 49.8765501156,
        "lon" : 8.6564625817,
        "time" : "20140715T152459+0200"
      }, {
        "lat" : 49.8772884113,
        "lon" : 8.6553668426,
        "time" : "20140715T152617+0200"
      }, {
        "lat" : 49.877402566,
        "lon" : 8.6552002319,
        "time" : "20140715T152637+0200"
      }, {
        "lat" : 49.8774380911,
        "lon" : 8.6551448983,
        "time" : "20140715T152652+0200"
      }, {
        "lat" : 49.8774708681,
        "lon" : 8.6550978474,
        "time" : "20140715T152709+0200"
      }, {
        "lat" : 49.877494313,
        "lon" : 8.6550576189,
        "time" : "20140715T152724+0200"
      }, {
        "lat" : 49.8775010067,
        "lon" : 8.6549701406,
        "time" : "20140715T152744+0200"
      }, {
        "lat" : 49.877662904,
        "lon" : 8.654577692,
        "time" : "20140715T152809+0200"
      } ]
    } ],
    "lastUpdate" : "20140715T154716Z"
  }, {
    "type" : "place",
    "startTime" : "20140715T152809+0200",
    "endTime" : "20140715T172304+0200",
    "place" : {
      "id" : 223098012,
      "type" : "unknown",
      "location" : {
        "lat" : 49.877662904,
        "lon" : 8.654577692
      }
    },
    "activities" : [ {
      "activity" : "walking",
      "group" : "walking",
      "manual" : false,
      "startTime" : "20140715T152809+0200",
      "endTime" : "20140715T152839+0200",
      "duration" : 30.0,
      "distance" : 22.0,
      "steps" : 44,
      "trackPoints" : [ ]
    }, {
      "activity" : "walking",
      "group" : "walking",
      "manual" : false,
      "startTime" : "20140715T161153+0200",
      "endTime" : "20140715T161413+0200",
      "duration" : 140.0,
      "distance" : 151.0,
      "steps" : 202,
      "trackPoints" : [ ]
    }, {
      "activity" : "walking",
      "group" : "walking",
      "manual" : false,
      "startTime" : "20140715T170010+0200",
      "endTime" : "20140715T170028+0200",
      "duration" : 18.0,
      "distance" : 12.0,
      "steps" : 24,
      "trackPoints" : [ ]
    } ],
    "lastUpdate" : "20140715T185953Z"
  }, {
    "type" : "move",
    "startTime" : "20140715T172304+0200",
    "endTime" : "20140715T173410+0200",
    "activities" : [ {
      "activity" : "walking",
      "group" : "walking",
      "manual" : false,
      "startTime" : "20140715T172304+0200",
      "endTime" : "20140715T173410+0200",
      "duration" : 666.0,
      "distance" : 453.0,
      "steps" : 906,
      "trackPoints" : [ {
        "lat" : 49.877662904,
        "lon" : 8.654577692,
        "time" : "20140715T172304+0200"
      }, {
        "lat" : 49.8773603437,
        "lon" : 8.653921325,
        "time" : "20140715T172333+0200"
      }, {
        "lat" : 49.8773508516,
        "lon" : 8.6539226496,
        "time" : "20140715T172353+0200"
      }, {
        "lat" : 49.8773365919,
        "lon" : 8.6539312172,
        "time" : "20140715T172414+0200"
      }, {
        "lat" : 49.8773222523,
        "lon" : 8.6539404559,
        "time" : "20140715T172430+0200"
      }, {
        "lat" : 49.8773012021,
        "lon" : 8.6539587194,
        "time" : "20140715T172449+0200"
      }, {
        "lat" : 49.8772857514,
        "lon" : 8.653973134,
        "time" : "20140715T172504+0200"
      }, {
        "lat" : 49.8772717312,
        "lon" : 8.6539909688,
        "time" : "20140715T172519+0200"
      }, {
        "lat" : 49.877236486,
        "lon" : 8.654091769,
        "time" : "20140715T172550+0200"
      }, {
        "lat" : 49.8772234958,
        "lon" : 8.6541595841,
        "time" : "20140715T172610+0200"
      }, {
        "lat" : 49.8772112834,
        "lon" : 8.6542177631,
        "time" : "20140715T172626+0200"
      }, {
        "lat" : 49.8771135773,
        "lon" : 8.6545493714,
        "time" : "20140715T172650+0200"
      }, {
        "lat" : 49.8764343417,
        "lon" : 8.6567691224,
        "time" : "20140715T172732+0200"
      }, {
        "lat" : 49.8764242105,
        "lon" : 8.6568839204,
        "time" : "20140715T172752+0200"
      }, {
        "lat" : 49.8764592038,
        "lon" : 8.6568965405,
        "time" : "20140715T172807+0200"
      }, {
        "lat" : 49.8764635472,
        "lon" : 8.6568915683,
        "time" : "20140715T172822+0200"
      }, {
        "lat" : 49.8764519769,
        "lon" : 8.6568897723,
        "time" : "20140715T172900+0200"
      }, {
        "lat" : 49.8764500358,
        "lon" : 8.6568900749,
        "time" : "20140715T172920+0200"
      }, {
        "lat" : 49.876448542,
        "lon" : 8.6568902231,
        "time" : "20140715T172941+0200"
      }, {
        "lat" : 49.8764462487,
        "lon" : 8.6568881271,
        "time" : "20140715T173001+0200"
      }, {
        "lat" : 49.8764430244,
        "lon" : 8.6568850046,
        "time" : "20140715T173021+0200"
      }, {
        "lat" : 49.8764377376,
        "lon" : 8.6568782812,
        "time" : "20140715T173041+0200"
      }, {
        "lat" : 49.8764303276,
        "lon" : 8.6568711941,
        "time" : "20140715T173101+0200"
      }, {
        "lat" : 49.8764114705,
        "lon" : 8.6568619851,
        "time" : "20140715T173133+0200"
      }, {
        "lat" : 49.876023124,
        "lon" : 8.6566670846,
        "time" : "20140715T173214+0200"
      }, {
        "lat" : 49.876159775,
        "lon" : 8.6572254169,
        "time" : "20140715T173410+0200"
      } ]
    } ],
    "lastUpdate" : "20140715T185953Z"
  }, {
    "type" : "place",
    "startTime" : "20140715T173410+0200",
    "endTime" : "20140715T192300+0200",
    "place" : {
      "id" : 227346831,
      "type" : "unknown",
      "location" : {
        "lat" : 49.876159775,
        "lon" : 8.6572254169
      }
    },
    "activities" : [ {
      "activity" : "walking",
      "group" : "walking",
      "manual" : false,
      "startTime" : "20140715T173410+0200",
      "endTime" : "20140715T174123+0200",
      "duration" : 433.0,
      "distance" : 535.0,
      "steps" : 713,
      "trackPoints" : [ ]
    }, {
      "activity" : "walking",
      "group" : "walking",
      "manual" : false,
      "startTime" : "20140715T182855+0200",
      "endTime" : "20140715T183152+0200",
      "duration" : 177.0,
      "distance" : 170.0,
      "steps" : 226,
      "trackPoints" : [ ]
    } ],
    "lastUpdate" : "20140715T185953Z"
  }, {
    "type" : "move",
    "startTime" : "20140715T192300+0200",
    "endTime" : "20140715T194011+0200",
    "activities" : [ {
      "activity" : "walking",
      "group" : "walking",
      "manual" : false,
      "startTime" : "20140715T192300+0200",
      "endTime" : "20140715T192912+0200",
      "duration" : 372.0,
      "distance" : 300.0,
      "steps" : 597,
      "trackPoints" : [ {
        "lat" : 49.876159775,
        "lon" : 8.6572254169,
        "time" : "20140715T192300+0200"
      }, {
        "lat" : 49.8763758049,
        "lon" : 8.6568206061,
        "time" : "20140715T192326+0200"
      }, {
        "lat" : 49.8763745742,
        "lon" : 8.6568093807,
        "time" : "20140715T192348+0200"
      }, {
        "lat" : 49.8763753841,
        "lon" : 8.6568187084,
        "time" : "20140715T192408+0200"
      }, {
        "lat" : 49.8763796973,
        "lon" : 8.6568404864,
        "time" : "20140715T192428+0200"
      }, {
        "lat" : 49.8765991776,
        "lon" : 8.6577635177,
        "time" : "20140715T192528+0200"
      }, {
        "lat" : 49.8766265552,
        "lon" : 8.6580833425,
        "time" : "20140715T192551+0200"
      }, {
        "lat" : 49.8765814931,
        "lon" : 8.6583340123,
        "time" : "20140715T192611+0200"
      }, {
        "lat" : 49.8763780079,
        "lon" : 8.6586820616,
        "time" : "20140715T192642+0200"
      }, {
        "lat" : 49.8762389153,
        "lon" : 8.6588878977,
        "time" : "20140715T192707+0200"
      }, {
        "lat" : 49.8760827131,
        "lon" : 8.6590406291,
        "time" : "20140715T192730+0200"
      }, {
        "lat" : 49.8759765233,
        "lon" : 8.6591523354,
        "time" : "20140715T192748+0200"
      }, {
        "lat" : 49.8759261792,
        "lon" : 8.6592136063,
        "time" : "20140715T192803+0200"
      }, {
        "lat" : 49.8758869036,
        "lon" : 8.6592627046,
        "time" : "20140715T192826+0200"
      }, {
        "lat" : 49.8758660952,
        "lon" : 8.6593246195,
        "time" : "20140715T192845+0200"
      }, {
        "lat" : 49.8758340341,
        "lon" : 8.659559775,
        "time" : "20140715T192912+0200"
      } ]
    }, {
      "activity" : "transport",
      "group" : "transport",
      "manual" : false,
      "startTime" : "20140715T192912+0200",
      "endTime" : "20140715T193315+0200",
      "duration" : 243.0,
      "distance" : 1036.0,
      "trackPoints" : [ {
        "lat" : 49.8758340341,
        "lon" : 8.659559775,
        "time" : "20140715T192912+0200"
      }, {
        "lat" : 49.8757546069,
        "lon" : 8.6601755235,
        "time" : "20140715T192930+0200"
      }, {
        "lat" : 49.8757544679,
        "lon" : 8.6601834664,
        "time" : "20140715T192955+0200"
      }, {
        "lat" : 49.87575425,
        "lon" : 8.6601900164,
        "time" : "20140715T193022+0200"
      }, {
        "lat" : 49.8794045117,
        "lon" : 8.6706975681,
        "time" : "20140715T193315+0200"
      } ]
    }, {
      "activity" : "walking",
      "group" : "walking",
      "manual" : false,
      "startTime" : "20140715T193315+0200",
      "endTime" : "20140715T194011+0200",
      "duration" : 416.0,
      "distance" : 323.0,
      "steps" : 645,
      "trackPoints" : [ {
        "lat" : 49.8794045117,
        "lon" : 8.6706975681,
        "time" : "20140715T193315+0200"
      }, {
        "lat" : 49.8794752179,
        "lon" : 8.6707476905,
        "time" : "20140715T193349+0200"
      }, {
        "lat" : 49.8794663222,
        "lon" : 8.6706537178,
        "time" : "20140715T193423+0200"
      }, {
        "lat" : 49.8794653249,
        "lon" : 8.6706366677,
        "time" : "20140715T193445+0200"
      }, {
        "lat" : 49.8794649919,
        "lon" : 8.6706304069,
        "time" : "20140715T193504+0200"
      }, {
        "lat" : 49.8794648936,
        "lon" : 8.6706280796,
        "time" : "20140715T193522+0200"
      }, {
        "lat" : 49.8794649182,
        "lon" : 8.6706272666,
        "time" : "20140715T193537+0200"
      }, {
        "lat" : 49.8794650529,
        "lon" : 8.6706269245,
        "time" : "20140715T193552+0200"
      }, {
        "lat" : 49.8794655544,
        "lon" : 8.6706265696,
        "time" : "20140715T193622+0200"
      }, {
        "lat" : 49.8794665154,
        "lon" : 8.6706263361,
        "time" : "20140715T193643+0200"
      }, {
        "lat" : 49.8794691984,
        "lon" : 8.6706258307,
        "time" : "20140715T193708+0200"
      }, {
        "lat" : 49.8794732161,
        "lon" : 8.6706251147,
        "time" : "20140715T193725+0200"
      }, {
        "lat" : 49.8794836572,
        "lon" : 8.6706232746,
        "time" : "20140715T193745+0200"
      }, {
        "lat" : 49.8819644302,
        "lon" : 8.6701802461,
        "time" : "20140715T193805+0200"
      }, {
        "lat" : 49.8819932225,
        "lon" : 8.6701674903,
        "time" : "20140715T193825+0200"
      }, {
        "lat" : 49.8819976996,
        "lon" : 8.6701647982,
        "time" : "20140715T193847+0200"
      }, {
        "lat" : 49.881986636,
        "lon" : 8.6701666957,
        "time" : "20140715T193908+0200"
      }, {
        "lat" : 49.8819822694,
        "lon" : 8.6701682087,
        "time" : "20140715T193927+0200"
      }, {
        "lat" : 49.8819797403,
        "lon" : 8.6701697636,
        "time" : "20140715T193943+0200"
      }, {
        "lat" : 49.8819681239,
        "lon" : 8.6703339401,
        "time" : "20140715T194011+0200"
      } ]
    } ],
    "lastUpdate" : "20140715T185953Z"
  }, {
    "type" : "place",
    "startTime" : "20140715T194011+0200",
    "endTime" : "20140716T131458+0200",
    "place" : {
      "id" : 222568631,
      "type" : "unknown",
      "location" : {
        "lat" : 49.8819681239,
        "lon" : 8.6703339401
      }
    },
    "activities" : [ {
      "activity" : "walking",
      "group" : "walking",
      "manual" : false,
      "startTime" : "20140715T194011+0200",
      "endTime" : "20140715T194050+0200",
      "duration" : 39.0,
      "distance" : 27.0,
      "steps" : 54,
      "trackPoints" : [ ]
    }, {
      "activity" : "walking",
      "group" : "walking",
      "manual" : false,
      "startTime" : "20140715T215849+0200",
      "endTime" : "20140715T215850+0200",
      "duration" : 1.0,
      "distance" : 1.0,
      "steps" : 1,
      "trackPoints" : [ ]
    }, {
      "activity" : "walking",
      "group" : "walking",
      "manual" : false,
      "startTime" : "20140715T231557+0200",
      "endTime" : "20140715T231630+0200",
      "duration" : 33.0,
      "distance" : 22.0,
      "steps" : 45,
      "trackPoints" : [ ]
    } ],
    "lastUpdate" : "20140716T170044Z"
  } ],
  "lastUpdate" : "20140716T170044Z"
}, {
  "date" : "20140716",
  "summary" : [ {
    "activity" : "walking",
    "group" : "walking",
    "duration" : 1256.0,
    "distance" : 1301.0,
    "steps" : 2077
  }, {
    "activity" : "transport",
    "group" : "transport",
    "duration" : 426.0,
    "distance" : 1064.0
  } ],
  "segments" : [ {
    "type" : "place",
    "startTime" : "20140715T194011+0200",
    "endTime" : "20140716T131458+0200",
    "place" : {
      "id" : 222568631,
      "type" : "unknown",
      "location" : {
        "lat" : 49.8819681239,
        "lon" : 8.6703339401
      }
    },
    "activities" : [ {
      "activity" : "walking",
      "group" : "walking",
      "manual" : false,
      "startTime" : "20140716T115611+0200",
      "endTime" : "20140716T115630+0200",
      "duration" : 19.0,
      "distance" : 13.0,
      "steps" : 26,
      "trackPoints" : [ ]
    }, {
      "activity" : "walking",
      "group" : "walking",
      "manual" : false,
      "startTime" : "20140716T120048+0200",
      "endTime" : "20140716T120143+0200",
      "duration" : 55.0,
      "distance" : 34.0,
      "steps" : 69,
      "trackPoints" : [ ]
    }, {
      "activity" : "walking",
      "group" : "walking",
      "manual" : false,
      "startTime" : "20140716T131345+0200",
      "endTime" : "20140716T131407+0200",
      "duration" : 22.0,
      "distance" : 15.0,
      "steps" : 29,
      "trackPoints" : [ ]
    } ],
    "lastUpdate" : "20140716T170044Z"
  }, {
    "type" : "move",
    "startTime" : "20140716T131458+0200",
    "endTime" : "20140716T133125+0200",
    "activities" : [ {
      "activity" : "walking",
      "group" : "walking",
      "manual" : false,
      "startTime" : "20140716T131458+0200",
      "endTime" : "20140716T131946+0200",
      "duration" : 288.0,
      "distance" : 322.0,
      "steps" : 538,
      "trackPoints" : [ {
        "lat" : 49.8819681239,
        "lon" : 8.6703339401,
        "time" : "20140716T131458+0200"
      }, {
        "lat" : 49.881971927,
        "lon" : 8.6701944861,
        "time" : "20140716T131518+0200"
      }, {
        "lat" : 49.8819780905,
        "lon" : 8.6701825295,
        "time" : "20140716T131544+0200"
      }, {
        "lat" : 49.8819844942,
        "lon" : 8.6701699561,
        "time" : "20140716T131559+0200"
      }, {
        "lat" : 49.8819918234,
        "lon" : 8.6701648681,
        "time" : "20140716T131618+0200"
      }, {
        "lat" : 49.8823028593,
        "lon" : 8.6664506023,
        "time" : "20140716T131946+0200"
      } ]
    }, {
      "activity" : "transport",
      "group" : "transport",
      "manual" : false,
      "startTime" : "20140716T131946+0200",
      "endTime" : "20140716T132652+0200",
      "duration" : 426.0,
      "distance" : 1064.0,
      "trackPoints" : [ {
        "lat" : 49.8823028593,
        "lon" : 8.6664506023,
        "time" : "20140716T131946+0200"
      }, {
        "lat" : 49.8823464129,
        "lon" : 8.6658233711,
        "time" : "20140716T132010+0200"
      }, {
        "lat" : 49.8823261086,
        "lon" : 8.6658126171,
        "time" : "20140716T132029+0200"
      }, {
        "lat" : 49.8823215855,
        "lon" : 8.6658104872,
        "time" : "20140716T132044+0200"
      }, {
        "lat" : 49.8823195235,
        "lon" : 8.6658095813,
        "time" : "20140716T132059+0200"
      }, {
        "lat" : 49.8823185369,
        "lon" : 8.6658091711,
        "time" : "20140716T132119+0200"
      }, {
        "lat" : 49.8823173022,
        "lon" : 8.6658087199,
        "time" : "20140716T132139+0200"
      }, {
        "lat" : 49.8801017317,
        "lon" : 8.6651637299,
        "time" : "20140716T132329+0200"
      }, {
        "lat" : 49.8800171857,
        "lon" : 8.6651593204,
        "time" : "20140716T132355+0200"
      }, {
        "lat" : 49.8760221876,
        "lon" : 8.6607885283,
        "time" : "20140716T132619+0200"
      }, {
        "lat" : 49.8755669349,
        "lon" : 8.6600245653,
        "time" : "20140716T132652+0200"
      } ]
    }, {
      "activity" : "walking",
      "group" : "walking",
      "manual" : false,
      "startTime" : "20140716T132652+0200",
      "endTime" : "20140716T133125+0200",
      "duration" : 273.0,
      "distance" : 424.0,
      "steps" : 534,
      "trackPoints" : [ {
        "lat" : 49.8755669349,
        "lon" : 8.6600245653,
        "time" : "20140716T132652+0200"
      }, {
        "lat" : 49.875259594,
        "lon" : 8.6590806073,
        "time" : "20140716T132752+0200"
      }, {
        "lat" : 49.8750876047,
        "lon" : 8.6586535619,
        "time" : "20140716T132830+0200"
      }, {
        "lat" : 49.8749746407,
        "lon" : 8.6585799166,
        "time" : "20140716T132850+0200"
      }, {
        "lat" : 49.8744977013,
        "lon" : 8.6586901942,
        "time" : "20140716T132919+0200"
      }, {
        "lat" : 49.8741035811,
        "lon" : 8.6588581788,
        "time" : "20140716T132943+0200"
      }, {
        "lat" : 49.8738882177,
        "lon" : 8.6593251872,
        "time" : "20140716T133008+0200"
      }, {
        "lat" : 49.8738873742,
        "lon" : 8.6601759283,
        "time" : "20140716T133032+0200"
      }, {
        "lat" : 49.8739342318,
        "lon" : 8.660420281,
        "time" : "20140716T133053+0200"
      }, {
        "lat" : 49.8734474315,
        "lon" : 8.6604081896,
        "time" : "20140716T133125+0200"
      } ]
    } ],
    "lastUpdate" : "20140716T170044Z"
  }, {
    "type" : "place",
    "startTime" : "20140716T133125+0200",
    "endTime" : "20140716T143940+0200",
    "place" : {
      "id" : 224376632,
      "type" : "unknown",
      "location" : {
        "lat" : 49.8734474315,
        "lon" : 8.6604081896
      }
    },
    "activities" : [ {
      "activity" : "walking",
      "group" : "walking",
      "manual" : false,
      "startTime" : "20140716T133125+0200",
      "endTime" : "20140716T133156+0200",
      "duration" : 31.0,
      "distance" : 21.0,
      "steps" : 42,
      "trackPoints" : [ ]
    }, {
      "activity" : "walking",
      "group" : "walking",
      "manual" : false,
      "startTime" : "20140716T141746+0200",
      "endTime" : "20140716T141803+0200",
      "duration" : 17.0,
      "distance" : 12.0,
      "steps" : 23,
      "trackPoints" : [ ]
    } ],
    "lastUpdate" : "20140716T170044Z"
  }, {
    "type" : "place",
    "startTime" : "20140716T173001+0200",
    "endTime" : "20140716T220149+0200",
    "place" : {
      "id" : 222568631,
      "type" : "unknown",
      "location" : {
        "lat" : 49.8819681239,
        "lon" : 8.6703339401
      }
    },
    "activities" : [ {
      "activity" : "walking",
      "group" : "walking",
      "manual" : false,
      "startTime" : "20140716T220145+0200",
      "endTime" : "20140716T220148+0200",
      "duration" : 3.0,
      "distance" : 2.0,
      "steps" : 4,
      "trackPoints" : [ ]
    } ],
    "lastUpdate" : "20140716T213323Z"
  }, {
    "type" : "move",
    "startTime" : "20140716T220149+0200",
    "endTime" : "20140716T220641+0200",
    "activities" : [ {
      "activity" : "walking",
      "group" : "walking",
      "manual" : false,
      "startTime" : "20140716T220149+0200",
      "endTime" : "20140716T220641+0200",
      "duration" : 292.0,
      "distance" : 212.0,
      "steps" : 381,
      "trackPoints" : [ {
        "lat" : 49.8819681239,
        "lon" : 8.6703339401,
        "time" : "20140716T220149+0200"
      }, {
        "lat" : 49.8819710785,
        "lon" : 8.6701648342,
        "time" : "20140716T220217+0200"
      }, {
        "lat" : 49.8819564005,
        "lon" : 8.6701876159,
        "time" : "20140716T220302+0200"
      }, {
        "lat" : 49.8819581457,
        "lon" : 8.6701842854,
        "time" : "20140716T220318+0200"
      }, {
        "lat" : 49.8819669206,
        "lon" : 8.6701712929,
        "time" : "20140716T220345+0200"
      }, {
        "lat" : 49.8819754692,
        "lon" : 8.6701587312,
        "time" : "20140716T220405+0200"
      }, {
        "lat" : 49.8819886292,
        "lon" : 8.6701396198,
        "time" : "20140716T220432+0200"
      }, {
        "lat" : 49.8819979801,
        "lon" : 8.6701253375,
        "time" : "20140716T220448+0200"
      }, {
        "lat" : 49.882011543,
        "lon" : 8.670103008,
        "time" : "20140716T220508+0200"
      }, {
        "lat" : 49.8826801171,
        "lon" : 8.6685927309,
        "time" : "20140716T220620+0200"
      }, {
        "lat" : 49.8829100725,
        "lon" : 8.6682008619,
        "time" : "20140716T220641+0200"
      } ]
    } ],
    "lastUpdate" : "20140716T213323Z"
  }, {
    "type" : "place",
    "startTime" : "20140716T220641+0200",
    "endTime" : "20140716T234305+0200",
    "place" : {
      "id" : 223509887,
      "type" : "unknown",
      "location" : {
        "lat" : 49.8829100725,
        "lon" : 8.6682008619
      }
    },
    "activities" : [ {
      "activity" : "walking",
      "group" : "walking",
      "manual" : false,
      "startTime" : "20140716T220641+0200",
      "endTime" : "20140716T220709+0200",
      "duration" : 28.0,
      "distance" : 19.0,
      "steps" : 37,
      "trackPoints" : [ ]
    }, {
      "activity" : "walking",
      "group" : "walking",
      "manual" : false,
      "startTime" : "20140716T230814+0200",
      "endTime" : "20140716T230846+0200",
      "duration" : 32.0,
      "distance" : 26.0,
      "steps" : 52,
      "trackPoints" : [ ]
    } ],
    "lastUpdate" : "20140716T230418Z"
  }, {
    "type" : "move",
    "startTime" : "20140716T234305+0200",
    "endTime" : "20140716T234612+0200",
    "activities" : [ {
      "activity" : "walking",
      "group" : "walking",
      "manual" : false,
      "startTime" : "20140716T234305+0200",
      "endTime" : "20140716T234612+0200",
      "duration" : 187.0,
      "distance" : 195.0,
      "steps" : 330,
      "trackPoints" : [ {
        "lat" : 49.8829100725,
        "lon" : 8.6682008619,
        "time" : "20140716T234305+0200"
      }, {
        "lat" : 49.8828364518,
        "lon" : 8.6684026572,
        "time" : "20140716T234335+0200"
      }, {
        "lat" : 49.8828242731,
        "lon" : 8.66844414,
        "time" : "20140716T234355+0200"
      }, {
        "lat" : 49.8828201138,
        "lon" : 8.6684753654,
        "time" : "20140716T234417+0200"
      }, {
        "lat" : 49.8827067507,
        "lon" : 8.6688048795,
        "time" : "20140716T234451+0200"
      }, {
        "lat" : 49.8825492171,
        "lon" : 8.66924235,
        "time" : "20140716T234512+0200"
      }, {
        "lat" : 49.8823343488,
        "lon" : 8.6698286742,
        "time" : "20140716T234532+0200"
      }, {
        "lat" : 49.8822186122,
        "lon" : 8.6700853286,
        "time" : "20140716T234550+0200"
      }, {
        "lat" : 49.8819681239,
        "lon" : 8.6703339401,
        "time" : "20140716T234612+0200"
      } ]
    } ],
    "lastUpdate" : "20140716T230418Z"
  }, {
    "type" : "place",
    "startTime" : "20140716T234612+0200",
    "endTime" : "20140717T134055+0200",
    "place" : {
      "id" : 222568631,
      "type" : "unknown",
      "location" : {
        "lat" : 49.8819681239,
        "lon" : 8.6703339401
      }
    },
    "activities" : [ {
      "activity" : "walking",
      "group" : "walking",
      "manual" : false,
      "startTime" : "20140716T234612+0200",
      "endTime" : "20140716T234621+0200",
      "duration" : 9.0,
      "distance" : 6.0,
      "steps" : 12,
      "trackPoints" : [ ]
    } ],
    "lastUpdate" : "20140717T152939Z"
  } ],
  "lastUpdate" : "20140717T152939Z"
}, {
  "date" : "20140717",
  "summary" : [ {
    "activity" : "walking",
    "group" : "walking",
    "duration" : 3723.0,
    "distance" : 4939.0,
    "steps" : 5958
  } ],
  "segments" : [ {
    "type" : "place",
    "startTime" : "20140716T234612+0200",
    "endTime" : "20140717T134055+0200",
    "place" : {
      "id" : 222568631,
      "type" : "unknown",
      "location" : {
        "lat" : 49.8819681239,
        "lon" : 8.6703339401
      }
    },
    "activities" : [ {
      "activity" : "walking",
      "group" : "walking",
      "manual" : false,
      "startTime" : "20140717T002859+0200",
      "endTime" : "20140717T002920+0200",
      "duration" : 21.0,
      "distance" : 12.0,
      "steps" : 23,
      "trackPoints" : [ ]
    }, {
      "activity" : "walking",
      "group" : "walking",
      "manual" : false,
      "startTime" : "20140717T110028+0200",
      "endTime" : "20140717T110058+0200",
      "duration" : 30.0,
      "distance" : 15.0,
      "steps" : 30,
      "trackPoints" : [ ]
    }, {
      "activity" : "walking",
      "group" : "walking",
      "manual" : false,
      "startTime" : "20140717T125134+0200",
      "endTime" : "20140717T125139+0200",
      "duration" : 5.0,
      "distance" : 4.0,
      "steps" : 7,
      "trackPoints" : [ ]
    }, {
      "activity" : "walking",
      "group" : "walking",
      "manual" : false,
      "startTime" : "20140717T132136+0200",
      "endTime" : "20140717T132731+0200",
      "duration" : 355.0,
      "distance" : 485.0,
      "steps" : 647,
      "trackPoints" : [ ]
    } ],
    "lastUpdate" : "20140717T152939Z"
  }, {
    "type" : "move",
    "startTime" : "20140717T134055+0200",
    "endTime" : "20140717T135251+0200",
    "activities" : [ {
      "activity" : "walking",
      "group" : "walking",
      "manual" : false,
      "startTime" : "20140717T134055+0200",
      "endTime" : "20140717T135251+0200",
      "duration" : 716.0,
      "distance" : 1391.0,
      "steps" : 1161,
      "trackPoints" : [ {
        "lat" : 49.8819681239,
        "lon" : 8.6703339401,
        "time" : "20140717T134055+0200"
      }, {
        "lat" : 49.8815545003,
        "lon" : 8.6654875507,
        "time" : "20140717T134125+0200"
      }, {
        "lat" : 49.8779938362,
        "lon" : 8.6598793201,
        "time" : "20140717T134427+0200"
      }, {
        "lat" : 49.877936807,
        "lon" : 8.6596299039,
        "time" : "20140717T134447+0200"
      }, {
        "lat" : 49.8776827091,
        "lon" : 8.6582378929,
        "time" : "20140717T134604+0200"
      }, {
        "lat" : 49.8776465498,
        "lon" : 8.6580453712,
        "time" : "20140717T134626+0200"
      }, {
        "lat" : 49.8776226277,
        "lon" : 8.6579772105,
        "time" : "20140717T134646+0200"
      }, {
        "lat" : 49.8774225924,
        "lon" : 8.6578336623,
        "time" : "20140717T134723+0200"
      }, {
        "lat" : 49.8772191543,
        "lon" : 8.6577284981,
        "time" : "20140717T134754+0200"
      }, {
        "lat" : 49.8771682349,
        "lon" : 8.6577104748,
        "time" : "20140717T134810+0200"
      }, {
        "lat" : 49.8770938328,
        "lon" : 8.6577070676,
        "time" : "20140717T134831+0200"
      }, {
        "lat" : 49.8765208422,
        "lon" : 8.6576553466,
        "time" : "20140717T134854+0200"
      }, {
        "lat" : 49.8762428431,
        "lon" : 8.657600984,
        "time" : "20140717T134911+0200"
      }, {
        "lat" : 49.8761762627,
        "lon" : 8.6575462213,
        "time" : "20140717T134931+0200"
      }, {
        "lat" : 49.8761735534,
        "lon" : 8.6575056252,
        "time" : "20140717T134946+0200"
      }, {
        "lat" : 49.8761844863,
        "lon" : 8.6574663192,
        "time" : "20140717T135001+0200"
      }, {
        "lat" : 49.8762198431,
        "lon" : 8.6573728388,
        "time" : "20140717T135026+0200"
      }, {
        "lat" : 49.8762479157,
        "lon" : 8.6572969208,
        "time" : "20140717T135054+0200"
      }, {
        "lat" : 49.8762842488,
        "lon" : 8.6571351063,
        "time" : "20140717T135134+0200"
      }, {
        "lat" : 49.8762953296,
        "lon" : 8.6570866995,
        "time" : "20140717T135154+0200"
      }, {
        "lat" : 49.8762964126,
        "lon" : 8.6570658952,
        "time" : "20140717T135210+0200"
      }, {
        "lat" : 49.8762911366,
        "lon" : 8.6570460216,
        "time" : "20140717T135226+0200"
      }, {
        "lat" : 49.876159775,
        "lon" : 8.6572254169,
        "time" : "20140717T135251+0200"
      } ]
    } ],
    "lastUpdate" : "20140717T152939Z"
  }, {
    "type" : "place",
    "startTime" : "20140717T135251+0200",
    "endTime" : "20140717T200854+0200",
    "place" : {
      "id" : 227346831,
      "type" : "unknown",
      "location" : {
        "lat" : 49.876159775,
        "lon" : 8.6572254169
      }
    },
    "activities" : [ {
      "activity" : "walking",
      "group" : "walking",
      "manual" : false,
      "startTime" : "20140717T135611+0200",
      "endTime" : "20140717T135850+0200",
      "duration" : 159.0,
      "distance" : 223.0,
      "steps" : 298,
      "trackPoints" : [ ]
    }, {
      "activity" : "walking",
      "group" : "walking",
      "manual" : false,
      "startTime" : "20140717T140553+0200",
      "endTime" : "20140717T140931+0200",
      "duration" : 218.0,
      "distance" : 255.0,
      "steps" : 340,
      "trackPoints" : [ ]
    }, {
      "activity" : "walking",
      "group" : "walking",
      "manual" : false,
      "startTime" : "20140717T154952+0200",
      "endTime" : "20140717T155320+0200",
      "duration" : 208.0,
      "distance" : 253.0,
      "steps" : 337,
      "trackPoints" : [ ]
    }, {
      "activity" : "walking",
      "group" : "walking",
      "manual" : false,
      "startTime" : "20140717T160000+0200",
      "endTime" : "20140717T160054+0200",
      "duration" : 54.0,
      "distance" : 44.0,
      "steps" : 88,
      "trackPoints" : [ ]
    }, {
      "activity" : "walking",
      "group" : "walking",
      "manual" : false,
      "startTime" : "20140717T181458+0200",
      "endTime" : "20140717T182109+0200",
      "duration" : 371.0,
      "distance" : 466.0,
      "steps" : 622,
      "trackPoints" : [ ]
    }, {
      "activity" : "walking",
      "group" : "walking",
      "manual" : false,
      "startTime" : "20140717T190825+0200",
      "endTime" : "20140717T191407+0200",
      "duration" : 342.0,
      "distance" : 402.0,
      "steps" : 536,
      "trackPoints" : [ ]
    }, {
      "activity" : "walking",
      "group" : "walking",
      "manual" : false,
      "startTime" : "20140717T200021+0200",
      "endTime" : "20140717T200200+0200",
      "duration" : 99.0,
      "distance" : 84.0,
      "steps" : 167,
      "trackPoints" : [ ]
    } ],
    "lastUpdate" : "20140717T201750Z"
  }, {
    "type" : "move",
    "startTime" : "20140717T200854+0200",
    "endTime" : "20140717T202034+0200",
    "activities" : [ {
      "activity" : "walking",
      "group" : "walking",
      "manual" : false,
      "startTime" : "20140717T200854+0200",
      "endTime" : "20140717T202035+0200",
      "duration" : 701.0,
      "distance" : 464.0,
      "steps" : 928,
      "trackPoints" : [ {
        "lat" : 49.876159775,
        "lon" : 8.6572254169,
        "time" : "20140717T200854+0200"
      }, {
        "lat" : 49.8769711797,
        "lon" : 8.6572321906,
        "time" : "20140717T201006+0200"
      }, {
        "lat" : 49.8769679926,
        "lon" : 8.6572669734,
        "time" : "20140717T201024+0200"
      }, {
        "lat" : 49.877113438,
        "lon" : 8.6572117504,
        "time" : "20140717T201042+0200"
      }, {
        "lat" : 49.8772563666,
        "lon" : 8.657295768,
        "time" : "20140717T201102+0200"
      }, {
        "lat" : 49.8773875162,
        "lon" : 8.6574037879,
        "time" : "20140717T201122+0200"
      }, {
        "lat" : 49.8774895154,
        "lon" : 8.6575435085,
        "time" : "20140717T201142+0200"
      }, {
        "lat" : 49.8775756246,
        "lon" : 8.6578044501,
        "time" : "20140717T201206+0200"
      }, {
        "lat" : 49.8779968028,
        "lon" : 8.6602813987,
        "time" : "20140717T201344+0200"
      }, {
        "lat" : 49.8780383539,
        "lon" : 8.6605319447,
        "time" : "20140717T201401+0200"
      }, {
        "lat" : 49.8780576534,
        "lon" : 8.6605896677,
        "time" : "20140717T201423+0200"
      }, {
        "lat" : 49.8780584136,
        "lon" : 8.6605919315,
        "time" : "20140717T201443+0200"
      }, {
        "lat" : 49.8780585377,
        "lon" : 8.6605923279,
        "time" : "20140717T201504+0200"
      }, {
        "lat" : 49.878058616,
        "lon" : 8.6605925734,
        "time" : "20140717T201524+0200"
      }, {
        "lat" : 49.8780587248,
        "lon" : 8.6605929135,
        "time" : "20140717T201548+0200"
      }, {
        "lat" : 49.8780587846,
        "lon" : 8.6605931005,
        "time" : "20140717T201605+0200"
      }, {
        "lat" : 49.8780588408,
        "lon" : 8.66059327,
        "time" : "20140717T201625+0200"
      }, {
        "lat" : 49.8780588821,
        "lon" : 8.6605933925,
        "time" : "20140717T201645+0200"
      }, {
        "lat" : 49.8780589131,
        "lon" : 8.6605934771,
        "time" : "20140717T201704+0200"
      }, {
        "lat" : 49.8780589447,
        "lon" : 8.6605935558,
        "time" : "20140717T201724+0200"
      }, {
        "lat" : 49.8780589932,
        "lon" : 8.6605936651,
        "time" : "20140717T201754+0200"
      }, {
        "lat" : 49.8780590461,
        "lon" : 8.6605937736,
        "time" : "20140717T201814+0200"
      }, {
        "lat" : 49.8780591599,
        "lon" : 8.6605939996,
        "time" : "20140717T201844+0200"
      }, {
        "lat" : 49.8780592966,
        "lon" : 8.6605942668,
        "time" : "20140717T201904+0200"
      }, {
        "lat" : 49.878059557,
        "lon" : 8.6605947739,
        "time" : "20140717T201929+0200"
      }, {
        "lat" : 49.8780598498,
        "lon" : 8.6605953431,
        "time" : "20140717T201946+0200"
      }, {
        "lat" : 49.8780602844,
        "lon" : 8.6605961873,
        "time" : "20140717T202004+0200"
      }, {
        "lat" : 49.8780739922,
        "lon" : 8.6606238486,
        "time" : "20140717T202034+0200"
      } ]
    } ],
    "lastUpdate" : "20140717T201750Z"
  }, {
    "type" : "place",
    "startTime" : "20140717T202034+0200",
    "endTime" : "20140717T202529+0200",
    "place" : {
      "id" : 231677886,
      "type" : "unknown",
      "location" : {
        "lat" : 49.8780739922,
        "lon" : 8.6606238486
      }
    },
    "activities" : [ {
      "activity" : "walking",
      "group" : "walking",
      "manual" : false,
      "startTime" : "20140717T202110+0200",
      "endTime" : "20140717T202216+0200",
      "duration" : 66.0,
      "distance" : 58.0,
      "steps" : 117,
      "trackPoints" : [ ]
    } ],
    "lastUpdate" : "20140717T201750Z"
  }, {
    "type" : "move",
    "startTime" : "20140717T202529+0200",
    "endTime" : "20140717T203139+0200",
    "activities" : [ {
      "activity" : "walking",
      "group" : "walking",
      "manual" : false,
      "startTime" : "20140717T202529+0200",
      "endTime" : "20140717T203139+0200",
      "duration" : 370.0,
      "distance" : 778.0,
      "steps" : 648,
      "trackPoints" : [ {
        "lat" : 49.8780739922,
        "lon" : 8.6606238486,
        "time" : "20140717T202529+0200"
      }, {
        "lat" : 49.8780636369,
        "lon" : 8.6606026979,
        "time" : "20140717T202556+0200"
      }, {
        "lat" : 49.8780614864,
        "lon" : 8.660598522,
        "time" : "20140717T202618+0200"
      }, {
        "lat" : 49.8780600959,
        "lon" : 8.6605958221,
        "time" : "20140717T202635+0200"
      }, {
        "lat" : 49.8780606698,
        "lon" : 8.6605969364,
        "time" : "20140717T202656+0200"
      }, {
        "lat" : 49.8780618283,
        "lon" : 8.660599186,
        "time" : "20140717T202720+0200"
      }, {
        "lat" : 49.8780632142,
        "lon" : 8.6606018771,
        "time" : "20140717T202741+0200"
      }, {
        "lat" : 49.8822981674,
        "lon" : 8.6688257771,
        "time" : "20140717T202914+0200"
      }, {
        "lat" : 49.8822953767,
        "lon" : 8.6690883996,
        "time" : "20140717T202931+0200"
      }, {
        "lat" : 49.8822867868,
        "lon" : 8.669226826,
        "time" : "20140717T202959+0200"
      }, {
        "lat" : 49.882248555,
        "lon" : 8.6699932246,
        "time" : "20140717T203026+0200"
      }, {
        "lat" : 49.882235226,
        "lon" : 8.6701978138,
        "time" : "20140717T203047+0200"
      }, {
        "lat" : 49.8822002218,
        "lon" : 8.670225574,
        "time" : "20140717T203119+0200"
      }, {
        "lat" : 49.8819681239,
        "lon" : 8.6703339401,
        "time" : "20140717T203139+0200"
      } ]
    } ],
    "lastUpdate" : "20140717T201750Z"
  }, {
    "type" : "place",
    "startTime" : "20140717T203139+0200",
    "endTime" : "20140718T224229+0200",
    "place" : {
      "id" : 222568631,
      "type" : "unknown",
      "location" : {
        "lat" : 49.8819681239,
        "lon" : 8.6703339401
      }
    },
    "activities" : [ {
      "activity" : "walking",
      "group" : "walking",
      "manual" : false,
      "startTime" : "20140717T203139+0200",
      "endTime" : "20140717T203142+0200",
      "duration" : 3.0,
      "distance" : 2.0,
      "steps" : 3,
      "trackPoints" : [ ]
    }, {
      "activity" : "walking",
      "group" : "walking",
      "manual" : false,
      "startTime" : "20140717T221526+0200",
      "endTime" : "20140717T221531+0200",
      "duration" : 5.0,
      "distance" : 3.0,
      "steps" : 6,
      "trackPoints" : [ ]
    } ],
    "lastUpdate" : "20140718T222002Z"
  } ],
  "lastUpdate" : "20140718T222002Z"
}, {
  "date" : "20140718",
  "summary" : [ {
    "activity" : "walking",
    "group" : "walking",
    "duration" : 641.0,
    "distance" : 581.0,
    "steps" : 992
  } ],
  "segments" : [ {
    "type" : "place",
    "startTime" : "20140717T203139+0200",
    "endTime" : "20140718T224229+0200",
    "place" : {
      "id" : 222568631,
      "type" : "unknown",
      "location" : {
        "lat" : 49.8819681239,
        "lon" : 8.6703339401
      }
    },
    "activities" : [ {
      "activity" : "walking",
      "group" : "walking",
      "manual" : false,
      "startTime" : "20140718T093803+0200",
      "endTime" : "20140718T093833+0200",
      "duration" : 30.0,
      "distance" : 15.0,
      "steps" : 30,
      "trackPoints" : [ ]
    }, {
      "activity" : "walking",
      "group" : "walking",
      "manual" : false,
      "startTime" : "20140718T122244+0200",
      "endTime" : "20140718T122553+0200",
      "duration" : 189.0,
      "distance" : 252.0,
      "steps" : 336,
      "trackPoints" : [ ]
    }, {
      "activity" : "walking",
      "group" : "walking",
      "manual" : false,
      "startTime" : "20140718T130314+0200",
      "endTime" : "20140718T130414+0200",
      "duration" : 60.0,
      "distance" : 30.0,
      "steps" : 60,
      "trackPoints" : [ ]
    }, {
      "activity" : "walking",
      "group" : "walking",
      "manual" : false,
      "startTime" : "20140718T141516+0200",
      "endTime" : "20140718T141546+0200",
      "duration" : 30.0,
      "distance" : 18.0,
      "steps" : 36,
      "trackPoints" : [ ]
    } ],
    "lastUpdate" : "20140718T222002Z"
  }, {
    "type" : "move",
    "startTime" : "20140718T224229+0200",
    "endTime" : "20140718T224751+0200",
    "activities" : [ {
      "activity" : "walking",
      "group" : "walking",
      "manual" : false,
      "startTime" : "20140718T224229+0200",
      "endTime" : "20140718T224752+0200",
      "duration" : 323.0,
      "distance" : 259.0,
      "steps" : 518,
      "trackPoints" : [ {
        "lat" : 49.8819681239,
        "lon" : 8.6703339401,
        "time" : "20140718T224229+0200"
      }, {
        "lat" : 49.8819675269,
        "lon" : 8.6701920964,
        "time" : "20140718T224335+0200"
      }, {
        "lat" : 49.881971237,
        "lon" : 8.6701867029,
        "time" : "20140718T224351+0200"
      }, {
        "lat" : 49.8819786754,
        "lon" : 8.6701757562,
        "time" : "20140718T224410+0200"
      }, {
        "lat" : 49.8819871361,
        "lon" : 8.670162615,
        "time" : "20140718T224430+0200"
      }, {
        "lat" : 49.8819967111,
        "lon" : 8.6701483435,
        "time" : "20140718T224446+0200"
      }, {
        "lat" : 49.8819979065,
        "lon" : 8.6701612133,
        "time" : "20140718T224508+0200"
      }, {
        "lat" : 49.882846629,
        "lon" : 8.6682103413,
        "time" : "20140718T224702+0200"
      }, {
        "lat" : 49.8829435235,
        "lon" : 8.6680335796,
        "time" : "20140718T224717+0200"
      }, {
        "lat" : 49.8829100725,
        "lon" : 8.6682008619,
        "time" : "20140718T224751+0200"
      } ]
    } ],
    "lastUpdate" : "20140718T222003Z"
  }, {
    "type" : "place",
    "startTime" : "20140718T224751+0200",
    "endTime" : "20140719T011942+0200",
    "place" : {
      "id" : 223509887,
      "type" : "unknown",
      "location" : {
        "lat" : 49.8829100725,
        "lon" : 8.6682008619
      }
    },
    "activities" : [ {
      "activity" : "walking",
      "group" : "walking",
      "manual" : false,
      "startTime" : "20140718T225126+0200",
      "endTime" : "20140718T225134+0200",
      "duration" : 8.0,
      "distance" : 6.0,
      "steps" : 11,
      "trackPoints" : [ ]
    }, {
      "activity" : "walking",
      "group" : "walking",
      "manual" : false,
      "startTime" : "20140718T235805+0200",
      "endTime" : "20140718T235806+0200",
      "duration" : 1.0,
      "distance" : 1.0,
      "steps" : 1,
      "trackPoints" : [ ]
    } ],
    "lastUpdate" : "20140718T235147Z"
  } ],
  "lastUpdate" : "20140718T235147Z"
}, {
  "date" : "20140719",
  "summary" : [ {
    "activity" : "walking",
    "group" : "walking",
    "duration" : 1772.0,
    "distance" : 1762.0,
    "steps" : 2567
  } ],
  "segments" : [ {
    "type" : "place",
    "startTime" : "20140718T224751+0200",
    "endTime" : "20140719T011942+0200",
    "place" : {
      "id" : 223509887,
      "type" : "unknown",
      "location" : {
        "lat" : 49.8829100725,
        "lon" : 8.6682008619
      }
    },
    "activities" : [ {
      "activity" : "walking",
      "group" : "walking",
      "manual" : false,
      "startTime" : "20140719T000316+0200",
      "endTime" : "20140719T000321+0200",
      "duration" : 5.0,
      "distance" : 3.0,
      "steps" : 6,
      "trackPoints" : [ ]
    }, {
      "activity" : "walking",
      "group" : "walking",
      "manual" : false,
      "startTime" : "20140719T010432+0200",
      "endTime" : "20140719T010452+0200",
      "duration" : 20.0,
      "distance" : 13.0,
      "steps" : 26,
      "trackPoints" : [ ]
    } ],
    "lastUpdate" : "20140718T235147Z"
  }, {
    "type" : "move",
    "startTime" : "20140719T011942+0200",
    "endTime" : "20140719T012310+0200",
    "activities" : [ {
      "activity" : "walking",
      "group" : "walking",
      "manual" : false,
      "startTime" : "20140719T011942+0200",
      "endTime" : "20140719T012310+0200",
      "duration" : 208.0,
      "distance" : 214.0,
      "steps" : 334,
      "trackPoints" : [ {
        "lat" : 49.8829100725,
        "lon" : 8.6682008619,
        "time" : "20140719T011942+0200"
      }, {
        "lat" : 49.8828571098,
        "lon" : 8.6683391615,
        "time" : "20140719T012012+0200"
      }, {
        "lat" : 49.8828473241,
        "lon" : 8.6683888573,
        "time" : "20140719T012043+0200"
      }, {
        "lat" : 49.8828396311,
        "lon" : 8.6684339452,
        "time" : "20140719T012109+0200"
      }, {
        "lat" : 49.8822762661,
        "lon" : 8.670084377,
        "time" : "20140719T012223+0200"
      }, {
        "lat" : 49.8822476587,
        "lon" : 8.6701564435,
        "time" : "20140719T012243+0200"
      }, {
        "lat" : 49.8819681239,
        "lon" : 8.6703339401,
        "time" : "20140719T012310+0200"
      } ]
    } ],
    "lastUpdate" : "20140718T235147Z"
  }, {
    "type" : "place",
    "startTime" : "20140719T012310+0200",
    "endTime" : "20140719T200956+0200",
    "place" : {
      "id" : 222568631,
      "type" : "unknown",
      "location" : {
        "lat" : 49.8819681239,
        "lon" : 8.6703339401
      }
    },
    "activities" : [ {
      "activity" : "walking",
      "group" : "walking",
      "manual" : false,
      "startTime" : "20140719T012310+0200",
      "endTime" : "20140719T012320+0200",
      "duration" : 10.0,
      "distance" : 8.0,
      "steps" : 17,
      "trackPoints" : [ ]
    }, {
      "activity" : "walking",
      "group" : "walking",
      "manual" : false,
      "startTime" : "20140719T024222+0200",
      "endTime" : "20140719T024230+0200",
      "duration" : 8.0,
      "distance" : 5.0,
      "steps" : 10,
      "trackPoints" : [ ]
    }, {
      "activity" : "walking",
      "group" : "walking",
      "manual" : false,
      "startTime" : "20140719T140624+0200",
      "endTime" : "20140719T140626+0200",
      "duration" : 2.0,
      "distance" : 1.0,
      "steps" : 2,
      "trackPoints" : [ ]
    }, {
      "activity" : "walking",
      "group" : "walking",
      "manual" : false,
      "startTime" : "20140719T152457+0200",
      "endTime" : "20140719T152527+0200",
      "duration" : 30.0,
      "distance" : 15.0,
      "steps" : 30,
      "trackPoints" : [ ]
    }, {
      "activity" : "walking",
      "group" : "walking",
      "manual" : false,
      "startTime" : "20140719T165748+0200",
      "endTime" : "20140719T165818+0200",
      "duration" : 30.0,
      "distance" : 15.0,
      "steps" : 30,
      "trackPoints" : [ ]
    }, {
      "activity" : "walking",
      "group" : "walking",
      "manual" : false,
      "startTime" : "20140719T185721+0200",
      "endTime" : "20140719T185740+0200",
      "duration" : 19.0,
      "distance" : 15.0,
      "steps" : 30,
      "trackPoints" : [ ]
    }, {
      "activity" : "walking",
      "group" : "walking",
      "manual" : false,
      "startTime" : "20140719T195409+0200",
      "endTime" : "20140719T195429+0200",
      "duration" : 20.0,
      "distance" : 14.0,
      "steps" : 27,
      "trackPoints" : [ ]
    }, {
      "activity" : "walking",
      "group" : "walking",
      "manual" : false,
      "startTime" : "20140719T200952+0200",
      "endTime" : "20140719T200955+0200",
      "duration" : 3.0,
      "distance" : 2.0,
      "steps" : 4,
      "trackPoints" : [ ]
    } ],
    "lastUpdate" : "20140719T193457Z"
  }, {
    "type" : "move",
    "startTime" : "20140719T200956+0200",
    "endTime" : "20140719T201438+0200",
    "activities" : [ {
      "activity" : "walking",
      "group" : "walking",
      "manual" : false,
      "startTime" : "20140719T200956+0200",
      "endTime" : "20140719T201437+0200",
      "duration" : 281.0,
      "distance" : 210.0,
      "steps" : 368,
      "trackPoints" : [ {
        "lat" : 49.8819681239,
        "lon" : 8.6703339401,
        "time" : "20140719T200956+0200"
      }, {
        "lat" : 49.8819590386,
        "lon" : 8.6702051466,
        "time" : "20140719T201011+0200"
      }, {
        "lat" : 49.881960593,
        "lon" : 8.6702025874,
        "time" : "20140719T201026+0200"
      }, {
        "lat" : 49.8819636787,
        "lon" : 8.6701973103,
        "time" : "20140719T201047+0200"
      }, {
        "lat" : 49.8819668788,
        "lon" : 8.6701917082,
        "time" : "20140719T201103+0200"
      }, {
        "lat" : 49.8819735634,
        "lon" : 8.6701799888,
        "time" : "20140719T201127+0200"
      }, {
        "lat" : 49.8819794416,
        "lon" : 8.6701695884,
        "time" : "20140719T201143+0200"
      }, {
        "lat" : 49.8819837473,
        "lon" : 8.6701634783,
        "time" : "20140719T201204+0200"
      }, {
        "lat" : 49.8827687613,
        "lon" : 8.6685015683,
        "time" : "20140719T201358+0200"
      }, {
        "lat" : 49.8828540923,
        "lon" : 8.6683267243,
        "time" : "20140719T201420+0200"
      }, {
        "lat" : 49.8829100725,
        "lon" : 8.6682008619,
        "time" : "20140719T201438+0200"
      } ]
    } ],
    "lastUpdate" : "20140719T193457Z"
  }, {
    "type" : "place",
    "startTime" : "20140719T201438+0200",
    "endTime" : "20140721T103341+0200",
    "place" : {
      "id" : 222568631,
      "type" : "unknown",
      "location" : {
        "lat" : 49.8819681239,
        "lon" : 8.6703339401
      }
    },
    "activities" : [ {
      "activity" : "walking",
      "group" : "walking",
      "manual" : false,
      "startTime" : "20140719T201438+0200",
      "endTime" : "20140719T201530+0200",
      "duration" : 52.0,
      "distance" : 32.0,
      "steps" : 64,
      "trackPoints" : [ ]
    }, {
      "activity" : "walking",
      "group" : "walking",
      "manual" : false,
      "startTime" : "20140719T213458+0200",
      "endTime" : "20140719T213921+0200",
      "duration" : 263.0,
      "distance" : 268.0,
      "steps" : 357,
      "trackPoints" : [ ]
    }, {
      "activity" : "walking",
      "group" : "walking",
      "manual" : false,
      "startTime" : "20140719T221821+0200",
      "endTime" : "20140719T222443+0200",
      "duration" : 382.0,
      "distance" : 399.0,
      "steps" : 532,
      "trackPoints" : [ ]
    }, {
      "activity" : "walking",
      "group" : "walking",
      "manual" : false,
      "startTime" : "20140719T234503+0200",
      "endTime" : "20140719T235222+0200",
      "duration" : 439.0,
      "distance" : 548.0,
      "steps" : 730,
      "trackPoints" : [ ]
    } ],
    "lastUpdate" : "20140721T101823Z"
  } ],
  "lastUpdate" : "20140721T101823Z"
}, {
  "date" : "20140720",
  "summary" : [ {
    "activity" : "walking",
    "group" : "walking",
    "duration" : 260.0,
    "distance" : 173.0,
    "steps" : 342
  } ],
  "segments" : [ {
    "type" : "place",
    "startTime" : "20140719T201438+0200",
    "endTime" : "20140721T103341+0200",
    "place" : {
      "id" : 222568631,
      "type" : "unknown",
      "location" : {
        "lat" : 49.8819681239,
        "lon" : 8.6703339401
      }
    },
    "activities" : [ {
      "activity" : "walking",
      "group" : "walking",
      "manual" : false,
      "startTime" : "20140720T000000+0200",
      "endTime" : "20140720T000013+0200",
      "duration" : 13.0,
      "distance" : 9.0,
      "steps" : 18,
      "trackPoints" : [ ]
    }, {
      "activity" : "walking",
      "group" : "walking",
      "manual" : false,
      "startTime" : "20140720T010916+0200",
      "endTime" : "20140720T010946+0200",
      "duration" : 30.0,
      "distance" : 15.0,
      "steps" : 30,
      "trackPoints" : [ ]
    }, {
      "activity" : "walking",
      "group" : "walking",
      "manual" : false,
      "startTime" : "20140720T022354+0200",
      "endTime" : "20140720T022357+0200",
      "duration" : 3.0,
      "distance" : 2.0,
      "steps" : 4,
      "trackPoints" : [ ]
    }, {
      "activity" : "walking",
      "group" : "walking",
      "manual" : false,
      "startTime" : "20140720T143718+0200",
      "endTime" : "20140720T143849+0200",
      "duration" : 91.0,
      "distance" : 63.0,
      "steps" : 126,
      "trackPoints" : [ ]
    }, {
      "activity" : "walking",
      "group" : "walking",
      "manual" : false,
      "startTime" : "20140720T163005+0200",
      "endTime" : "20140720T163145+0200",
      "duration" : 100.0,
      "distance" : 72.0,
      "steps" : 144,
      "trackPoints" : [ ]
    }, {
      "activity" : "walking",
      "group" : "walking",
      "manual" : false,
      "startTime" : "20140720T183714+0200",
      "endTime" : "20140720T183732+0200",
      "duration" : 18.0,
      "distance" : 9.0,
      "steps" : 14,
      "trackPoints" : [ ]
    }, {
      "activity" : "walking",
      "group" : "walking",
      "manual" : false,
      "startTime" : "20140720T195458+0200",
      "endTime" : "20140720T195503+0200",
      "duration" : 5.0,
      "distance" : 3.0,
      "steps" : 6,
      "trackPoints" : [ ]
    } ],
    "lastUpdate" : "20140721T101823Z"
  } ],
  "lastUpdate" : "20140721T101823Z"
} ]