[ {
  "date" : "20140629",
  "summary" : [ {
    "activity" : "walking",
    "group" : "walking",
    "duration" : 582.0,
    "distance" : 523.0,
    "steps" : 964
  } ],
  "segments" : [ {
    "type" : "move",
    "startTime" : "20140629T135127+0200",
    "endTime" : "20140629T135404+0200",
    "activities" : [ {
      "activity" : "walking",
      "group" : "walking",
      "manual" : false,
      "startTime" : "20140629T135127+0200",
      "endTime" : "20140629T135404+0200",
      "duration" : 157.0,
      "distance" : 188.0,
      "steps" : 296
    } ],
    "lastUpdate" : "20140630T072144Z"
  }, {
    "type" : "place",
    "startTime" : "20140629T135404+0200",
    "endTime" : "20140629T203314+0200",
    "activities" : [ {
      "activity" : "walking",
      "group" : "walking",
      "manual" : false,
      "startTime" : "20140629T135404+0200",
      "endTime" : "20140629T135504+0200",
      "duration" : 60.0,
      "distance" : 47.0,
      "steps" : 94
    }, {
      "activity" : "walking",
      "group" : "walking",
      "manual" : false,
      "startTime" : "20140629T175338+0200",
      "endTime" : "20140629T175342+0200",
      "duration" : 4.0,
      "distance" : 3.0,
      "steps" : 5
    }, {
      "activity" : "walking",
      "group" : "walking",
      "manual" : false,
      "startTime" : "20140629T202821+0200",
      "endTime" : "20140629T202851+0200",
      "duration" : 30.0,
      "distance" : 15.0,
      "steps" : 30
    } ],
    "lastUpdate" : "20140630T072144Z"
  }, {
    "type" : "move",
    "startTime" : "20140629T203314+0200",
    "endTime" : "20140629T203716+0200",
    "activities" : [ {
      "activity" : "walking",
      "group" : "walking",
      "manual" : false,
      "startTime" : "20140629T203314+0200",
      "endTime" : "20140629T203716+0200",
      "duration" : 242.0,
      "distance" : 220.0,
      "steps" : 440
    } ],
    "lastUpdate" : "20140630T072144Z"
  }, {
    "type" : "place",
    "startTime" : "20140629T203716+0200",
    "endTime" : "20140630T093156+0200",
    "activities" : [ {
      "activity" : "walking",
      "group" : "walking",
      "manual" : false,
      "startTime" : "20140629T203716+0200",
      "endTime" : "20140629T203735+0200",
      "duration" : 19.0,
      "distance" : 13.0,
      "steps" : 26
    }, {
      "activity" : "walking",
      "group" : "walking",
      "manual" : false,
      "startTime" : "20140629T230628+0200",
      "endTime" : "20140629T230738+0200",
      "duration" : 70.0,
      "distance" : 37.0,
      "steps" : 73
    } ],
    "lastUpdate" : "20140630T084711Z"
  } ],
  "lastUpdate" : "20140630T084711Z"
} ]