[ {
  "date" : "20140729",
  "summary" : [ {
    "activity" : "walking",
    "group" : "walking",
    "duration" : 4292.0,
    "distance" : 4681.0,
    "steps" : 6761
  }, {
    "activity" : "cycling",
    "group" : "cycling",
    "duration" : 467.0,
    "distance" : 1621.0
  } ],
  "segments" : [ {
    "type" : "move",
    "startTime" : "20140729T082059+0200",
    "endTime" : "20140729T084030+0200",
    "activities" : [ {
      "activity" : "walking",
      "group" : "walking",
      "manual" : false,
      "startTime" : "20140729T082059+0200",
      "endTime" : "20140729T084030+0200",
      "duration" : 1171.0,
      "distance" : 1583.0,
      "steps" : 2028
    } ],
    "lastUpdate" : "20140729T081718Z"
  }, {
    "type" : "place",
    "startTime" : "20140729T084030+0200",
    "endTime" : "20140729T120446+0200",
    "activities" : [ {
      "activity" : "walking",
      "group" : "walking",
      "manual" : false,
      "startTime" : "20140729T084118+0200",
      "endTime" : "20140729T084126+0200",
      "duration" : 8.0,
      "distance" : 5.0,
      "steps" : 10
    }, {
      "activity" : "walking",
      "group" : "walking",
      "manual" : false,
      "startTime" : "20140729T091938+0200",
      "endTime" : "20140729T092206+0200",
      "duration" : 148.0,
      "distance" : 151.0,
      "steps" : 201
    }, {
      "activity" : "walking",
      "group" : "walking",
      "manual" : false,
      "startTime" : "20140729T111755+0200",
      "endTime" : "20140729T112148+0200",
      "duration" : 233.0,
      "distance" : 233.0,
      "steps" : 311
    }, {
      "activity" : "walking",
      "group" : "walking",
      "manual" : false,
      "startTime" : "20140729T120410+0200",
      "endTime" : "20140729T120421+0200",
      "duration" : 11.0,
      "distance" : 7.0,
      "steps" : 14
    } ],
    "lastUpdate" : "20140729T115120Z"
  }, {
    "type" : "move",
    "startTime" : "20140729T120446+0200",
    "endTime" : "20140729T121816+0200",
    "activities" : [ {
      "activity" : "walking",
      "group" : "walking",
      "manual" : false,
      "startTime" : "20140729T120446+0200",
      "endTime" : "20140729T121816+0200",
      "duration" : 810.0,
      "distance" : 928.0,
      "steps" : 1219
    } ],
    "lastUpdate" : "20140729T115120Z"
  }, {
    "type" : "place",
    "startTime" : "20140729T121816+0200",
    "endTime" : "20140729T125729+0200",
    "activities" : [ {
      "activity" : "walking",
      "group" : "walking",
      "manual" : false,
      "startTime" : "20140729T123441+0200",
      "endTime" : "20140729T123600+0200",
      "duration" : 79.0,
      "distance" : 50.0,
      "steps" : 100
    } ],
    "lastUpdate" : "20140729T130608Z"
  }, {
    "type" : "move",
    "startTime" : "20140729T125729+0200",
    "endTime" : "20140729T131137+0200",
    "activities" : [ {
      "activity" : "walking",
      "group" : "walking",
      "manual" : false,
      "startTime" : "20140729T125729+0200",
      "endTime" : "20140729T131137+0200",
      "duration" : 848.0,
      "distance" : 824.0,
      "steps" : 1492
    } ],
    "lastUpdate" : "20140729T130608Z"
  }, {
    "type" : "place",
    "startTime" : "20140729T131137+0200",
    "endTime" : "20140729T201555+0200",
    "activities" : [ {
      "activity" : "walking",
      "group" : "walking",
      "manual" : false,
      "startTime" : "20140729T141435+0200",
      "endTime" : "20140729T141607+0200",
      "duration" : 92.0,
      "distance" : 57.0,
      "steps" : 114
    }, {
      "activity" : "walking",
      "group" : "walking",
      "manual" : false,
      "startTime" : "20140729T201317+0200",
      "endTime" : "20140729T201445+0200",
      "duration" : 88.0,
      "distance" : 61.0,
      "steps" : 121
    } ],
    "lastUpdate" : "20140729T190502Z"
  }, {
    "type" : "move",
    "startTime" : "20140729T201555+0200",
    "endTime" : "20140729T201928+0200",
    "activities" : [ {
      "activity" : "cycling",
      "group" : "cycling",
      "manual" : false,
      "startTime" : "20140729T201555+0200",
      "endTime" : "20140729T201928+0200",
      "duration" : 213.0,
      "distance" : 955.0
    } ],
    "lastUpdate" : "20140729T190502Z"
  }, {
    "type" : "place",
    "startTime" : "20140729T201928+0200",
    "endTime" : "20140729T203549+0200",
    "activities" : [ {
      "activity" : "walking",
      "group" : "walking",
      "manual" : false,
      "startTime" : "20140729T202052+0200",
      "endTime" : "20140729T202631+0200",
      "duration" : 339.0,
      "distance" : 360.0,
      "steps" : 479
    } ],
    "lastUpdate" : "20140729T203522Z"
  }, {
    "type" : "move",
    "startTime" : "20140729T203549+0200",
    "endTime" : "20140729T204004+0200",
    "activities" : [ {
      "activity" : "cycling",
      "group" : "cycling",
      "manual" : false,
      "startTime" : "20140729T203549+0200",
      "endTime" : "20140729T204003+0200",
      "duration" : 254.0,
      "distance" : 666.0
    } ],
    "lastUpdate" : "20140729T203522Z"
  }, {
    "type" : "place",
    "startTime" : "20140729T204004+0200",
    "endTime" : "20140729T212716+0200",
    "activities" : [ {
      "activity" : "walking",
      "group" : "walking",
      "manual" : false,
      "startTime" : "20140729T204004+0200",
      "endTime" : "20140729T204027+0200",
      "duration" : 23.0,
      "distance" : 16.0,
      "steps" : 31
    } ],
    "lastUpdate" : "20140729T203522Z"
  }, {
    "type" : "move",
    "startTime" : "20140729T212716+0200",
    "endTime" : "20140729T213207+0200",
    "activities" : [ {
      "activity" : "walking",
      "group" : "walking",
      "manual" : false,
      "startTime" : "20140729T212716+0200",
      "endTime" : "20140729T213207+0200",
      "duration" : 291.0,
      "distance" : 219.0,
      "steps" : 392
    } ],
    "lastUpdate" : "20140729T203522Z"
  }, {
    "type" : "place",
    "startTime" : "20140729T213207+0200",
    "endTime" : "20140730T000017+0200",
    "activities" : [ {
      "activity" : "walking",
      "group" : "walking",
      "manual" : false,
      "startTime" : "20140729T234527+0200",
      "endTime" : "20140729T234758+0200",
      "duration" : 151.0,
      "distance" : 187.0,
      "steps" : 249
    } ],
    "lastUpdate" : "20140730T073421Z"
  } ],
  "lastUpdate" : "20140730T073421Z"
} ]