[ {
  "date" : "20141027",
  "summary" : [ {
    "activity" : "walking",
    "group" : "walking",
    "duration" : 5305.0,
    "distance" : 6096.0,
    "steps" : 8471
  }, {
    "activity" : "transport",
    "group" : "transport",
    "duration" : 1750.0,
    "distance" : 6418.0
  } ],
  "segments" : [ {
    "type" : "place",
    "startTime" : "20141026T191131+0100",
    "endTime" : "20141027T083046+0100",
    "activities" : [ {
      "activity" : "walking",
      "group" : "walking",
      "manual" : false,
      "startTime" : "20141027T001718+0100",
      "endTime" : "20141027T001813+0100",
      "duration" : 55.0,
      "distance" : 48.0,
      "steps" : 97
    }, {
      "activity" : "walking",
      "group" : "walking",
      "manual" : false,
      "startTime" : "20141027T081541+0100",
      "endTime" : "20141027T081707+0100",
      "duration" : 86.0,
      "distance" : 60.0,
      "steps" : 120
    } ],
    "lastUpdate" : "20141027T103439Z"
  }, {
    "type" : "move",
    "startTime" : "20141027T083046+0100",
    "endTime" : "20141027T083921+0100",
    "activities" : [ {
      "activity" : "walking",
      "group" : "walking",
      "manual" : false,
      "startTime" : "20141027T083046+0100",
      "endTime" : "20141027T083921+0100",
      "duration" : 515.0,
      "distance" : 629.0,
      "steps" : 747
    } ],
    "lastUpdate" : "20141027T103439Z"
  }, {
    "type" : "place",
    "startTime" : "20141027T083921+0100",
    "endTime" : "20141027T084311+0100",
    "activities" : [ {
      "activity" : "walking",
      "group" : "walking",
      "manual" : false,
      "startTime" : "20141027T083921+0100",
      "endTime" : "20141027T084037+0100",
      "duration" : 76.0,
      "distance" : 50.0,
      "steps" : 101
    } ],
    "lastUpdate" : "20141027T103439Z"
  }, {
    "type" : "move",
    "startTime" : "20141027T084311+0100",
    "endTime" : "20141027T084926+0100",
    "activities" : [ {
      "activity" : "walking",
      "group" : "walking",
      "manual" : false,
      "startTime" : "20141027T084311+0100",
      "endTime" : "20141027T084926+0100",
      "duration" : 375.0,
      "distance" : 427.0,
      "steps" : 658
    } ],
    "lastUpdate" : "20141027T103439Z"
  }, {
    "type" : "place",
    "startTime" : "20141027T084926+0100",
    "endTime" : "20141027T104320+0100",
    "activities" : [ {
      "activity" : "walking",
      "group" : "walking",
      "manual" : false,
      "startTime" : "20141027T084926+0100",
      "endTime" : "20141027T084948+0100",
      "duration" : 22.0,
      "distance" : 14.0,
      "steps" : 29
    }, {
      "activity" : "walking",
      "group" : "walking",
      "manual" : false,
      "startTime" : "20141027T092047+0100",
      "endTime" : "20141027T092102+0100",
      "duration" : 15.0,
      "distance" : 10.0,
      "steps" : 20
    }, {
      "activity" : "walking",
      "group" : "walking",
      "manual" : false,
      "startTime" : "20141027T104307+0100",
      "endTime" : "20141027T104320+0100",
      "duration" : 13.0,
      "distance" : 9.0,
      "steps" : 17
    } ],
    "lastUpdate" : "20141027T103439Z"
  }, {
    "type" : "move",
    "startTime" : "20141027T104320+0100",
    "endTime" : "20141027T110003+0100",
    "activities" : [ {
      "activity" : "walking",
      "group" : "walking",
      "manual" : false,
      "startTime" : "20141027T104320+0100",
      "endTime" : "20141027T104850+0100",
      "duration" : 330.0,
      "distance" : 386.0,
      "steps" : 564
    }, {
      "activity" : "transport",
      "group" : "transport",
      "manual" : false,
      "startTime" : "20141027T104850+0100",
      "endTime" : "20141027T105600+0100",
      "duration" : 430.0,
      "distance" : 984.0
    }, {
      "activity" : "walking",
      "group" : "walking",
      "manual" : false,
      "startTime" : "20141027T105559+0100",
      "endTime" : "20141027T110004+0100",
      "duration" : 245.0,
      "distance" : 202.0,
      "steps" : 403
    } ],
    "lastUpdate" : "20141027T103439Z"
  }, {
    "type" : "place",
    "startTime" : "20141027T110003+0100",
    "endTime" : "20141027T113126+0100",
    "activities" : [ {
      "activity" : "walking",
      "group" : "walking",
      "manual" : false,
      "startTime" : "20141027T110003+0100",
      "endTime" : "20141027T110028+0100",
      "duration" : 25.0,
      "distance" : 16.0,
      "steps" : 31
    } ],
    "lastUpdate" : "20141027T121041Z"
  }, {
    "type" : "move",
    "startTime" : "20141027T113126+0100",
    "endTime" : "20141027T113603+0100",
    "activities" : [ {
      "activity" : "walking",
      "group" : "walking",
      "manual" : false,
      "startTime" : "20141027T113126+0100",
      "endTime" : "20141027T113603+0100",
      "duration" : 277.0,
      "distance" : 361.0,
      "steps" : 499
    } ],
    "lastUpdate" : "20141027T121041Z"
  }, {
    "type" : "place",
    "startTime" : "20141027T113603+0100",
    "endTime" : "20141027T113952+0100",
    "activities" : [ {
      "activity" : "walking",
      "group" : "walking",
      "manual" : false,
      "startTime" : "20141027T113603+0100",
      "endTime" : "20141027T113620+0100",
      "duration" : 17.0,
      "distance" : 11.0,
      "steps" : 22
    } ],
    "lastUpdate" : "20141027T121041Z"
  }, {
    "type" : "move",
    "startTime" : "20141027T113952+0100",
    "endTime" : "20141027T114734+0100",
    "activities" : [ {
      "activity" : "walking",
      "group" : "walking",
      "manual" : false,
      "startTime" : "20141027T113952+0100",
      "endTime" : "20141027T114734+0100",
      "duration" : 462.0,
      "distance" : 787.0,
      "steps" : 766
    } ],
    "lastUpdate" : "20141027T121041Z"
  }, {
    "type" : "place",
    "startTime" : "20141027T114734+0100",
    "endTime" : "20141027T115943+0100",
    "activities" : [ {
      "activity" : "walking",
      "group" : "walking",
      "manual" : false,
      "startTime" : "20141027T114734+0100",
      "endTime" : "20141027T115207+0100",
      "duration" : 273.0,
      "distance" : 321.0,
      "steps" : 429
    } ],
    "lastUpdate" : "20141027T121041Z"
  }, {
    "type" : "move",
    "startTime" : "20141027T115943+0100",
    "endTime" : "20141027T121407+0100",
    "activities" : [ {
      "activity" : "transport",
      "group" : "transport",
      "manual" : false,
      "startTime" : "20141027T115943+0100",
      "endTime" : "20141027T120442+0100",
      "duration" : 299.0,
      "distance" : 1600.0
    }, {
      "activity" : "walking",
      "group" : "walking",
      "manual" : false,
      "startTime" : "20141027T120441+0100",
      "endTime" : "20141027T121407+0100",
      "duration" : 566.0,
      "distance" : 741.0,
      "steps" : 909
    } ],
    "lastUpdate" : "20141027T121041Z"
  }, {
    "type" : "place",
    "startTime" : "20141027T121407+0100",
    "endTime" : "20141027T173148+0100",
    "activities" : [ {
      "activity" : "walking",
      "group" : "walking",
      "manual" : false,
      "startTime" : "20141027T121407+0100",
      "endTime" : "20141027T121628+0100",
      "duration" : 141.0,
      "distance" : 146.0,
      "steps" : 194
    }, {
      "activity" : "walking",
      "group" : "walking",
      "manual" : false,
      "startTime" : "20141027T153603+0100",
      "endTime" : "20141027T153636+0100",
      "duration" : 33.0,
      "distance" : 22.0,
      "steps" : 44
    } ],
    "lastUpdate" : "20141027T195519Z"
  }, {
    "type" : "move",
    "startTime" : "20141027T173148+0100",
    "endTime" : "20141027T173837+0100",
    "activities" : [ {
      "activity" : "walking",
      "group" : "walking",
      "manual" : false,
      "startTime" : "20141027T173148+0100",
      "endTime" : "20141027T173837+0100",
      "duration" : 409.0,
      "distance" : 351.0,
      "steps" : 702
    } ],
    "lastUpdate" : "20141027T195519Z"
  }, {
    "type" : "place",
    "startTime" : "20141027T173837+0100",
    "endTime" : "20141027T174924+0100",
    "activities" : [ {
      "activity" : "walking",
      "group" : "walking",
      "manual" : false,
      "startTime" : "20141027T173858+0100",
      "endTime" : "20141027T173948+0100",
      "duration" : 50.0,
      "distance" : 29.0,
      "steps" : 57
    } ],
    "lastUpdate" : "20141027T195519Z"
  }, {
    "type" : "move",
    "startTime" : "20141027T174924+0100",
    "endTime" : "20141027T181157+0100",
    "activities" : [ {
      "activity" : "transport",
      "group" : "transport",
      "manual" : false,
      "startTime" : "20141027T174924+0100",
      "endTime" : "20141027T180625+0100",
      "duration" : 1021.0,
      "distance" : 3834.0
    }, {
      "activity" : "walking",
      "group" : "walking",
      "manual" : false,
      "startTime" : "20141027T180624+0100",
      "endTime" : "20141027T181157+0100",
      "duration" : 333.0,
      "distance" : 519.0,
      "steps" : 610
    } ],
    "lastUpdate" : "20141027T195519Z"
  }, {
    "type" : "place",
    "startTime" : "20141027T181157+0100",
    "endTime" : "20141027T194531+0100",
    "activities" : [ {
      "activity" : "walking",
      "group" : "walking",
      "manual" : false,
      "startTime" : "20141027T181157+0100",
      "endTime" : "20141027T181216+0100",
      "duration" : 19.0,
      "distance" : 13.0,
      "steps" : 26
    }, {
      "activity" : "walking",
      "group" : "walking",
      "manual" : false,
      "startTime" : "20141027T194238+0100",
      "endTime" : "20141027T194256+0100",
      "duration" : 18.0,
      "distance" : 10.0,
      "steps" : 20
    } ],
    "lastUpdate" : "20141027T195519Z"
  }, {
    "type" : "move",
    "startTime" : "20141027T194531+0100",
    "endTime" : "20141027T194913+0100",
    "activities" : [ {
      "activity" : "walking",
      "group" : "walking",
      "manual" : false,
      "startTime" : "20141027T194531+0100",
      "endTime" : "20141027T194912+0100",
      "duration" : 221.0,
      "distance" : 240.0,
      "steps" : 383
    } ],
    "lastUpdate" : "20141027T195519Z"
  }, {
    "type" : "place",
    "startTime" : "20141027T194913+0100",
    "endTime" : "20141027T224157+0100",
    "activities" : [ {
      "activity" : "walking",
      "group" : "walking",
      "manual" : false,
      "startTime" : "20141027T194913+0100",
      "endTime" : "20141027T194934+0100",
      "duration" : 21.0,
      "distance" : 14.0,
      "steps" : 28
    }, {
      "activity" : "walking",
      "group" : "walking",
      "manual" : false,
      "startTime" : "20141027T220145+0100",
      "endTime" : "20141027T220258+0100",
      "duration" : 73.0,
      "distance" : 49.0,
      "steps" : 98
    } ],
    "lastUpdate" : "20141027T224539Z"
  }, {
    "type" : "move",
    "startTime" : "20141027T224157+0100",
    "endTime" : "20141027T224616+0100",
    "activities" : [ {
      "activity" : "walking",
      "group" : "walking",
      "manual" : false,
      "startTime" : "20141027T224157+0100",
      "endTime" : "20141027T224616+0100",
      "duration" : 259.0,
      "distance" : 240.0,
      "steps" : 374
    } ],
    "lastUpdate" : "20141027T224539Z"
  }, {
    "type" : "place",
    "startTime" : "20141027T224616+0100",
    "endTime" : "20141028T084703+0100",
    "activities" : [ {
      "activity" : "walking",
      "group" : "walking",
      "manual" : false,
      "startTime" : "20141027T224633+0100",
      "endTime" : "20141027T224914+0100",
      "duration" : 161.0,
      "distance" : 180.0,
      "steps" : 241
    }, {
      "activity" : "walking",
      "group" : "walking",
      "manual" : false,
      "startTime" : "20141027T231107+0100",
      "endTime" : "20141027T231442+0100",
      "duration" : 215.0,
      "distance" : 211.0,
      "steps" : 282
    } ],
    "lastUpdate" : "20141028T093548Z"
  } ],
  "lastUpdate" : "20141028T093548Z"
} ]