[ {
  "date" : "20141010",
  "summary" : [ {
    "activity" : "walking",
    "group" : "walking",
    "duration" : 8150.0,
    "distance" : 8891.0,
    "steps" : 11271
  }, {
    "activity" : "transport",
    "group" : "transport",
    "duration" : 17629.0,
    "distance" : 268789.0
  } ],
  "segments" : [ {
    "type" : "move",
    "startTime" : "20141010T053315+0200",
    "endTime" : "20141010T055042+0200",
    "activities" : [ {
      "activity" : "walking",
      "group" : "walking",
      "manual" : false,
      "startTime" : "20141010T053315+0200",
      "endTime" : "20141010T055042+0200",
      "duration" : 1047.0,
      "distance" : 1345.0,
      "steps" : 1762
    } ],
    "lastUpdate" : "20141010T050522Z"
  }, {
    "type" : "place",
    "startTime" : "20141010T055042+0200",
    "endTime" : "20141010T055638+0200",
    "activities" : [ {
      "activity" : "walking",
      "group" : "walking",
      "manual" : false,
      "startTime" : "20141010T055634+0200",
      "endTime" : "20141010T055638+0200",
      "duration" : 4.0,
      "distance" : 3.0,
      "steps" : 5
    } ],
    "lastUpdate" : "20141010T050522Z"
  }, {
    "type" : "move",
    "startTime" : "20141010T055638+0200",
    "endTime" : "20141010T061347+0200",
    "activities" : [ {
      "activity" : "transport",
      "group" : "transport",
      "manual" : false,
      "startTime" : "20141010T055638+0200",
      "endTime" : "20141010T060741+0200",
      "duration" : 663.0,
      "distance" : 2742.0
    }, {
      "activity" : "walking",
      "group" : "walking",
      "manual" : false,
      "startTime" : "20141010T060740+0200",
      "endTime" : "20141010T061347+0200",
      "duration" : 367.0,
      "distance" : 424.0,
      "steps" : 537
    } ],
    "lastUpdate" : "20141010T050522Z"
  }, {
    "type" : "place",
    "startTime" : "20141010T061347+0200",
    "endTime" : "20141010T065415+0200",
    "activities" : [ {
      "activity" : "walking",
      "group" : "walking",
      "manual" : false,
      "startTime" : "20141010T061701+0200",
      "endTime" : "20141010T062247+0200",
      "duration" : 346.0,
      "distance" : 415.0,
      "steps" : 553
    } ],
    "lastUpdate" : "20141010T093111Z"
  }, {
    "type" : "move",
    "startTime" : "20141010T065415+0200",
    "endTime" : "20141010T092155+0200",
    "activities" : [ {
      "activity" : "transport",
      "group" : "transport",
      "manual" : false,
      "startTime" : "20141010T065415+0200",
      "endTime" : "20141010T092156+0200",
      "duration" : 8861.0,
      "distance" : 208406.0
    } ],
    "lastUpdate" : "20141010T093111Z"
  }, {
    "type" : "place",
    "startTime" : "20141010T092155+0200",
    "endTime" : "20141010T093954+0200",
    "activities" : [ {
      "activity" : "walking",
      "group" : "walking",
      "manual" : false,
      "startTime" : "20141010T092204+0200",
      "endTime" : "20141010T092629+0200",
      "duration" : 265.0,
      "distance" : 292.0,
      "steps" : 389
    } ],
    "lastUpdate" : "20141010T093111Z"
  }, {
    "type" : "move",
    "startTime" : "20141010T093954+0200",
    "endTime" : "20141010T103339+0200",
    "activities" : [ {
      "activity" : "transport",
      "group" : "transport",
      "manual" : false,
      "startTime" : "20141010T093954+0200",
      "endTime" : "20141010T102633+0200",
      "duration" : 2799.0,
      "distance" : 26110.0
    }, {
      "activity" : "walking",
      "group" : "walking",
      "manual" : false,
      "startTime" : "20141010T102632+0200",
      "endTime" : "20141010T103339+0200",
      "duration" : 427.0,
      "distance" : 493.0,
      "steps" : 669
    } ],
    "lastUpdate" : "20141010T093111Z"
  }, {
    "type" : "place",
    "startTime" : "20141010T103339+0200",
    "endTime" : "20141010T104455+0200",
    "activities" : [ {
      "activity" : "walking",
      "group" : "walking",
      "manual" : false,
      "startTime" : "20141010T103633+0200",
      "endTime" : "20141010T104259+0200",
      "duration" : 386.0,
      "distance" : 425.0,
      "steps" : 567
    } ],
    "lastUpdate" : "20141010T093111Z"
  }, {
    "type" : "place",
    "startTime" : "20141010T104456+0200",
    "endTime" : "20141010T112024+0200",
    "activities" : [ {
      "activity" : "walking",
      "group" : "walking",
      "manual" : false,
      "startTime" : "20141010T104456+0200",
      "endTime" : "20141010T105826+0200",
      "duration" : 810.0,
      "distance" : 868.0,
      "steps" : 1158
    }, {
      "activity" : "walking",
      "group" : "walking",
      "manual" : false,
      "startTime" : "20141010T110000+0200",
      "endTime" : "20141010T110132+0200",
      "duration" : 92.0,
      "distance" : 66.0,
      "steps" : 133
    } ],
    "lastUpdate" : "20141010T123352Z"
  }, {
    "type" : "move",
    "startTime" : "20141010T112024+0200",
    "endTime" : "20141010T112907+0200",
    "activities" : [ {
      "activity" : "walking",
      "group" : "walking",
      "manual" : false,
      "startTime" : "20141010T112024+0200",
      "endTime" : "20141010T112907+0200",
      "duration" : 523.0,
      "distance" : 394.0,
      "steps" : 654
    } ],
    "lastUpdate" : "20141010T123352Z"
  }, {
    "type" : "place",
    "startTime" : "20141010T112907+0200",
    "endTime" : "20141010T113453+0200",
    "activities" : [ {
      "activity" : "walking",
      "group" : "walking",
      "manual" : false,
      "startTime" : "20141010T113326+0200",
      "endTime" : "20141010T113359+0200",
      "duration" : 33.0,
      "distance" : 22.0,
      "steps" : 44
    } ],
    "lastUpdate" : "20141010T123352Z"
  }, {
    "type" : "move",
    "startTime" : "20141010T113453+0200",
    "endTime" : "20141010T114433+0200",
    "activities" : [ {
      "activity" : "walking",
      "group" : "walking",
      "manual" : false,
      "startTime" : "20141010T113453+0200",
      "endTime" : "20141010T114434+0200",
      "duration" : 581.0,
      "distance" : 445.0,
      "steps" : 809
    } ],
    "lastUpdate" : "20141010T123352Z"
  }, {
    "type" : "move",
    "startTime" : "20141010T114911+0200",
    "endTime" : "20141010T123412+0200",
    "activities" : [ {
      "activity" : "transport",
      "group" : "transport",
      "manual" : false,
      "startTime" : "20141010T114911+0200",
      "endTime" : "20141010T123413+0200",
      "duration" : 2702.0,
      "distance" : 16004.0
    } ],
    "lastUpdate" : "20141010T123352Z"
  }, {
    "type" : "move",
    "startTime" : "20141010T123936+0200",
    "endTime" : "20141010T124832+0200",
    "activities" : [ {
      "activity" : "transport",
      "group" : "transport",
      "manual" : false,
      "startTime" : "20141010T123936+0200",
      "endTime" : "20141010T124833+0200",
      "duration" : 537.0,
      "distance" : 5277.0
    } ],
    "lastUpdate" : "20141010T123352Z"
  }, {
    "type" : "place",
    "startTime" : "20141010T124833+0200",
    "endTime" : "20141010T141204+0200",
    "activities" : [ {
      "activity" : "walking",
      "group" : "walking",
      "manual" : false,
      "startTime" : "20141010T124833+0200",
      "endTime" : "20141010T125154+0200",
      "duration" : 201.0,
      "distance" : 216.0,
      "steps" : 289
    }, {
      "activity" : "walking",
      "group" : "walking",
      "manual" : false,
      "startTime" : "20141010T130009+0200",
      "endTime" : "20141010T131525+0200",
      "duration" : 916.0,
      "distance" : 943.0,
      "steps" : 1258
    }, {
      "activity" : "walking",
      "group" : "walking",
      "manual" : false,
      "startTime" : "20141010T140031+0200",
      "endTime" : "20141010T140509+0200",
      "duration" : 278.0,
      "distance" : 282.0,
      "steps" : 376
    } ],
    "lastUpdate" : "20141010T230510Z"
  }, {
    "type" : "move",
    "startTime" : "20141010T141204+0200",
    "endTime" : "20141010T145902+0200",
    "activities" : [ {
      "activity" : "transport",
      "group" : "transport",
      "manual" : false,
      "startTime" : "20141010T141204+0200",
      "endTime" : "20141010T144631+0200",
      "duration" : 2067.0,
      "distance" : 10250.0
    }, {
      "activity" : "walking",
      "group" : "walking",
      "manual" : false,
      "startTime" : "20141010T144630+0200",
      "endTime" : "20141010T145902+0200",
      "duration" : 752.0,
      "distance" : 1330.0,
      "steps" : 1109
    } ],
    "lastUpdate" : "20141010T230510Z"
  }, {
    "type" : "place",
    "startTime" : "20141010T145903+0200",
    "endTime" : "20141010T153933+0200",
    "activities" : [ {
      "activity" : "walking",
      "group" : "walking",
      "manual" : false,
      "startTime" : "20141010T145903+0200",
      "endTime" : "20141010T145916+0200",
      "duration" : 13.0,
      "distance" : 9.0,
      "steps" : 17
    }, {
      "activity" : "walking",
      "group" : "walking",
      "manual" : false,
      "startTime" : "20141010T153317+0200",
      "endTime" : "20141010T153355+0200",
      "duration" : 38.0,
      "distance" : 20.0,
      "steps" : 41
    } ],
    "lastUpdate" : "20141011T003948Z"
  }, {
    "type" : "move",
    "startTime" : "20141010T153933+0200",
    "endTime" : "20141010T154332+0200",
    "activities" : [ {
      "activity" : "walking",
      "group" : "walking",
      "manual" : false,
      "startTime" : "20141010T153933+0200",
      "endTime" : "20141010T154333+0200",
      "duration" : 240.0,
      "distance" : 205.0,
      "steps" : 190
    } ],
    "lastUpdate" : "20141011T003948Z"
  }, {
    "type" : "place",
    "startTime" : "20141010T154333+0200",
    "endTime" : "20141010T155329+0200",
    "activities" : [ {
      "activity" : "walking",
      "group" : "walking",
      "manual" : false,
      "startTime" : "20141010T154333+0200",
      "endTime" : "20141010T154705+0200",
      "duration" : 212.0,
      "distance" : 225.0,
      "steps" : 301
    } ],
    "lastUpdate" : "20141011T003948Z"
  }, {
    "type" : "move",
    "startTime" : "20141010T155329+0200",
    "endTime" : "20141010T161459+0200",
    "activities" : [ {
      "activity" : "walking",
      "group" : "walking",
      "manual" : false,
      "startTime" : "20141010T155329+0200",
      "endTime" : "20141010T160348+0200",
      "duration" : 619.0,
      "distance" : 469.0,
      "steps" : 410
    } ],
    "lastUpdate" : "20141011T003948Z"
  } ],
  "lastUpdate" : "20141011T003948Z"
} ]