[ {
  "date" : "20140801",
  "summary" : [ {
    "activity" : "walking",
    "group" : "walking",
    "duration" : 2386.0,
    "distance" : 2334.0,
    "steps" : 3710
  }, {
    "activity" : "transport",
    "group" : "transport",
    "duration" : 1822.0,
    "distance" : 7146.0
  } ],
  "segments" : [ {
    "type" : "place",
    "startTime" : "20140731T225553+0200",
    "endTime" : "20140801T083004+0200",
    "activities" : [ {
      "activity" : "walking",
      "group" : "walking",
      "manual" : false,
      "startTime" : "20140801T082719+0200",
      "endTime" : "20140801T082826+0200",
      "duration" : 67.0,
      "distance" : 45.0,
      "steps" : 90
    } ],
    "lastUpdate" : "20140801T112413Z"
  }, {
    "type" : "move",
    "startTime" : "20140801T083004+0200",
    "endTime" : "20140801T083518+0200",
    "activities" : [ {
      "activity" : "walking",
      "group" : "walking",
      "manual" : false,
      "startTime" : "20140801T083004+0200",
      "endTime" : "20140801T083519+0200",
      "duration" : 315.0,
      "distance" : 358.0,
      "steps" : 542
    } ],
    "lastUpdate" : "20140801T112413Z"
  }, {
    "type" : "place",
    "startTime" : "20140801T083519+0200",
    "endTime" : "20140801T083929+0200",
    "activities" : [ {
      "activity" : "walking",
      "group" : "walking",
      "manual" : false,
      "startTime" : "20140801T083527+0200",
      "endTime" : "20140801T083528+0200",
      "duration" : 1.0,
      "distance" : 1.0,
      "steps" : 1
    } ],
    "lastUpdate" : "20140801T112413Z"
  }, {
    "type" : "move",
    "startTime" : "20140801T083929+0200",
    "endTime" : "20140801T090248+0200",
    "activities" : [ {
      "activity" : "transport",
      "group" : "transport",
      "manual" : false,
      "startTime" : "20140801T083929+0200",
      "endTime" : "20140801T085501+0200",
      "duration" : 932.0,
      "distance" : 3537.0
    }, {
      "activity" : "walking",
      "group" : "walking",
      "manual" : false,
      "startTime" : "20140801T085502+0200",
      "endTime" : "20140801T090249+0200",
      "duration" : 467.0,
      "distance" : 622.0,
      "steps" : 835
    } ],
    "lastUpdate" : "20140801T112413Z"
  }, {
    "type" : "move",
    "startTime" : "20140801T090248+0200",
    "endTime" : "20140801T090647+0200",
    "activities" : [ {
      "activity" : "walking",
      "group" : "walking",
      "manual" : false,
      "startTime" : "20140801T090248+0200",
      "endTime" : "20140801T090648+0200",
      "duration" : 240.0,
      "distance" : 199.0,
      "steps" : 398
    } ],
    "lastUpdate" : "20140801T115923Z"
  }, {
    "type" : "place",
    "startTime" : "20140801T090648+0200",
    "endTime" : "20140801T132448+0200",
    "activities" : [ {
      "activity" : "walking",
      "group" : "walking",
      "manual" : false,
      "startTime" : "20140801T090728+0200",
      "endTime" : "20140801T090733+0200",
      "duration" : 5.0,
      "distance" : 4.0,
      "steps" : 7
    }, {
      "activity" : "walking",
      "group" : "walking",
      "manual" : false,
      "startTime" : "20140801T132258+0200",
      "endTime" : "20140801T132336+0200",
      "duration" : 38.0,
      "distance" : 21.0,
      "steps" : 41
    } ],
    "lastUpdate" : "20140801T133832Z"
  }, {
    "type" : "move",
    "startTime" : "20140801T132448+0200",
    "endTime" : "20140801T133532+0200",
    "activities" : [ {
      "activity" : "walking",
      "group" : "walking",
      "manual" : false,
      "startTime" : "20140801T132448+0200",
      "endTime" : "20140801T133533+0200",
      "duration" : 645.0,
      "distance" : 474.0,
      "steps" : 896
    } ],
    "lastUpdate" : "20140801T133832Z"
  }, {
    "type" : "place",
    "startTime" : "20140801T133533+0200",
    "endTime" : "20140801T134005+0200",
    "activities" : [ {
      "activity" : "walking",
      "group" : "walking",
      "manual" : false,
      "startTime" : "20140801T133900+0200",
      "endTime" : "20140801T133946+0200",
      "duration" : 46.0,
      "distance" : 26.0,
      "steps" : 52
    } ],
    "lastUpdate" : "20140801T133832Z"
  }, {
    "type" : "move",
    "startTime" : "20140801T134005+0200",
    "endTime" : "20140801T140331+0200",
    "activities" : [ {
      "activity" : "transport",
      "group" : "transport",
      "manual" : false,
      "startTime" : "20140801T134005+0200",
      "endTime" : "20140801T135455+0200",
      "duration" : 890.0,
      "distance" : 3609.0
    }, {
      "activity" : "walking",
      "group" : "walking",
      "manual" : false,
      "startTime" : "20140801T135455+0200",
      "endTime" : "20140801T140331+0200",
      "duration" : 516.0,
      "distance" : 550.0,
      "steps" : 781
    } ],
    "lastUpdate" : "20140801T133832Z"
  }, {
    "type" : "place",
    "startTime" : "20140801T140331+0200",
    "endTime" : "20140802T131359+0200",
    "activities" : [ {
      "activity" : "walking",
      "group" : "walking",
      "manual" : false,
      "startTime" : "20140801T140331+0200",
      "endTime" : "20140801T140417+0200",
      "duration" : 46.0,
      "distance" : 34.0,
      "steps" : 67
    } ],
    "lastUpdate" : "20140802T132559Z"
  } ],
  "lastUpdate" : "20140802T132559Z"
} ]