[ {
  "date" : "20140804",
  "summary" : [ {
    "activity" : "walking",
    "group" : "walking",
    "duration" : 5257.0,
    "distance" : 5131.0,
    "steps" : 7270
  }, {
    "activity" : "transport",
    "group" : "transport",
    "duration" : 11417.0,
    "distance" : 70418.0
  } ],
  "segments" : [ {
    "type" : "place",
    "startTime" : "20140803T185823+0200",
    "endTime" : "20140804T071517+0200",
    "activities" : [ {
      "activity" : "walking",
      "group" : "walking",
      "manual" : false,
      "startTime" : "20140804T000109+0200",
      "endTime" : "20140804T000139+0200",
      "duration" : 30.0,
      "distance" : 15.0,
      "steps" : 30
    }, {
      "activity" : "walking",
      "group" : "walking",
      "manual" : false,
      "startTime" : "20140804T064215+0200",
      "endTime" : "20140804T064216+0200",
      "duration" : 1.0,
      "distance" : 1.0,
      "steps" : 1
    }, {
      "activity" : "walking",
      "group" : "walking",
      "manual" : false,
      "startTime" : "20140804T071505+0200",
      "endTime" : "20140804T071517+0200",
      "duration" : 12.0,
      "distance" : 8.0,
      "steps" : 16
    } ],
    "lastUpdate" : "20140804T072133Z"
  }, {
    "type" : "move",
    "startTime" : "20140804T071517+0200",
    "endTime" : "20140804T073754+0200",
    "activities" : [ {
      "activity" : "walking",
      "group" : "walking",
      "manual" : false,
      "startTime" : "20140804T071517+0200",
      "endTime" : "20140804T072020+0200",
      "duration" : 303.0,
      "distance" : 258.0,
      "steps" : 516
    }, {
      "activity" : "transport",
      "group" : "transport",
      "manual" : false,
      "startTime" : "20140804T072020+0200",
      "endTime" : "20140804T072944+0200",
      "duration" : 564.0,
      "distance" : 1864.0
    }, {
      "activity" : "walking",
      "group" : "walking",
      "manual" : false,
      "startTime" : "20140804T072944+0200",
      "endTime" : "20140804T073754+0200",
      "duration" : 490.0,
      "distance" : 372.0,
      "steps" : 744
    } ],
    "lastUpdate" : "20140804T072133Z"
  }, {
    "type" : "place",
    "startTime" : "20140804T073755+0200",
    "endTime" : "20140804T085244+0200",
    "activities" : [ {
      "activity" : "walking",
      "group" : "walking",
      "manual" : false,
      "startTime" : "20140804T080351+0200",
      "endTime" : "20140804T080924+0200",
      "duration" : 333.0,
      "distance" : 364.0,
      "steps" : 485
    } ],
    "lastUpdate" : "20140804T072133Z"
  }, {
    "type" : "move",
    "startTime" : "20140804T085244+0200",
    "endTime" : "20140804T085808+0200",
    "activities" : [ {
      "activity" : "walking",
      "group" : "walking",
      "manual" : false,
      "startTime" : "20140804T085244+0200",
      "endTime" : "20140804T085809+0200",
      "duration" : 325.0,
      "distance" : 528.0,
      "steps" : 536
    } ],
    "lastUpdate" : "20140804T072133Z"
  }, {
    "type" : "place",
    "startTime" : "20140804T085809+0200",
    "endTime" : "20140804T094047+0200",
    "activities" : [ {
      "activity" : "walking",
      "group" : "walking",
      "manual" : false,
      "startTime" : "20140804T085850+0200",
      "endTime" : "20140804T085917+0200",
      "duration" : 27.0,
      "distance" : 19.0,
      "steps" : 39
    }, {
      "activity" : "walking",
      "group" : "walking",
      "manual" : false,
      "startTime" : "20140804T090000+0200",
      "endTime" : "20140804T090843+0200",
      "duration" : 523.0,
      "distance" : 570.0,
      "steps" : 760
    } ],
    "lastUpdate" : "20140804T134754Z"
  }, {
    "type" : "move",
    "startTime" : "20140804T094047+0200",
    "endTime" : "20140804T095433+0200",
    "activities" : [ {
      "activity" : "transport",
      "group" : "transport",
      "manual" : false,
      "startTime" : "20140804T094047+0200",
      "endTime" : "20140804T094957+0200",
      "duration" : 550.0,
      "distance" : 2300.0
    }, {
      "activity" : "walking",
      "group" : "walking",
      "manual" : false,
      "startTime" : "20140804T094957+0200",
      "endTime" : "20140804T095433+0200",
      "duration" : 276.0,
      "distance" : 153.0,
      "steps" : 306
    } ],
    "lastUpdate" : "20140804T134754Z"
  }, {
    "type" : "place",
    "startTime" : "20140804T095434+0200",
    "endTime" : "20140804T100316+0200",
    "activities" : [ {
      "activity" : "walking",
      "group" : "walking",
      "manual" : false,
      "startTime" : "20140804T095501+0200",
      "endTime" : "20140804T095518+0200",
      "duration" : 17.0,
      "distance" : 12.0,
      "steps" : 23
    } ],
    "lastUpdate" : "20140804T134754Z"
  }, {
    "type" : "move",
    "startTime" : "20140804T100316+0200",
    "endTime" : "20140804T114514+0200",
    "activities" : [ {
      "activity" : "transport",
      "group" : "transport",
      "manual" : false,
      "startTime" : "20140804T100316+0200",
      "endTime" : "20140804T114515+0200",
      "duration" : 6119.0,
      "distance" : 31888.0
    } ],
    "lastUpdate" : "20140804T134754Z"
  }, {
    "type" : "place",
    "startTime" : "20140804T114515+0200",
    "endTime" : "20140804T115757+0200",
    "activities" : [ {
      "activity" : "walking",
      "group" : "walking",
      "manual" : false,
      "startTime" : "20140804T114610+0200",
      "endTime" : "20140804T114946+0200",
      "duration" : 216.0,
      "distance" : 238.0,
      "steps" : 317
    } ],
    "lastUpdate" : "20140804T134754Z"
  }, {
    "type" : "move",
    "startTime" : "20140804T115757+0200",
    "endTime" : "20140804T120428+0200",
    "activities" : [ {
      "activity" : "walking",
      "group" : "walking",
      "manual" : false,
      "startTime" : "20140804T115757+0200",
      "endTime" : "20140804T120429+0200",
      "duration" : 392.0,
      "distance" : 325.0,
      "steps" : 564
    } ],
    "lastUpdate" : "20140804T134754Z"
  }, {
    "type" : "place",
    "startTime" : "20140804T120429+0200",
    "endTime" : "20140804T121638+0200",
    "activities" : [ {
      "activity" : "walking",
      "group" : "walking",
      "manual" : false,
      "startTime" : "20140804T120433+0200",
      "endTime" : "20140804T120746+0200",
      "duration" : 193.0,
      "distance" : 232.0,
      "steps" : 309
    } ],
    "lastUpdate" : "20140804T134754Z"
  }, {
    "type" : "move",
    "startTime" : "20140804T121638+0200",
    "endTime" : "20140804T124717+0200",
    "activities" : [ {
      "activity" : "walking",
      "group" : "walking",
      "manual" : false,
      "startTime" : "20140804T121638+0200",
      "endTime" : "20140804T123711+0200",
      "duration" : 1233.0,
      "distance" : 1207.0,
      "steps" : 1401
    }, {
      "activity" : "transport",
      "group" : "transport",
      "manual" : false,
      "startTime" : "20140804T123711+0200",
      "endTime" : "20140804T124216+0200",
      "duration" : 305.0,
      "distance" : 774.0
    }, {
      "activity" : "walking",
      "group" : "walking",
      "manual" : false,
      "startTime" : "20140804T124216+0200",
      "endTime" : "20140804T124717+0200",
      "duration" : 301.0,
      "distance" : 241.0,
      "steps" : 380
    } ],
    "lastUpdate" : "20140804T134754Z"
  }, {
    "type" : "place",
    "startTime" : "20140804T124717+0200",
    "endTime" : "20140804T124953+0200",
    "activities" : [ {
      "activity" : "walking",
      "group" : "walking",
      "manual" : false,
      "startTime" : "20140804T124726+0200",
      "endTime" : "20140804T124732+0200",
      "duration" : 6.0,
      "distance" : 4.0,
      "steps" : 8
    } ],
    "lastUpdate" : "20140804T134754Z"
  }, {
    "type" : "move",
    "startTime" : "20140804T124953+0200",
    "endTime" : "20140804T140330+0200",
    "activities" : [ {
      "activity" : "walking",
      "group" : "walking",
      "manual" : false,
      "startTime" : "20140804T124953+0200",
      "endTime" : "20140804T125143+0200",
      "duration" : 110.0,
      "distance" : 101.0,
      "steps" : 74
    }, {
      "activity" : "transport",
      "group" : "transport",
      "manual" : false,
      "startTime" : "20140804T125143+0200",
      "endTime" : "20140804T133157+0200",
      "duration" : 2414.0,
      "distance" : 29870.0
    }, {
      "activity" : "walking",
      "group" : "walking",
      "manual" : false,
      "startTime" : "20140804T133157+0200",
      "endTime" : "20140804T133359+0200",
      "duration" : 122.0,
      "distance" : 104.0,
      "steps" : 208
    }, {
      "activity" : "transport",
      "group" : "transport",
      "manual" : false,
      "startTime" : "20140804T133359+0200",
      "endTime" : "20140804T135824+0200",
      "duration" : 1465.0,
      "distance" : 3722.0
    }, {
      "activity" : "walking",
      "group" : "walking",
      "manual" : false,
      "startTime" : "20140804T135824+0200",
      "endTime" : "20140804T140330+0200",
      "duration" : 306.0,
      "distance" : 355.0,
      "steps" : 504
    } ],
    "lastUpdate" : "20140804T134754Z"
  }, {
    "type" : "place",
    "startTime" : "20140804T140330+0200",
    "endTime" : "20140805T084026+0200",
    "activities" : [ {
      "activity" : "walking",
      "group" : "walking",
      "manual" : false,
      "startTime" : "20140804T140333+0200",
      "endTime" : "20140804T140336+0200",
      "duration" : 3.0,
      "distance" : 2.0,
      "steps" : 4
    }, {
      "activity" : "walking",
      "group" : "walking",
      "manual" : false,
      "startTime" : "20140804T161039+0200",
      "endTime" : "20140804T161109+0200",
      "duration" : 30.0,
      "distance" : 17.0,
      "steps" : 35
    }, {
      "activity" : "walking",
      "group" : "walking",
      "manual" : false,
      "startTime" : "20140804T195329+0200",
      "endTime" : "20140804T195337+0200",
      "duration" : 8.0,
      "distance" : 5.0,
      "steps" : 10
    } ],
    "lastUpdate" : "20140805T111825Z"
  } ],
  "lastUpdate" : "20140805T111825Z"
} ]