[ {
  "date" : "20141030",
  "summary" : [ {
    "activity" : "walking",
    "group" : "walking",
    "duration" : 4372.0,
    "distance" : 5531.0,
    "steps" : 6806
  }, {
    "activity" : "transport",
    "group" : "transport",
    "duration" : 1237.0,
    "distance" : 4470.0
  } ],
  "segments" : [ {
    "type" : "place",
    "startTime" : "20141029T191059+0100",
    "endTime" : "20141030T083506+0100",
    "activities" : [ {
      "activity" : "walking",
      "group" : "walking",
      "manual" : false,
      "startTime" : "20141030T082402+0100",
      "endTime" : "20141030T083118+0100",
      "duration" : 436.0,
      "distance" : 625.0,
      "steps" : 833
    } ],
    "lastUpdate" : "20141030T102040Z"
  }, {
    "type" : "move",
    "startTime" : "20141030T083506+0100",
    "endTime" : "20141030T084626+0100",
    "activities" : [ {
      "activity" : "walking",
      "group" : "walking",
      "manual" : false,
      "startTime" : "20141030T083506+0100",
      "endTime" : "20141030T083650+0100",
      "duration" : 104.0,
      "distance" : 170.0,
      "steps" : 178
    }, {
      "activity" : "transport",
      "group" : "transport",
      "manual" : false,
      "startTime" : "20141030T083650+0100",
      "endTime" : "20141030T083930+0100",
      "duration" : 160.0,
      "distance" : 475.0
    }, {
      "activity" : "walking",
      "group" : "walking",
      "manual" : false,
      "startTime" : "20141030T083930+0100",
      "endTime" : "20141030T084627+0100",
      "duration" : 417.0,
      "distance" : 746.0,
      "steps" : 795
    } ],
    "lastUpdate" : "20141030T102040Z"
  }, {
    "type" : "place",
    "startTime" : "20141030T084627+0100",
    "endTime" : "20141030T121106+0100",
    "activities" : [ {
      "activity" : "walking",
      "group" : "walking",
      "manual" : false,
      "startTime" : "20141030T111718+0100",
      "endTime" : "20141030T112018+0100",
      "duration" : 180.0,
      "distance" : 203.0,
      "steps" : 270
    }, {
      "activity" : "walking",
      "group" : "walking",
      "manual" : false,
      "startTime" : "20141030T120641+0100",
      "endTime" : "20141030T120752+0100",
      "duration" : 71.0,
      "distance" : 47.0,
      "steps" : 94
    } ],
    "lastUpdate" : "20141030T122203Z"
  }, {
    "type" : "move",
    "startTime" : "20141030T121106+0100",
    "endTime" : "20141030T121915+0100",
    "activities" : [ {
      "activity" : "walking",
      "group" : "walking",
      "manual" : false,
      "startTime" : "20141030T121106+0100",
      "endTime" : "20141030T121915+0100",
      "duration" : 489.0,
      "distance" : 758.0,
      "steps" : 838
    } ],
    "lastUpdate" : "20141030T122203Z"
  }, {
    "type" : "place",
    "startTime" : "20141030T121915+0100",
    "endTime" : "20141030T123504+0100",
    "activities" : [ {
      "activity" : "walking",
      "group" : "walking",
      "manual" : false,
      "startTime" : "20141030T121915+0100",
      "endTime" : "20141030T122227+0100",
      "duration" : 192.0,
      "distance" : 230.0,
      "steps" : 307
    } ],
    "lastUpdate" : "20141030T135240Z"
  }, {
    "type" : "move",
    "startTime" : "20141030T123504+0100",
    "endTime" : "20141030T124121+0100",
    "activities" : [ {
      "activity" : "transport",
      "group" : "transport",
      "manual" : false,
      "startTime" : "20141030T123504+0100",
      "endTime" : "20141030T123749+0100",
      "duration" : 165.0,
      "distance" : 869.0
    }, {
      "activity" : "walking",
      "group" : "walking",
      "manual" : false,
      "startTime" : "20141030T123749+0100",
      "endTime" : "20141030T124121+0100",
      "duration" : 212.0,
      "distance" : 385.0,
      "steps" : 320
    } ],
    "lastUpdate" : "20141030T135240Z"
  }, {
    "type" : "place",
    "startTime" : "20141030T124121+0100",
    "endTime" : "20141030T124622+0100",
    "activities" : [ {
      "activity" : "walking",
      "group" : "walking",
      "manual" : false,
      "startTime" : "20141030T124121+0100",
      "endTime" : "20141030T124220+0100",
      "duration" : 59.0,
      "distance" : 44.0,
      "steps" : 89
    } ],
    "lastUpdate" : "20141030T135240Z"
  }, {
    "type" : "move",
    "startTime" : "20141030T124622+0100",
    "endTime" : "20141030T125052+0100",
    "activities" : [ {
      "activity" : "walking",
      "group" : "walking",
      "manual" : false,
      "startTime" : "20141030T124622+0100",
      "endTime" : "20141030T125052+0100",
      "duration" : 270.0,
      "distance" : 268.0,
      "steps" : 372
    } ],
    "lastUpdate" : "20141030T135240Z"
  }, {
    "type" : "place",
    "startTime" : "20141030T125052+0100",
    "endTime" : "20141030T130013+0100",
    "activities" : [ {
      "activity" : "walking",
      "group" : "walking",
      "manual" : false,
      "startTime" : "20141030T125052+0100",
      "endTime" : "20141030T125128+0100",
      "duration" : 36.0,
      "distance" : 24.0,
      "steps" : 47
    }, {
      "activity" : "walking",
      "group" : "walking",
      "manual" : false,
      "startTime" : "20141030T130000+0100",
      "endTime" : "20141030T130007+0100",
      "duration" : 7.0,
      "distance" : 5.0,
      "steps" : 10
    } ],
    "lastUpdate" : "20141030T135240Z"
  }, {
    "type" : "move",
    "startTime" : "20141030T130013+0100",
    "endTime" : "20141030T130559+0100",
    "activities" : [ {
      "activity" : "walking",
      "group" : "walking",
      "manual" : false,
      "startTime" : "20141030T130013+0100",
      "endTime" : "20141030T130559+0100",
      "duration" : 346.0,
      "distance" : 511.0,
      "steps" : 579
    } ],
    "lastUpdate" : "20141030T135240Z"
  }, {
    "type" : "place",
    "startTime" : "20141030T130559+0100",
    "endTime" : "20141030T133950+0100",
    "activities" : [ {
      "activity" : "walking",
      "group" : "walking",
      "manual" : false,
      "startTime" : "20141030T130559+0100",
      "endTime" : "20141030T130615+0100",
      "duration" : 16.0,
      "distance" : 11.0,
      "steps" : 21
    } ],
    "lastUpdate" : "20141030T135240Z"
  }, {
    "type" : "move",
    "startTime" : "20141030T133950+0100",
    "endTime" : "20141030T134342+0100",
    "activities" : [ {
      "activity" : "walking",
      "group" : "walking",
      "manual" : false,
      "startTime" : "20141030T133950+0100",
      "endTime" : "20141030T134342+0100",
      "duration" : 232.0,
      "distance" : 241.0,
      "steps" : 367
    } ],
    "lastUpdate" : "20141030T135240Z"
  }, {
    "type" : "place",
    "startTime" : "20141030T134343+0100",
    "endTime" : "20141030T145643+0100",
    "activities" : [ {
      "activity" : "walking",
      "group" : "walking",
      "manual" : false,
      "startTime" : "20141030T134343+0100",
      "endTime" : "20141030T134413+0100",
      "duration" : 30.0,
      "distance" : 22.0,
      "steps" : 44
    } ],
    "lastUpdate" : "20141030T161643Z"
  }, {
    "type" : "move",
    "startTime" : "20141030T145643+0100",
    "endTime" : "20141030T145944+0100",
    "activities" : [ {
      "activity" : "walking",
      "group" : "walking",
      "manual" : false,
      "startTime" : "20141030T145643+0100",
      "endTime" : "20141030T145943+0100",
      "duration" : 180.0,
      "distance" : 292.0,
      "steps" : 341
    } ],
    "lastUpdate" : "20141030T161643Z"
  }, {
    "type" : "place",
    "startTime" : "20141030T145944+0100",
    "endTime" : "20141030T151127+0100",
    "activities" : [ {
      "activity" : "walking",
      "group" : "walking",
      "manual" : false,
      "startTime" : "20141030T145944+0100",
      "endTime" : "20141030T150000+0100",
      "duration" : 16.0,
      "distance" : 13.0,
      "steps" : 26
    }, {
      "activity" : "walking",
      "group" : "walking",
      "manual" : false,
      "startTime" : "20141030T150045+0100",
      "endTime" : "20141030T150223+0100",
      "duration" : 98.0,
      "distance" : 67.0,
      "steps" : 133
    } ],
    "lastUpdate" : "20141030T161643Z"
  }, {
    "type" : "move",
    "startTime" : "20141030T151127+0100",
    "endTime" : "20141030T152316+0100",
    "activities" : [ {
      "activity" : "transport",
      "group" : "transport",
      "manual" : false,
      "startTime" : "20141030T151127+0100",
      "endTime" : "20141030T151940+0100",
      "duration" : 493.0,
      "distance" : 2137.0
    }, {
      "activity" : "walking",
      "group" : "walking",
      "manual" : false,
      "startTime" : "20141030T151940+0100",
      "endTime" : "20141030T152316+0100",
      "duration" : 216.0,
      "distance" : 224.0,
      "steps" : 394
    } ],
    "lastUpdate" : "20141030T161643Z"
  }, {
    "type" : "place",
    "startTime" : "20141030T152316+0100",
    "endTime" : "20141030T205601+0100",
    "activities" : [ {
      "activity" : "walking",
      "group" : "walking",
      "manual" : false,
      "startTime" : "20141030T152316+0100",
      "endTime" : "20141030T152328+0100",
      "duration" : 12.0,
      "distance" : 8.0,
      "steps" : 16
    }, {
      "activity" : "walking",
      "group" : "walking",
      "manual" : false,
      "startTime" : "20141030T201936+0100",
      "endTime" : "20141030T201937+0100",
      "duration" : 1.0,
      "distance" : 1.0,
      "steps" : 1
    } ],
    "lastUpdate" : "20141030T212735Z"
  }, {
    "type" : "move",
    "startTime" : "20141030T211348+0100",
    "endTime" : "20141030T213129+0100",
    "activities" : [ {
      "activity" : "walking",
      "group" : "walking",
      "manual" : false,
      "startTime" : "20141030T211348+0100",
      "endTime" : "20141030T211725+0100",
      "duration" : 217.0,
      "distance" : 120.0,
      "steps" : 234
    }, {
      "activity" : "transport",
      "group" : "transport",
      "manual" : false,
      "startTime" : "20141030T211726+0100",
      "endTime" : "20141030T212425+0100",
      "duration" : 419.0,
      "distance" : 989.0
    }, {
      "activity" : "walking",
      "group" : "walking",
      "manual" : false,
      "startTime" : "20141030T212425+0100",
      "endTime" : "20141030T213129+0100",
      "duration" : 424.0,
      "distance" : 446.0,
      "steps" : 356
    } ],
    "lastUpdate" : "20141030T212735Z"
  }, {
    "type" : "place",
    "startTime" : "20141030T213129+0100",
    "endTime" : "20141031T082943+0100",
    "activities" : [ {
      "activity" : "walking",
      "group" : "walking",
      "manual" : false,
      "startTime" : "20141030T214053+0100",
      "endTime" : "20141030T214153+0100",
      "duration" : 60.0,
      "distance" : 40.0,
      "steps" : 81
    }, {
      "activity" : "walking",
      "group" : "walking",
      "manual" : false,
      "startTime" : "20141030T220102+0100",
      "endTime" : "20141030T220153+0100",
      "duration" : 51.0,
      "distance" : 30.0,
      "steps" : 60
    } ],
    "lastUpdate" : "20141031T104240Z"
  } ],
  "lastUpdate" : "20141031T104240Z"
} ]