[ {
  "date" : "20140927",
  "summary" : [ {
    "activity" : "walking",
    "group" : "walking",
    "duration" : 1923.0,
    "distance" : 2179.0,
    "steps" : 3196
  } ],
  "segments" : [ {
    "type" : "place",
    "startTime" : "20140926T194159+0200",
    "endTime" : "20140927T121353+0200",
    "activities" : [ {
      "activity" : "walking",
      "group" : "walking",
      "manual" : false,
      "startTime" : "20140927T115651+0200",
      "endTime" : "20140927T115703+0200",
      "duration" : 12.0,
      "distance" : 10.0,
      "steps" : 20
    }, {
      "activity" : "walking",
      "group" : "walking",
      "manual" : false,
      "startTime" : "20140927T120331+0200",
      "endTime" : "20140927T120510+0200",
      "duration" : 99.0,
      "distance" : 63.0,
      "steps" : 126
    } ],
    "lastUpdate" : "20140927T122535Z"
  }, {
    "type" : "move",
    "startTime" : "20140927T121353+0200",
    "endTime" : "20140927T122206+0200",
    "activities" : [ {
      "activity" : "walking",
      "group" : "walking",
      "manual" : false,
      "startTime" : "20140927T121353+0200",
      "endTime" : "20140927T122207+0200",
      "duration" : 494.0,
      "distance" : 552.0,
      "steps" : 835
    } ],
    "lastUpdate" : "20140927T122535Z"
  }, {
    "type" : "place",
    "startTime" : "20140927T122206+0200",
    "endTime" : "20140927T122952+0200",
    "activities" : [ {
      "activity" : "walking",
      "group" : "walking",
      "manual" : false,
      "startTime" : "20140927T122206+0200",
      "endTime" : "20140927T122554+0200",
      "duration" : 228.0,
      "distance" : 238.0,
      "steps" : 318
    } ],
    "lastUpdate" : "20140927T122535Z"
  }, {
    "type" : "move",
    "startTime" : "20140927T122952+0200",
    "endTime" : "20140927T123631+0200",
    "activities" : [ {
      "activity" : "walking",
      "group" : "walking",
      "manual" : false,
      "startTime" : "20140927T122952+0200",
      "endTime" : "20140927T123631+0200",
      "duration" : 399.0,
      "distance" : 466.0,
      "steps" : 704
    } ],
    "lastUpdate" : "20140927T122535Z"
  }, {
    "type" : "place",
    "startTime" : "20140927T123631+0200",
    "endTime" : "20140929T113903+0200",
    "activities" : [ {
      "activity" : "walking",
      "group" : "walking",
      "manual" : false,
      "startTime" : "20140927T123631+0200",
      "endTime" : "20140927T123649+0200",
      "duration" : 18.0,
      "distance" : 12.0,
      "steps" : 24
    }, {
      "activity" : "walking",
      "group" : "walking",
      "manual" : false,
      "startTime" : "20140927T133120+0200",
      "endTime" : "20140927T133123+0200",
      "duration" : 3.0,
      "distance" : 2.0,
      "steps" : 4
    }, {
      "activity" : "walking",
      "group" : "walking",
      "manual" : false,
      "startTime" : "20140927T143404+0200",
      "endTime" : "20140927T143719+0200",
      "duration" : 195.0,
      "distance" : 243.0,
      "steps" : 324
    }, {
      "activity" : "walking",
      "group" : "walking",
      "manual" : false,
      "startTime" : "20140927T150015+0200",
      "endTime" : "20140927T150623+0200",
      "duration" : 368.0,
      "distance" : 514.0,
      "steps" : 686
    }, {
      "activity" : "walking",
      "group" : "walking",
      "manual" : false,
      "startTime" : "20140927T172239+0200",
      "endTime" : "20140927T172240+0200",
      "duration" : 1.0,
      "distance" : 1.0,
      "steps" : 1
    }, {
      "activity" : "walking",
      "group" : "walking",
      "manual" : false,
      "startTime" : "20140927T182006+0200",
      "endTime" : "20140927T182115+0200",
      "duration" : 69.0,
      "distance" : 53.0,
      "steps" : 105
    }, {
      "activity" : "walking",
      "group" : "walking",
      "manual" : false,
      "startTime" : "20140927T191851+0200",
      "endTime" : "20140927T191854+0200",
      "duration" : 3.0,
      "distance" : 2.0,
      "steps" : 4
    }, {
      "activity" : "walking",
      "group" : "walking",
      "manual" : false,
      "startTime" : "20140927T215446+0200",
      "endTime" : "20140927T215448+0200",
      "duration" : 2.0,
      "distance" : 2.0,
      "steps" : 3
    }, {
      "activity" : "walking",
      "group" : "walking",
      "manual" : false,
      "startTime" : "20140927T220509+0200",
      "endTime" : "20140927T220541+0200",
      "duration" : 32.0,
      "distance" : 21.0,
      "steps" : 42
    } ],
    "lastUpdate" : "20140929T120833Z"
  } ],
  "lastUpdate" : "20140929T120833Z"
} ]