[ {
  "date" : "20140727",
  "summary" : [ {
    "activity" : "walking",
    "group" : "walking",
    "duration" : 5146.0,
    "distance" : 4942.0,
    "steps" : 8060
  }, {
    "activity" : "transport",
    "group" : "transport",
    "duration" : 844.0,
    "distance" : 2096.0
  } ],
  "segments" : [ {
    "type" : "place",
    "startTime" : "20140726T004019+0200",
    "endTime" : "20140727T105732+0200",
    "activities" : [ {
      "activity" : "walking",
      "group" : "walking",
      "manual" : false,
      "startTime" : "20140727T105702+0200",
      "endTime" : "20140727T105722+0200",
      "duration" : 20.0,
      "distance" : 13.0,
      "steps" : 26
    } ],
    "lastUpdate" : "20140727T094738Z"
  }, {
    "type" : "move",
    "startTime" : "20140727T105732+0200",
    "endTime" : "20140727T111749+0200",
    "activities" : [ {
      "activity" : "walking",
      "group" : "walking",
      "manual" : false,
      "startTime" : "20140727T105732+0200",
      "endTime" : "20140727T110510+0200",
      "duration" : 458.0,
      "distance" : 444.0,
      "steps" : 888
    }, {
      "activity" : "transport",
      "group" : "transport",
      "manual" : false,
      "startTime" : "20140727T110509+0200",
      "endTime" : "20140727T111112+0200",
      "duration" : 363.0,
      "distance" : 1084.0
    }, {
      "activity" : "walking",
      "group" : "walking",
      "manual" : false,
      "startTime" : "20140727T111112+0200",
      "endTime" : "20140727T111749+0200",
      "duration" : 397.0,
      "distance" : 310.0,
      "steps" : 588
    } ],
    "lastUpdate" : "20140727T094738Z"
  }, {
    "type" : "place",
    "startTime" : "20140727T111749+0200",
    "endTime" : "20140727T211037+0200",
    "activities" : [ {
      "activity" : "walking",
      "group" : "walking",
      "manual" : false,
      "startTime" : "20140727T111804+0200",
      "endTime" : "20140727T111928+0200",
      "duration" : 84.0,
      "distance" : 66.0,
      "steps" : 132
    }, {
      "activity" : "walking",
      "group" : "walking",
      "manual" : false,
      "startTime" : "20140727T122758+0200",
      "endTime" : "20140727T123252+0200",
      "duration" : 294.0,
      "distance" : 347.0,
      "steps" : 462
    }, {
      "activity" : "walking",
      "group" : "walking",
      "manual" : false,
      "startTime" : "20140727T142936+0200",
      "endTime" : "20140727T143624+0200",
      "duration" : 408.0,
      "distance" : 470.0,
      "steps" : 626
    }, {
      "activity" : "walking",
      "group" : "walking",
      "manual" : false,
      "startTime" : "20140727T151118+0200",
      "endTime" : "20140727T151505+0200",
      "duration" : 227.0,
      "distance" : 260.0,
      "steps" : 346
    }, {
      "activity" : "walking",
      "group" : "walking",
      "manual" : false,
      "startTime" : "20140727T180142+0200",
      "endTime" : "20140727T180507+0200",
      "duration" : 205.0,
      "distance" : 265.0,
      "steps" : 354
    }, {
      "activity" : "walking",
      "group" : "walking",
      "manual" : false,
      "startTime" : "20140727T190558+0200",
      "endTime" : "20140727T190935+0200",
      "duration" : 217.0,
      "distance" : 247.0,
      "steps" : 329
    }, {
      "activity" : "walking",
      "group" : "walking",
      "manual" : false,
      "startTime" : "20140727T202751+0200",
      "endTime" : "20140727T203334+0200",
      "duration" : 343.0,
      "distance" : 415.0,
      "steps" : 553
    }, {
      "activity" : "walking",
      "group" : "walking",
      "manual" : false,
      "startTime" : "20140727T211021+0200",
      "endTime" : "20140727T211033+0200",
      "duration" : 12.0,
      "distance" : 10.0,
      "steps" : 19
    } ],
    "lastUpdate" : "20140727T202947Z"
  }, {
    "type" : "move",
    "startTime" : "20140727T211037+0200",
    "endTime" : "20140727T213016+0200",
    "activities" : [ {
      "activity" : "walking",
      "group" : "walking",
      "manual" : false,
      "startTime" : "20140727T211037+0200",
      "endTime" : "20140727T211514+0200",
      "duration" : 277.0,
      "distance" : 237.0,
      "steps" : 474
    }, {
      "activity" : "transport",
      "group" : "transport",
      "manual" : false,
      "startTime" : "20140727T211514+0200",
      "endTime" : "20140727T212315+0200",
      "duration" : 481.0,
      "distance" : 1012.0
    }, {
      "activity" : "walking",
      "group" : "walking",
      "manual" : false,
      "startTime" : "20140727T212315+0200",
      "endTime" : "20140727T213016+0200",
      "duration" : 421.0,
      "distance" : 391.0,
      "steps" : 635
    } ],
    "lastUpdate" : "20140727T202947Z"
  }, {
    "type" : "place",
    "startTime" : "20140727T213016+0200",
    "endTime" : "20140727T214508+0200",
    "activities" : [ {
      "activity" : "walking",
      "group" : "walking",
      "manual" : false,
      "startTime" : "20140727T213016+0200",
      "endTime" : "20140727T213036+0200",
      "duration" : 20.0,
      "distance" : 16.0,
      "steps" : 32
    } ],
    "lastUpdate" : "20140727T202947Z"
  }, {
    "type" : "move",
    "startTime" : "20140727T214508+0200",
    "endTime" : "20140727T214801+0200",
    "activities" : [ {
      "activity" : "walking",
      "group" : "walking",
      "manual" : false,
      "startTime" : "20140727T214508+0200",
      "endTime" : "20140727T214800+0200",
      "duration" : 172.0,
      "distance" : 216.0,
      "steps" : 347
    } ],
    "lastUpdate" : "20140727T202947Z"
  }, {
    "type" : "place",
    "startTime" : "20140727T214801+0200",
    "endTime" : "20140727T230156+0200",
    "activities" : [ {
      "activity" : "walking",
      "group" : "walking",
      "manual" : false,
      "startTime" : "20140727T214801+0200",
      "endTime" : "20140727T214820+0200",
      "duration" : 19.0,
      "distance" : 16.0,
      "steps" : 32
    }, {
      "activity" : "walking",
      "group" : "walking",
      "manual" : false,
      "startTime" : "20140727T224025+0200",
      "endTime" : "20140727T224105+0200",
      "duration" : 40.0,
      "distance" : 27.0,
      "steps" : 53
    }, {
      "activity" : "walking",
      "group" : "walking",
      "manual" : false,
      "startTime" : "20140727T230139+0200",
      "endTime" : "20140727T230144+0200",
      "duration" : 5.0,
      "distance" : 3.0,
      "steps" : 7
    } ],
    "lastUpdate" : "20140727T214409Z"
  }, {
    "type" : "move",
    "startTime" : "20140727T230156+0200",
    "endTime" : "20140727T232101+0200",
    "activities" : [ {
      "activity" : "walking",
      "group" : "walking",
      "manual" : false,
      "startTime" : "20140727T230156+0200",
      "endTime" : "20140727T232101+0200",
      "duration" : 1145.0,
      "distance" : 774.0,
      "steps" : 1547
    } ],
    "lastUpdate" : "20140727T214409Z"
  }, {
    "type" : "place",
    "startTime" : "20140727T232101+0200",
    "endTime" : "20140727T234240+0200",
    "activities" : [ {
      "activity" : "walking",
      "group" : "walking",
      "manual" : false,
      "startTime" : "20140727T232101+0200",
      "endTime" : "20140727T232408+0200",
      "duration" : 187.0,
      "distance" : 201.0,
      "steps" : 268
    } ],
    "lastUpdate" : "20140727T233156Z"
  }, {
    "type" : "move",
    "startTime" : "20140727T234240+0200",
    "endTime" : "20140727T234542+0200",
    "activities" : [ {
      "activity" : "walking",
      "group" : "walking",
      "manual" : false,
      "startTime" : "20140727T234240+0200",
      "endTime" : "20140727T234542+0200",
      "duration" : 182.0,
      "distance" : 205.0,
      "steps" : 324
    } ],
    "lastUpdate" : "20140727T233156Z"
  }, {
    "type" : "place",
    "startTime" : "20140727T234542+0200",
    "endTime" : "20140728T090134+0200",
    "activities" : [ {
      "activity" : "walking",
      "group" : "walking",
      "manual" : false,
      "startTime" : "20140727T234542+0200",
      "endTime" : "20140727T234555+0200",
      "duration" : 13.0,
      "distance" : 9.0,
      "steps" : 18
    } ],
    "lastUpdate" : "20140728T112311Z"
  } ],
  "lastUpdate" : "20140728T112311Z"
} ]