[ {
  "date" : "20140703",
  "summary" : [ {
    "activity" : "walking",
    "group" : "walking",
    "duration" : 2576.0,
    "distance" : 3187.0,
    "steps" : 4159
  }, {
    "activity" : "transport",
    "group" : "transport",
    "duration" : 390.0,
    "distance" : 1101.0
  }, {
    "activity" : "cycling",
    "group" : "cycling",
    "duration" : 1271.0,
    "distance" : 4718.0
  } ],
  "segments" : [ {
    "type" : "place",
    "startTime" : "20140702T173101+0200",
    "endTime" : "20140703T094537+0200",
    "activities" : [ {
      "activity" : "walking",
      "group" : "walking",
      "manual" : false,
      "startTime" : "20140703T094134+0200",
      "endTime" : "20140703T094224+0200",
      "duration" : 50.0,
      "distance" : 29.0,
      "steps" : 57
    } ],
    "lastUpdate" : "20140703T114753Z"
  }, {
    "type" : "move",
    "startTime" : "20140703T094537+0200",
    "endTime" : "20140703T100012+0200",
    "activities" : [ {
      "activity" : "walking",
      "group" : "walking",
      "manual" : false,
      "startTime" : "20140703T094537+0200",
      "endTime" : "20140703T094947+0200",
      "duration" : 250.0,
      "distance" : 244.0,
      "steps" : 489
    }, {
      "activity" : "transport",
      "group" : "transport",
      "manual" : false,
      "startTime" : "20140703T094947+0200",
      "endTime" : "20140703T095617+0200",
      "duration" : 390.0,
      "distance" : 1101.0
    }, {
      "activity" : "walking",
      "group" : "walking",
      "manual" : false,
      "startTime" : "20140703T095617+0200",
      "endTime" : "20140703T100013+0200",
      "duration" : 236.0,
      "distance" : 287.0,
      "steps" : 367
    } ],
    "lastUpdate" : "20140703T114753Z"
  }, {
    "type" : "move",
    "startTime" : "20140703T104437+0200",
    "endTime" : "20140703T105224+0200",
    "activities" : [ {
      "activity" : "walking",
      "group" : "walking",
      "manual" : false,
      "startTime" : "20140703T104437+0200",
      "endTime" : "20140703T105224+0200",
      "duration" : 467.0,
      "distance" : 845.0,
      "steps" : 827
    } ],
    "lastUpdate" : "20140703T114753Z"
  }, {
    "type" : "place",
    "startTime" : "20140703T105224+0200",
    "endTime" : "20140703T161258+0200",
    "activities" : [ {
      "activity" : "walking",
      "group" : "walking",
      "manual" : false,
      "startTime" : "20140703T105224+0200",
      "endTime" : "20140703T105449+0200",
      "duration" : 145.0,
      "distance" : 182.0,
      "steps" : 242
    }, {
      "activity" : "walking",
      "group" : "walking",
      "manual" : false,
      "startTime" : "20140703T114817+0200",
      "endTime" : "20140703T115255+0200",
      "duration" : 278.0,
      "distance" : 295.0,
      "steps" : 393
    }, {
      "activity" : "walking",
      "group" : "walking",
      "manual" : false,
      "startTime" : "20140703T130505+0200",
      "endTime" : "20140703T131350+0200",
      "duration" : 525.0,
      "distance" : 621.0,
      "steps" : 828
    }, {
      "activity" : "walking",
      "group" : "walking",
      "manual" : false,
      "startTime" : "20140703T140111+0200",
      "endTime" : "20140703T140648+0200",
      "duration" : 337.0,
      "distance" : 400.0,
      "steps" : 533
    }, {
      "activity" : "walking",
      "group" : "walking",
      "manual" : false,
      "startTime" : "20140703T154658+0200",
      "endTime" : "20140703T154931+0200",
      "duration" : 153.0,
      "distance" : 201.0,
      "steps" : 268
    }, {
      "activity" : "walking",
      "group" : "walking",
      "manual" : false,
      "startTime" : "20140703T160938+0200",
      "endTime" : "20140703T161032+0200",
      "duration" : 54.0,
      "distance" : 34.0,
      "steps" : 67
    } ],
    "lastUpdate" : "20140703T180336Z"
  }, {
    "type" : "place",
    "startTime" : "20140703T182304+0200",
    "endTime" : "20140703T184557+0200",
    "activities" : [ {
      "activity" : "walking",
      "group" : "walking",
      "manual" : false,
      "startTime" : "20140703T184431+0200",
      "endTime" : "20140703T184519+0200",
      "duration" : 48.0,
      "distance" : 32.0,
      "steps" : 64
    } ],
    "lastUpdate" : "20140703T180336Z"
  }, {
    "type" : "move",
    "startTime" : "20140703T184557+0200",
    "endTime" : "20140703T190707+0200",
    "activities" : [ {
      "activity" : "cycling",
      "group" : "cycling",
      "manual" : false,
      "startTime" : "20140703T184557+0200",
      "endTime" : "20140703T190708+0200",
      "duration" : 1271.0,
      "distance" : 4718.0
    } ],
    "lastUpdate" : "20140703T180336Z"
  }, {
    "type" : "place",
    "startTime" : "20140703T190707+0200",
    "endTime" : "20140704T094200+0200",
    "activities" : [ {
      "activity" : "walking",
      "group" : "walking",
      "manual" : false,
      "startTime" : "20140703T213155+0200",
      "endTime" : "20140703T213228+0200",
      "duration" : 33.0,
      "distance" : 17.0,
      "steps" : 24
    } ],
    "lastUpdate" : "20140704T085331Z"
  } ],
  "lastUpdate" : "20140704T085331Z"
} ]