[ {
  "date" : "20140915",
  "summary" : [ {
    "activity" : "walking",
    "group" : "walking",
    "duration" : 845.0,
    "distance" : 767.0,
    "steps" : 1087
  }, {
    "activity" : "cycling",
    "group" : "cycling",
    "duration" : 353.0,
    "distance" : 945.0
  } ],
  "segments" : [ {
    "type" : "place",
    "startTime" : "20140913T154026+0200",
    "endTime" : "20140915T123916+0200",
    "activities" : [ {
      "activity" : "walking",
      "group" : "walking",
      "manual" : false,
      "startTime" : "20140915T013531+0200",
      "endTime" : "20140915T013629+0200",
      "duration" : 58.0,
      "distance" : 29.0,
      "steps" : 43
    }, {
      "activity" : "walking",
      "group" : "walking",
      "manual" : false,
      "startTime" : "20140915T104200+0200",
      "endTime" : "20140915T104222+0200",
      "duration" : 22.0,
      "distance" : 15.0,
      "steps" : 29
    }, {
      "activity" : "walking",
      "group" : "walking",
      "manual" : false,
      "startTime" : "20140915T112253+0200",
      "endTime" : "20140915T112255+0200",
      "duration" : 2.0,
      "distance" : 1.0,
      "steps" : 2
    }, {
      "activity" : "walking",
      "group" : "walking",
      "manual" : false,
      "startTime" : "20140915T123452+0200",
      "endTime" : "20140915T123547+0200",
      "duration" : 55.0,
      "distance" : 36.0,
      "steps" : 72
    } ],
    "lastUpdate" : "20140915T114216Z"
  }, {
    "type" : "move",
    "startTime" : "20140915T123916+0200",
    "endTime" : "20140915T124157+0200",
    "activities" : [ {
      "activity" : "cycling",
      "group" : "cycling",
      "manual" : false,
      "startTime" : "20140915T123916+0200",
      "endTime" : "20140915T124157+0200",
      "duration" : 161.0,
      "distance" : 505.0
    } ],
    "lastUpdate" : "20140915T114216Z"
  }, {
    "type" : "place",
    "startTime" : "20140915T124157+0200",
    "endTime" : "20140915T125217+0200",
    "activities" : [ {
      "activity" : "walking",
      "group" : "walking",
      "manual" : false,
      "startTime" : "20140915T124157+0200",
      "endTime" : "20140915T124454+0200",
      "duration" : 177.0,
      "distance" : 191.0,
      "steps" : 255
    } ],
    "lastUpdate" : "20140915T114216Z"
  }, {
    "type" : "move",
    "startTime" : "20140915T125217+0200",
    "endTime" : "20140915T125530+0200",
    "activities" : [ {
      "activity" : "cycling",
      "group" : "cycling",
      "manual" : false,
      "startTime" : "20140915T125217+0200",
      "endTime" : "20140915T125529+0200",
      "duration" : 192.0,
      "distance" : 440.0
    } ],
    "lastUpdate" : "20140915T114216Z"
  }, {
    "type" : "place",
    "startTime" : "20140915T125530+0200",
    "endTime" : "20140915T173650+0200",
    "activities" : [ {
      "activity" : "walking",
      "group" : "walking",
      "manual" : false,
      "startTime" : "20140915T125530+0200",
      "endTime" : "20140915T125614+0200",
      "duration" : 44.0,
      "distance" : 30.0,
      "steps" : 59
    }, {
      "activity" : "walking",
      "group" : "walking",
      "manual" : false,
      "startTime" : "20140915T130059+0200",
      "endTime" : "20140915T130116+0200",
      "duration" : 17.0,
      "distance" : 11.0,
      "steps" : 22
    }, {
      "activity" : "walking",
      "group" : "walking",
      "manual" : false,
      "startTime" : "20140915T150030+0200",
      "endTime" : "20140915T150045+0200",
      "duration" : 15.0,
      "distance" : 17.0,
      "steps" : 34
    }, {
      "activity" : "walking",
      "group" : "walking",
      "manual" : false,
      "startTime" : "20140915T173143+0200",
      "endTime" : "20140915T173318+0200",
      "duration" : 95.0,
      "distance" : 63.0,
      "steps" : 126
    } ],
    "lastUpdate" : "20140915T161112Z"
  }, {
    "type" : "move",
    "startTime" : "20140915T173650+0200",
    "endTime" : "20140915T173929+0200",
    "activities" : [ {
      "activity" : "walking",
      "group" : "walking",
      "manual" : false,
      "startTime" : "20140915T173650+0200",
      "endTime" : "20140915T173929+0200",
      "duration" : 159.0,
      "distance" : 170.0,
      "steps" : 168
    } ],
    "lastUpdate" : "20140915T161112Z"
  }, {
    "type" : "place",
    "startTime" : "20140915T173929+0200",
    "endTime" : "20140916T085856+0200",
    "activities" : [ {
      "activity" : "walking",
      "group" : "walking",
      "manual" : false,
      "startTime" : "20140915T173929+0200",
      "endTime" : "20140915T173939+0200",
      "duration" : 10.0,
      "distance" : 6.0,
      "steps" : 13
    }, {
      "activity" : "walking",
      "group" : "walking",
      "manual" : false,
      "startTime" : "20140915T200158+0200",
      "endTime" : "20140915T200509+0200",
      "duration" : 191.0,
      "distance" : 198.0,
      "steps" : 264
    } ],
    "lastUpdate" : "20140916T094256Z"
  } ],
  "lastUpdate" : "20140916T094256Z"
} ]