[ {
  "date" : "20141016",
  "summary" : [ {
    "activity" : "walking",
    "group" : "walking",
    "duration" : 3607.0,
    "distance" : 3990.0,
    "steps" : 5338
  }, {
    "activity" : "transport",
    "group" : "transport",
    "duration" : 2360.0,
    "distance" : 5939.0
  }, {
    "activity" : "cycling",
    "group" : "cycling",
    "duration" : 1447.0,
    "distance" : 4145.0
  } ],
  "segments" : [ {
    "type" : "place",
    "startTime" : "20141015T144056+0200",
    "endTime" : "20141016T072719+0200",
    "activities" : [ {
      "activity" : "walking",
      "group" : "walking",
      "manual" : false,
      "startTime" : "20141016T070323+0200",
      "endTime" : "20141016T070324+0200",
      "duration" : 1.0,
      "distance" : 1.0,
      "steps" : 1
    } ],
    "lastUpdate" : "20141016T085143Z"
  }, {
    "type" : "move",
    "startTime" : "20141016T072719+0200",
    "endTime" : "20141016T073254+0200",
    "activities" : [ {
      "activity" : "walking",
      "group" : "walking",
      "manual" : false,
      "startTime" : "20141016T072719+0200",
      "endTime" : "20141016T073254+0200",
      "duration" : 335.0,
      "distance" : 382.0,
      "steps" : 564
    } ],
    "lastUpdate" : "20141016T085143Z"
  }, {
    "type" : "place",
    "startTime" : "20141016T073254+0200",
    "endTime" : "20141016T073943+0200",
    "activities" : [ {
      "activity" : "walking",
      "group" : "walking",
      "manual" : false,
      "startTime" : "20141016T073254+0200",
      "endTime" : "20141016T073302+0200",
      "duration" : 8.0,
      "distance" : 8.0,
      "steps" : 16
    } ],
    "lastUpdate" : "20141016T085143Z"
  }, {
    "type" : "move",
    "startTime" : "20141016T073943+0200",
    "endTime" : "20141016T081124+0200",
    "activities" : [ {
      "activity" : "transport",
      "group" : "transport",
      "manual" : false,
      "startTime" : "20141016T073943+0200",
      "endTime" : "20141016T074720+0200",
      "duration" : 457.0,
      "distance" : 1947.0
    }, {
      "activity" : "walking",
      "group" : "walking",
      "manual" : false,
      "startTime" : "20141016T074720+0200",
      "endTime" : "20141016T075250+0200",
      "duration" : 330.0,
      "distance" : 490.0,
      "steps" : 644
    }, {
      "activity" : "transport",
      "group" : "transport",
      "manual" : false,
      "startTime" : "20141016T075250+0200",
      "endTime" : "20141016T081125+0200",
      "duration" : 1115.0,
      "distance" : 2507.0
    } ],
    "lastUpdate" : "20141016T085143Z"
  }, {
    "type" : "place",
    "startTime" : "20141016T081124+0200",
    "endTime" : "20141016T084042+0200",
    "activities" : [ {
      "activity" : "walking",
      "group" : "walking",
      "manual" : false,
      "startTime" : "20141016T081124+0200",
      "endTime" : "20141016T081515+0200",
      "duration" : 231.0,
      "distance" : 294.0,
      "steps" : 392
    } ],
    "lastUpdate" : "20141016T085143Z"
  }, {
    "type" : "move",
    "startTime" : "20141016T084042+0200",
    "endTime" : "20141016T090120+0200",
    "activities" : [ {
      "activity" : "transport",
      "group" : "transport",
      "manual" : false,
      "startTime" : "20141016T084042+0200",
      "endTime" : "20141016T085350+0200",
      "duration" : 788.0,
      "distance" : 1485.0
    }, {
      "activity" : "walking",
      "group" : "walking",
      "manual" : false,
      "startTime" : "20141016T085350+0200",
      "endTime" : "20141016T090120+0200",
      "duration" : 450.0,
      "distance" : 730.0,
      "steps" : 674
    } ],
    "lastUpdate" : "20141016T085143Z"
  }, {
    "type" : "place",
    "startTime" : "20141016T090120+0200",
    "endTime" : "20141016T091033+0200",
    "activities" : [ {
      "activity" : "walking",
      "group" : "walking",
      "manual" : false,
      "startTime" : "20141016T090138+0200",
      "endTime" : "20141016T090151+0200",
      "duration" : 13.0,
      "distance" : 9.0,
      "steps" : 17
    } ],
    "lastUpdate" : "20141016T085143Z"
  }, {
    "type" : "move",
    "startTime" : "20141016T091033+0200",
    "endTime" : "20141016T091414+0200",
    "activities" : [ {
      "activity" : "walking",
      "group" : "walking",
      "manual" : false,
      "startTime" : "20141016T091033+0200",
      "endTime" : "20141016T091414+0200",
      "duration" : 221.0,
      "distance" : 234.0,
      "steps" : 368
    } ],
    "lastUpdate" : "20141016T085143Z"
  }, {
    "type" : "place",
    "startTime" : "20141016T091414+0200",
    "endTime" : "20141016T113657+0200",
    "activities" : [ {
      "activity" : "walking",
      "group" : "walking",
      "manual" : false,
      "startTime" : "20141016T091414+0200",
      "endTime" : "20141016T091434+0200",
      "duration" : 20.0,
      "distance" : 13.0,
      "steps" : 26
    }, {
      "activity" : "walking",
      "group" : "walking",
      "manual" : false,
      "startTime" : "20141016T100622+0200",
      "endTime" : "20141016T100741+0200",
      "duration" : 79.0,
      "distance" : 50.0,
      "steps" : 101
    }, {
      "activity" : "walking",
      "group" : "walking",
      "manual" : false,
      "startTime" : "20141016T112642+0200",
      "endTime" : "20141016T112759+0200",
      "duration" : 77.0,
      "distance" : 54.0,
      "steps" : 107
    } ],
    "lastUpdate" : "20141016T102318Z"
  }, {
    "type" : "move",
    "startTime" : "20141016T113657+0200",
    "endTime" : "20141016T114638+0200",
    "activities" : [ {
      "activity" : "walking",
      "group" : "walking",
      "manual" : false,
      "startTime" : "20141016T113657+0200",
      "endTime" : "20141016T114638+0200",
      "duration" : 581.0,
      "distance" : 684.0,
      "steps" : 609
    } ],
    "lastUpdate" : "20141016T102318Z"
  }, {
    "type" : "place",
    "startTime" : "20141016T114638+0200",
    "endTime" : "20141016T122544+0200",
    "activities" : [ {
      "activity" : "walking",
      "group" : "walking",
      "manual" : false,
      "startTime" : "20141016T114652+0200",
      "endTime" : "20141016T114657+0200",
      "duration" : 5.0,
      "distance" : 4.0,
      "steps" : 7
    }, {
      "activity" : "walking",
      "group" : "walking",
      "manual" : false,
      "startTime" : "20141016T122301+0200",
      "endTime" : "20141016T122342+0200",
      "duration" : 41.0,
      "distance" : 28.0,
      "steps" : 55
    } ],
    "lastUpdate" : "20141016T164225Z"
  }, {
    "type" : "place",
    "startTime" : "20141016T154200+0200",
    "endTime" : "20141016T183952+0200",
    "activities" : [ {
      "activity" : "walking",
      "group" : "walking",
      "manual" : false,
      "startTime" : "20141016T175022+0200",
      "endTime" : "20141016T175025+0200",
      "duration" : 3.0,
      "distance" : 2.0,
      "steps" : 4
    }, {
      "activity" : "walking",
      "group" : "walking",
      "manual" : false,
      "startTime" : "20141016T181330+0200",
      "endTime" : "20141016T181519+0200",
      "duration" : 109.0,
      "distance" : 71.0,
      "steps" : 142
    } ],
    "lastUpdate" : "20141016T181324Z"
  }, {
    "type" : "move",
    "startTime" : "20141016T183952+0200",
    "endTime" : "20141016T185056+0200",
    "activities" : [ {
      "activity" : "cycling",
      "group" : "cycling",
      "manual" : false,
      "startTime" : "20141016T183952+0200",
      "endTime" : "20141016T185057+0200",
      "duration" : 665.0,
      "distance" : 1857.0
    } ],
    "lastUpdate" : "20141016T181324Z"
  }, {
    "type" : "place",
    "startTime" : "20141016T185056+0200",
    "endTime" : "20141016T191732+0200",
    "activities" : [ {
      "activity" : "walking",
      "group" : "walking",
      "manual" : false,
      "startTime" : "20141016T185056+0200",
      "endTime" : "20141016T185323+0200",
      "duration" : 147.0,
      "distance" : 145.0,
      "steps" : 194
    }, {
      "activity" : "walking",
      "group" : "walking",
      "manual" : false,
      "startTime" : "20141016T190000+0200",
      "endTime" : "20141016T190224+0200",
      "duration" : 144.0,
      "distance" : 144.0,
      "steps" : 192
    } ],
    "lastUpdate" : "20141016T181324Z"
  }, {
    "type" : "move",
    "startTime" : "20141016T191732+0200",
    "endTime" : "20141016T193034+0200",
    "activities" : [ {
      "activity" : "cycling",
      "group" : "cycling",
      "manual" : false,
      "startTime" : "20141016T191732+0200",
      "endTime" : "20141016T193034+0200",
      "duration" : 782.0,
      "distance" : 2288.0
    } ],
    "lastUpdate" : "20141016T181324Z"
  }, {
    "type" : "place",
    "startTime" : "20141016T193034+0200",
    "endTime" : "20141016T214841+0200",
    "activities" : [ {
      "activity" : "walking",
      "group" : "walking",
      "manual" : false,
      "startTime" : "20141016T193034+0200",
      "endTime" : "20141016T193149+0200",
      "duration" : 75.0,
      "distance" : 51.0,
      "steps" : 101
    }, {
      "activity" : "walking",
      "group" : "walking",
      "manual" : false,
      "startTime" : "20141016T210815+0200",
      "endTime" : "20141016T210933+0200",
      "duration" : 78.0,
      "distance" : 58.0,
      "steps" : 116
    } ],
    "lastUpdate" : "20141016T211540Z"
  }, {
    "type" : "move",
    "startTime" : "20141016T214841+0200",
    "endTime" : "20141016T215416+0200",
    "activities" : [ {
      "activity" : "walking",
      "group" : "walking",
      "manual" : false,
      "startTime" : "20141016T214841+0200",
      "endTime" : "20141016T215416+0200",
      "duration" : 335.0,
      "distance" : 286.0,
      "steps" : 571
    } ],
    "lastUpdate" : "20141016T211540Z"
  }, {
    "type" : "place",
    "startTime" : "20141016T215416+0200",
    "endTime" : "20141016T232927+0200",
    "activities" : [ {
      "activity" : "walking",
      "group" : "walking",
      "manual" : false,
      "startTime" : "20141016T215416+0200",
      "endTime" : "20141016T215421+0200",
      "duration" : 5.0,
      "distance" : 4.0,
      "steps" : 7
    }, {
      "activity" : "walking",
      "group" : "walking",
      "manual" : false,
      "startTime" : "20141016T221225+0200",
      "endTime" : "20141016T221338+0200",
      "duration" : 73.0,
      "distance" : 36.0,
      "steps" : 72
    }, {
      "activity" : "walking",
      "group" : "walking",
      "manual" : false,
      "startTime" : "20141016T232414+0200",
      "endTime" : "20141016T232449+0200",
      "duration" : 35.0,
      "distance" : 23.0,
      "steps" : 46
    } ],
    "lastUpdate" : "20141016T230232Z"
  }, {
    "type" : "move",
    "startTime" : "20141016T232927+0200",
    "endTime" : "20141016T233146+0200",
    "activities" : [ {
      "activity" : "walking",
      "group" : "walking",
      "manual" : false,
      "startTime" : "20141016T232927+0200",
      "endTime" : "20141016T233146+0200",
      "duration" : 139.0,
      "distance" : 146.0,
      "steps" : 225
    } ],
    "lastUpdate" : "20141016T230232Z"
  }, {
    "type" : "place",
    "startTime" : "20141016T233146+0200",
    "endTime" : "20141017T094620+0200",
    "activities" : [ {
      "activity" : "walking",
      "group" : "walking",
      "manual" : false,
      "startTime" : "20141016T233146+0200",
      "endTime" : "20141016T233258+0200",
      "duration" : 72.0,
      "distance" : 43.0,
      "steps" : 87
    } ],
    "lastUpdate" : "20141017T091602Z"
  } ],
  "lastUpdate" : "20141017T091602Z"
} ]