[ {
  "date" : "20141031",
  "summary" : [ {
    "activity" : "walking",
    "group" : "walking",
    "duration" : 2526.0,
    "distance" : 3104.0,
    "steps" : 3736
  }, {
    "activity" : "transport",
    "group" : "transport",
    "duration" : 1826.0,
    "distance" : 7495.0
  } ],
  "segments" : [ {
    "type" : "place",
    "startTime" : "20141030T213129+0100",
    "endTime" : "20141031T082943+0100",
    "activities" : [ {
      "activity" : "walking",
      "group" : "walking",
      "manual" : false,
      "startTime" : "20141031T001001+0100",
      "endTime" : "20141031T001031+0100",
      "duration" : 30.0,
      "distance" : 15.0,
      "steps" : 30
    } ],
    "lastUpdate" : "20141031T104240Z"
  }, {
    "type" : "move",
    "startTime" : "20141031T082943+0100",
    "endTime" : "20141031T083430+0100",
    "activities" : [ {
      "activity" : "walking",
      "group" : "walking",
      "manual" : false,
      "startTime" : "20141031T082943+0100",
      "endTime" : "20141031T083430+0100",
      "duration" : 287.0,
      "distance" : 361.0,
      "steps" : 515
    } ],
    "lastUpdate" : "20141031T104240Z"
  }, {
    "type" : "place",
    "startTime" : "20141031T083430+0100",
    "endTime" : "20141031T083908+0100",
    "activities" : [ {
      "activity" : "walking",
      "group" : "walking",
      "manual" : false,
      "startTime" : "20141031T083430+0100",
      "endTime" : "20141031T083449+0100",
      "duration" : 19.0,
      "distance" : 17.0,
      "steps" : 34
    } ],
    "lastUpdate" : "20141031T104240Z"
  }, {
    "type" : "move",
    "startTime" : "20141031T083908+0100",
    "endTime" : "20141031T085807+0100",
    "activities" : [ {
      "activity" : "transport",
      "group" : "transport",
      "manual" : false,
      "startTime" : "20141031T083908+0100",
      "endTime" : "20141031T085441+0100",
      "duration" : 933.0,
      "distance" : 3464.0
    }, {
      "activity" : "walking",
      "group" : "walking",
      "manual" : false,
      "startTime" : "20141031T085441+0100",
      "endTime" : "20141031T085807+0100",
      "duration" : 206.0,
      "distance" : 363.0,
      "steps" : 351
    } ],
    "lastUpdate" : "20141031T104240Z"
  }, {
    "type" : "place",
    "startTime" : "20141031T085807+0100",
    "endTime" : "20141031T090218+0100",
    "activities" : [ {
      "activity" : "walking",
      "group" : "walking",
      "manual" : false,
      "startTime" : "20141031T085807+0100",
      "endTime" : "20141031T085815+0100",
      "duration" : 8.0,
      "distance" : 5.0,
      "steps" : 11
    }, {
      "activity" : "walking",
      "group" : "walking",
      "manual" : false,
      "startTime" : "20141031T090136+0100",
      "endTime" : "20141031T090142+0100",
      "duration" : 6.0,
      "distance" : 4.0,
      "steps" : 8
    } ],
    "lastUpdate" : "20141031T104240Z"
  }, {
    "type" : "move",
    "startTime" : "20141031T090218+0100",
    "endTime" : "20141031T090715+0100",
    "activities" : [ {
      "activity" : "walking",
      "group" : "walking",
      "manual" : false,
      "startTime" : "20141031T090218+0100",
      "endTime" : "20141031T090715+0100",
      "duration" : 297.0,
      "distance" : 432.0,
      "steps" : 492
    } ],
    "lastUpdate" : "20141031T104240Z"
  }, {
    "type" : "place",
    "startTime" : "20141031T090715+0100",
    "endTime" : "20141031T141203+0100",
    "activities" : [ {
      "activity" : "walking",
      "group" : "walking",
      "manual" : false,
      "startTime" : "20141031T090715+0100",
      "endTime" : "20141031T090747+0100",
      "duration" : 32.0,
      "distance" : 23.0,
      "steps" : 46
    }, {
      "activity" : "walking",
      "group" : "walking",
      "manual" : false,
      "startTime" : "20141031T112530+0100",
      "endTime" : "20141031T112630+0100",
      "duration" : 60.0,
      "distance" : 30.0,
      "steps" : 55
    }, {
      "activity" : "walking",
      "group" : "walking",
      "manual" : false,
      "startTime" : "20141031T140906+0100",
      "endTime" : "20141031T140938+0100",
      "duration" : 32.0,
      "distance" : 17.0,
      "steps" : 33
    } ],
    "lastUpdate" : "20141031T152301Z"
  }, {
    "type" : "move",
    "startTime" : "20141031T141203+0100",
    "endTime" : "20141031T143155+0100",
    "activities" : [ {
      "activity" : "walking",
      "group" : "walking",
      "manual" : false,
      "startTime" : "20141031T141203+0100",
      "endTime" : "20141031T141711+0100",
      "duration" : 308.0,
      "distance" : 288.0,
      "steps" : 336
    }, {
      "activity" : "transport",
      "group" : "transport",
      "manual" : false,
      "startTime" : "20141031T141711+0100",
      "endTime" : "20141031T142849+0100",
      "duration" : 698.0,
      "distance" : 2858.0
    }, {
      "activity" : "walking",
      "group" : "walking",
      "manual" : false,
      "startTime" : "20141031T142848+0100",
      "endTime" : "20141031T143154+0100",
      "duration" : 186.0,
      "distance" : 247.0,
      "steps" : 294
    } ],
    "lastUpdate" : "20141031T152301Z"
  }, {
    "type" : "place",
    "startTime" : "20141031T143155+0100",
    "endTime" : "20141031T162840+0100",
    "activities" : [ {
      "activity" : "walking",
      "group" : "walking",
      "manual" : false,
      "startTime" : "20141031T143155+0100",
      "endTime" : "20141031T143206+0100",
      "duration" : 11.0,
      "distance" : 7.0,
      "steps" : 14
    }, {
      "activity" : "walking",
      "group" : "walking",
      "manual" : false,
      "startTime" : "20141031T162054+0100",
      "endTime" : "20141031T162714+0100",
      "duration" : 380.0,
      "distance" : 456.0,
      "steps" : 608
    } ],
    "lastUpdate" : "20141031T164640Z"
  }, {
    "type" : "move",
    "startTime" : "20141031T162840+0100",
    "endTime" : "20141031T163735+0100",
    "activities" : [ {
      "activity" : "transport",
      "group" : "transport",
      "manual" : false,
      "startTime" : "20141031T162840+0100",
      "endTime" : "20141031T163155+0100",
      "duration" : 195.0,
      "distance" : 1173.0
    }, {
      "activity" : "walking",
      "group" : "walking",
      "manual" : false,
      "startTime" : "20141031T163155+0100",
      "endTime" : "20141031T163735+0100",
      "duration" : 340.0,
      "distance" : 573.0,
      "steps" : 477
    } ],
    "lastUpdate" : "20141031T164640Z"
  }, {
    "type" : "place",
    "startTime" : "20141031T163735+0100",
    "endTime" : "20141101T102634+0100",
    "activities" : [ {
      "activity" : "walking",
      "group" : "walking",
      "manual" : false,
      "startTime" : "20141031T193752+0100",
      "endTime" : "20141031T193922+0100",
      "duration" : 90.0,
      "distance" : 60.0,
      "steps" : 120
    }, {
      "activity" : "walking",
      "group" : "walking",
      "manual" : false,
      "startTime" : "20141031T204008+0100",
      "endTime" : "20141031T204038+0100",
      "duration" : 30.0,
      "distance" : 15.0,
      "steps" : 30
    }, {
      "activity" : "walking",
      "group" : "walking",
      "manual" : false,
      "startTime" : "20141031T212237+0100",
      "endTime" : "20141031T212307+0100",
      "duration" : 30.0,
      "distance" : 25.0,
      "steps" : 50
    }, {
      "activity" : "walking",
      "group" : "walking",
      "manual" : false,
      "startTime" : "20141031T221025+0100",
      "endTime" : "20141031T221055+0100",
      "duration" : 30.0,
      "distance" : 15.0,
      "steps" : 30
    }, {
      "activity" : "walking",
      "group" : "walking",
      "manual" : false,
      "startTime" : "20141031T230149+0100",
      "endTime" : "20141031T230413+0100",
      "duration" : 144.0,
      "distance" : 151.0,
      "steps" : 202
    } ],
    "lastUpdate" : "20141101T135750Z"
  } ],
  "lastUpdate" : "20141101T135750Z"
} ]