[ {
  "date" : "20141014",
  "summary" : [ {
    "activity" : "walking",
    "group" : "walking",
    "duration" : 5749.0,
    "distance" : 6561.0,
    "steps" : 8580
  }, {
    "activity" : "transport",
    "group" : "transport",
    "duration" : 1955.0,
    "distance" : 6326.0
  } ],
  "segments" : [ {
    "type" : "place",
    "startTime" : "20141013T225607+0200",
    "endTime" : "20141014T011824+0200",
    "activities" : [ {
      "activity" : "walking",
      "group" : "walking",
      "manual" : false,
      "startTime" : "20141014T001849+0200",
      "endTime" : "20141014T001851+0200",
      "duration" : 2.0,
      "distance" : 1.0,
      "steps" : 2
    }, {
      "activity" : "walking",
      "group" : "walking",
      "manual" : false,
      "startTime" : "20141014T011316+0200",
      "endTime" : "20141014T011630+0200",
      "duration" : 194.0,
      "distance" : 242.0,
      "steps" : 323
    } ],
    "lastUpdate" : "20141013T235159Z"
  }, {
    "type" : "place",
    "startTime" : "20141014T011824+0200",
    "endTime" : "20141014T121801+0200",
    "activities" : [ {
      "activity" : "walking",
      "group" : "walking",
      "manual" : false,
      "startTime" : "20141014T011824+0200",
      "endTime" : "20141014T011841+0200",
      "duration" : 17.0,
      "distance" : 12.0,
      "steps" : 24
    }, {
      "activity" : "walking",
      "group" : "walking",
      "manual" : false,
      "startTime" : "20141014T100434+0200",
      "endTime" : "20141014T100527+0200",
      "duration" : 53.0,
      "distance" : 39.0,
      "steps" : 79
    }, {
      "activity" : "walking",
      "group" : "walking",
      "manual" : false,
      "startTime" : "20141014T120536+0200",
      "endTime" : "20141014T120552+0200",
      "duration" : 16.0,
      "distance" : 11.0,
      "steps" : 21
    } ],
    "lastUpdate" : "20141014T114957Z"
  }, {
    "type" : "move",
    "startTime" : "20141014T121801+0200",
    "endTime" : "20141014T122217+0200",
    "activities" : [ {
      "activity" : "walking",
      "group" : "walking",
      "manual" : false,
      "startTime" : "20141014T121801+0200",
      "endTime" : "20141014T122218+0200",
      "duration" : 257.0,
      "distance" : 197.0,
      "steps" : 353
    } ],
    "lastUpdate" : "20141014T114957Z"
  }, {
    "type" : "place",
    "startTime" : "20141014T122217+0200",
    "endTime" : "20141014T130922+0200",
    "activities" : [ {
      "activity" : "walking",
      "group" : "walking",
      "manual" : false,
      "startTime" : "20141014T122225+0200",
      "endTime" : "20141014T122258+0200",
      "duration" : 33.0,
      "distance" : 20.0,
      "steps" : 39
    }, {
      "activity" : "walking",
      "group" : "walking",
      "manual" : false,
      "startTime" : "20141014T130036+0200",
      "endTime" : "20141014T130420+0200",
      "duration" : 224.0,
      "distance" : 253.0,
      "steps" : 337
    } ],
    "lastUpdate" : "20141014T131946Z"
  }, {
    "type" : "move",
    "startTime" : "20141014T130922+0200",
    "endTime" : "20141014T133246+0200",
    "activities" : [ {
      "activity" : "transport",
      "group" : "transport",
      "manual" : false,
      "startTime" : "20141014T130922+0200",
      "endTime" : "20141014T132924+0200",
      "duration" : 1202.0,
      "distance" : 3912.0
    }, {
      "activity" : "walking",
      "group" : "walking",
      "manual" : false,
      "startTime" : "20141014T132924+0200",
      "endTime" : "20141014T133246+0200",
      "duration" : 202.0,
      "distance" : 335.0,
      "steps" : 348
    } ],
    "lastUpdate" : "20141014T131946Z"
  }, {
    "type" : "place",
    "startTime" : "20141014T133246+0200",
    "endTime" : "20141014T133451+0200",
    "activities" : [ {
      "activity" : "walking",
      "group" : "walking",
      "manual" : false,
      "startTime" : "20141014T133246+0200",
      "endTime" : "20141014T133349+0200",
      "duration" : 63.0,
      "distance" : 45.0,
      "steps" : 90
    } ],
    "lastUpdate" : "20141014T131946Z"
  }, {
    "type" : "move",
    "startTime" : "20141014T133451+0200",
    "endTime" : "20141014T133939+0200",
    "activities" : [ {
      "activity" : "walking",
      "group" : "walking",
      "manual" : false,
      "startTime" : "20141014T133451+0200",
      "endTime" : "20141014T133939+0200",
      "duration" : 288.0,
      "distance" : 356.0,
      "steps" : 468
    } ],
    "lastUpdate" : "20141014T131946Z"
  }, {
    "type" : "place",
    "startTime" : "20141014T133939+0200",
    "endTime" : "20141014T152544+0200",
    "activities" : [ {
      "activity" : "walking",
      "group" : "walking",
      "manual" : false,
      "startTime" : "20141014T133939+0200",
      "endTime" : "20141014T134020+0200",
      "duration" : 41.0,
      "distance" : 28.0,
      "steps" : 56
    }, {
      "activity" : "walking",
      "group" : "walking",
      "manual" : false,
      "startTime" : "20141014T144847+0200",
      "endTime" : "20141014T145041+0200",
      "duration" : 114.0,
      "distance" : 79.0,
      "steps" : 158
    }, {
      "activity" : "walking",
      "group" : "walking",
      "manual" : false,
      "startTime" : "20141014T150040+0200",
      "endTime" : "20141014T150153+0200",
      "duration" : 73.0,
      "distance" : 45.0,
      "steps" : 89
    } ],
    "lastUpdate" : "20141014T144333Z"
  }, {
    "type" : "move",
    "startTime" : "20141014T152544+0200",
    "endTime" : "20141014T153959+0200",
    "activities" : [ {
      "activity" : "walking",
      "group" : "walking",
      "manual" : false,
      "startTime" : "20141014T152544+0200",
      "endTime" : "20141014T153123+0200",
      "duration" : 339.0,
      "distance" : 366.0,
      "steps" : 495
    }, {
      "activity" : "transport",
      "group" : "transport",
      "manual" : false,
      "startTime" : "20141014T153123+0200",
      "endTime" : "20141014T153749+0200",
      "duration" : 386.0,
      "distance" : 1285.0
    }, {
      "activity" : "walking",
      "group" : "walking",
      "manual" : false,
      "startTime" : "20141014T153749+0200",
      "endTime" : "20141014T153959+0200",
      "duration" : 130.0,
      "distance" : 209.0,
      "steps" : 174
    } ],
    "lastUpdate" : "20141014T144333Z"
  }, {
    "type" : "place",
    "startTime" : "20141014T153959+0200",
    "endTime" : "20141014T155117+0200",
    "activities" : [ {
      "activity" : "walking",
      "group" : "walking",
      "manual" : false,
      "startTime" : "20141014T153959+0200",
      "endTime" : "20141014T154526+0200",
      "duration" : 327.0,
      "distance" : 354.0,
      "steps" : 473
    } ],
    "lastUpdate" : "20141014T144333Z"
  }, {
    "type" : "move",
    "startTime" : "20141014T155117+0200",
    "endTime" : "20141014T160753+0200",
    "activities" : [ {
      "activity" : "walking",
      "group" : "walking",
      "manual" : false,
      "startTime" : "20141014T155117+0200",
      "endTime" : "20141014T160753+0200",
      "duration" : 996.0,
      "distance" : 1212.0,
      "steps" : 1392
    } ],
    "lastUpdate" : "20141014T144333Z"
  }, {
    "type" : "place",
    "startTime" : "20141014T160753+0200",
    "endTime" : "20141014T173918+0200",
    "activities" : [ {
      "activity" : "walking",
      "group" : "walking",
      "manual" : false,
      "startTime" : "20141014T160826+0200",
      "endTime" : "20141014T160907+0200",
      "duration" : 41.0,
      "distance" : 23.0,
      "steps" : 45
    }, {
      "activity" : "walking",
      "group" : "walking",
      "manual" : false,
      "startTime" : "20141014T171954+0200",
      "endTime" : "20141014T172140+0200",
      "duration" : 106.0,
      "distance" : 63.0,
      "steps" : 127
    } ],
    "lastUpdate" : "20141014T161855Z"
  }, {
    "type" : "move",
    "startTime" : "20141014T173918+0200",
    "endTime" : "20141014T175234+0200",
    "activities" : [ {
      "activity" : "walking",
      "group" : "walking",
      "manual" : false,
      "startTime" : "20141014T173918+0200",
      "endTime" : "20141014T175234+0200",
      "duration" : 796.0,
      "distance" : 844.0,
      "steps" : 1306
    } ],
    "lastUpdate" : "20141014T161855Z"
  }, {
    "type" : "place",
    "startTime" : "20141014T175234+0200",
    "endTime" : "20141014T180833+0200",
    "activities" : [ {
      "activity" : "walking",
      "group" : "walking",
      "manual" : false,
      "startTime" : "20141014T175234+0200",
      "endTime" : "20141014T175344+0200",
      "duration" : 70.0,
      "distance" : 47.0,
      "steps" : 95
    }, {
      "activity" : "walking",
      "group" : "walking",
      "manual" : false,
      "startTime" : "20141014T180349+0200",
      "endTime" : "20141014T180429+0200",
      "duration" : 40.0,
      "distance" : 27.0,
      "steps" : 53
    } ],
    "lastUpdate" : "20141014T180548Z"
  }, {
    "type" : "move",
    "startTime" : "20141014T180833+0200",
    "endTime" : "20141014T181403+0200",
    "activities" : [ {
      "activity" : "walking",
      "group" : "walking",
      "manual" : false,
      "startTime" : "20141014T180833+0200",
      "endTime" : "20141014T181403+0200",
      "duration" : 330.0,
      "distance" : 341.0,
      "steps" : 552
    } ],
    "lastUpdate" : "20141014T180548Z"
  }, {
    "type" : "place",
    "startTime" : "20141014T181403+0200",
    "endTime" : "20141014T182153+0200",
    "activities" : [ {
      "activity" : "walking",
      "group" : "walking",
      "manual" : false,
      "startTime" : "20141014T181403+0200",
      "endTime" : "20141014T181418+0200",
      "duration" : 15.0,
      "distance" : 10.0,
      "steps" : 20
    } ],
    "lastUpdate" : "20141014T180548Z"
  }, {
    "type" : "move",
    "startTime" : "20141014T182153+0200",
    "endTime" : "20141014T183308+0200",
    "activities" : [ {
      "activity" : "transport",
      "group" : "transport",
      "manual" : false,
      "startTime" : "20141014T182153+0200",
      "endTime" : "20141014T182800+0200",
      "duration" : 367.0,
      "distance" : 1129.0
    }, {
      "activity" : "walking",
      "group" : "walking",
      "manual" : false,
      "startTime" : "20141014T182800+0200",
      "endTime" : "20141014T183308+0200",
      "duration" : 308.0,
      "distance" : 615.0,
      "steps" : 512
    } ],
    "lastUpdate" : "20141014T180548Z"
  }, {
    "type" : "place",
    "startTime" : "20141014T183308+0200",
    "endTime" : "20141014T185321+0200",
    "activities" : [ {
      "activity" : "walking",
      "group" : "walking",
      "manual" : false,
      "startTime" : "20141014T183308+0200",
      "endTime" : "20141014T183334+0200",
      "duration" : 26.0,
      "distance" : 18.0,
      "steps" : 35
    } ],
    "lastUpdate" : "20141014T180548Z"
  }, {
    "type" : "move",
    "startTime" : "20141014T185321+0200",
    "endTime" : "20141014T185653+0200",
    "activities" : [ {
      "activity" : "walking",
      "group" : "walking",
      "manual" : false,
      "startTime" : "20141014T185321+0200",
      "endTime" : "20141014T185654+0200",
      "duration" : 213.0,
      "distance" : 344.0,
      "steps" : 315
    } ],
    "lastUpdate" : "20141014T180548Z"
  }, {
    "type" : "place",
    "startTime" : "20141014T185653+0200",
    "endTime" : "20141015T093954+0200",
    "activities" : [ {
      "activity" : "walking",
      "group" : "walking",
      "manual" : false,
      "startTime" : "20141014T185653+0200",
      "endTime" : "20141014T185746+0200",
      "duration" : 53.0,
      "distance" : 35.0,
      "steps" : 70
    }, {
      "activity" : "walking",
      "group" : "walking",
      "manual" : false,
      "startTime" : "20141014T190001+0200",
      "endTime" : "20141014T190014+0200",
      "duration" : 13.0,
      "distance" : 10.0,
      "steps" : 20
    }, {
      "activity" : "walking",
      "group" : "walking",
      "manual" : false,
      "startTime" : "20141014T201237+0200",
      "endTime" : "20141014T201242+0200",
      "duration" : 5.0,
      "distance" : 3.0,
      "steps" : 6
    }, {
      "activity" : "walking",
      "group" : "walking",
      "manual" : false,
      "startTime" : "20141014T210019+0200",
      "endTime" : "20141014T210021+0200",
      "duration" : 2.0,
      "distance" : 1.0,
      "steps" : 2
    }, {
      "activity" : "walking",
      "group" : "walking",
      "manual" : false,
      "startTime" : "20141014T232659+0200",
      "endTime" : "20141014T233301+0200",
      "duration" : 362.0,
      "distance" : 376.0,
      "steps" : 501
    } ],
    "lastUpdate" : "20141015T092742Z"
  } ],
  "lastUpdate" : "20141015T092742Z"
} ]