[ {
  "date" : "20140913",
  "summary" : [ {
    "activity" : "walking",
    "group" : "walking",
    "duration" : 699.0,
    "distance" : 564.0,
    "steps" : 1026
  } ],
  "segments" : [ {
    "type" : "place",
    "startTime" : "20140912T104044+0200",
    "endTime" : "20140913T142359+0200",
    "activities" : [ {
      "activity" : "walking",
      "group" : "walking",
      "manual" : false,
      "startTime" : "20140913T010832+0200",
      "endTime" : "20140913T010935+0200",
      "duration" : 63.0,
      "distance" : 32.0,
      "steps" : 64
    }, {
      "activity" : "walking",
      "group" : "walking",
      "manual" : false,
      "startTime" : "20140913T142225+0200",
      "endTime" : "20140913T142317+0200",
      "duration" : 52.0,
      "distance" : 40.0,
      "steps" : 80
    } ],
    "lastUpdate" : "20140913T131140Z"
  }, {
    "type" : "move",
    "startTime" : "20140913T142359+0200",
    "endTime" : "20140913T142738+0200",
    "activities" : [ {
      "activity" : "walking",
      "group" : "walking",
      "manual" : false,
      "startTime" : "20140913T142359+0200",
      "endTime" : "20140913T142737+0200",
      "duration" : 218.0,
      "distance" : 199.0,
      "steps" : 366
    } ],
    "lastUpdate" : "20140913T131140Z"
  }, {
    "type" : "place",
    "startTime" : "20140913T142738+0200",
    "endTime" : "20140913T153712+0200",
    "activities" : [ {
      "activity" : "walking",
      "group" : "walking",
      "manual" : false,
      "startTime" : "20140913T142738+0200",
      "endTime" : "20140913T142750+0200",
      "duration" : 12.0,
      "distance" : 9.0,
      "steps" : 17
    }, {
      "activity" : "walking",
      "group" : "walking",
      "manual" : false,
      "startTime" : "20140913T150151+0200",
      "endTime" : "20140913T150304+0200",
      "duration" : 73.0,
      "distance" : 46.0,
      "steps" : 91
    } ],
    "lastUpdate" : "20140913T163007Z"
  }, {
    "type" : "move",
    "startTime" : "20140913T153712+0200",
    "endTime" : "20140913T154026+0200",
    "activities" : [ {
      "activity" : "walking",
      "group" : "walking",
      "manual" : false,
      "startTime" : "20140913T153712+0200",
      "endTime" : "20140913T154026+0200",
      "duration" : 194.0,
      "distance" : 189.0,
      "steps" : 317
    } ],
    "lastUpdate" : "20140913T163007Z"
  }, {
    "type" : "place",
    "startTime" : "20140913T154026+0200",
    "endTime" : "20140915T123916+0200",
    "activities" : [ {
      "activity" : "walking",
      "group" : "walking",
      "manual" : false,
      "startTime" : "20140913T154026+0200",
      "endTime" : "20140913T154027+0200",
      "duration" : 1.0,
      "distance" : 1.0,
      "steps" : 1
    }, {
      "activity" : "walking",
      "group" : "walking",
      "manual" : false,
      "startTime" : "20140913T161659+0200",
      "endTime" : "20140913T161704+0200",
      "duration" : 5.0,
      "distance" : 4.0,
      "steps" : 7
    }, {
      "activity" : "walking",
      "group" : "walking",
      "manual" : false,
      "startTime" : "20140913T172004+0200",
      "endTime" : "20140913T172018+0200",
      "duration" : 14.0,
      "distance" : 10.0,
      "steps" : 19
    }, {
      "activity" : "walking",
      "group" : "walking",
      "manual" : false,
      "startTime" : "20140913T192138+0200",
      "endTime" : "20140913T192212+0200",
      "duration" : 34.0,
      "distance" : 17.0,
      "steps" : 30
    }, {
      "activity" : "walking",
      "group" : "walking",
      "manual" : false,
      "startTime" : "20140913T202229+0200",
      "endTime" : "20140913T202232+0200",
      "duration" : 3.0,
      "distance" : 2.0,
      "steps" : 4
    }, {
      "activity" : "walking",
      "group" : "walking",
      "manual" : false,
      "startTime" : "20140913T213417+0200",
      "endTime" : "20140913T213447+0200",
      "duration" : 30.0,
      "distance" : 15.0,
      "steps" : 30
    } ],
    "lastUpdate" : "20140915T114216Z"
  } ],
  "lastUpdate" : "20140915T114216Z"
} ]