[ {
  "date" : "20141105",
  "summary" : [ {
    "activity" : "walking",
    "group" : "walking",
    "duration" : 2289.0,
    "distance" : 2879.0,
    "steps" : 3467
  }, {
    "activity" : "transport",
    "group" : "transport",
    "duration" : 784.0,
    "distance" : 1843.0
  } ],
  "segments" : [ {
    "type" : "place",
    "startTime" : "20141104T155703+0100",
    "endTime" : "20141105T111934+0100",
    "activities" : [ {
      "activity" : "walking",
      "group" : "walking",
      "manual" : false,
      "startTime" : "20141105T030827+0100",
      "endTime" : "20141105T030844+0100",
      "duration" : 17.0,
      "distance" : 11.0,
      "steps" : 23
    }, {
      "activity" : "walking",
      "group" : "walking",
      "manual" : false,
      "startTime" : "20141105T101957+0100",
      "endTime" : "20141105T102004+0100",
      "duration" : 7.0,
      "distance" : 5.0,
      "steps" : 9
    }, {
      "activity" : "walking",
      "group" : "walking",
      "manual" : false,
      "startTime" : "20141105T110846+0100",
      "endTime" : "20141105T110912+0100",
      "duration" : 26.0,
      "distance" : 15.0,
      "steps" : 31
    } ],
    "lastUpdate" : "20141105T133119Z"
  }, {
    "type" : "move",
    "startTime" : "20141105T111934+0100",
    "endTime" : "20141105T113154+0100",
    "activities" : [ {
      "activity" : "walking",
      "group" : "walking",
      "manual" : false,
      "startTime" : "20141105T111934+0100",
      "endTime" : "20141105T112302+0100",
      "duration" : 208.0,
      "distance" : 399.0,
      "steps" : 404
    }, {
      "activity" : "transport",
      "group" : "transport",
      "manual" : false,
      "startTime" : "20141105T112302+0100",
      "endTime" : "20141105T112729+0100",
      "duration" : 267.0,
      "distance" : 424.0
    }, {
      "activity" : "walking",
      "group" : "walking",
      "manual" : false,
      "startTime" : "20141105T112729+0100",
      "endTime" : "20141105T113154+0100",
      "duration" : 265.0,
      "distance" : 543.0,
      "steps" : 452
    } ],
    "lastUpdate" : "20141105T133119Z"
  }, {
    "type" : "place",
    "startTime" : "20141105T113154+0100",
    "endTime" : "20141105T131407+0100",
    "activities" : [ {
      "activity" : "walking",
      "group" : "walking",
      "manual" : false,
      "startTime" : "20141105T113154+0100",
      "endTime" : "20141105T113527+0100",
      "duration" : 213.0,
      "distance" : 278.0,
      "steps" : 370
    }, {
      "activity" : "walking",
      "group" : "walking",
      "manual" : false,
      "startTime" : "20141105T130909+0100",
      "endTime" : "20141105T131002+0100",
      "duration" : 53.0,
      "distance" : 37.0,
      "steps" : 73
    } ],
    "lastUpdate" : "20141105T133119Z"
  }, {
    "type" : "move",
    "startTime" : "20141105T131407+0100",
    "endTime" : "20141105T134303+0100",
    "activities" : [ {
      "activity" : "walking",
      "group" : "walking",
      "manual" : false,
      "startTime" : "20141105T131407+0100",
      "endTime" : "20141105T132843+0100",
      "duration" : 876.0,
      "distance" : 945.0,
      "steps" : 1170
    }, {
      "activity" : "transport",
      "group" : "transport",
      "manual" : false,
      "startTime" : "20141105T132842+0100",
      "endTime" : "20141105T133719+0100",
      "duration" : 517.0,
      "distance" : 1419.0
    }, {
      "activity" : "walking",
      "group" : "walking",
      "manual" : false,
      "startTime" : "20141105T133719+0100",
      "endTime" : "20141105T134303+0100",
      "duration" : 344.0,
      "distance" : 421.0,
      "steps" : 574
    } ],
    "lastUpdate" : "20141105T133119Z"
  }, {
    "type" : "place",
    "startTime" : "20141105T134303+0100",
    "endTime" : "20141106T083041+0100",
    "activities" : [ {
      "activity" : "walking",
      "group" : "walking",
      "manual" : false,
      "startTime" : "20141105T134310+0100",
      "endTime" : "20141105T134333+0100",
      "duration" : 23.0,
      "distance" : 16.0,
      "steps" : 31
    }, {
      "activity" : "walking",
      "group" : "walking",
      "manual" : false,
      "startTime" : "20141105T140124+0100",
      "endTime" : "20141105T140334+0100",
      "duration" : 130.0,
      "distance" : 128.0,
      "steps" : 171
    }, {
      "activity" : "walking",
      "group" : "walking",
      "manual" : false,
      "startTime" : "20141105T205859+0100",
      "endTime" : "20141105T205929+0100",
      "duration" : 30.0,
      "distance" : 15.0,
      "steps" : 28
    }, {
      "activity" : "walking",
      "group" : "walking",
      "manual" : false,
      "startTime" : "20141105T210010+0100",
      "endTime" : "20141105T210054+0100",
      "duration" : 44.0,
      "distance" : 30.0,
      "steps" : 60
    }, {
      "activity" : "walking",
      "group" : "walking",
      "manual" : false,
      "startTime" : "20141105T221345+0100",
      "endTime" : "20141105T221438+0100",
      "duration" : 53.0,
      "distance" : 36.0,
      "steps" : 71
    } ],
    "lastUpdate" : "20141106T090143Z"
  } ],
  "lastUpdate" : "20141106T090143Z"
} ]