[ {
  "date" : "20140802",
  "summary" : [ {
    "activity" : "walking",
    "group" : "walking",
    "duration" : 5388.0,
    "distance" : 5924.0,
    "steps" : 8738
  }, {
    "activity" : "transport",
    "group" : "transport",
    "duration" : 1581.0,
    "distance" : 5453.0
  } ],
  "segments" : [ {
    "type" : "place",
    "startTime" : "20140801T140331+0200",
    "endTime" : "20140802T131359+0200",
    "activities" : [ {
      "activity" : "walking",
      "group" : "walking",
      "manual" : false,
      "startTime" : "20140802T012139+0200",
      "endTime" : "20140802T012209+0200",
      "duration" : 30.0,
      "distance" : 15.0,
      "steps" : 31
    }, {
      "activity" : "walking",
      "group" : "walking",
      "manual" : false,
      "startTime" : "20140802T091903+0200",
      "endTime" : "20140802T091914+0200",
      "duration" : 11.0,
      "distance" : 8.0,
      "steps" : 15
    }, {
      "activity" : "walking",
      "group" : "walking",
      "manual" : false,
      "startTime" : "20140802T123552+0200",
      "endTime" : "20140802T123634+0200",
      "duration" : 42.0,
      "distance" : 29.0,
      "steps" : 58
    }, {
      "activity" : "walking",
      "group" : "walking",
      "manual" : false,
      "startTime" : "20140802T131038+0200",
      "endTime" : "20140802T131305+0200",
      "duration" : 147.0,
      "distance" : 165.0,
      "steps" : 221
    } ],
    "lastUpdate" : "20140802T132559Z"
  }, {
    "type" : "move",
    "startTime" : "20140802T131359+0200",
    "endTime" : "20140802T132034+0200",
    "activities" : [ {
      "activity" : "walking",
      "group" : "walking",
      "manual" : false,
      "startTime" : "20140802T131359+0200",
      "endTime" : "20140802T132035+0200",
      "duration" : 396.0,
      "distance" : 641.0,
      "steps" : 659
    } ],
    "lastUpdate" : "20140802T132559Z"
  }, {
    "type" : "place",
    "startTime" : "20140802T132035+0200",
    "endTime" : "20140802T133156+0200",
    "activities" : [ {
      "activity" : "walking",
      "group" : "walking",
      "manual" : false,
      "startTime" : "20140802T132050+0200",
      "endTime" : "20140802T132244+0200",
      "duration" : 114.0,
      "distance" : 77.0,
      "steps" : 153
    } ],
    "lastUpdate" : "20140802T132559Z"
  }, {
    "type" : "move",
    "startTime" : "20140802T133156+0200",
    "endTime" : "20140802T134010+0200",
    "activities" : [ {
      "activity" : "walking",
      "group" : "walking",
      "manual" : false,
      "startTime" : "20140802T133156+0200",
      "endTime" : "20140802T134010+0200",
      "duration" : 494.0,
      "distance" : 500.0,
      "steps" : 836
    } ],
    "lastUpdate" : "20140802T132559Z"
  }, {
    "type" : "place",
    "startTime" : "20140802T134010+0200",
    "endTime" : "20140802T182541+0200",
    "activities" : [ {
      "activity" : "walking",
      "group" : "walking",
      "manual" : false,
      "startTime" : "20140802T134010+0200",
      "endTime" : "20140802T134320+0200",
      "duration" : 190.0,
      "distance" : 203.0,
      "steps" : 270
    }, {
      "activity" : "walking",
      "group" : "walking",
      "manual" : false,
      "startTime" : "20140802T140000+0200",
      "endTime" : "20140802T140157+0200",
      "duration" : 117.0,
      "distance" : 90.0,
      "steps" : 180
    }, {
      "activity" : "walking",
      "group" : "walking",
      "manual" : false,
      "startTime" : "20140802T152531+0200",
      "endTime" : "20140802T152601+0200",
      "duration" : 30.0,
      "distance" : 15.0,
      "steps" : 20
    }, {
      "activity" : "walking",
      "group" : "walking",
      "manual" : false,
      "startTime" : "20140802T161814+0200",
      "endTime" : "20140802T162217+0200",
      "duration" : 243.0,
      "distance" : 286.0,
      "steps" : 382
    }, {
      "activity" : "walking",
      "group" : "walking",
      "manual" : false,
      "startTime" : "20140802T181312+0200",
      "endTime" : "20140802T181354+0200",
      "duration" : 42.0,
      "distance" : 28.0,
      "steps" : 56
    } ],
    "lastUpdate" : "20140802T174928Z"
  }, {
    "type" : "move",
    "startTime" : "20140802T182541+0200",
    "endTime" : "20140802T185454+0200",
    "activities" : [ {
      "activity" : "walking",
      "group" : "walking",
      "manual" : false,
      "startTime" : "20140802T182541+0200",
      "endTime" : "20140802T183014+0200",
      "duration" : 273.0,
      "distance" : 257.0,
      "steps" : 513
    }, {
      "activity" : "transport",
      "group" : "transport",
      "manual" : false,
      "startTime" : "20140802T183014+0200",
      "endTime" : "20140802T184016+0200",
      "duration" : 602.0,
      "distance" : 2009.0
    }, {
      "activity" : "walking",
      "group" : "walking",
      "manual" : false,
      "startTime" : "20140802T184016+0200",
      "endTime" : "20140802T184554+0200",
      "duration" : 338.0,
      "distance" : 519.0,
      "steps" : 656
    }, {
      "activity" : "transport",
      "group" : "transport",
      "manual" : false,
      "startTime" : "20140802T184554+0200",
      "endTime" : "20140802T185314+0200",
      "duration" : 440.0,
      "distance" : 1520.0
    }, {
      "activity" : "walking",
      "group" : "walking",
      "manual" : false,
      "startTime" : "20140802T185315+0200",
      "endTime" : "20140802T185455+0200",
      "duration" : 100.0,
      "distance" : 117.0,
      "steps" : 160
    } ],
    "lastUpdate" : "20140802T174928Z"
  }, {
    "type" : "move",
    "startTime" : "20140802T185454+0200",
    "endTime" : "20140802T185553+0200",
    "activities" : [ {
      "activity" : "walking",
      "group" : "walking",
      "manual" : false,
      "startTime" : "20140802T185454+0200",
      "endTime" : "20140802T185554+0200",
      "duration" : 60.0,
      "distance" : 79.0,
      "steps" : 105
    } ],
    "lastUpdate" : "20140802T192026Z"
  }, {
    "type" : "place",
    "startTime" : "20140802T185554+0200",
    "endTime" : "20140802T213925+0200",
    "activities" : [ {
      "activity" : "walking",
      "group" : "walking",
      "manual" : false,
      "startTime" : "20140802T185554+0200",
      "endTime" : "20140802T185622+0200",
      "duration" : 28.0,
      "distance" : 20.0,
      "steps" : 40
    }, {
      "activity" : "walking",
      "group" : "walking",
      "manual" : false,
      "startTime" : "20140802T210122+0200",
      "endTime" : "20140802T210404+0200",
      "duration" : 162.0,
      "distance" : 174.0,
      "steps" : 232
    } ],
    "lastUpdate" : "20140802T205202Z"
  }, {
    "type" : "move",
    "startTime" : "20140802T213925+0200",
    "endTime" : "20140802T222955+0200",
    "activities" : [ {
      "activity" : "walking",
      "group" : "walking",
      "manual" : false,
      "startTime" : "20140802T213925+0200",
      "endTime" : "20140802T221516+0200",
      "duration" : 2151.0,
      "distance" : 2344.0,
      "steps" : 3474
    }, {
      "activity" : "transport",
      "group" : "transport",
      "manual" : false,
      "startTime" : "20140802T221516+0200",
      "endTime" : "20140802T222415+0200",
      "duration" : 539.0,
      "distance" : 1924.0
    }, {
      "activity" : "walking",
      "group" : "walking",
      "manual" : false,
      "startTime" : "20140802T222415+0200",
      "endTime" : "20140802T222956+0200",
      "duration" : 341.0,
      "distance" : 303.0,
      "steps" : 571
    } ],
    "lastUpdate" : "20140802T205202Z"
  }, {
    "type" : "place",
    "startTime" : "20140802T222955+0200",
    "endTime" : "20140803T100203+0200",
    "activities" : [ {
      "activity" : "walking",
      "group" : "walking",
      "manual" : false,
      "startTime" : "20140802T222955+0200",
      "endTime" : "20140802T223030+0200",
      "duration" : 35.0,
      "distance" : 24.0,
      "steps" : 47
    }, {
      "activity" : "walking",
      "group" : "walking",
      "manual" : false,
      "startTime" : "20140802T230734+0200",
      "endTime" : "20140802T230818+0200",
      "duration" : 44.0,
      "distance" : 30.0,
      "steps" : 59
    } ],
    "lastUpdate" : "20140803T101930Z"
  } ],
  "lastUpdate" : "20140803T101930Z"
} ]