[ {
  "date" : "20140726",
  "summary" : [ {
    "activity" : "walking",
    "group" : "walking",
    "duration" : 293.0,
    "distance" : 242.0,
    "steps" : 447
  } ],
  "segments" : [ {
    "type" : "place",
    "startTime" : "20140725T204910+0200",
    "endTime" : "20140726T003638+0200",
    "activities" : [ {
      "activity" : "walking",
      "group" : "walking",
      "manual" : false,
      "startTime" : "20140726T001202+0200",
      "endTime" : "20140726T001220+0200",
      "duration" : 18.0,
      "distance" : 9.0,
      "steps" : 13
    } ],
    "lastUpdate" : "20140726T001239Z"
  }, {
    "type" : "move",
    "startTime" : "20140726T003638+0200",
    "endTime" : "20140726T004019+0200",
    "activities" : [ {
      "activity" : "walking",
      "group" : "walking",
      "manual" : false,
      "startTime" : "20140726T003638+0200",
      "endTime" : "20140726T004019+0200",
      "duration" : 221.0,
      "distance" : 203.0,
      "steps" : 382
    } ],
    "lastUpdate" : "20140726T001239Z"
  }, {
    "type" : "place",
    "startTime" : "20140726T004019+0200",
    "endTime" : "20140727T105732+0200",
    "activities" : [ {
      "activity" : "walking",
      "group" : "walking",
      "manual" : false,
      "startTime" : "20140726T004951+0200",
      "endTime" : "20140726T005009+0200",
      "duration" : 18.0,
      "distance" : 9.0,
      "steps" : 18
    }, {
      "activity" : "walking",
      "group" : "walking",
      "manual" : false,
      "startTime" : "20140726T062720+0200",
      "endTime" : "20140726T062721+0200",
      "duration" : 1.0,
      "distance" : 1.0,
      "steps" : 1
    }, {
      "activity" : "walking",
      "group" : "walking",
      "manual" : false,
      "startTime" : "20140726T091845+0200",
      "endTime" : "20140726T091858+0200",
      "duration" : 13.0,
      "distance" : 9.0,
      "steps" : 17
    }, {
      "activity" : "walking",
      "group" : "walking",
      "manual" : false,
      "startTime" : "20140726T125938+0200",
      "endTime" : "20140726T125956+0200",
      "duration" : 18.0,
      "distance" : 9.0,
      "steps" : 12
    }, {
      "activity" : "walking",
      "group" : "walking",
      "manual" : false,
      "startTime" : "20140726T135332+0200",
      "endTime" : "20140726T135334+0200",
      "duration" : 2.0,
      "distance" : 1.0,
      "steps" : 2
    }, {
      "activity" : "walking",
      "group" : "walking",
      "manual" : false,
      "startTime" : "20140726T190223+0200",
      "endTime" : "20140726T190225+0200",
      "duration" : 2.0,
      "distance" : 1.0,
      "steps" : 2
    } ],
    "lastUpdate" : "20140727T094738Z"
  } ],
  "lastUpdate" : "20140727T094738Z"
} ]