[ {
  "date" : "20141022",
  "summary" : [ {
    "activity" : "walking",
    "group" : "walking",
    "duration" : 2813.0,
    "distance" : 2793.0,
    "steps" : 3904
  } ],
  "segments" : [ {
    "type" : "place",
    "startTime" : "20141021T051012+0200",
    "endTime" : "20141022T191813+0200",
    "activities" : [ {
      "activity" : "walking",
      "group" : "walking",
      "manual" : false,
      "startTime" : "20141022T005156+0200",
      "endTime" : "20141022T005221+0200",
      "duration" : 25.0,
      "distance" : 12.0,
      "steps" : 25
    }, {
      "activity" : "walking",
      "group" : "walking",
      "manual" : false,
      "startTime" : "20141022T090101+0200",
      "endTime" : "20141022T090113+0200",
      "duration" : 12.0,
      "distance" : 8.0,
      "steps" : 16
    }, {
      "activity" : "walking",
      "group" : "walking",
      "manual" : false,
      "startTime" : "20141022T103533+0200",
      "endTime" : "20141022T103552+0200",
      "duration" : 19.0,
      "distance" : 13.0,
      "steps" : 25
    }, {
      "activity" : "walking",
      "group" : "walking",
      "manual" : false,
      "startTime" : "20141022T110443+0200",
      "endTime" : "20141022T111228+0200",
      "duration" : 465.0,
      "distance" : 540.0,
      "steps" : 720
    }, {
      "activity" : "walking",
      "group" : "walking",
      "manual" : false,
      "startTime" : "20141022T131241+0200",
      "endTime" : "20141022T131556+0200",
      "duration" : 195.0,
      "distance" : 198.0,
      "steps" : 264
    }, {
      "activity" : "walking",
      "group" : "walking",
      "manual" : false,
      "startTime" : "20141022T140051+0200",
      "endTime" : "20141022T141524+0200",
      "duration" : 873.0,
      "distance" : 895.0,
      "steps" : 1194
    }, {
      "activity" : "walking",
      "group" : "walking",
      "manual" : false,
      "startTime" : "20141022T151134+0200",
      "endTime" : "20141022T151136+0200",
      "duration" : 2.0,
      "distance" : 1.0,
      "steps" : 2
    }, {
      "activity" : "walking",
      "group" : "walking",
      "manual" : false,
      "startTime" : "20141022T190211+0200",
      "endTime" : "20141022T190307+0200",
      "duration" : 56.0,
      "distance" : 35.0,
      "steps" : 70
    } ],
    "lastUpdate" : "20141022T180426Z"
  }, {
    "type" : "move",
    "startTime" : "20141022T191813+0200",
    "endTime" : "20141022T192146+0200",
    "activities" : [ {
      "activity" : "walking",
      "group" : "walking",
      "manual" : false,
      "startTime" : "20141022T191813+0200",
      "endTime" : "20141022T192146+0200",
      "duration" : 213.0,
      "distance" : 156.0,
      "steps" : 198
    } ],
    "lastUpdate" : "20141022T180426Z"
  }, {
    "type" : "place",
    "startTime" : "20141022T192146+0200",
    "endTime" : "20141022T202642+0200",
    "activities" : [ {
      "activity" : "walking",
      "group" : "walking",
      "manual" : false,
      "startTime" : "20141022T192156+0200",
      "endTime" : "20141022T192200+0200",
      "duration" : 4.0,
      "distance" : 3.0,
      "steps" : 5
    }, {
      "activity" : "walking",
      "group" : "walking",
      "manual" : false,
      "startTime" : "20141022T201256+0200",
      "endTime" : "20141022T201313+0200",
      "duration" : 17.0,
      "distance" : 11.0,
      "steps" : 23
    } ],
    "lastUpdate" : "20141022T200610Z"
  }, {
    "type" : "move",
    "startTime" : "20141022T202642+0200",
    "endTime" : "20141022T202934+0200",
    "activities" : [ {
      "activity" : "walking",
      "group" : "walking",
      "manual" : false,
      "startTime" : "20141022T202642+0200",
      "endTime" : "20141022T202934+0200",
      "duration" : 172.0,
      "distance" : 202.0,
      "steps" : 247
    } ],
    "lastUpdate" : "20141022T200610Z"
  }, {
    "type" : "place",
    "startTime" : "20141022T202934+0200",
    "endTime" : "20141022T210358+0200",
    "activities" : [ {
      "activity" : "walking",
      "group" : "walking",
      "manual" : false,
      "startTime" : "20141022T202934+0200",
      "endTime" : "20141022T203128+0200",
      "duration" : 114.0,
      "distance" : 85.0,
      "steps" : 169
    }, {
      "activity" : "walking",
      "group" : "walking",
      "manual" : false,
      "startTime" : "20141022T210033+0200",
      "endTime" : "20141022T210108+0200",
      "duration" : 35.0,
      "distance" : 23.0,
      "steps" : 46
    } ],
    "lastUpdate" : "20141022T200610Z"
  }, {
    "type" : "move",
    "startTime" : "20141022T210358+0200",
    "endTime" : "20141022T210855+0200",
    "activities" : [ {
      "activity" : "walking",
      "group" : "walking",
      "manual" : false,
      "startTime" : "20141022T210358+0200",
      "endTime" : "20141022T210855+0200",
      "duration" : 297.0,
      "distance" : 257.0,
      "steps" : 423
    } ],
    "lastUpdate" : "20141022T200610Z"
  }, {
    "type" : "place",
    "startTime" : "20141022T210855+0200",
    "endTime" : "20141023T083134+0200",
    "activities" : [ {
      "activity" : "walking",
      "group" : "walking",
      "manual" : false,
      "startTime" : "20141022T210855+0200",
      "endTime" : "20141022T210906+0200",
      "duration" : 11.0,
      "distance" : 7.0,
      "steps" : 15
    }, {
      "activity" : "walking",
      "group" : "walking",
      "manual" : false,
      "startTime" : "20141022T231420+0200",
      "endTime" : "20141022T231923+0200",
      "duration" : 303.0,
      "distance" : 347.0,
      "steps" : 462
    } ],
    "lastUpdate" : "20141023T074305Z"
  } ],
  "lastUpdate" : "20141023T074305Z"
} ]