[ {
  "date" : "20140929",
  "summary" : [ {
    "activity" : "walking",
    "group" : "walking",
    "duration" : 5433.0,
    "distance" : 5437.0,
    "steps" : 8621
  }, {
    "activity" : "transport",
    "group" : "transport",
    "duration" : 1110.0,
    "distance" : 2898.0
  } ],
  "segments" : [ {
    "type" : "place",
    "startTime" : "20140927T123631+0200",
    "endTime" : "20140929T113903+0200",
    "activities" : [ {
      "activity" : "walking",
      "group" : "walking",
      "manual" : false,
      "startTime" : "20140929T025734+0200",
      "endTime" : "20140929T025742+0200",
      "duration" : 8.0,
      "distance" : 5.0,
      "steps" : 10
    }, {
      "activity" : "walking",
      "group" : "walking",
      "manual" : false,
      "startTime" : "20140929T031204+0200",
      "endTime" : "20140929T031205+0200",
      "duration" : 1.0,
      "distance" : 1.0,
      "steps" : 1
    }, {
      "activity" : "walking",
      "group" : "walking",
      "manual" : false,
      "startTime" : "20140929T093842+0200",
      "endTime" : "20140929T094024+0200",
      "duration" : 102.0,
      "distance" : 58.0,
      "steps" : 116
    }, {
      "activity" : "walking",
      "group" : "walking",
      "manual" : false,
      "startTime" : "20140929T100503+0200",
      "endTime" : "20140929T100509+0200",
      "duration" : 6.0,
      "distance" : 4.0,
      "steps" : 8
    }, {
      "activity" : "walking",
      "group" : "walking",
      "manual" : false,
      "startTime" : "20140929T110138+0200",
      "endTime" : "20140929T110213+0200",
      "duration" : 35.0,
      "distance" : 23.0,
      "steps" : 46
    } ],
    "lastUpdate" : "20140929T120833Z"
  }, {
    "type" : "move",
    "startTime" : "20140929T113903+0200",
    "endTime" : "20140929T120022+0200",
    "activities" : [ {
      "activity" : "walking",
      "group" : "walking",
      "manual" : false,
      "startTime" : "20140929T113903+0200",
      "endTime" : "20140929T114436+0200",
      "duration" : 333.0,
      "distance" : 342.0,
      "steps" : 593
    }, {
      "activity" : "transport",
      "group" : "transport",
      "manual" : false,
      "startTime" : "20140929T114436+0200",
      "endTime" : "20140929T115610+0200",
      "duration" : 694.0,
      "distance" : 1086.0
    }, {
      "activity" : "walking",
      "group" : "walking",
      "manual" : false,
      "startTime" : "20140929T115610+0200",
      "endTime" : "20140929T120022+0200",
      "duration" : 252.0,
      "distance" : 304.0,
      "steps" : 456
    } ],
    "lastUpdate" : "20140929T120833Z"
  }, {
    "type" : "place",
    "startTime" : "20140929T120022+0200",
    "endTime" : "20140929T140441+0200",
    "activities" : [ {
      "activity" : "walking",
      "group" : "walking",
      "manual" : false,
      "startTime" : "20140929T120024+0200",
      "endTime" : "20140929T120033+0200",
      "duration" : 9.0,
      "distance" : 6.0,
      "steps" : 12
    }, {
      "activity" : "walking",
      "group" : "walking",
      "manual" : false,
      "startTime" : "20140929T134505+0200",
      "endTime" : "20140929T134509+0200",
      "duration" : 4.0,
      "distance" : 3.0,
      "steps" : 5
    }, {
      "activity" : "walking",
      "group" : "walking",
      "manual" : false,
      "startTime" : "20140929T140421+0200",
      "endTime" : "20140929T140437+0200",
      "duration" : 16.0,
      "distance" : 11.0,
      "steps" : 21
    } ],
    "lastUpdate" : "20140929T150813Z"
  }, {
    "type" : "move",
    "startTime" : "20140929T140441+0200",
    "endTime" : "20140929T141348+0200",
    "activities" : [ {
      "activity" : "walking",
      "group" : "walking",
      "manual" : false,
      "startTime" : "20140929T140441+0200",
      "endTime" : "20140929T141348+0200",
      "duration" : 547.0,
      "distance" : 435.0,
      "steps" : 870
    } ],
    "lastUpdate" : "20140929T150813Z"
  }, {
    "type" : "place",
    "startTime" : "20140929T141348+0200",
    "endTime" : "20140929T142903+0200",
    "activities" : [ {
      "activity" : "walking",
      "group" : "walking",
      "manual" : false,
      "startTime" : "20140929T141352+0200",
      "endTime" : "20140929T141742+0200",
      "duration" : 230.0,
      "distance" : 235.0,
      "steps" : 313
    } ],
    "lastUpdate" : "20140929T150813Z"
  }, {
    "type" : "move",
    "startTime" : "20140929T142903+0200",
    "endTime" : "20140929T144415+0200",
    "activities" : [ {
      "activity" : "walking",
      "group" : "walking",
      "manual" : false,
      "startTime" : "20140929T142903+0200",
      "endTime" : "20140929T143246+0200",
      "duration" : 223.0,
      "distance" : 193.0,
      "steps" : 385
    }, {
      "activity" : "transport",
      "group" : "transport",
      "manual" : false,
      "startTime" : "20140929T143246+0200",
      "endTime" : "20140929T143942+0200",
      "duration" : 416.0,
      "distance" : 1812.0
    }, {
      "activity" : "walking",
      "group" : "walking",
      "manual" : false,
      "startTime" : "20140929T143942+0200",
      "endTime" : "20140929T144415+0200",
      "duration" : 273.0,
      "distance" : 346.0,
      "steps" : 505
    } ],
    "lastUpdate" : "20140929T150813Z"
  }, {
    "type" : "place",
    "startTime" : "20140929T144415+0200",
    "endTime" : "20140929T183613+0200",
    "activities" : [ {
      "activity" : "walking",
      "group" : "walking",
      "manual" : false,
      "startTime" : "20140929T144415+0200",
      "endTime" : "20140929T144432+0200",
      "duration" : 17.0,
      "distance" : 16.0,
      "steps" : 32
    }, {
      "activity" : "walking",
      "group" : "walking",
      "manual" : false,
      "startTime" : "20140929T151835+0200",
      "endTime" : "20140929T151937+0200",
      "duration" : 62.0,
      "distance" : 40.0,
      "steps" : 79
    }, {
      "activity" : "walking",
      "group" : "walking",
      "manual" : false,
      "startTime" : "20140929T170225+0200",
      "endTime" : "20140929T170854+0200",
      "duration" : 389.0,
      "distance" : 425.0,
      "steps" : 567
    }, {
      "activity" : "walking",
      "group" : "walking",
      "manual" : false,
      "startTime" : "20140929T180007+0200",
      "endTime" : "20140929T180615+0200",
      "duration" : 368.0,
      "distance" : 422.0,
      "steps" : 562
    } ],
    "lastUpdate" : "20140929T180045Z"
  }, {
    "type" : "move",
    "startTime" : "20140929T183613+0200",
    "endTime" : "20140929T184406+0200",
    "activities" : [ {
      "activity" : "walking",
      "group" : "walking",
      "manual" : false,
      "startTime" : "20140929T183613+0200",
      "endTime" : "20140929T184405+0200",
      "duration" : 472.0,
      "distance" : 443.0,
      "steps" : 786
    } ],
    "lastUpdate" : "20140929T180045Z"
  }, {
    "type" : "place",
    "startTime" : "20140929T184406+0200",
    "endTime" : "20140929T190132+0200",
    "activities" : [ {
      "activity" : "walking",
      "group" : "walking",
      "manual" : false,
      "startTime" : "20140929T184426+0200",
      "endTime" : "20140929T184803+0200",
      "duration" : 217.0,
      "distance" : 236.0,
      "steps" : 314
    } ],
    "lastUpdate" : "20140929T180045Z"
  }, {
    "type" : "move",
    "startTime" : "20140929T190132+0200",
    "endTime" : "20140929T191054+0200",
    "activities" : [ {
      "activity" : "walking",
      "group" : "walking",
      "manual" : false,
      "startTime" : "20140929T190132+0200",
      "endTime" : "20140929T191053+0200",
      "duration" : 561.0,
      "distance" : 561.0,
      "steps" : 1122
    } ],
    "lastUpdate" : "20140929T180045Z"
  }, {
    "type" : "place",
    "startTime" : "20140929T191054+0200",
    "endTime" : "20140930T172616+0200",
    "activities" : [ {
      "activity" : "walking",
      "group" : "walking",
      "manual" : false,
      "startTime" : "20140929T191054+0200",
      "endTime" : "20140929T191529+0200",
      "duration" : 275.0,
      "distance" : 279.0,
      "steps" : 372
    }, {
      "activity" : "walking",
      "group" : "walking",
      "manual" : false,
      "startTime" : "20140929T200000+0200",
      "endTime" : "20140929T200827+0200",
      "duration" : 507.0,
      "distance" : 508.0,
      "steps" : 677
    }, {
      "activity" : "walking",
      "group" : "walking",
      "manual" : false,
      "startTime" : "20140929T210218+0200",
      "endTime" : "20140929T210923+0200",
      "duration" : 425.0,
      "distance" : 470.0,
      "steps" : 627
    }, {
      "activity" : "walking",
      "group" : "walking",
      "manual" : false,
      "startTime" : "20140929T220226+0200",
      "endTime" : "20140929T220407+0200",
      "duration" : 101.0,
      "distance" : 71.0,
      "steps" : 142
    } ],
    "lastUpdate" : "20140930T165036Z"
  } ],
  "lastUpdate" : "20140930T165036Z"
} ]