[ {
  "date" : "20140628",
  "summary" : [ {
    "activity" : "walking",
    "group" : "walking",
    "duration" : 5206.0,
    "distance" : 4706.0,
    "steps" : 8156
  }, {
    "activity" : "cycling",
    "group" : "cycling",
    "duration" : 4832.0,
    "distance" : 16424.0
  }, {
    "activity" : "transport",
    "group" : "transport",
    "duration" : 224.0,
    "distance" : 468.0
  } ],
  "segments" : [ {
    "type" : "place",
    "startTime" : "20140627T211215+0200",
    "endTime" : "20140628T091241+0200",
    "activities" : [ {
      "activity" : "walking",
      "group" : "walking",
      "manual" : false,
      "startTime" : "20140628T000019+0200",
      "endTime" : "20140628T000417+0200",
      "duration" : 238.0,
      "distance" : 236.0,
      "steps" : 314
    }, {
      "activity" : "walking",
      "group" : "walking",
      "manual" : false,
      "startTime" : "20140628T010035+0200",
      "endTime" : "20140628T010247+0200",
      "duration" : 132.0,
      "distance" : 133.0,
      "steps" : 177
    }, {
      "activity" : "walking",
      "group" : "walking",
      "manual" : false,
      "startTime" : "20140628T020031+0200",
      "endTime" : "20140628T020406+0200",
      "duration" : 215.0,
      "distance" : 263.0,
      "steps" : 350
    } ],
    "lastUpdate" : "20140628T161723Z"
  }, {
    "type" : "move",
    "startTime" : "20140628T091241+0200",
    "endTime" : "20140628T093415+0200",
    "activities" : [ {
      "activity" : "cycling",
      "group" : "cycling",
      "manual" : false,
      "startTime" : "20140628T091241+0200",
      "endTime" : "20140628T093031+0200",
      "duration" : 1070.0,
      "distance" : 2149.0
    }, {
      "activity" : "transport",
      "group" : "transport",
      "manual" : false,
      "startTime" : "20140628T093032+0200",
      "endTime" : "20140628T093416+0200",
      "duration" : 224.0,
      "distance" : 468.0
    } ],
    "lastUpdate" : "20140628T161723Z"
  }, {
    "type" : "place",
    "startTime" : "20140628T093416+0200",
    "endTime" : "20140628T093754+0200",
    "activities" : [ {
      "activity" : "walking",
      "group" : "walking",
      "manual" : false,
      "startTime" : "20140628T093424+0200",
      "endTime" : "20140628T093443+0200",
      "duration" : 19.0,
      "distance" : 13.0,
      "steps" : 25
    } ],
    "lastUpdate" : "20140628T161723Z"
  }, {
    "type" : "move",
    "startTime" : "20140628T093754+0200",
    "endTime" : "20140628T094056+0200",
    "activities" : [ {
      "activity" : "cycling",
      "group" : "cycling",
      "manual" : false,
      "startTime" : "20140628T093754+0200",
      "endTime" : "20140628T094056+0200",
      "duration" : 182.0,
      "distance" : 755.0
    } ],
    "lastUpdate" : "20140628T161723Z"
  }, {
    "type" : "place",
    "startTime" : "20140628T094056+0200",
    "endTime" : "20140628T094423+0200",
    "activities" : [ {
      "activity" : "walking",
      "group" : "walking",
      "manual" : false,
      "startTime" : "20140628T094112+0200",
      "endTime" : "20140628T094146+0200",
      "duration" : 34.0,
      "distance" : 23.0,
      "steps" : 45
    } ],
    "lastUpdate" : "20140628T161723Z"
  }, {
    "type" : "move",
    "startTime" : "20140628T094423+0200",
    "endTime" : "20140628T095423+0200",
    "activities" : [ {
      "activity" : "cycling",
      "group" : "cycling",
      "manual" : false,
      "startTime" : "20140628T094423+0200",
      "endTime" : "20140628T095424+0200",
      "duration" : 601.0,
      "distance" : 1750.0
    } ],
    "lastUpdate" : "20140628T161723Z"
  }, {
    "type" : "place",
    "startTime" : "20140628T095424+0200",
    "endTime" : "20140628T110346+0200",
    "activities" : [ {
      "activity" : "walking",
      "group" : "walking",
      "manual" : false,
      "startTime" : "20140628T095435+0200",
      "endTime" : "20140628T095458+0200",
      "duration" : 23.0,
      "distance" : 15.0,
      "steps" : 30
    } ],
    "lastUpdate" : "20140628T161723Z"
  }, {
    "type" : "move",
    "startTime" : "20140628T110346+0200",
    "endTime" : "20140628T111806+0200",
    "activities" : [ {
      "activity" : "walking",
      "group" : "walking",
      "manual" : false,
      "startTime" : "20140628T110346+0200",
      "endTime" : "20140628T111806+0200",
      "duration" : 860.0,
      "distance" : 801.0,
      "steps" : 1603
    } ],
    "lastUpdate" : "20140628T161723Z"
  }, {
    "type" : "place",
    "startTime" : "20140628T111806+0200",
    "endTime" : "20140628T112807+0200",
    "activities" : [ {
      "activity" : "walking",
      "group" : "walking",
      "manual" : false,
      "startTime" : "20140628T111806+0200",
      "endTime" : "20140628T111957+0200",
      "duration" : 111.0,
      "distance" : 78.0,
      "steps" : 156
    } ],
    "lastUpdate" : "20140628T161723Z"
  }, {
    "type" : "move",
    "startTime" : "20140628T112807+0200",
    "endTime" : "20140628T114419+0200",
    "activities" : [ {
      "activity" : "walking",
      "group" : "walking",
      "manual" : false,
      "startTime" : "20140628T112807+0200",
      "endTime" : "20140628T114419+0200",
      "duration" : 972.0,
      "distance" : 761.0,
      "steps" : 1522
    } ],
    "lastUpdate" : "20140628T161723Z"
  }, {
    "type" : "place",
    "startTime" : "20140628T114419+0200",
    "endTime" : "20140628T122949+0200",
    "activities" : [ {
      "activity" : "walking",
      "group" : "walking",
      "manual" : false,
      "startTime" : "20140628T115618+0200",
      "endTime" : "20140628T115702+0200",
      "duration" : 44.0,
      "distance" : 30.0,
      "steps" : 59
    }, {
      "activity" : "walking",
      "group" : "walking",
      "manual" : false,
      "startTime" : "20140628T120020+0200",
      "endTime" : "20140628T120058+0200",
      "duration" : 38.0,
      "distance" : 30.0,
      "steps" : 59
    } ],
    "lastUpdate" : "20140628T161723Z"
  }, {
    "type" : "move",
    "startTime" : "20140628T122949+0200",
    "endTime" : "20140628T123310+0200",
    "activities" : [ {
      "activity" : "walking",
      "group" : "walking",
      "manual" : false,
      "startTime" : "20140628T122949+0200",
      "endTime" : "20140628T123309+0200",
      "duration" : 200.0,
      "distance" : 208.0,
      "steps" : 349
    } ],
    "lastUpdate" : "20140628T161723Z"
  }, {
    "type" : "place",
    "startTime" : "20140628T123310+0200",
    "endTime" : "20140628T164723+0200",
    "activities" : [ {
      "activity" : "walking",
      "group" : "walking",
      "manual" : false,
      "startTime" : "20140628T123310+0200",
      "endTime" : "20140628T123403+0200",
      "duration" : 53.0,
      "distance" : 29.0,
      "steps" : 58
    }, {
      "activity" : "walking",
      "group" : "walking",
      "manual" : false,
      "startTime" : "20140628T132700+0200",
      "endTime" : "20140628T132701+0200",
      "duration" : 1.0,
      "distance" : 1.0,
      "steps" : 1
    }, {
      "activity" : "walking",
      "group" : "walking",
      "manual" : false,
      "startTime" : "20140628T164608+0200",
      "endTime" : "20140628T164613+0200",
      "duration" : 5.0,
      "distance" : 4.0,
      "steps" : 7
    } ],
    "lastUpdate" : "20140628T161723Z"
  }, {
    "type" : "move",
    "startTime" : "20140628T164723+0200",
    "endTime" : "20140628T165134+0200",
    "activities" : [ {
      "activity" : "walking",
      "group" : "walking",
      "manual" : false,
      "startTime" : "20140628T164723+0200",
      "endTime" : "20140628T165134+0200",
      "duration" : 251.0,
      "distance" : 232.0,
      "steps" : 464
    } ],
    "lastUpdate" : "20140628T161723Z"
  }, {
    "type" : "place",
    "startTime" : "20140628T165134+0200",
    "endTime" : "20140628T170554+0200",
    "activities" : [ {
      "activity" : "walking",
      "group" : "walking",
      "manual" : false,
      "startTime" : "20140628T165213+0200",
      "endTime" : "20140628T165233+0200",
      "duration" : 20.0,
      "distance" : 14.0,
      "steps" : 27
    } ],
    "lastUpdate" : "20140628T161723Z"
  }, {
    "type" : "move",
    "startTime" : "20140628T170554+0200",
    "endTime" : "20140628T171957+0200",
    "activities" : [ {
      "activity" : "walking",
      "group" : "walking",
      "manual" : false,
      "startTime" : "20140628T170554+0200",
      "endTime" : "20140628T171957+0200",
      "duration" : 843.0,
      "distance" : 622.0,
      "steps" : 1244
    } ],
    "lastUpdate" : "20140628T161723Z"
  }, {
    "type" : "place",
    "startTime" : "20140628T171958+0200",
    "endTime" : "20140628T180254+0200",
    "activities" : [ {
      "activity" : "walking",
      "group" : "walking",
      "manual" : false,
      "startTime" : "20140628T172356+0200",
      "endTime" : "20140628T174108+0200",
      "duration" : 1032.0,
      "distance" : 1140.0,
      "steps" : 1520
    }, {
      "activity" : "walking",
      "group" : "walking",
      "manual" : false,
      "startTime" : "20140628T180034+0200",
      "endTime" : "20140628T180120+0200",
      "duration" : 46.0,
      "distance" : 30.0,
      "steps" : 61
    } ],
    "lastUpdate" : "20140629T063243Z"
  }, {
    "type" : "move",
    "startTime" : "20140628T180254+0200",
    "endTime" : "20140628T185233+0200",
    "activities" : [ {
      "activity" : "cycling",
      "group" : "cycling",
      "manual" : false,
      "startTime" : "20140628T180254+0200",
      "endTime" : "20140628T185233+0200",
      "duration" : 2979.0,
      "distance" : 11770.0
    } ],
    "lastUpdate" : "20140629T063243Z"
  }, {
    "type" : "place",
    "startTime" : "20140628T185233+0200",
    "endTime" : "20140629T135127+0200",
    "activities" : [ {
      "activity" : "walking",
      "group" : "walking",
      "manual" : false,
      "startTime" : "20140628T185317+0200",
      "endTime" : "20140628T185343+0200",
      "duration" : 26.0,
      "distance" : 17.0,
      "steps" : 34
    }, {
      "activity" : "walking",
      "group" : "walking",
      "manual" : false,
      "startTime" : "20140628T190149+0200",
      "endTime" : "20140628T190224+0200",
      "duration" : 35.0,
      "distance" : 20.0,
      "steps" : 40
    }, {
      "activity" : "walking",
      "group" : "walking",
      "manual" : false,
      "startTime" : "20140628T230915+0200",
      "endTime" : "20140628T230923+0200",
      "duration" : 8.0,
      "distance" : 6.0,
      "steps" : 11
    } ],
    "lastUpdate" : "20140630T072144Z"
  } ],
  "lastUpdate" : "20140630T072144Z"
} ]