[ {
  "date" : "20141015",
  "summary" : [ {
    "activity" : "walking",
    "group" : "walking",
    "duration" : 2487.0,
    "distance" : 2291.0,
    "steps" : 3468
  }, {
    "activity" : "transport",
    "group" : "transport",
    "duration" : 3435.0,
    "distance" : 7680.0
  }, {
    "activity" : "cycling",
    "group" : "cycling",
    "duration" : 1137.0,
    "distance" : 4022.0
  } ],
  "segments" : [ {
    "type" : "place",
    "startTime" : "20141014T185653+0200",
    "endTime" : "20141015T093954+0200",
    "activities" : [ {
      "activity" : "walking",
      "group" : "walking",
      "manual" : false,
      "startTime" : "20141015T014446+0200",
      "endTime" : "20141015T014516+0200",
      "duration" : 30.0,
      "distance" : 15.0,
      "steps" : 30
    }, {
      "activity" : "walking",
      "group" : "walking",
      "manual" : false,
      "startTime" : "20141015T020313+0200",
      "endTime" : "20141015T020318+0200",
      "duration" : 5.0,
      "distance" : 3.0,
      "steps" : 6
    }, {
      "activity" : "walking",
      "group" : "walking",
      "manual" : false,
      "startTime" : "20141015T093642+0200",
      "endTime" : "20141015T093712+0200",
      "duration" : 30.0,
      "distance" : 15.0,
      "steps" : 15
    } ],
    "lastUpdate" : "20141015T092742Z"
  }, {
    "type" : "move",
    "startTime" : "20141015T093954+0200",
    "endTime" : "20141015T100202+0200",
    "activities" : [ {
      "activity" : "walking",
      "group" : "walking",
      "manual" : false,
      "startTime" : "20141015T093954+0200",
      "endTime" : "20141015T094236+0200",
      "duration" : 162.0,
      "distance" : 81.0,
      "steps" : 162
    }, {
      "activity" : "transport",
      "group" : "transport",
      "manual" : false,
      "startTime" : "20141015T094235+0200",
      "endTime" : "20141015T100203+0200",
      "duration" : 1168.0,
      "distance" : 3631.0
    } ],
    "lastUpdate" : "20141015T092742Z"
  }, {
    "type" : "place",
    "startTime" : "20141015T100202+0200",
    "endTime" : "20141015T100619+0200",
    "activities" : [ {
      "activity" : "walking",
      "group" : "walking",
      "manual" : false,
      "startTime" : "20141015T100406+0200",
      "endTime" : "20141015T100532+0200",
      "duration" : 86.0,
      "distance" : 56.0,
      "steps" : 111
    } ],
    "lastUpdate" : "20141015T092742Z"
  }, {
    "type" : "move",
    "startTime" : "20141015T100619+0200",
    "endTime" : "20141015T101337+0200",
    "activities" : [ {
      "activity" : "walking",
      "group" : "walking",
      "manual" : false,
      "startTime" : "20141015T100619+0200",
      "endTime" : "20141015T101337+0200",
      "duration" : 438.0,
      "distance" : 476.0,
      "steps" : 697
    } ],
    "lastUpdate" : "20141015T092742Z"
  }, {
    "type" : "place",
    "startTime" : "20141015T101337+0200",
    "endTime" : "20141015T112856+0200",
    "activities" : [ {
      "activity" : "walking",
      "group" : "walking",
      "manual" : false,
      "startTime" : "20141015T101349+0200",
      "endTime" : "20141015T101515+0200",
      "duration" : 86.0,
      "distance" : 63.0,
      "steps" : 125
    }, {
      "activity" : "walking",
      "group" : "walking",
      "manual" : false,
      "startTime" : "20141015T110252+0200",
      "endTime" : "20141015T110432+0200",
      "duration" : 100.0,
      "distance" : 70.0,
      "steps" : 140
    } ],
    "lastUpdate" : "20141015T102041Z"
  }, {
    "type" : "move",
    "startTime" : "20141015T112856+0200",
    "endTime" : "20141015T113636+0200",
    "activities" : [ {
      "activity" : "cycling",
      "group" : "cycling",
      "manual" : false,
      "startTime" : "20141015T112856+0200",
      "endTime" : "20141015T113636+0200",
      "duration" : 460.0,
      "distance" : 1839.0
    } ],
    "lastUpdate" : "20141015T102041Z"
  }, {
    "type" : "place",
    "startTime" : "20141015T113636+0200",
    "endTime" : "20141015T132854+0200",
    "activities" : [ {
      "activity" : "walking",
      "group" : "walking",
      "manual" : false,
      "startTime" : "20141015T113636+0200",
      "endTime" : "20141015T113758+0200",
      "duration" : 82.0,
      "distance" : 62.0,
      "steps" : 124
    }, {
      "activity" : "walking",
      "group" : "walking",
      "manual" : false,
      "startTime" : "20141015T120001+0200",
      "endTime" : "20141015T120045+0200",
      "duration" : 44.0,
      "distance" : 29.0,
      "steps" : 58
    }, {
      "activity" : "walking",
      "group" : "walking",
      "manual" : false,
      "startTime" : "20141015T130841+0200",
      "endTime" : "20141015T131526+0200",
      "duration" : 405.0,
      "distance" : 465.0,
      "steps" : 620
    } ],
    "lastUpdate" : "20141015T133937Z"
  }, {
    "type" : "move",
    "startTime" : "20141015T132854+0200",
    "endTime" : "20141015T133636+0200",
    "activities" : [ {
      "activity" : "cycling",
      "group" : "cycling",
      "manual" : false,
      "startTime" : "20141015T132854+0200",
      "endTime" : "20141015T133636+0200",
      "duration" : 462.0,
      "distance" : 1636.0
    } ],
    "lastUpdate" : "20141015T133937Z"
  }, {
    "type" : "place",
    "startTime" : "20141015T133636+0200",
    "endTime" : "20141015T135935+0200",
    "activities" : [ {
      "activity" : "walking",
      "group" : "walking",
      "manual" : false,
      "startTime" : "20141015T133636+0200",
      "endTime" : "20141015T134142+0200",
      "duration" : 306.0,
      "distance" : 329.0,
      "steps" : 438
    } ],
    "lastUpdate" : "20141015T133937Z"
  }, {
    "type" : "move",
    "startTime" : "20141015T135935+0200",
    "endTime" : "20141015T144056+0200",
    "activities" : [ {
      "activity" : "cycling",
      "group" : "cycling",
      "manual" : false,
      "startTime" : "20141015T135935+0200",
      "endTime" : "20141015T140310+0200",
      "duration" : 215.0,
      "distance" : 547.0
    }, {
      "activity" : "transport",
      "group" : "transport",
      "manual" : false,
      "startTime" : "20141015T140309+0200",
      "endTime" : "20141015T144056+0200",
      "duration" : 2267.0,
      "distance" : 4049.0
    } ],
    "lastUpdate" : "20141015T133937Z"
  }, {
    "type" : "place",
    "startTime" : "20141015T144056+0200",
    "endTime" : "20141016T072719+0200",
    "activities" : [ {
      "activity" : "walking",
      "group" : "walking",
      "manual" : false,
      "startTime" : "20141015T144109+0200",
      "endTime" : "20141015T144238+0200",
      "duration" : 89.0,
      "distance" : 60.0,
      "steps" : 119
    }, {
      "activity" : "walking",
      "group" : "walking",
      "manual" : false,
      "startTime" : "20141015T155449+0200",
      "endTime" : "20141015T155636+0200",
      "duration" : 107.0,
      "distance" : 85.0,
      "steps" : 169
    }, {
      "activity" : "walking",
      "group" : "walking",
      "manual" : false,
      "startTime" : "20141015T164127+0200",
      "endTime" : "20141015T164349+0200",
      "duration" : 142.0,
      "distance" : 147.0,
      "steps" : 195
    }, {
      "activity" : "walking",
      "group" : "walking",
      "manual" : false,
      "startTime" : "20141015T193514+0200",
      "endTime" : "20141015T193525+0200",
      "duration" : 11.0,
      "distance" : 7.0,
      "steps" : 14
    }, {
      "activity" : "walking",
      "group" : "walking",
      "manual" : false,
      "startTime" : "20141015T202436+0200",
      "endTime" : "20141015T202441+0200",
      "duration" : 5.0,
      "distance" : 3.0,
      "steps" : 6
    }, {
      "activity" : "walking",
      "group" : "walking",
      "manual" : false,
      "startTime" : "20141015T213445+0200",
      "endTime" : "20141015T213755+0200",
      "duration" : 190.0,
      "distance" : 172.0,
      "steps" : 229
    }, {
      "activity" : "walking",
      "group" : "walking",
      "manual" : false,
      "startTime" : "20141015T220213+0200",
      "endTime" : "20141015T220448+0200",
      "duration" : 155.0,
      "distance" : 144.0,
      "steps" : 192
    }, {
      "activity" : "walking",
      "group" : "walking",
      "manual" : false,
      "startTime" : "20141015T235931+0200",
      "endTime" : "20141015T235945+0200",
      "duration" : 14.0,
      "distance" : 9.0,
      "steps" : 18
    } ],
    "lastUpdate" : "20141016T085143Z"
  } ],
  "lastUpdate" : "20141016T085143Z"
} ]