[ {
  "date" : "20140725",
  "summary" : [ {
    "activity" : "walking",
    "group" : "walking",
    "duration" : 2736.0,
    "distance" : 2881.0,
    "steps" : 4189
  }, {
    "activity" : "transport",
    "group" : "transport",
    "duration" : 838.0,
    "distance" : 2000.0
  } ],
  "segments" : [ {
    "type" : "place",
    "startTime" : "20140723T170142+0200",
    "endTime" : "20140725T083218+0200",
    "activities" : [ {
      "activity" : "walking",
      "group" : "walking",
      "manual" : false,
      "startTime" : "20140725T004410+0200",
      "endTime" : "20140725T004440+0200",
      "duration" : 30.0,
      "distance" : 15.0,
      "steps" : 15
    }, {
      "activity" : "walking",
      "group" : "walking",
      "manual" : false,
      "startTime" : "20140725T072000+0200",
      "endTime" : "20140725T072030+0200",
      "duration" : 30.0,
      "distance" : 15.0,
      "steps" : 30
    }, {
      "activity" : "walking",
      "group" : "walking",
      "manual" : false,
      "startTime" : "20140725T082305+0200",
      "endTime" : "20140725T082400+0200",
      "duration" : 55.0,
      "distance" : 27.0,
      "steps" : 53
    } ],
    "lastUpdate" : "20140725T071956Z"
  }, {
    "type" : "move",
    "startTime" : "20140725T083218+0200",
    "endTime" : "20140725T085203+0200",
    "activities" : [ {
      "activity" : "walking",
      "group" : "walking",
      "manual" : false,
      "startTime" : "20140725T083218+0200",
      "endTime" : "20140725T083525+0200",
      "duration" : 187.0,
      "distance" : 163.0,
      "steps" : 326
    }, {
      "activity" : "transport",
      "group" : "transport",
      "manual" : false,
      "startTime" : "20140725T083525+0200",
      "endTime" : "20140725T084459+0200",
      "duration" : 574.0,
      "distance" : 1240.0
    }, {
      "activity" : "walking",
      "group" : "walking",
      "manual" : false,
      "startTime" : "20140725T084458+0200",
      "endTime" : "20140725T085203+0200",
      "duration" : 425.0,
      "distance" : 535.0,
      "steps" : 596
    } ],
    "lastUpdate" : "20140725T071956Z"
  }, {
    "type" : "place",
    "startTime" : "20140725T085203+0200",
    "endTime" : "20140725T110615+0200",
    "activities" : [ {
      "activity" : "walking",
      "group" : "walking",
      "manual" : false,
      "startTime" : "20140725T085203+0200",
      "endTime" : "20140725T085210+0200",
      "duration" : 7.0,
      "distance" : 5.0,
      "steps" : 9
    }, {
      "activity" : "walking",
      "group" : "walking",
      "manual" : false,
      "startTime" : "20140725T091051+0200",
      "endTime" : "20140725T091053+0200",
      "duration" : 2.0,
      "distance" : 1.0,
      "steps" : 2
    }, {
      "activity" : "walking",
      "group" : "walking",
      "manual" : false,
      "startTime" : "20140725T110603+0200",
      "endTime" : "20140725T110615+0200",
      "duration" : 12.0,
      "distance" : 8.0,
      "steps" : 16
    } ],
    "lastUpdate" : "20140725T120438Z"
  }, {
    "type" : "move",
    "startTime" : "20140725T110615+0200",
    "endTime" : "20140725T112315+0200",
    "activities" : [ {
      "activity" : "walking",
      "group" : "walking",
      "manual" : false,
      "startTime" : "20140725T110615+0200",
      "endTime" : "20140725T111248+0200",
      "duration" : 393.0,
      "distance" : 522.0,
      "steps" : 674
    }, {
      "activity" : "transport",
      "group" : "transport",
      "manual" : false,
      "startTime" : "20140725T111248+0200",
      "endTime" : "20140725T111712+0200",
      "duration" : 264.0,
      "distance" : 760.0
    }, {
      "activity" : "walking",
      "group" : "walking",
      "manual" : false,
      "startTime" : "20140725T111712+0200",
      "endTime" : "20140725T112314+0200",
      "duration" : 362.0,
      "distance" : 502.0,
      "steps" : 622
    } ],
    "lastUpdate" : "20140725T120438Z"
  }, {
    "type" : "place",
    "startTime" : "20140725T112315+0200",
    "endTime" : "20140725T170456+0200",
    "activities" : [ {
      "activity" : "walking",
      "group" : "walking",
      "manual" : false,
      "startTime" : "20140725T112315+0200",
      "endTime" : "20140725T112316+0200",
      "duration" : 1.0,
      "distance" : 1.0,
      "steps" : 1
    }, {
      "activity" : "walking",
      "group" : "walking",
      "manual" : false,
      "startTime" : "20140725T123322+0200",
      "endTime" : "20140725T123333+0200",
      "duration" : 11.0,
      "distance" : 7.0,
      "steps" : 14
    }, {
      "activity" : "walking",
      "group" : "walking",
      "manual" : false,
      "startTime" : "20140725T170426+0200",
      "endTime" : "20140725T170429+0200",
      "duration" : 3.0,
      "distance" : 2.0,
      "steps" : 4
    } ],
    "lastUpdate" : "20140725T163739Z"
  }, {
    "type" : "move",
    "startTime" : "20140725T170456+0200",
    "endTime" : "20140725T170816+0200",
    "activities" : [ {
      "activity" : "walking",
      "group" : "walking",
      "manual" : false,
      "startTime" : "20140725T170456+0200",
      "endTime" : "20140725T170817+0200",
      "duration" : 201.0,
      "distance" : 210.0,
      "steps" : 344
    } ],
    "lastUpdate" : "20140725T163739Z"
  }, {
    "type" : "place",
    "startTime" : "20140725T170816+0200",
    "endTime" : "20140725T184743+0200",
    "activities" : [ {
      "activity" : "walking",
      "group" : "walking",
      "manual" : false,
      "startTime" : "20140725T170816+0200",
      "endTime" : "20140725T170837+0200",
      "duration" : 21.0,
      "distance" : 15.0,
      "steps" : 30
    }, {
      "activity" : "walking",
      "group" : "walking",
      "manual" : false,
      "startTime" : "20140725T184231+0200",
      "endTime" : "20140725T184239+0200",
      "duration" : 8.0,
      "distance" : 6.0,
      "steps" : 11
    } ],
    "lastUpdate" : "20140725T174924Z"
  }, {
    "type" : "move",
    "startTime" : "20140725T184743+0200",
    "endTime" : "20140725T185054+0200",
    "activities" : [ {
      "activity" : "walking",
      "group" : "walking",
      "manual" : false,
      "startTime" : "20140725T184743+0200",
      "endTime" : "20140725T185054+0200",
      "duration" : 191.0,
      "distance" : 206.0,
      "steps" : 369
    } ],
    "lastUpdate" : "20140725T174924Z"
  }, {
    "type" : "place",
    "startTime" : "20140725T185054+0200",
    "endTime" : "20140725T204257+0200",
    "activities" : [ {
      "activity" : "walking",
      "group" : "walking",
      "manual" : false,
      "startTime" : "20140725T185054+0200",
      "endTime" : "20140725T185139+0200",
      "duration" : 45.0,
      "distance" : 33.0,
      "steps" : 66
    }, {
      "activity" : "walking",
      "group" : "walking",
      "manual" : false,
      "startTime" : "20140725T200529+0200",
      "endTime" : "20140725T201004+0200",
      "duration" : 275.0,
      "distance" : 310.0,
      "steps" : 414
    } ],
    "lastUpdate" : "20140725T193937Z"
  }, {
    "type" : "move",
    "startTime" : "20140725T204257+0200",
    "endTime" : "20140725T204910+0200",
    "activities" : [ {
      "activity" : "walking",
      "group" : "walking",
      "manual" : false,
      "startTime" : "20140725T204257+0200",
      "endTime" : "20140725T204910+0200",
      "duration" : 373.0,
      "distance" : 232.0,
      "steps" : 464
    } ],
    "lastUpdate" : "20140725T193937Z"
  }, {
    "type" : "place",
    "startTime" : "20140725T204910+0200",
    "endTime" : "20140726T003638+0200",
    "activities" : [ {
      "activity" : "walking",
      "group" : "walking",
      "manual" : false,
      "startTime" : "20140725T204910+0200",
      "endTime" : "20140725T204928+0200",
      "duration" : 18.0,
      "distance" : 12.0,
      "steps" : 24
    }, {
      "activity" : "walking",
      "group" : "walking",
      "manual" : false,
      "startTime" : "20140725T210850+0200",
      "endTime" : "20140725T210940+0200",
      "duration" : 50.0,
      "distance" : 34.0,
      "steps" : 67
    }, {
      "activity" : "walking",
      "group" : "walking",
      "manual" : false,
      "startTime" : "20140725T222044+0200",
      "endTime" : "20140725T222049+0200",
      "duration" : 5.0,
      "distance" : 4.0,
      "steps" : 7
    }, {
      "activity" : "walking",
      "group" : "walking",
      "manual" : false,
      "startTime" : "20140725T232617+0200",
      "endTime" : "20140725T232648+0200",
      "duration" : 31.0,
      "distance" : 16.0,
      "steps" : 31
    } ],
    "lastUpdate" : "20140726T001239Z"
  } ],
  "lastUpdate" : "20140726T001239Z"
} ]