[ {
  "date" : "20141106",
  "summary" : [ {
    "activity" : "walking",
    "group" : "walking",
    "duration" : 5988.0,
    "distance" : 6604.0,
    "steps" : 8874
  }, {
    "activity" : "transport",
    "group" : "transport",
    "duration" : 692.0,
    "distance" : 2592.0
  } ],
  "segments" : [ {
    "type" : "place",
    "startTime" : "20141105T134303+0100",
    "endTime" : "20141106T083041+0100",
    "activities" : [ {
      "activity" : "walking",
      "group" : "walking",
      "manual" : false,
      "startTime" : "20141106T001939+0100",
      "endTime" : "20141106T002058+0100",
      "duration" : 79.0,
      "distance" : 53.0,
      "steps" : 105
    }, {
      "activity" : "walking",
      "group" : "walking",
      "manual" : false,
      "startTime" : "20141106T081446+0100",
      "endTime" : "20141106T081516+0100",
      "duration" : 30.0,
      "distance" : 15.0,
      "steps" : 30
    } ],
    "lastUpdate" : "20141106T090143Z"
  }, {
    "type" : "move",
    "startTime" : "20141106T083041+0100",
    "endTime" : "20141106T085513+0100",
    "activities" : [ {
      "activity" : "walking",
      "group" : "walking",
      "manual" : false,
      "startTime" : "20141106T083041+0100",
      "endTime" : "20141106T085513+0100",
      "duration" : 1472.0,
      "distance" : 1591.0,
      "steps" : 2253
    } ],
    "lastUpdate" : "20141106T090143Z"
  }, {
    "type" : "move",
    "startTime" : "20141106T092603+0100",
    "endTime" : "20141106T093201+0100",
    "activities" : [ {
      "activity" : "walking",
      "group" : "walking",
      "manual" : false,
      "startTime" : "20141106T092603+0100",
      "endTime" : "20141106T093201+0100",
      "duration" : 358.0,
      "distance" : 560.0,
      "steps" : 466
    } ],
    "lastUpdate" : "20141106T090143Z"
  }, {
    "type" : "place",
    "startTime" : "20141106T093201+0100",
    "endTime" : "20141106T095739+0100",
    "activities" : [ {
      "activity" : "walking",
      "group" : "walking",
      "manual" : false,
      "startTime" : "20141106T093201+0100",
      "endTime" : "20141106T093239+0100",
      "duration" : 38.0,
      "distance" : 20.0,
      "steps" : 41
    } ],
    "lastUpdate" : "20141106T102732Z"
  }, {
    "type" : "move",
    "startTime" : "20141106T095739+0100",
    "endTime" : "20141106T100142+0100",
    "activities" : [ {
      "activity" : "transport",
      "group" : "transport",
      "manual" : false,
      "startTime" : "20141106T095739+0100",
      "endTime" : "20141106T095910+0100",
      "duration" : 91.0,
      "distance" : 706.0
    }, {
      "activity" : "walking",
      "group" : "walking",
      "manual" : false,
      "startTime" : "20141106T095910+0100",
      "endTime" : "20141106T100143+0100",
      "duration" : 153.0,
      "distance" : 283.0,
      "steps" : 236
    } ],
    "lastUpdate" : "20141106T102732Z"
  }, {
    "type" : "place",
    "startTime" : "20141106T100142+0100",
    "endTime" : "20141106T103737+0100",
    "activities" : [ {
      "activity" : "walking",
      "group" : "walking",
      "manual" : false,
      "startTime" : "20141106T101406+0100",
      "endTime" : "20141106T101843+0100",
      "duration" : 277.0,
      "distance" : 232.0,
      "steps" : 309
    } ],
    "lastUpdate" : "20141106T122524Z"
  }, {
    "type" : "move",
    "startTime" : "20141106T103737+0100",
    "endTime" : "20141106T105631+0100",
    "activities" : [ {
      "activity" : "walking",
      "group" : "walking",
      "manual" : false,
      "startTime" : "20141106T103737+0100",
      "endTime" : "20141106T105631+0100",
      "duration" : 1134.0,
      "distance" : 1061.0,
      "steps" : 1786
    } ],
    "lastUpdate" : "20141106T122524Z"
  }, {
    "type" : "place",
    "startTime" : "20141106T105632+0100",
    "endTime" : "20141106T105857+0100",
    "activities" : [ {
      "activity" : "walking",
      "group" : "walking",
      "manual" : false,
      "startTime" : "20141106T105856+0100",
      "endTime" : "20141106T105857+0100",
      "duration" : 1.0,
      "distance" : 1.0,
      "steps" : 1
    } ],
    "lastUpdate" : "20141106T122524Z"
  }, {
    "type" : "move",
    "startTime" : "20141106T105857+0100",
    "endTime" : "20141106T113330+0100",
    "activities" : [ {
      "activity" : "walking",
      "group" : "walking",
      "manual" : false,
      "startTime" : "20141106T105857+0100",
      "endTime" : "20141106T111530+0100",
      "duration" : 993.0,
      "distance" : 1058.0,
      "steps" : 1622
    }, {
      "activity" : "transport",
      "group" : "transport",
      "manual" : false,
      "startTime" : "20141106T111530+0100",
      "endTime" : "20141106T112531+0100",
      "duration" : 601.0,
      "distance" : 1886.0
    }, {
      "activity" : "walking",
      "group" : "walking",
      "manual" : false,
      "startTime" : "20141106T112531+0100",
      "endTime" : "20141106T113330+0100",
      "duration" : 479.0,
      "distance" : 766.0,
      "steps" : 639
    } ],
    "lastUpdate" : "20141106T122524Z"
  }, {
    "type" : "place",
    "startTime" : "20141106T113330+0100",
    "endTime" : "20141107T091007+0100",
    "activities" : [ {
      "activity" : "walking",
      "group" : "walking",
      "manual" : false,
      "startTime" : "20141106T113330+0100",
      "endTime" : "20141106T113436+0100",
      "duration" : 66.0,
      "distance" : 39.0,
      "steps" : 78
    }, {
      "activity" : "walking",
      "group" : "walking",
      "manual" : false,
      "startTime" : "20141106T122008+0100",
      "endTime" : "20141106T122248+0100",
      "duration" : 160.0,
      "distance" : 162.0,
      "steps" : 216
    }, {
      "activity" : "walking",
      "group" : "walking",
      "manual" : false,
      "startTime" : "20141106T130648+0100",
      "endTime" : "20141106T130959+0100",
      "duration" : 191.0,
      "distance" : 200.0,
      "steps" : 267
    }, {
      "activity" : "walking",
      "group" : "walking",
      "manual" : false,
      "startTime" : "20141106T140000+0100",
      "endTime" : "20141106T140146+0100",
      "duration" : 106.0,
      "distance" : 73.0,
      "steps" : 146
    }, {
      "activity" : "walking",
      "group" : "walking",
      "manual" : false,
      "startTime" : "20141106T161940+0100",
      "endTime" : "20141106T161945+0100",
      "duration" : 5.0,
      "distance" : 3.0,
      "steps" : 6
    }, {
      "activity" : "walking",
      "group" : "walking",
      "manual" : false,
      "startTime" : "20141106T201219+0100",
      "endTime" : "20141106T201308+0100",
      "duration" : 49.0,
      "distance" : 26.0,
      "steps" : 52
    }, {
      "activity" : "walking",
      "group" : "walking",
      "manual" : false,
      "startTime" : "20141106T214838+0100",
      "endTime" : "20141106T214853+0100",
      "duration" : 15.0,
      "distance" : 10.0,
      "steps" : 20
    }, {
      "activity" : "walking",
      "group" : "walking",
      "manual" : false,
      "startTime" : "20141106T220307+0100",
      "endTime" : "20141106T220929+0100",
      "duration" : 382.0,
      "distance" : 451.0,
      "steps" : 601
    } ],
    "lastUpdate" : "20141107T102734Z"
  } ],
  "lastUpdate" : "20141107T102734Z"
} ]