[ {
  "date" : "20140810",
  "summary" : [ {
    "activity" : "walking",
    "group" : "walking",
    "duration" : 844.0,
    "distance" : 872.0,
    "steps" : 1006
  } ],
  "segments" : [ {
    "type" : "place",
    "startTime" : "20140809T155221+0200",
    "endTime" : "20140810T092500+0200",
    "activities" : [ {
      "activity" : "walking",
      "group" : "walking",
      "manual" : false,
      "startTime" : "20140810T003455+0200",
      "endTime" : "20140810T003512+0200",
      "duration" : 17.0,
      "distance" : 12.0,
      "steps" : 23
    }, {
      "activity" : "walking",
      "group" : "walking",
      "manual" : false,
      "startTime" : "20140810T010223+0200",
      "endTime" : "20140810T010408+0200",
      "duration" : 105.0,
      "distance" : 70.0,
      "steps" : 140
    }, {
      "activity" : "walking",
      "group" : "walking",
      "manual" : false,
      "startTime" : "20140810T022532+0200",
      "endTime" : "20140810T022546+0200",
      "duration" : 14.0,
      "distance" : 10.0,
      "steps" : 19
    }, {
      "activity" : "walking",
      "group" : "walking",
      "manual" : false,
      "startTime" : "20140810T092434+0200",
      "endTime" : "20140810T092453+0200",
      "duration" : 19.0,
      "distance" : 13.0,
      "steps" : 26
    } ],
    "lastUpdate" : "20140810T084931Z"
  }, {
    "type" : "move",
    "startTime" : "20140810T092500+0200",
    "endTime" : "20140810T093051+0200",
    "activities" : [ {
      "activity" : "walking",
      "group" : "walking",
      "manual" : false,
      "startTime" : "20140810T092500+0200",
      "endTime" : "20140810T093051+0200",
      "duration" : 351.0,
      "distance" : 371.0,
      "steps" : 347
    } ],
    "lastUpdate" : "20140810T084931Z"
  }, {
    "type" : "place",
    "startTime" : "20140810T093051+0200",
    "endTime" : "20140810T093227+0200",
    "activities" : [ {
      "activity" : "walking",
      "group" : "walking",
      "manual" : false,
      "startTime" : "20140810T093051+0200",
      "endTime" : "20140810T093105+0200",
      "duration" : 14.0,
      "distance" : 10.0,
      "steps" : 20
    } ],
    "lastUpdate" : "20140810T084931Z"
  }, {
    "type" : "move",
    "startTime" : "20140810T093227+0200",
    "endTime" : "20140810T093712+0200",
    "activities" : [ {
      "activity" : "walking",
      "group" : "walking",
      "manual" : false,
      "startTime" : "20140810T093227+0200",
      "endTime" : "20140810T093713+0200",
      "duration" : 286.0,
      "distance" : 365.0,
      "steps" : 390
    } ],
    "lastUpdate" : "20140810T084931Z"
  }, {
    "type" : "place",
    "startTime" : "20140810T093712+0200",
    "endTime" : "20140811T090228+0200",
    "activities" : [ {
      "activity" : "walking",
      "group" : "walking",
      "manual" : false,
      "startTime" : "20140810T131417+0200",
      "endTime" : "20140810T131425+0200",
      "duration" : 8.0,
      "distance" : 6.0,
      "steps" : 11
    }, {
      "activity" : "walking",
      "group" : "walking",
      "manual" : false,
      "startTime" : "20140810T151559+0200",
      "endTime" : "20140810T151629+0200",
      "duration" : 30.0,
      "distance" : 15.0,
      "steps" : 30
    } ],
    "lastUpdate" : "20140811T105544Z"
  } ],
  "lastUpdate" : "20140811T105544Z"
} ]