[ {
  "date" : "20141028",
  "summary" : [ {
    "activity" : "walking",
    "group" : "walking",
    "duration" : 4766.0,
    "distance" : 5818.0,
    "steps" : 7805
  }, {
    "activity" : "transport",
    "group" : "transport",
    "duration" : 919.0,
    "distance" : 3404.0
  } ],
  "segments" : [ {
    "type" : "place",
    "startTime" : "20141027T224616+0100",
    "endTime" : "20141028T084703+0100",
    "activities" : [ {
      "activity" : "walking",
      "group" : "walking",
      "manual" : false,
      "startTime" : "20141028T074313+0100",
      "endTime" : "20141028T074346+0100",
      "duration" : 33.0,
      "distance" : 21.0,
      "steps" : 41
    }, {
      "activity" : "walking",
      "group" : "walking",
      "manual" : false,
      "startTime" : "20141028T080944+0100",
      "endTime" : "20141028T081002+0100",
      "duration" : 18.0,
      "distance" : 13.0,
      "steps" : 25
    } ],
    "lastUpdate" : "20141028T093548Z"
  }, {
    "type" : "move",
    "startTime" : "20141028T084703+0100",
    "endTime" : "20141028T090140+0100",
    "activities" : [ {
      "activity" : "walking",
      "group" : "walking",
      "manual" : false,
      "startTime" : "20141028T084703+0100",
      "endTime" : "20141028T085110+0100",
      "duration" : 247.0,
      "distance" : 360.0,
      "steps" : 475
    }, {
      "activity" : "transport",
      "group" : "transport",
      "manual" : false,
      "startTime" : "20141028T085110+0100",
      "endTime" : "20141028T085709+0100",
      "duration" : 359.0,
      "distance" : 703.0
    }, {
      "activity" : "walking",
      "group" : "walking",
      "manual" : false,
      "startTime" : "20141028T085709+0100",
      "endTime" : "20141028T090140+0100",
      "duration" : 271.0,
      "distance" : 445.0,
      "steps" : 432
    } ],
    "lastUpdate" : "20141028T093548Z"
  }, {
    "type" : "place",
    "startTime" : "20141028T090140+0100",
    "endTime" : "20141028T093343+0100",
    "activities" : [ {
      "activity" : "walking",
      "group" : "walking",
      "manual" : false,
      "startTime" : "20141028T090140+0100",
      "endTime" : "20141028T090224+0100",
      "duration" : 44.0,
      "distance" : 29.0,
      "steps" : 58
    } ],
    "lastUpdate" : "20141028T110516Z"
  }, {
    "type" : "move",
    "startTime" : "20141028T093343+0100",
    "endTime" : "20141028T094427+0100",
    "activities" : [ {
      "activity" : "walking",
      "group" : "walking",
      "manual" : false,
      "startTime" : "20141028T093343+0100",
      "endTime" : "20141028T094427+0100",
      "duration" : 644.0,
      "distance" : 506.0,
      "steps" : 996
    } ],
    "lastUpdate" : "20141028T110516Z"
  }, {
    "type" : "place",
    "startTime" : "20141028T094427+0100",
    "endTime" : "20141028T095420+0100",
    "activities" : [ {
      "activity" : "walking",
      "group" : "walking",
      "manual" : false,
      "startTime" : "20141028T094434+0100",
      "endTime" : "20141028T094507+0100",
      "duration" : 33.0,
      "distance" : 22.0,
      "steps" : 44
    } ],
    "lastUpdate" : "20141028T110516Z"
  }, {
    "type" : "move",
    "startTime" : "20141028T095420+0100",
    "endTime" : "20141028T101534+0100",
    "activities" : [ {
      "activity" : "walking",
      "group" : "walking",
      "manual" : false,
      "startTime" : "20141028T095420+0100",
      "endTime" : "20141028T101534+0100",
      "duration" : 1274.0,
      "distance" : 1899.0,
      "steps" : 2267
    } ],
    "lastUpdate" : "20141028T110516Z"
  }, {
    "type" : "place",
    "startTime" : "20141028T101534+0100",
    "endTime" : "20141028T124155+0100",
    "activities" : [ {
      "activity" : "walking",
      "group" : "walking",
      "manual" : false,
      "startTime" : "20141028T101534+0100",
      "endTime" : "20141028T101549+0100",
      "duration" : 15.0,
      "distance" : 10.0,
      "steps" : 20
    }, {
      "activity" : "walking",
      "group" : "walking",
      "manual" : false,
      "startTime" : "20141028T113754+0100",
      "endTime" : "20141028T113824+0100",
      "duration" : 30.0,
      "distance" : 15.0,
      "steps" : 30
    }, {
      "activity" : "walking",
      "group" : "walking",
      "manual" : false,
      "startTime" : "20141028T120652+0100",
      "endTime" : "20141028T120939+0100",
      "duration" : 167.0,
      "distance" : 157.0,
      "steps" : 210
    } ],
    "lastUpdate" : "20141028T150437Z"
  }, {
    "type" : "move",
    "startTime" : "20141028T124155+0100",
    "endTime" : "20141028T124705+0100",
    "activities" : [ {
      "activity" : "walking",
      "group" : "walking",
      "manual" : false,
      "startTime" : "20141028T124155+0100",
      "endTime" : "20141028T124705+0100",
      "duration" : 310.0,
      "distance" : 588.0,
      "steps" : 521
    } ],
    "lastUpdate" : "20141028T150437Z"
  }, {
    "type" : "place",
    "startTime" : "20141028T124705+0100",
    "endTime" : "20141028T125245+0100",
    "activities" : [ {
      "activity" : "walking",
      "group" : "walking",
      "manual" : false,
      "startTime" : "20141028T124929+0100",
      "endTime" : "20141028T125009+0100",
      "duration" : 40.0,
      "distance" : 22.0,
      "steps" : 43
    } ],
    "lastUpdate" : "20141028T150437Z"
  }, {
    "type" : "move",
    "startTime" : "20141028T125245+0100",
    "endTime" : "20141028T130014+0100",
    "activities" : [ {
      "activity" : "transport",
      "group" : "transport",
      "manual" : false,
      "startTime" : "20141028T125245+0100",
      "endTime" : "20141028T125629+0100",
      "duration" : 224.0,
      "distance" : 930.0
    }, {
      "activity" : "walking",
      "group" : "walking",
      "manual" : false,
      "startTime" : "20141028T125629+0100",
      "endTime" : "20141028T130014+0100",
      "duration" : 225.0,
      "distance" : 214.0,
      "steps" : 384
    } ],
    "lastUpdate" : "20141028T150437Z"
  }, {
    "type" : "place",
    "startTime" : "20141028T130014+0100",
    "endTime" : "20141028T184207+0100",
    "activities" : [ {
      "activity" : "walking",
      "group" : "walking",
      "manual" : false,
      "startTime" : "20141028T182945+0100",
      "endTime" : "20141028T183054+0100",
      "duration" : 69.0,
      "distance" : 46.0,
      "steps" : 93
    } ],
    "lastUpdate" : "20141028T194116Z"
  }, {
    "type" : "move",
    "startTime" : "20141028T184207+0100",
    "endTime" : "20141028T184641+0100",
    "activities" : [ {
      "activity" : "walking",
      "group" : "walking",
      "manual" : false,
      "startTime" : "20141028T184207+0100",
      "endTime" : "20141028T184641+0100",
      "duration" : 274.0,
      "distance" : 248.0,
      "steps" : 470
    } ],
    "lastUpdate" : "20141028T194116Z"
  }, {
    "type" : "place",
    "startTime" : "20141028T184642+0100",
    "endTime" : "20141028T185211+0100",
    "activities" : [ {
      "activity" : "walking",
      "group" : "walking",
      "manual" : false,
      "startTime" : "20141028T184845+0100",
      "endTime" : "20141028T184846+0100",
      "duration" : 1.0,
      "distance" : 1.0,
      "steps" : 1
    } ],
    "lastUpdate" : "20141028T194116Z"
  }, {
    "type" : "move",
    "startTime" : "20141028T185211+0100",
    "endTime" : "20141028T190352+0100",
    "activities" : [ {
      "activity" : "transport",
      "group" : "transport",
      "manual" : false,
      "startTime" : "20141028T185211+0100",
      "endTime" : "20141028T185747+0100",
      "duration" : 336.0,
      "distance" : 1771.0
    }, {
      "activity" : "walking",
      "group" : "walking",
      "manual" : false,
      "startTime" : "20141028T185747+0100",
      "endTime" : "20141028T190353+0100",
      "duration" : 366.0,
      "distance" : 307.0,
      "steps" : 614
    } ],
    "lastUpdate" : "20141028T194116Z"
  }, {
    "type" : "place",
    "startTime" : "20141028T190352+0100",
    "endTime" : "20141028T190746+0100",
    "activities" : [ {
      "activity" : "walking",
      "group" : "walking",
      "manual" : false,
      "startTime" : "20141028T190352+0100",
      "endTime" : "20141028T190421+0100",
      "duration" : 29.0,
      "distance" : 20.0,
      "steps" : 40
    } ],
    "lastUpdate" : "20141028T194116Z"
  }, {
    "type" : "move",
    "startTime" : "20141028T190746+0100",
    "endTime" : "20141028T191314+0100",
    "activities" : [ {
      "activity" : "walking",
      "group" : "walking",
      "manual" : false,
      "startTime" : "20141028T190746+0100",
      "endTime" : "20141028T191315+0100",
      "duration" : 329.0,
      "distance" : 588.0,
      "steps" : 546
    } ],
    "lastUpdate" : "20141028T194116Z"
  }, {
    "type" : "place",
    "startTime" : "20141028T191314+0100",
    "endTime" : "20141029T032944+0100",
    "activities" : [ {
      "activity" : "walking",
      "group" : "walking",
      "manual" : false,
      "startTime" : "20141028T191314+0100",
      "endTime" : "20141028T191556+0100",
      "duration" : 162.0,
      "distance" : 174.0,
      "steps" : 232
    }, {
      "activity" : "walking",
      "group" : "walking",
      "manual" : false,
      "startTime" : "20141028T201341+0100",
      "endTime" : "20141028T201354+0100",
      "duration" : 13.0,
      "distance" : 9.0,
      "steps" : 17
    }, {
      "activity" : "walking",
      "group" : "walking",
      "manual" : false,
      "startTime" : "20141028T210704+0100",
      "endTime" : "20141028T210852+0100",
      "duration" : 108.0,
      "distance" : 75.0,
      "steps" : 149
    }, {
      "activity" : "walking",
      "group" : "walking",
      "manual" : false,
      "startTime" : "20141028T221343+0100",
      "endTime" : "20141028T221344+0100",
      "duration" : 1.0,
      "distance" : 1.0,
      "steps" : 1
    }, {
      "activity" : "walking",
      "group" : "walking",
      "manual" : false,
      "startTime" : "20141028T231648+0100",
      "endTime" : "20141028T231751+0100",
      "duration" : 63.0,
      "distance" : 48.0,
      "steps" : 96
    } ],
    "lastUpdate" : "20141029T103318Z"
  } ],
  "lastUpdate" : "20141029T103318Z"
} ]