[ {
  "date" : "20140718",
  "summary" : [ {
    "activity" : "walking",
    "group" : "walking",
    "duration" : 641.0,
    "distance" : 581.0,
    "steps" : 992
  } ],
  "segments" : [ {
    "type" : "place",
    "startTime" : "20140717T203139+0200",
    "endTime" : "20140718T224229+0200",
    "activities" : [ {
      "activity" : "walking",
      "group" : "walking",
      "manual" : false,
      "startTime" : "20140718T093803+0200",
      "endTime" : "20140718T093833+0200",
      "duration" : 30.0,
      "distance" : 15.0,
      "steps" : 30
    }, {
      "activity" : "walking",
      "group" : "walking",
      "manual" : false,
      "startTime" : "20140718T122244+0200",
      "endTime" : "20140718T122553+0200",
      "duration" : 189.0,
      "distance" : 252.0,
      "steps" : 336
    }, {
      "activity" : "walking",
      "group" : "walking",
      "manual" : false,
      "startTime" : "20140718T130314+0200",
      "endTime" : "20140718T130414+0200",
      "duration" : 60.0,
      "distance" : 30.0,
      "steps" : 60
    }, {
      "activity" : "walking",
      "group" : "walking",
      "manual" : false,
      "startTime" : "20140718T141516+0200",
      "endTime" : "20140718T141546+0200",
      "duration" : 30.0,
      "distance" : 18.0,
      "steps" : 36
    } ],
    "lastUpdate" : "20140718T222002Z"
  }, {
    "type" : "move",
    "startTime" : "20140718T224229+0200",
    "endTime" : "20140718T224751+0200",
    "activities" : [ {
      "activity" : "walking",
      "group" : "walking",
      "manual" : false,
      "startTime" : "20140718T224229+0200",
      "endTime" : "20140718T224752+0200",
      "duration" : 323.0,
      "distance" : 259.0,
      "steps" : 518
    } ],
    "lastUpdate" : "20140718T222003Z"
  }, {
    "type" : "place",
    "startTime" : "20140718T224751+0200",
    "endTime" : "20140719T011942+0200",
    "activities" : [ {
      "activity" : "walking",
      "group" : "walking",
      "manual" : false,
      "startTime" : "20140718T225126+0200",
      "endTime" : "20140718T225134+0200",
      "duration" : 8.0,
      "distance" : 6.0,
      "steps" : 11
    }, {
      "activity" : "walking",
      "group" : "walking",
      "manual" : false,
      "startTime" : "20140718T235805+0200",
      "endTime" : "20140718T235806+0200",
      "duration" : 1.0,
      "distance" : 1.0,
      "steps" : 1
    } ],
    "lastUpdate" : "20140718T235147Z"
  } ],
  "lastUpdate" : "20140718T235147Z"
} ]