[ {
  "date" : "20140627",
  "summary" : [ {
    "activity" : "walking",
    "group" : "walking",
    "duration" : 4224.0,
    "distance" : 4804.0,
    "steps" : 6607
  }, {
    "activity" : "transport",
    "group" : "transport",
    "duration" : 466.0,
    "distance" : 1933.0
  } ],
  "segments" : [ {
    "type" : "move",
    "startTime" : "20140627T131723+0200",
    "endTime" : "20140627T133830+0200",
    "activities" : [ {
      "activity" : "walking",
      "group" : "walking",
      "manual" : false,
      "startTime" : "20140627T131723+0200",
      "endTime" : "20140627T132718+0200",
      "duration" : 595.0,
      "distance" : 502.0,
      "steps" : 1004
    }, {
      "activity" : "transport",
      "group" : "transport",
      "manual" : false,
      "startTime" : "20140627T132718+0200",
      "endTime" : "20140627T133222+0200",
      "duration" : 304.0,
      "distance" : 966.0
    }, {
      "activity" : "walking",
      "group" : "walking",
      "manual" : false,
      "startTime" : "20140627T133222+0200",
      "endTime" : "20140627T133830+0200",
      "duration" : 368.0,
      "distance" : 350.0,
      "steps" : 645
    } ],
    "lastUpdate" : "20140627T142744Z"
  }, {
    "type" : "place",
    "startTime" : "20140627T133830+0200",
    "endTime" : "20140627T163040+0200",
    "activities" : [ {
      "activity" : "walking",
      "group" : "walking",
      "manual" : false,
      "startTime" : "20140627T133830+0200",
      "endTime" : "20140627T133831+0200",
      "duration" : 1.0,
      "distance" : 1.0,
      "steps" : 1
    }, {
      "activity" : "walking",
      "group" : "walking",
      "manual" : false,
      "startTime" : "20140627T143429+0200",
      "endTime" : "20140627T143430+0200",
      "duration" : 1.0,
      "distance" : 1.0,
      "steps" : 1
    }, {
      "activity" : "walking",
      "group" : "walking",
      "manual" : false,
      "startTime" : "20140627T163033+0200",
      "endTime" : "20140627T163039+0200",
      "duration" : 6.0,
      "distance" : 3.0,
      "steps" : 6
    } ],
    "lastUpdate" : "20140627T155444Z"
  }, {
    "type" : "move",
    "startTime" : "20140627T163040+0200",
    "endTime" : "20140627T163740+0200",
    "activities" : [ {
      "activity" : "walking",
      "group" : "walking",
      "manual" : false,
      "startTime" : "20140627T163040+0200",
      "endTime" : "20140627T163741+0200",
      "duration" : 421.0,
      "distance" : 342.0,
      "steps" : 684
    } ],
    "lastUpdate" : "20140627T155444Z"
  }, {
    "type" : "place",
    "startTime" : "20140627T163741+0200",
    "endTime" : "20140627T164023+0200",
    "activities" : [ {
      "activity" : "walking",
      "group" : "walking",
      "manual" : false,
      "startTime" : "20140627T163921+0200",
      "endTime" : "20140627T163922+0200",
      "duration" : 1.0,
      "distance" : 1.0,
      "steps" : 1
    } ],
    "lastUpdate" : "20140831T185019Z"
  }, {
    "type" : "move",
    "startTime" : "20140627T164023+0200",
    "endTime" : "20140627T164949+0200",
    "activities" : [ {
      "activity" : "walking",
      "group" : "walking",
      "manual" : false,
      "startTime" : "20140627T164023+0200",
      "endTime" : "20140627T164950+0200",
      "duration" : 567.0,
      "distance" : 1173.0,
      "steps" : 977
    } ],
    "lastUpdate" : "20140627T155444Z"
  }, {
    "type" : "place",
    "startTime" : "20140627T164949+0200",
    "endTime" : "20140627T175710+0200",
    "activities" : [ {
      "activity" : "walking",
      "group" : "walking",
      "manual" : false,
      "startTime" : "20140627T164949+0200",
      "endTime" : "20140627T165003+0200",
      "duration" : 14.0,
      "distance" : 10.0,
      "steps" : 21
    } ],
    "lastUpdate" : "20140627T172616Z"
  }, {
    "type" : "move",
    "startTime" : "20140627T175710+0200",
    "endTime" : "20140627T180515+0200",
    "activities" : [ {
      "activity" : "walking",
      "group" : "walking",
      "manual" : false,
      "startTime" : "20140627T175710+0200",
      "endTime" : "20140627T180515+0200",
      "duration" : 485.0,
      "distance" : 347.0,
      "steps" : 652
    } ],
    "lastUpdate" : "20140627T172616Z"
  }, {
    "type" : "place",
    "startTime" : "20140627T180515+0200",
    "endTime" : "20140627T204805+0200",
    "activities" : [ {
      "activity" : "walking",
      "group" : "walking",
      "manual" : false,
      "startTime" : "20140627T180515+0200",
      "endTime" : "20140627T180903+0200",
      "duration" : 228.0,
      "distance" : 238.0,
      "steps" : 317
    }, {
      "activity" : "walking",
      "group" : "walking",
      "manual" : false,
      "startTime" : "20140627T203409+0200",
      "endTime" : "20140627T204221+0200",
      "duration" : 492.0,
      "distance" : 568.0,
      "steps" : 757
    } ],
    "lastUpdate" : "20140627T215101Z"
  }, {
    "type" : "move",
    "startTime" : "20140627T204805+0200",
    "endTime" : "20140627T205445+0200",
    "activities" : [ {
      "activity" : "walking",
      "group" : "walking",
      "manual" : false,
      "startTime" : "20140627T204805+0200",
      "endTime" : "20140627T205445+0200",
      "duration" : 400.0,
      "distance" : 643.0,
      "steps" : 589
    } ],
    "lastUpdate" : "20140627T215101Z"
  }, {
    "type" : "place",
    "startTime" : "20140627T205445+0200",
    "endTime" : "20140627T210325+0200",
    "activities" : [ {
      "activity" : "walking",
      "group" : "walking",
      "manual" : false,
      "startTime" : "20140627T205454+0200",
      "endTime" : "20140627T205536+0200",
      "duration" : 42.0,
      "distance" : 28.0,
      "steps" : 56
    }, {
      "activity" : "walking",
      "group" : "walking",
      "manual" : false,
      "startTime" : "20140627T210024+0200",
      "endTime" : "20140627T210025+0200",
      "duration" : 1.0,
      "distance" : 1.0,
      "steps" : 1
    } ],
    "lastUpdate" : "20140627T215101Z"
  }, {
    "type" : "move",
    "startTime" : "20140627T210325+0200",
    "endTime" : "20140627T211215+0200",
    "activities" : [ {
      "activity" : "transport",
      "group" : "transport",
      "manual" : false,
      "startTime" : "20140627T210325+0200",
      "endTime" : "20140627T210607+0200",
      "duration" : 162.0,
      "distance" : 967.0
    }, {
      "activity" : "walking",
      "group" : "walking",
      "manual" : false,
      "startTime" : "20140627T210607+0200",
      "endTime" : "20140627T210840+0200",
      "duration" : 153.0,
      "distance" : 133.0,
      "steps" : 266
    } ],
    "lastUpdate" : "20140627T215101Z"
  }, {
    "type" : "place",
    "startTime" : "20140627T211215+0200",
    "endTime" : "20140628T091241+0200",
    "activities" : [ {
      "activity" : "walking",
      "group" : "walking",
      "manual" : false,
      "startTime" : "20140627T211419+0200",
      "endTime" : "20140627T211449+0200",
      "duration" : 30.0,
      "distance" : 18.0,
      "steps" : 36
    }, {
      "activity" : "walking",
      "group" : "walking",
      "manual" : false,
      "startTime" : "20140627T223931+0200",
      "endTime" : "20140627T224226+0200",
      "duration" : 175.0,
      "distance" : 193.0,
      "steps" : 257
    }, {
      "activity" : "walking",
      "group" : "walking",
      "manual" : false,
      "startTime" : "20140627T230030+0200",
      "endTime" : "20140627T230434+0200",
      "duration" : 244.0,
      "distance" : 252.0,
      "steps" : 336
    } ],
    "lastUpdate" : "20140628T161723Z"
  } ],
  "lastUpdate" : "20140831T185019Z"
} ]