[ {
  "date" : "20140829",
  "summary" : [ {
    "activity" : "walking",
    "group" : "walking",
    "duration" : 2743.0,
    "distance" : 3068.0,
    "steps" : 4084
  }, {
    "activity" : "transport",
    "group" : "transport",
    "duration" : 616.0,
    "distance" : 2757.0
  } ],
  "segments" : [ {
    "type" : "move",
    "startTime" : "20140829T000337+0200",
    "endTime" : "20140829T001107+0200",
    "activities" : [ {
      "activity" : "walking",
      "group" : "walking",
      "manual" : false,
      "startTime" : "20140829T000337+0200",
      "endTime" : "20140829T001107+0200",
      "duration" : 450.0,
      "distance" : 263.0,
      "steps" : 526
    } ],
    "lastUpdate" : "20140829T001510Z"
  }, {
    "type" : "place",
    "startTime" : "20140829T001107+0200",
    "endTime" : "20140829T001356+0200",
    "activities" : [ {
      "activity" : "walking",
      "group" : "walking",
      "manual" : false,
      "startTime" : "20140829T001351+0200",
      "endTime" : "20140829T001356+0200",
      "duration" : 5.0,
      "distance" : 3.0,
      "steps" : 6
    } ],
    "lastUpdate" : "20140829T001510Z"
  }, {
    "type" : "move",
    "startTime" : "20140829T001356+0200",
    "endTime" : "20140829T001913+0200",
    "activities" : [ {
      "activity" : "walking",
      "group" : "walking",
      "manual" : false,
      "startTime" : "20140829T001356+0200",
      "endTime" : "20140829T001913+0200",
      "duration" : 317.0,
      "distance" : 203.0,
      "steps" : 407
    } ],
    "lastUpdate" : "20140829T001510Z"
  }, {
    "type" : "place",
    "startTime" : "20140829T001913+0200",
    "endTime" : "20140829T103124+0200",
    "activities" : [ {
      "activity" : "walking",
      "group" : "walking",
      "manual" : false,
      "startTime" : "20140829T002209+0200",
      "endTime" : "20140829T002240+0200",
      "duration" : 31.0,
      "distance" : 18.0,
      "steps" : 36
    }, {
      "activity" : "walking",
      "group" : "walking",
      "manual" : false,
      "startTime" : "20140829T015752+0200",
      "endTime" : "20140829T015809+0200",
      "duration" : 17.0,
      "distance" : 9.0,
      "steps" : 18
    }, {
      "activity" : "walking",
      "group" : "walking",
      "manual" : false,
      "startTime" : "20140829T102959+0200",
      "endTime" : "20140829T103021+0200",
      "duration" : 22.0,
      "distance" : 15.0,
      "steps" : 29
    } ],
    "lastUpdate" : "20140829T100406Z"
  }, {
    "type" : "move",
    "startTime" : "20140829T103124+0200",
    "endTime" : "20140829T103559+0200",
    "activities" : [ {
      "activity" : "walking",
      "group" : "walking",
      "manual" : false,
      "startTime" : "20140829T103124+0200",
      "endTime" : "20140829T103559+0200",
      "duration" : 275.0,
      "distance" : 360.0,
      "steps" : 497
    } ],
    "lastUpdate" : "20140829T100406Z"
  }, {
    "type" : "place",
    "startTime" : "20140829T103559+0200",
    "endTime" : "20140829T105049+0200",
    "activities" : [ {
      "activity" : "walking",
      "group" : "walking",
      "manual" : false,
      "startTime" : "20140829T104658+0200",
      "endTime" : "20140829T104704+0200",
      "duration" : 6.0,
      "distance" : 4.0,
      "steps" : 8
    } ],
    "lastUpdate" : "20140831T185137Z"
  }, {
    "type" : "move",
    "startTime" : "20140829T105049+0200",
    "endTime" : "20140829T105921+0200",
    "activities" : [ {
      "activity" : "transport",
      "group" : "transport",
      "manual" : false,
      "startTime" : "20140829T105049+0200",
      "endTime" : "20140829T105657+0200",
      "duration" : 368.0,
      "distance" : 1459.0
    }, {
      "activity" : "walking",
      "group" : "walking",
      "manual" : false,
      "startTime" : "20140829T105656+0200",
      "endTime" : "20140829T105921+0200",
      "duration" : 145.0,
      "distance" : 274.0,
      "steps" : 263
    } ],
    "lastUpdate" : "20140829T100406Z"
  }, {
    "type" : "place",
    "startTime" : "20140829T105921+0200",
    "endTime" : "20140829T120519+0200",
    "activities" : [ {
      "activity" : "walking",
      "group" : "walking",
      "manual" : false,
      "startTime" : "20140829T105921+0200",
      "endTime" : "20140829T105943+0200",
      "duration" : 22.0,
      "distance" : 15.0,
      "steps" : 29
    }, {
      "activity" : "walking",
      "group" : "walking",
      "manual" : false,
      "startTime" : "20140829T110843+0200",
      "endTime" : "20140829T111538+0200",
      "duration" : 415.0,
      "distance" : 471.0,
      "steps" : 628
    }, {
      "activity" : "walking",
      "group" : "walking",
      "manual" : false,
      "startTime" : "20140829T120000+0200",
      "endTime" : "20140829T120449+0200",
      "duration" : 289.0,
      "distance" : 356.0,
      "steps" : 474
    } ],
    "lastUpdate" : "20140829T113517Z"
  }, {
    "type" : "move",
    "startTime" : "20140829T120519+0200",
    "endTime" : "20140829T121435+0200",
    "activities" : [ {
      "activity" : "transport",
      "group" : "transport",
      "manual" : false,
      "startTime" : "20140829T120519+0200",
      "endTime" : "20140829T120927+0200",
      "duration" : 248.0,
      "distance" : 1298.0
    }, {
      "activity" : "walking",
      "group" : "walking",
      "manual" : false,
      "startTime" : "20140829T120927+0200",
      "endTime" : "20140829T121435+0200",
      "duration" : 308.0,
      "distance" : 644.0,
      "steps" : 537
    } ],
    "lastUpdate" : "20140829T113517Z"
  }, {
    "type" : "place",
    "startTime" : "20140829T121435+0200",
    "endTime" : "20140830T101237+0200",
    "activities" : [ {
      "activity" : "walking",
      "group" : "walking",
      "manual" : false,
      "startTime" : "20140829T121435+0200",
      "endTime" : "20140829T121440+0200",
      "duration" : 5.0,
      "distance" : 3.0,
      "steps" : 7
    }, {
      "activity" : "walking",
      "group" : "walking",
      "manual" : false,
      "startTime" : "20140829T142119+0200",
      "endTime" : "20140829T142149+0200",
      "duration" : 30.0,
      "distance" : 15.0,
      "steps" : 30
    }, {
      "activity" : "walking",
      "group" : "walking",
      "manual" : false,
      "startTime" : "20140829T163927+0200",
      "endTime" : "20140829T163947+0200",
      "duration" : 20.0,
      "distance" : 14.0,
      "steps" : 27
    }, {
      "activity" : "walking",
      "group" : "walking",
      "manual" : false,
      "startTime" : "20140829T170052+0200",
      "endTime" : "20140829T170511+0200",
      "duration" : 259.0,
      "distance" : 333.0,
      "steps" : 444
    }, {
      "activity" : "walking",
      "group" : "walking",
      "manual" : false,
      "startTime" : "20140829T184245+0200",
      "endTime" : "20140829T184307+0200",
      "duration" : 22.0,
      "distance" : 11.0,
      "steps" : 16
    }, {
      "activity" : "walking",
      "group" : "walking",
      "manual" : false,
      "startTime" : "20140829T201008+0200",
      "endTime" : "20140829T201046+0200",
      "duration" : 38.0,
      "distance" : 22.0,
      "steps" : 43
    }, {
      "activity" : "walking",
      "group" : "walking",
      "manual" : false,
      "startTime" : "20140829T210239+0200",
      "endTime" : "20140829T210241+0200",
      "duration" : 2.0,
      "distance" : 1.0,
      "steps" : 2
    }, {
      "activity" : "walking",
      "group" : "walking",
      "manual" : false,
      "startTime" : "20140829T224248+0200",
      "endTime" : "20140829T224321+0200",
      "duration" : 33.0,
      "distance" : 17.0,
      "steps" : 24
    }, {
      "activity" : "walking",
      "group" : "walking",
      "manual" : false,
      "startTime" : "20140829T230224+0200",
      "endTime" : "20140829T230256+0200",
      "duration" : 32.0,
      "distance" : 17.0,
      "steps" : 33
    } ],
    "lastUpdate" : "20140830T100355Z"
  } ],
  "lastUpdate" : "20140831T185137Z"
} ]