[ {
  "date" : "20141029",
  "summary" : [ {
    "activity" : "walking",
    "group" : "walking",
    "duration" : 3841.0,
    "distance" : 4923.0,
    "steps" : 6348
  }, {
    "activity" : "transport",
    "group" : "transport",
    "duration" : 2042.0,
    "distance" : 6554.0
  } ],
  "segments" : [ {
    "type" : "place",
    "startTime" : "20141029T083403+0100",
    "endTime" : "20141029T101616+0100",
    "activities" : [ {
      "activity" : "walking",
      "group" : "walking",
      "manual" : false,
      "startTime" : "20141029T100851+0100",
      "endTime" : "20141029T100929+0100",
      "duration" : 38.0,
      "distance" : 26.0,
      "steps" : 52
    } ],
    "lastUpdate" : "20141029T103318Z"
  }, {
    "type" : "move",
    "startTime" : "20141029T101616+0100",
    "endTime" : "20141029T103024+0100",
    "activities" : [ {
      "activity" : "walking",
      "group" : "walking",
      "manual" : false,
      "startTime" : "20141029T101616+0100",
      "endTime" : "20141029T102054+0100",
      "duration" : 278.0,
      "distance" : 372.0,
      "steps" : 461
    }, {
      "activity" : "transport",
      "group" : "transport",
      "manual" : false,
      "startTime" : "20141029T102054+0100",
      "endTime" : "20141029T102627+0100",
      "duration" : 333.0,
      "distance" : 866.0
    }, {
      "activity" : "walking",
      "group" : "walking",
      "manual" : false,
      "startTime" : "20141029T102627+0100",
      "endTime" : "20141029T103024+0100",
      "duration" : 237.0,
      "distance" : 328.0,
      "steps" : 394
    } ],
    "lastUpdate" : "20141029T103318Z"
  }, {
    "type" : "place",
    "startTime" : "20141029T103024+0100",
    "endTime" : "20141029T113439+0100",
    "activities" : [ {
      "activity" : "walking",
      "group" : "walking",
      "manual" : false,
      "startTime" : "20141029T113238+0100",
      "endTime" : "20141029T113339+0100",
      "duration" : 61.0,
      "distance" : 43.0,
      "steps" : 85
    } ],
    "lastUpdate" : "20141029T120448Z"
  }, {
    "type" : "move",
    "startTime" : "20141029T113439+0100",
    "endTime" : "20141029T114251+0100",
    "activities" : [ {
      "activity" : "walking",
      "group" : "walking",
      "manual" : false,
      "startTime" : "20141029T113439+0100",
      "endTime" : "20141029T114251+0100",
      "duration" : 492.0,
      "distance" : 528.0,
      "steps" : 827
    } ],
    "lastUpdate" : "20141029T120448Z"
  }, {
    "type" : "place",
    "startTime" : "20141029T114251+0100",
    "endTime" : "20141029T132141+0100",
    "activities" : [ {
      "activity" : "walking",
      "group" : "walking",
      "manual" : false,
      "startTime" : "20141029T131808+0100",
      "endTime" : "20141029T132011+0100",
      "duration" : 123.0,
      "distance" : 145.0,
      "steps" : 194
    } ],
    "lastUpdate" : "20141029T133622Z"
  }, {
    "type" : "move",
    "startTime" : "20141029T132141+0100",
    "endTime" : "20141029T133321+0100",
    "activities" : [ {
      "activity" : "walking",
      "group" : "walking",
      "manual" : false,
      "startTime" : "20141029T132141+0100",
      "endTime" : "20141029T133321+0100",
      "duration" : 700.0,
      "distance" : 1053.0,
      "steps" : 1075
    } ],
    "lastUpdate" : "20141029T133622Z"
  }, {
    "type" : "place",
    "startTime" : "20141029T133321+0100",
    "endTime" : "20141029T135921+0100",
    "activities" : [ {
      "activity" : "walking",
      "group" : "walking",
      "manual" : false,
      "startTime" : "20141029T133321+0100",
      "endTime" : "20141029T133553+0100",
      "duration" : 152.0,
      "distance" : 188.0,
      "steps" : 251
    } ],
    "lastUpdate" : "20141029T133622Z"
  }, {
    "type" : "move",
    "startTime" : "20141029T135921+0100",
    "endTime" : "20141029T141253+0100",
    "activities" : [ {
      "activity" : "transport",
      "group" : "transport",
      "manual" : false,
      "startTime" : "20141029T135921+0100",
      "endTime" : "20141029T140350+0100",
      "duration" : 269.0,
      "distance" : 1692.0
    }, {
      "activity" : "walking",
      "group" : "walking",
      "manual" : false,
      "startTime" : "20141029T140349+0100",
      "endTime" : "20141029T141253+0100",
      "duration" : 544.0,
      "distance" : 883.0,
      "steps" : 985
    } ],
    "lastUpdate" : "20141029T133622Z"
  }, {
    "type" : "place",
    "startTime" : "20141029T141253+0100",
    "endTime" : "20141029T170923+0100",
    "activities" : [ {
      "activity" : "walking",
      "group" : "walking",
      "manual" : false,
      "startTime" : "20141029T141253+0100",
      "endTime" : "20141029T141319+0100",
      "duration" : 26.0,
      "distance" : 19.0,
      "steps" : 38
    } ],
    "lastUpdate" : "20141029T181133Z"
  }, {
    "type" : "move",
    "startTime" : "20141029T170923+0100",
    "endTime" : "20141029T174852+0100",
    "activities" : [ {
      "activity" : "walking",
      "group" : "walking",
      "manual" : false,
      "startTime" : "20141029T170923+0100",
      "endTime" : "20141029T171516+0100",
      "duration" : 353.0,
      "distance" : 324.0,
      "steps" : 649
    }, {
      "activity" : "transport",
      "group" : "transport",
      "manual" : false,
      "startTime" : "20141029T171516+0100",
      "endTime" : "20141029T173916+0100",
      "duration" : 1440.0,
      "distance" : 3996.0
    }, {
      "activity" : "walking",
      "group" : "walking",
      "manual" : false,
      "startTime" : "20141029T173916+0100",
      "endTime" : "20141029T174852+0100",
      "duration" : 576.0,
      "distance" : 672.0,
      "steps" : 936
    } ],
    "lastUpdate" : "20141029T181133Z"
  }, {
    "type" : "place",
    "startTime" : "20141029T174852+0100",
    "endTime" : "20141029T190846+0100",
    "activities" : [ {
      "activity" : "walking",
      "group" : "walking",
      "manual" : false,
      "startTime" : "20141029T174852+0100",
      "endTime" : "20141029T174900+0100",
      "duration" : 8.0,
      "distance" : 5.0,
      "steps" : 10
    }, {
      "activity" : "walking",
      "group" : "walking",
      "manual" : false,
      "startTime" : "20141029T182256+0100",
      "endTime" : "20141029T182337+0100",
      "duration" : 41.0,
      "distance" : 23.0,
      "steps" : 45
    }, {
      "activity" : "walking",
      "group" : "walking",
      "manual" : false,
      "startTime" : "20141029T190746+0100",
      "endTime" : "20141029T190806+0100",
      "duration" : 20.0,
      "distance" : 13.0,
      "steps" : 27
    } ],
    "lastUpdate" : "20141029T194004Z"
  }, {
    "type" : "move",
    "startTime" : "20141029T190846+0100",
    "endTime" : "20141029T191059+0100",
    "activities" : [ {
      "activity" : "walking",
      "group" : "walking",
      "manual" : false,
      "startTime" : "20141029T190846+0100",
      "endTime" : "20141029T191100+0100",
      "duration" : 134.0,
      "distance" : 255.0,
      "steps" : 228
    } ],
    "lastUpdate" : "20141029T194004Z"
  }, {
    "type" : "place",
    "startTime" : "20141029T191059+0100",
    "endTime" : "20141030T083506+0100",
    "activities" : [ {
      "activity" : "walking",
      "group" : "walking",
      "manual" : false,
      "startTime" : "20141029T191059+0100",
      "endTime" : "20141029T191157+0100",
      "duration" : 58.0,
      "distance" : 46.0,
      "steps" : 91
    } ],
    "lastUpdate" : "20141030T102040Z"
  } ],
  "lastUpdate" : "20141030T102040Z"
} ]