[ {
  "date" : "20140728",
  "summary" : [ {
    "activity" : "walking",
    "group" : "walking",
    "duration" : 2211.0,
    "distance" : 2684.0,
    "steps" : 3300
  }, {
    "activity" : "transport",
    "group" : "transport",
    "duration" : 581.0,
    "distance" : 1706.0
  } ],
  "segments" : [ {
    "type" : "place",
    "startTime" : "20140727T234542+0200",
    "endTime" : "20140728T090134+0200",
    "activities" : [ {
      "activity" : "walking",
      "group" : "walking",
      "manual" : false,
      "startTime" : "20140728T081546+0200",
      "endTime" : "20140728T081607+0200",
      "duration" : 21.0,
      "distance" : 20.0,
      "steps" : 41
    }, {
      "activity" : "walking",
      "group" : "walking",
      "manual" : false,
      "startTime" : "20140728T090008+0200",
      "endTime" : "20140728T090020+0200",
      "duration" : 12.0,
      "distance" : 8.0,
      "steps" : 17
    } ],
    "lastUpdate" : "20140728T112311Z"
  }, {
    "type" : "move",
    "startTime" : "20140728T090134+0200",
    "endTime" : "20140728T091825+0200",
    "activities" : [ {
      "activity" : "walking",
      "group" : "walking",
      "manual" : false,
      "startTime" : "20140728T090134+0200",
      "endTime" : "20140728T090709+0200",
      "duration" : 335.0,
      "distance" : 389.0,
      "steps" : 536
    }, {
      "activity" : "transport",
      "group" : "transport",
      "manual" : false,
      "startTime" : "20140728T090709+0200",
      "endTime" : "20140728T091425+0200",
      "duration" : 436.0,
      "distance" : 950.0
    }, {
      "activity" : "walking",
      "group" : "walking",
      "manual" : false,
      "startTime" : "20140728T091425+0200",
      "endTime" : "20140728T091825+0200",
      "duration" : 240.0,
      "distance" : 513.0,
      "steps" : 432
    } ],
    "lastUpdate" : "20140728T112311Z"
  }, {
    "type" : "place",
    "startTime" : "20140728T091825+0200",
    "endTime" : "20140728T175645+0200",
    "activities" : [ {
      "activity" : "walking",
      "group" : "walking",
      "manual" : false,
      "startTime" : "20140728T091825+0200",
      "endTime" : "20140728T092215+0200",
      "duration" : 230.0,
      "distance" : 283.0,
      "steps" : 378
    }, {
      "activity" : "walking",
      "group" : "walking",
      "manual" : false,
      "startTime" : "20140728T103720+0200",
      "endTime" : "20140728T103722+0200",
      "duration" : 2.0,
      "distance" : 1.0,
      "steps" : 2
    }, {
      "activity" : "walking",
      "group" : "walking",
      "manual" : false,
      "startTime" : "20140728T142452+0200",
      "endTime" : "20140728T142513+0200",
      "duration" : 21.0,
      "distance" : 15.0,
      "steps" : 29
    }, {
      "activity" : "walking",
      "group" : "walking",
      "manual" : false,
      "startTime" : "20140728T170050+0200",
      "endTime" : "20140728T170249+0200",
      "duration" : 119.0,
      "distance" : 79.0,
      "steps" : 158
    } ],
    "lastUpdate" : "20140728T174346Z"
  }, {
    "type" : "move",
    "startTime" : "20140728T175645+0200",
    "endTime" : "20140728T180926+0200",
    "activities" : [ {
      "activity" : "walking",
      "group" : "walking",
      "manual" : false,
      "startTime" : "20140728T175645+0200",
      "endTime" : "20140728T180927+0200",
      "duration" : 762.0,
      "distance" : 605.0,
      "steps" : 994
    } ],
    "lastUpdate" : "20140728T174346Z"
  }, {
    "type" : "place",
    "startTime" : "20140728T180926+0200",
    "endTime" : "20140728T182019+0200",
    "activities" : [ {
      "activity" : "walking",
      "group" : "walking",
      "manual" : false,
      "startTime" : "20140728T180926+0200",
      "endTime" : "20140728T181025+0200",
      "duration" : 59.0,
      "distance" : 35.0,
      "steps" : 70
    } ],
    "lastUpdate" : "20140728T174346Z"
  }, {
    "type" : "move",
    "startTime" : "20140728T182019+0200",
    "endTime" : "20140728T182848+0200",
    "activities" : [ {
      "activity" : "transport",
      "group" : "transport",
      "manual" : false,
      "startTime" : "20140728T182019+0200",
      "endTime" : "20140728T182244+0200",
      "duration" : 145.0,
      "distance" : 756.0
    }, {
      "activity" : "walking",
      "group" : "walking",
      "manual" : false,
      "startTime" : "20140728T182245+0200",
      "endTime" : "20140728T182849+0200",
      "duration" : 364.0,
      "distance" : 710.0,
      "steps" : 592
    } ],
    "lastUpdate" : "20140728T174346Z"
  }, {
    "type" : "place",
    "startTime" : "20140728T182849+0200",
    "endTime" : "20140729T082059+0200",
    "activities" : [ {
      "activity" : "walking",
      "group" : "walking",
      "manual" : false,
      "startTime" : "20140728T182849+0200",
      "endTime" : "20140728T182903+0200",
      "duration" : 14.0,
      "distance" : 9.0,
      "steps" : 18
    }, {
      "activity" : "walking",
      "group" : "walking",
      "manual" : false,
      "startTime" : "20140728T224059+0200",
      "endTime" : "20140728T224131+0200",
      "duration" : 32.0,
      "distance" : 17.0,
      "steps" : 33
    } ],
    "lastUpdate" : "20140729T081718Z"
  } ],
  "lastUpdate" : "20140729T081718Z"
} ]