[ {
  "date" : "20140807",
  "summary" : [ {
    "activity" : "walking",
    "group" : "walking",
    "duration" : 4418.0,
    "distance" : 4331.0,
    "steps" : 7002
  }, {
    "activity" : "transport",
    "group" : "transport",
    "duration" : 1344.0,
    "distance" : 5296.0
  } ],
  "segments" : [ {
    "type" : "place",
    "startTime" : "20140806T141102+0200",
    "endTime" : "20140807T083236+0200",
    "activities" : [ {
      "activity" : "walking",
      "group" : "walking",
      "manual" : false,
      "startTime" : "20140807T000022+0200",
      "endTime" : "20140807T000159+0200",
      "duration" : 97.0,
      "distance" : 71.0,
      "steps" : 141
    }, {
      "activity" : "walking",
      "group" : "walking",
      "manual" : false,
      "startTime" : "20140807T011238+0200",
      "endTime" : "20140807T011240+0200",
      "duration" : 2.0,
      "distance" : 2.0,
      "steps" : 3
    }, {
      "activity" : "walking",
      "group" : "walking",
      "manual" : false,
      "startTime" : "20140807T081525+0200",
      "endTime" : "20140807T081623+0200",
      "duration" : 58.0,
      "distance" : 34.0,
      "steps" : 67
    } ],
    "lastUpdate" : "20140807T071855Z"
  }, {
    "type" : "move",
    "startTime" : "20140807T083236+0200",
    "endTime" : "20140807T084851+0200",
    "activities" : [ {
      "activity" : "walking",
      "group" : "walking",
      "manual" : false,
      "startTime" : "20140807T083236+0200",
      "endTime" : "20140807T083605+0200",
      "duration" : 209.0,
      "distance" : 211.0,
      "steps" : 421
    }, {
      "activity" : "transport",
      "group" : "transport",
      "manual" : false,
      "startTime" : "20140807T083605+0200",
      "endTime" : "20140807T084224+0200",
      "duration" : 379.0,
      "distance" : 939.0
    }, {
      "activity" : "walking",
      "group" : "walking",
      "manual" : false,
      "startTime" : "20140807T084224+0200",
      "endTime" : "20140807T084852+0200",
      "duration" : 388.0,
      "distance" : 553.0,
      "steps" : 652
    } ],
    "lastUpdate" : "20140807T071855Z"
  }, {
    "type" : "place",
    "startTime" : "20140807T084851+0200",
    "endTime" : "20140807T093236+0200",
    "activities" : [ {
      "activity" : "walking",
      "group" : "walking",
      "manual" : false,
      "startTime" : "20140807T084851+0200",
      "endTime" : "20140807T084857+0200",
      "duration" : 6.0,
      "distance" : 5.0,
      "steps" : 10
    }, {
      "activity" : "walking",
      "group" : "walking",
      "manual" : false,
      "startTime" : "20140807T092255+0200",
      "endTime" : "20140807T092929+0200",
      "duration" : 394.0,
      "distance" : 528.0,
      "steps" : 704
    } ],
    "lastUpdate" : "20140807T091308Z"
  }, {
    "type" : "move",
    "startTime" : "20140807T093236+0200",
    "endTime" : "20140807T094510+0200",
    "activities" : [ {
      "activity" : "transport",
      "group" : "transport",
      "manual" : false,
      "startTime" : "20140807T093236+0200",
      "endTime" : "20140807T093904+0200",
      "duration" : 388.0,
      "distance" : 1217.0
    }, {
      "activity" : "walking",
      "group" : "walking",
      "manual" : false,
      "startTime" : "20140807T093905+0200",
      "endTime" : "20140807T094510+0200",
      "duration" : 365.0,
      "distance" : 362.0,
      "steps" : 562
    } ],
    "lastUpdate" : "20140807T091308Z"
  }, {
    "type" : "place",
    "startTime" : "20140807T094510+0200",
    "endTime" : "20140807T155824+0200",
    "activities" : [ {
      "activity" : "walking",
      "group" : "walking",
      "manual" : false,
      "startTime" : "20140807T102908+0200",
      "endTime" : "20140807T102959+0200",
      "duration" : 51.0,
      "distance" : 28.0,
      "steps" : 57
    }, {
      "activity" : "walking",
      "group" : "walking",
      "manual" : false,
      "startTime" : "20140807T134024+0200",
      "endTime" : "20140807T134056+0200",
      "duration" : 32.0,
      "distance" : 16.0,
      "steps" : 22
    }, {
      "activity" : "walking",
      "group" : "walking",
      "manual" : false,
      "startTime" : "20140807T140344+0200",
      "endTime" : "20140807T140416+0200",
      "duration" : 32.0,
      "distance" : 16.0,
      "steps" : 32
    }, {
      "activity" : "walking",
      "group" : "walking",
      "manual" : false,
      "startTime" : "20140807T154127+0200",
      "endTime" : "20140807T154616+0200",
      "duration" : 289.0,
      "distance" : 348.0,
      "steps" : 465
    } ],
    "lastUpdate" : "20140807T175159Z"
  }, {
    "type" : "move",
    "startTime" : "20140807T155824+0200",
    "endTime" : "20140807T160540+0200",
    "activities" : [ {
      "activity" : "walking",
      "group" : "walking",
      "manual" : false,
      "startTime" : "20140807T155824+0200",
      "endTime" : "20140807T160540+0200",
      "duration" : 436.0,
      "distance" : 379.0,
      "steps" : 715
    } ],
    "lastUpdate" : "20140807T175159Z"
  }, {
    "type" : "place",
    "startTime" : "20140807T160540+0200",
    "endTime" : "20140807T161249+0200",
    "activities" : [ {
      "activity" : "walking",
      "group" : "walking",
      "manual" : false,
      "startTime" : "20140807T160757+0200",
      "endTime" : "20140807T160817+0200",
      "duration" : 20.0,
      "distance" : 13.0,
      "steps" : 26
    } ],
    "lastUpdate" : "20140807T175159Z"
  }, {
    "type" : "move",
    "startTime" : "20140807T161249+0200",
    "endTime" : "20140807T162556+0200",
    "activities" : [ {
      "activity" : "transport",
      "group" : "transport",
      "manual" : false,
      "startTime" : "20140807T161249+0200",
      "endTime" : "20140807T161659+0200",
      "duration" : 250.0,
      "distance" : 1510.0
    }, {
      "activity" : "walking",
      "group" : "walking",
      "manual" : false,
      "startTime" : "20140807T161659+0200",
      "endTime" : "20140807T162557+0200",
      "duration" : 538.0,
      "distance" : 373.0,
      "steps" : 705
    } ],
    "lastUpdate" : "20140807T175159Z"
  }, {
    "type" : "place",
    "startTime" : "20140807T162557+0200",
    "endTime" : "20140807T163556+0200",
    "activities" : [ {
      "activity" : "walking",
      "group" : "walking",
      "manual" : false,
      "startTime" : "20140807T162922+0200",
      "endTime" : "20140807T163006+0200",
      "duration" : 44.0,
      "distance" : 29.0,
      "steps" : 58
    } ],
    "lastUpdate" : "20140807T175159Z"
  }, {
    "type" : "place",
    "startTime" : "20140807T163556+0200",
    "endTime" : "20140807T164654+0200",
    "activities" : [ {
      "activity" : "walking",
      "group" : "walking",
      "manual" : false,
      "startTime" : "20140807T163725+0200",
      "endTime" : "20140807T164325+0200",
      "duration" : 360.0,
      "distance" : 452.0,
      "steps" : 603
    } ],
    "lastUpdate" : "20140807T175159Z"
  }, {
    "type" : "move",
    "startTime" : "20140807T164654+0200",
    "endTime" : "20140807T165818+0200",
    "activities" : [ {
      "activity" : "transport",
      "group" : "transport",
      "manual" : false,
      "startTime" : "20140807T164654+0200",
      "endTime" : "20140807T165221+0200",
      "duration" : 327.0,
      "distance" : 1630.0
    }, {
      "activity" : "walking",
      "group" : "walking",
      "manual" : false,
      "startTime" : "20140807T165221+0200",
      "endTime" : "20140807T165818+0200",
      "duration" : 357.0,
      "distance" : 319.0,
      "steps" : 638
    } ],
    "lastUpdate" : "20140807T175159Z"
  }, {
    "type" : "place",
    "startTime" : "20140807T165818+0200",
    "endTime" : "20140807T213704+0200",
    "activities" : [ {
      "activity" : "walking",
      "group" : "walking",
      "manual" : false,
      "startTime" : "20140807T165818+0200",
      "endTime" : "20140807T165840+0200",
      "duration" : 22.0,
      "distance" : 19.0,
      "steps" : 38
    }, {
      "activity" : "walking",
      "group" : "walking",
      "manual" : false,
      "startTime" : "20140807T200950+0200",
      "endTime" : "20140807T201004+0200",
      "duration" : 14.0,
      "distance" : 9.0,
      "steps" : 18
    } ],
    "lastUpdate" : "20140807T214001Z"
  }, {
    "type" : "move",
    "startTime" : "20140807T213704+0200",
    "endTime" : "20140807T214334+0200",
    "activities" : [ {
      "activity" : "walking",
      "group" : "walking",
      "manual" : false,
      "startTime" : "20140807T213704+0200",
      "endTime" : "20140807T214334+0200",
      "duration" : 390.0,
      "distance" : 292.0,
      "steps" : 584
    } ],
    "lastUpdate" : "20140807T214001Z"
  }, {
    "type" : "place",
    "startTime" : "20140807T214334+0200",
    "endTime" : "20140807T235039+0200",
    "activities" : [ {
      "activity" : "walking",
      "group" : "walking",
      "manual" : false,
      "startTime" : "20140807T214334+0200",
      "endTime" : "20140807T214423+0200",
      "duration" : 49.0,
      "distance" : 33.0,
      "steps" : 65
    } ],
    "lastUpdate" : "20140807T233605Z"
  }, {
    "type" : "move",
    "startTime" : "20140807T235039+0200",
    "endTime" : "20140807T235418+0200",
    "activities" : [ {
      "activity" : "walking",
      "group" : "walking",
      "manual" : false,
      "startTime" : "20140807T235039+0200",
      "endTime" : "20140807T235419+0200",
      "duration" : 220.0,
      "distance" : 214.0,
      "steps" : 366
    } ],
    "lastUpdate" : "20140807T233605Z"
  }, {
    "type" : "place",
    "startTime" : "20140807T235418+0200",
    "endTime" : "20140809T094432+0200",
    "activities" : [ {
      "activity" : "walking",
      "group" : "walking",
      "manual" : false,
      "startTime" : "20140807T235418+0200",
      "endTime" : "20140807T235503+0200",
      "duration" : 45.0,
      "distance" : 25.0,
      "steps" : 50
    } ],
    "lastUpdate" : "20140809T084555Z"
  } ],
  "lastUpdate" : "20140809T084555Z"
} ]