[ {
  "date" : "20140701",
  "summary" : [ {
    "activity" : "walking",
    "group" : "walking",
    "duration" : 8598.0,
    "distance" : 9836.0,
    "steps" : 13234
  }, {
    "activity" : "transport",
    "group" : "transport",
    "duration" : 1467.0,
    "distance" : 4408.0
  } ],
  "segments" : [ {
    "type" : "place",
    "startTime" : "20140630T185214+0200",
    "endTime" : "20140701T084319+0200",
    "activities" : [ {
      "activity" : "walking",
      "group" : "walking",
      "manual" : false,
      "startTime" : "20140701T000426+0200",
      "endTime" : "20140701T000456+0200",
      "duration" : 30.0,
      "distance" : 15.0,
      "steps" : 30
    }, {
      "activity" : "walking",
      "group" : "walking",
      "manual" : false,
      "startTime" : "20140701T083254+0200",
      "endTime" : "20140701T083734+0200",
      "duration" : 280.0,
      "distance" : 348.0,
      "steps" : 464
    } ],
    "lastUpdate" : "20140701T071613Z"
  }, {
    "type" : "move",
    "startTime" : "20140701T084319+0200",
    "endTime" : "20140701T085015+0200",
    "activities" : [ {
      "activity" : "walking",
      "group" : "walking",
      "manual" : false,
      "startTime" : "20140701T084319+0200",
      "endTime" : "20140701T085015+0200",
      "duration" : 416.0,
      "distance" : 825.0,
      "steps" : 688
    } ],
    "lastUpdate" : "20140701T071613Z"
  }, {
    "type" : "place",
    "startTime" : "20140701T085015+0200",
    "endTime" : "20140701T130659+0200",
    "activities" : [ {
      "activity" : "walking",
      "group" : "walking",
      "manual" : false,
      "startTime" : "20140701T085015+0200",
      "endTime" : "20140701T085106+0200",
      "duration" : 51.0,
      "distance" : 37.0,
      "steps" : 74
    }, {
      "activity" : "walking",
      "group" : "walking",
      "manual" : false,
      "startTime" : "20140701T101704+0200",
      "endTime" : "20140701T101827+0200",
      "duration" : 83.0,
      "distance" : 56.0,
      "steps" : 112
    }, {
      "activity" : "walking",
      "group" : "walking",
      "manual" : false,
      "startTime" : "20140701T110251+0200",
      "endTime" : "20140701T110254+0200",
      "duration" : 3.0,
      "distance" : 2.0,
      "steps" : 3
    }, {
      "activity" : "walking",
      "group" : "walking",
      "manual" : false,
      "startTime" : "20140701T122749+0200",
      "endTime" : "20140701T123435+0200",
      "duration" : 406.0,
      "distance" : 482.0,
      "steps" : 643
    }, {
      "activity" : "walking",
      "group" : "walking",
      "manual" : false,
      "startTime" : "20140701T130000+0200",
      "endTime" : "20140701T130141+0200",
      "duration" : 101.0,
      "distance" : 75.0,
      "steps" : 151
    } ],
    "lastUpdate" : "20140701T131503Z"
  }, {
    "type" : "move",
    "startTime" : "20140701T130659+0200",
    "endTime" : "20140701T131302+0200",
    "activities" : [ {
      "activity" : "walking",
      "group" : "walking",
      "manual" : false,
      "startTime" : "20140701T130659+0200",
      "endTime" : "20140701T131303+0200",
      "duration" : 364.0,
      "distance" : 500.0,
      "steps" : 538
    } ],
    "lastUpdate" : "20140701T131503Z"
  }, {
    "type" : "place",
    "startTime" : "20140701T131302+0200",
    "endTime" : "20140701T151509+0200",
    "activities" : [ {
      "activity" : "walking",
      "group" : "walking",
      "manual" : false,
      "startTime" : "20140701T131649+0200",
      "endTime" : "20140701T131651+0200",
      "duration" : 2.0,
      "distance" : 1.0,
      "steps" : 2
    }, {
      "activity" : "walking",
      "group" : "walking",
      "manual" : false,
      "startTime" : "20140701T150445+0200",
      "endTime" : "20140701T150648+0200",
      "duration" : 123.0,
      "distance" : 122.0,
      "steps" : 162
    } ],
    "lastUpdate" : "20140701T150148Z"
  }, {
    "type" : "move",
    "startTime" : "20140701T151509+0200",
    "endTime" : "20140701T151905+0200",
    "activities" : [ {
      "activity" : "walking",
      "group" : "walking",
      "manual" : false,
      "startTime" : "20140701T151509+0200",
      "endTime" : "20140701T151906+0200",
      "duration" : 237.0,
      "distance" : 430.0,
      "steps" : 359
    } ],
    "lastUpdate" : "20140701T150148Z"
  }, {
    "type" : "place",
    "startTime" : "20140701T151905+0200",
    "endTime" : "20140701T152810+0200",
    "activities" : [ {
      "activity" : "walking",
      "group" : "walking",
      "manual" : false,
      "startTime" : "20140701T151905+0200",
      "endTime" : "20140701T152629+0200",
      "duration" : 444.0,
      "distance" : 576.0,
      "steps" : 767
    } ],
    "lastUpdate" : "20140701T150148Z"
  }, {
    "type" : "move",
    "startTime" : "20140701T152810+0200",
    "endTime" : "20140701T154620+0200",
    "activities" : [ {
      "activity" : "transport",
      "group" : "transport",
      "manual" : false,
      "startTime" : "20140701T152810+0200",
      "endTime" : "20140701T153736+0200",
      "duration" : 566.0,
      "distance" : 2010.0
    }, {
      "activity" : "walking",
      "group" : "walking",
      "manual" : false,
      "startTime" : "20140701T153736+0200",
      "endTime" : "20140701T154620+0200",
      "duration" : 524.0,
      "distance" : 430.0,
      "steps" : 779
    } ],
    "lastUpdate" : "20140701T150148Z"
  }, {
    "type" : "place",
    "startTime" : "20140701T154621+0200",
    "endTime" : "20140701T155021+0200",
    "activities" : [ {
      "activity" : "walking",
      "group" : "walking",
      "manual" : false,
      "startTime" : "20140701T154621+0200",
      "endTime" : "20140701T154622+0200",
      "duration" : 1.0,
      "distance" : 1.0,
      "steps" : 2
    } ],
    "lastUpdate" : "20140701T150148Z"
  }, {
    "type" : "move",
    "startTime" : "20140701T155021+0200",
    "endTime" : "20140701T162542+0200",
    "activities" : [ {
      "activity" : "walking",
      "group" : "walking",
      "manual" : false,
      "startTime" : "20140701T155021+0200",
      "endTime" : "20140701T162542+0200",
      "duration" : 2121.0,
      "distance" : 2224.0,
      "steps" : 3267
    } ],
    "lastUpdate" : "20140701T150148Z"
  }, {
    "type" : "move",
    "startTime" : "20140701T162542+0200",
    "endTime" : "20140701T162641+0200",
    "activities" : [ {
      "activity" : "walking",
      "group" : "walking",
      "manual" : false,
      "startTime" : "20140701T162542+0200",
      "endTime" : "20140701T162642+0200",
      "duration" : 60.0,
      "distance" : 46.0,
      "steps" : 92
    } ],
    "lastUpdate" : "20140701T161616Z"
  }, {
    "type" : "place",
    "startTime" : "20140701T162642+0200",
    "endTime" : "20140701T165942+0200",
    "activities" : [ {
      "activity" : "walking",
      "group" : "walking",
      "manual" : false,
      "startTime" : "20140701T162715+0200",
      "endTime" : "20140701T163025+0200",
      "duration" : 190.0,
      "distance" : 202.0,
      "steps" : 269
    } ],
    "lastUpdate" : "20140701T161616Z"
  }, {
    "type" : "move",
    "startTime" : "20140701T165942+0200",
    "endTime" : "20140701T171039+0200",
    "activities" : [ {
      "activity" : "walking",
      "group" : "walking",
      "manual" : false,
      "startTime" : "20140701T165942+0200",
      "endTime" : "20140701T171040+0200",
      "duration" : 658.0,
      "distance" : 641.0,
      "steps" : 947
    } ],
    "lastUpdate" : "20140701T161616Z"
  }, {
    "type" : "place",
    "startTime" : "20140701T171040+0200",
    "endTime" : "20140701T171554+0200",
    "activities" : [ {
      "activity" : "walking",
      "group" : "walking",
      "manual" : false,
      "startTime" : "20140701T171121+0200",
      "endTime" : "20140701T171152+0200",
      "duration" : 31.0,
      "distance" : 21.0,
      "steps" : 41
    } ],
    "lastUpdate" : "20140701T161616Z"
  }, {
    "type" : "move",
    "startTime" : "20140701T171554+0200",
    "endTime" : "20140701T173546+0200",
    "activities" : [ {
      "activity" : "transport",
      "group" : "transport",
      "manual" : false,
      "startTime" : "20140701T171554+0200",
      "endTime" : "20140701T172224+0200",
      "duration" : 390.0,
      "distance" : 1687.0
    }, {
      "activity" : "walking",
      "group" : "walking",
      "manual" : false,
      "startTime" : "20140701T172223+0200",
      "endTime" : "20140701T173545+0200",
      "duration" : 802.0,
      "distance" : 884.0,
      "steps" : 1159
    } ],
    "lastUpdate" : "20140701T161616Z"
  }, {
    "type" : "place",
    "startTime" : "20140701T173546+0200",
    "endTime" : "20140701T183342+0200",
    "activities" : [ {
      "activity" : "walking",
      "group" : "walking",
      "manual" : false,
      "startTime" : "20140701T181849+0200",
      "endTime" : "20140701T182422+0200",
      "duration" : 333.0,
      "distance" : 379.0,
      "steps" : 505
    } ],
    "lastUpdate" : "20140701T181817Z"
  }, {
    "type" : "move",
    "startTime" : "20140701T183342+0200",
    "endTime" : "20140701T185535+0200",
    "activities" : [ {
      "activity" : "walking",
      "group" : "walking",
      "manual" : false,
      "startTime" : "20140701T183342+0200",
      "endTime" : "20140701T184159+0200",
      "duration" : 497.0,
      "distance" : 519.0,
      "steps" : 688
    }, {
      "activity" : "transport",
      "group" : "transport",
      "manual" : false,
      "startTime" : "20140701T184159+0200",
      "endTime" : "20140701T185030+0200",
      "duration" : 511.0,
      "distance" : 711.0
    }, {
      "activity" : "walking",
      "group" : "walking",
      "manual" : false,
      "startTime" : "20140701T185030+0200",
      "endTime" : "20140701T185535+0200",
      "duration" : 305.0,
      "distance" : 477.0,
      "steps" : 540
    } ],
    "lastUpdate" : "20140701T181817Z"
  }, {
    "type" : "place",
    "startTime" : "20140701T185535+0200",
    "endTime" : "20140701T224147+0200",
    "activities" : [ {
      "activity" : "walking",
      "group" : "walking",
      "manual" : false,
      "startTime" : "20140701T185535+0200",
      "endTime" : "20140701T185605+0200",
      "duration" : 30.0,
      "distance" : 25.0,
      "steps" : 50
    }, {
      "activity" : "walking",
      "group" : "walking",
      "manual" : false,
      "startTime" : "20140701T192246+0200",
      "endTime" : "20140701T192257+0200",
      "duration" : 11.0,
      "distance" : 8.0,
      "steps" : 15
    }, {
      "activity" : "walking",
      "group" : "walking",
      "manual" : false,
      "startTime" : "20140701T213142+0200",
      "endTime" : "20140701T213205+0200",
      "duration" : 23.0,
      "distance" : 14.0,
      "steps" : 29
    } ],
    "lastUpdate" : "20140701T222615Z"
  }, {
    "type" : "move",
    "startTime" : "20140701T224147+0200",
    "endTime" : "20140701T224517+0200",
    "activities" : [ {
      "activity" : "walking",
      "group" : "walking",
      "manual" : false,
      "startTime" : "20140701T224147+0200",
      "endTime" : "20140701T224517+0200",
      "duration" : 210.0,
      "distance" : 211.0,
      "steps" : 423
    } ],
    "lastUpdate" : "20140701T222615Z"
  }, {
    "type" : "place",
    "startTime" : "20140701T224517+0200",
    "endTime" : "20140701T232605+0200",
    "activities" : [ {
      "activity" : "walking",
      "group" : "walking",
      "manual" : false,
      "startTime" : "20140701T224517+0200",
      "endTime" : "20140701T224534+0200",
      "duration" : 17.0,
      "distance" : 15.0,
      "steps" : 30
    }, {
      "activity" : "walking",
      "group" : "walking",
      "manual" : false,
      "startTime" : "20140701T232513+0200",
      "endTime" : "20140701T232552+0200",
      "duration" : 39.0,
      "distance" : 30.0,
      "steps" : 59
    } ],
    "lastUpdate" : "20140701T222615Z"
  }, {
    "type" : "move",
    "startTime" : "20140701T232605+0200",
    "endTime" : "20140701T232843+0200",
    "activities" : [ {
      "activity" : "walking",
      "group" : "walking",
      "manual" : false,
      "startTime" : "20140701T232605+0200",
      "endTime" : "20140701T232843+0200",
      "duration" : 158.0,
      "distance" : 209.0,
      "steps" : 284
    } ],
    "lastUpdate" : "20140701T222615Z"
  }, {
    "type" : "place",
    "startTime" : "20140701T232843+0200",
    "endTime" : "20140702T135846+0200",
    "activities" : [ {
      "activity" : "walking",
      "group" : "walking",
      "manual" : false,
      "startTime" : "20140701T232843+0200",
      "endTime" : "20140701T232931+0200",
      "duration" : 48.0,
      "distance" : 31.0,
      "steps" : 62
    } ],
    "lastUpdate" : "20140702T131440Z"
  } ],
  "lastUpdate" : "20140702T131440Z"
} ]