[ {
  "date" : "20140710",
  "summary" : [ {
    "activity" : "walking",
    "group" : "walking",
    "duration" : 6995.0,
    "distance" : 9679.0,
    "steps" : 12010
  }, {
    "activity" : "transport",
    "group" : "transport",
    "duration" : 2570.0,
    "distance" : 33046.0
  }, {
    "activity" : "running",
    "group" : "running",
    "duration" : 121.0,
    "distance" : 418.0,
    "steps" : 319
  } ],
  "segments" : [ {
    "type" : "place",
    "startTime" : "20140709T214946+0200",
    "endTime" : "20140710T004620+0200",
    "activities" : [ {
      "activity" : "walking",
      "group" : "walking",
      "manual" : false,
      "startTime" : "20140710T000117+0200",
      "endTime" : "20140710T000216+0200",
      "duration" : 59.0,
      "distance" : 33.0,
      "steps" : 66
    } ],
    "lastUpdate" : "20140709T231911Z"
  }, {
    "type" : "move",
    "startTime" : "20140710T004620+0200",
    "endTime" : "20140710T004956+0200",
    "activities" : [ {
      "activity" : "walking",
      "group" : "walking",
      "manual" : false,
      "startTime" : "20140710T004620+0200",
      "endTime" : "20140710T004956+0200",
      "duration" : 216.0,
      "distance" : 210.0,
      "steps" : 340
    } ],
    "lastUpdate" : "20140709T231911Z"
  }, {
    "type" : "place",
    "startTime" : "20140710T004956+0200",
    "endTime" : "20140710T101823+0200",
    "activities" : [ {
      "activity" : "walking",
      "group" : "walking",
      "manual" : false,
      "startTime" : "20140710T080520+0200",
      "endTime" : "20140710T080550+0200",
      "duration" : 30.0,
      "distance" : 15.0,
      "steps" : 30
    }, {
      "activity" : "walking",
      "group" : "walking",
      "manual" : false,
      "startTime" : "20140710T101812+0200",
      "endTime" : "20140710T101819+0200",
      "duration" : 7.0,
      "distance" : 3.0,
      "steps" : 7
    } ],
    "lastUpdate" : "20140710T101733Z"
  }, {
    "type" : "move",
    "startTime" : "20140710T101823+0200",
    "endTime" : "20140710T103319+0200",
    "activities" : [ {
      "activity" : "walking",
      "group" : "walking",
      "manual" : false,
      "startTime" : "20140710T101823+0200",
      "endTime" : "20140710T102311+0200",
      "duration" : 288.0,
      "distance" : 390.0,
      "steps" : 424
    }, {
      "activity" : "transport",
      "group" : "transport",
      "manual" : false,
      "startTime" : "20140710T102311+0200",
      "endTime" : "20140710T102641+0200",
      "duration" : 210.0,
      "distance" : 839.0
    }, {
      "activity" : "walking",
      "group" : "walking",
      "manual" : false,
      "startTime" : "20140710T102641+0200",
      "endTime" : "20140710T103319+0200",
      "duration" : 398.0,
      "distance" : 565.0,
      "steps" : 713
    } ],
    "lastUpdate" : "20140710T101733Z"
  }, {
    "type" : "place",
    "startTime" : "20140710T103319+0200",
    "endTime" : "20140710T105518+0200",
    "activities" : [ {
      "activity" : "walking",
      "group" : "walking",
      "manual" : false,
      "startTime" : "20140710T103319+0200",
      "endTime" : "20140710T103553+0200",
      "duration" : 154.0,
      "distance" : 182.0,
      "steps" : 243
    } ],
    "lastUpdate" : "20140710T101733Z"
  }, {
    "type" : "move",
    "startTime" : "20140710T105518+0200",
    "endTime" : "20140710T111003+0200",
    "activities" : [ {
      "activity" : "walking",
      "group" : "walking",
      "manual" : false,
      "startTime" : "20140710T105518+0200",
      "endTime" : "20140710T105934+0200",
      "duration" : 256.0,
      "distance" : 425.0,
      "steps" : 453
    }, {
      "activity" : "transport",
      "group" : "transport",
      "manual" : false,
      "startTime" : "20140710T105934+0200",
      "endTime" : "20140710T110459+0200",
      "duration" : 325.0,
      "distance" : 911.0
    }, {
      "activity" : "walking",
      "group" : "walking",
      "manual" : false,
      "startTime" : "20140710T110458+0200",
      "endTime" : "20140710T111003+0200",
      "duration" : 305.0,
      "distance" : 328.0,
      "steps" : 582
    } ],
    "lastUpdate" : "20140710T101733Z"
  }, {
    "type" : "place",
    "startTime" : "20140710T111003+0200",
    "endTime" : "20140710T130650+0200",
    "activities" : [ {
      "activity" : "walking",
      "group" : "walking",
      "manual" : false,
      "startTime" : "20140710T111003+0200",
      "endTime" : "20140710T111050+0200",
      "duration" : 47.0,
      "distance" : 36.0,
      "steps" : 71
    }, {
      "activity" : "walking",
      "group" : "walking",
      "manual" : false,
      "startTime" : "20140710T130604+0200",
      "endTime" : "20140710T130619+0200",
      "duration" : 15.0,
      "distance" : 10.0,
      "steps" : 20
    } ],
    "lastUpdate" : "20140710T132135Z"
  }, {
    "type" : "move",
    "startTime" : "20140710T130650+0200",
    "endTime" : "20140710T140418+0200",
    "activities" : [ {
      "activity" : "walking",
      "group" : "walking",
      "manual" : false,
      "startTime" : "20140710T130650+0200",
      "endTime" : "20140710T132145+0200",
      "duration" : 895.0,
      "distance" : 1256.0,
      "steps" : 1596
    }, {
      "activity" : "running",
      "group" : "running",
      "manual" : false,
      "startTime" : "20140710T132146+0200",
      "endTime" : "20140710T132347+0200",
      "duration" : 121.0,
      "distance" : 418.0,
      "steps" : 319
    }, {
      "activity" : "walking",
      "group" : "walking",
      "manual" : false,
      "startTime" : "20140710T132347+0200",
      "endTime" : "20140710T133220+0200",
      "duration" : 513.0,
      "distance" : 641.0,
      "steps" : 791
    }, {
      "activity" : "transport",
      "group" : "transport",
      "manual" : false,
      "startTime" : "20140710T133220+0200",
      "endTime" : "20140710T135127+0200",
      "duration" : 1147.0,
      "distance" : 16984.0
    }, {
      "activity" : "walking",
      "group" : "walking",
      "manual" : false,
      "startTime" : "20140710T135127+0200",
      "endTime" : "20140710T140419+0200",
      "duration" : 772.0,
      "distance" : 1026.0,
      "steps" : 1361
    } ],
    "lastUpdate" : "20140710T132135Z"
  }, {
    "type" : "place",
    "startTime" : "20140710T140419+0200",
    "endTime" : "20140710T145807+0200",
    "activities" : [ {
      "activity" : "walking",
      "group" : "walking",
      "manual" : false,
      "startTime" : "20140710T140421+0200",
      "endTime" : "20140710T140521+0200",
      "duration" : 60.0,
      "distance" : 40.0,
      "steps" : 80
    } ],
    "lastUpdate" : "20140710T150209Z"
  }, {
    "type" : "move",
    "startTime" : "20140710T145807+0200",
    "endTime" : "20140710T155044+0200",
    "activities" : [ {
      "activity" : "walking",
      "group" : "walking",
      "manual" : false,
      "startTime" : "20140710T145807+0200",
      "endTime" : "20140710T150923+0200",
      "duration" : 676.0,
      "distance" : 1315.0,
      "steps" : 1283
    }, {
      "activity" : "transport",
      "group" : "transport",
      "manual" : false,
      "startTime" : "20140710T150923+0200",
      "endTime" : "20140710T152411+0200",
      "duration" : 888.0,
      "distance" : 14312.0
    }, {
      "activity" : "walking",
      "group" : "walking",
      "manual" : false,
      "startTime" : "20140710T152410+0200",
      "endTime" : "20140710T155044+0200",
      "duration" : 1594.0,
      "distance" : 2441.0,
      "steps" : 2756
    } ],
    "lastUpdate" : "20140710T150209Z"
  }, {
    "type" : "move",
    "startTime" : "20140710T155603+0200",
    "endTime" : "20140710T155926+0200",
    "activities" : [ {
      "activity" : "walking",
      "group" : "walking",
      "manual" : false,
      "startTime" : "20140710T155603+0200",
      "endTime" : "20140710T155927+0200",
      "duration" : 204.0,
      "distance" : 184.0,
      "steps" : 369
    } ],
    "lastUpdate" : "20140710T150209Z"
  }, {
    "type" : "place",
    "startTime" : "20140710T155927+0200",
    "endTime" : "20140711T093806+0200",
    "activities" : [ {
      "activity" : "walking",
      "group" : "walking",
      "manual" : false,
      "startTime" : "20140710T155927+0200",
      "endTime" : "20140710T155942+0200",
      "duration" : 15.0,
      "distance" : 11.0,
      "steps" : 21
    }, {
      "activity" : "walking",
      "group" : "walking",
      "manual" : false,
      "startTime" : "20140710T160009+0200",
      "endTime" : "20140710T160621+0200",
      "duration" : 372.0,
      "distance" : 500.0,
      "steps" : 667
    }, {
      "activity" : "walking",
      "group" : "walking",
      "manual" : false,
      "startTime" : "20140710T172615+0200",
      "endTime" : "20140710T172617+0200",
      "duration" : 2.0,
      "distance" : 1.0,
      "steps" : 2
    }, {
      "activity" : "walking",
      "group" : "walking",
      "manual" : false,
      "startTime" : "20140710T202601+0200",
      "endTime" : "20140710T202631+0200",
      "duration" : 30.0,
      "distance" : 15.0,
      "steps" : 30
    }, {
      "activity" : "walking",
      "group" : "walking",
      "manual" : false,
      "startTime" : "20140710T210154+0200",
      "endTime" : "20140710T210245+0200",
      "duration" : 51.0,
      "distance" : 33.0,
      "steps" : 67
    }, {
      "activity" : "walking",
      "group" : "walking",
      "manual" : false,
      "startTime" : "20140710T221955+0200",
      "endTime" : "20140710T222031+0200",
      "duration" : 36.0,
      "distance" : 19.0,
      "steps" : 38
    } ],
    "lastUpdate" : "20140711T090224Z"
  } ],
  "lastUpdate" : "20140711T090224Z"
} ]