[ {
  "date" : "20141017",
  "summary" : [ {
    "activity" : "walking",
    "group" : "walking",
    "duration" : 4886.0,
    "distance" : 4906.0,
    "steps" : 7447
  }, {
    "activity" : "transport",
    "group" : "transport",
    "duration" : 3342.0,
    "distance" : 8842.0
  } ],
  "segments" : [ {
    "type" : "place",
    "startTime" : "20141016T233146+0200",
    "endTime" : "20141017T094620+0200",
    "activities" : [ {
      "activity" : "walking",
      "group" : "walking",
      "manual" : false,
      "startTime" : "20141017T000117+0200",
      "endTime" : "20141017T000147+0200",
      "duration" : 30.0,
      "distance" : 16.0,
      "steps" : 32
    }, {
      "activity" : "walking",
      "group" : "walking",
      "manual" : false,
      "startTime" : "20141017T010212+0200",
      "endTime" : "20141017T010242+0200",
      "duration" : 30.0,
      "distance" : 15.0,
      "steps" : 30
    }, {
      "activity" : "walking",
      "group" : "walking",
      "manual" : false,
      "startTime" : "20141017T091114+0200",
      "endTime" : "20141017T091134+0200",
      "duration" : 20.0,
      "distance" : 14.0,
      "steps" : 27
    } ],
    "lastUpdate" : "20141017T091602Z"
  }, {
    "type" : "move",
    "startTime" : "20141017T094620+0200",
    "endTime" : "20141017T100031+0200",
    "activities" : [ {
      "activity" : "walking",
      "group" : "walking",
      "manual" : false,
      "startTime" : "20141017T094620+0200",
      "endTime" : "20141017T095052+0200",
      "duration" : 272.0,
      "distance" : 382.0,
      "steps" : 492
    }, {
      "activity" : "transport",
      "group" : "transport",
      "manual" : false,
      "startTime" : "20141017T095052+0200",
      "endTime" : "20141017T095634+0200",
      "duration" : 342.0,
      "distance" : 1156.0
    }, {
      "activity" : "walking",
      "group" : "walking",
      "manual" : false,
      "startTime" : "20141017T095634+0200",
      "endTime" : "20141017T100031+0200",
      "duration" : 237.0,
      "distance" : 234.0,
      "steps" : 396
    } ],
    "lastUpdate" : "20141017T091602Z"
  }, {
    "type" : "place",
    "startTime" : "20141017T100031+0200",
    "endTime" : "20141017T102032+0200",
    "activities" : [ {
      "activity" : "walking",
      "group" : "walking",
      "manual" : false,
      "startTime" : "20141017T100035+0200",
      "endTime" : "20141017T100229+0200",
      "duration" : 114.0,
      "distance" : 66.0,
      "steps" : 132
    } ],
    "lastUpdate" : "20141017T091602Z"
  }, {
    "type" : "move",
    "startTime" : "20141017T102032+0200",
    "endTime" : "20141017T105324+0200",
    "activities" : [ {
      "activity" : "walking",
      "group" : "walking",
      "manual" : false,
      "startTime" : "20141017T102032+0200",
      "endTime" : "20141017T103328+0200",
      "duration" : 776.0,
      "distance" : 714.0,
      "steps" : 1047
    }, {
      "activity" : "transport",
      "group" : "transport",
      "manual" : false,
      "startTime" : "20141017T103328+0200",
      "endTime" : "20141017T104711+0200",
      "duration" : 823.0,
      "distance" : 1945.0
    }, {
      "activity" : "walking",
      "group" : "walking",
      "manual" : false,
      "startTime" : "20141017T104711+0200",
      "endTime" : "20141017T105324+0200",
      "duration" : 373.0,
      "distance" : 446.0,
      "steps" : 642
    } ],
    "lastUpdate" : "20141017T091602Z"
  }, {
    "type" : "place",
    "startTime" : "20141017T105324+0200",
    "endTime" : "20141017T113122+0200",
    "activities" : [ {
      "activity" : "walking",
      "group" : "walking",
      "manual" : false,
      "startTime" : "20141017T105326+0200",
      "endTime" : "20141017T105339+0200",
      "duration" : 13.0,
      "distance" : 9.0,
      "steps" : 17
    }, {
      "activity" : "walking",
      "group" : "walking",
      "manual" : false,
      "startTime" : "20141017T111533+0200",
      "endTime" : "20141017T111603+0200",
      "duration" : 30.0,
      "distance" : 15.0,
      "steps" : 30
    } ],
    "lastUpdate" : "20141017T121157Z"
  }, {
    "type" : "move",
    "startTime" : "20141017T113122+0200",
    "endTime" : "20141017T120713+0200",
    "activities" : [ {
      "activity" : "walking",
      "group" : "walking",
      "manual" : false,
      "startTime" : "20141017T113122+0200",
      "endTime" : "20141017T113735+0200",
      "duration" : 373.0,
      "distance" : 342.0,
      "steps" : 561
    }, {
      "activity" : "transport",
      "group" : "transport",
      "manual" : false,
      "startTime" : "20141017T113735+0200",
      "endTime" : "20141017T120400+0200",
      "duration" : 1585.0,
      "distance" : 3522.0
    }, {
      "activity" : "walking",
      "group" : "walking",
      "manual" : false,
      "startTime" : "20141017T120400+0200",
      "endTime" : "20141017T120714+0200",
      "duration" : 194.0,
      "distance" : 159.0,
      "steps" : 319
    } ],
    "lastUpdate" : "20141017T121157Z"
  }, {
    "type" : "place",
    "startTime" : "20141017T120713+0200",
    "endTime" : "20141017T120943+0200",
    "activities" : [ {
      "activity" : "walking",
      "group" : "walking",
      "manual" : false,
      "startTime" : "20141017T120916+0200",
      "endTime" : "20141017T120919+0200",
      "duration" : 3.0,
      "distance" : 2.0,
      "steps" : 4
    } ],
    "lastUpdate" : "20141017T121157Z"
  }, {
    "type" : "move",
    "startTime" : "20141017T120943+0200",
    "endTime" : "20141017T123358+0200",
    "activities" : [ {
      "activity" : "walking",
      "group" : "walking",
      "manual" : false,
      "startTime" : "20141017T120943+0200",
      "endTime" : "20141017T123357+0200",
      "duration" : 1454.0,
      "distance" : 1547.0,
      "steps" : 2228
    } ],
    "lastUpdate" : "20141017T121157Z"
  }, {
    "type" : "place",
    "startTime" : "20141017T123358+0200",
    "endTime" : "20141017T124042+0200",
    "activities" : [ {
      "activity" : "walking",
      "group" : "walking",
      "manual" : false,
      "startTime" : "20141017T123358+0200",
      "endTime" : "20141017T123424+0200",
      "duration" : 26.0,
      "distance" : 21.0,
      "steps" : 42
    } ],
    "lastUpdate" : "20141017T121157Z"
  }, {
    "type" : "move",
    "startTime" : "20141017T124042+0200",
    "endTime" : "20141017T125033+0200",
    "activities" : [ {
      "activity" : "transport",
      "group" : "transport",
      "manual" : false,
      "startTime" : "20141017T124042+0200",
      "endTime" : "20141017T125034+0200",
      "duration" : 592.0,
      "distance" : 2219.0
    } ],
    "lastUpdate" : "20141017T121157Z"
  }, {
    "type" : "place",
    "startTime" : "20141017T125033+0200",
    "endTime" : "20141017T144240+0200",
    "activities" : [ {
      "activity" : "walking",
      "group" : "walking",
      "manual" : false,
      "startTime" : "20141017T125047+0200",
      "endTime" : "20141017T125049+0200",
      "duration" : 2.0,
      "distance" : 2.0,
      "steps" : 3
    }, {
      "activity" : "walking",
      "group" : "walking",
      "manual" : false,
      "startTime" : "20141017T135339+0200",
      "endTime" : "20141017T135350+0200",
      "duration" : 11.0,
      "distance" : 6.0,
      "steps" : 11
    }, {
      "activity" : "walking",
      "group" : "walking",
      "manual" : false,
      "startTime" : "20141017T141910+0200",
      "endTime" : "20141017T141925+0200",
      "duration" : 15.0,
      "distance" : 10.0,
      "steps" : 20
    } ],
    "lastUpdate" : "20141017T135339Z"
  }, {
    "type" : "move",
    "startTime" : "20141017T144240+0200",
    "endTime" : "20141017T145218+0200",
    "activities" : [ {
      "activity" : "walking",
      "group" : "walking",
      "manual" : false,
      "startTime" : "20141017T144240+0200",
      "endTime" : "20141017T145218+0200",
      "duration" : 578.0,
      "distance" : 643.0,
      "steps" : 979
    } ],
    "lastUpdate" : "20141017T135339Z"
  }, {
    "type" : "place",
    "startTime" : "20141017T145218+0200",
    "endTime" : "20141018T111217+0200",
    "activities" : [ {
      "activity" : "walking",
      "group" : "walking",
      "manual" : false,
      "startTime" : "20141017T145218+0200",
      "endTime" : "20141017T145233+0200",
      "duration" : 15.0,
      "distance" : 10.0,
      "steps" : 21
    }, {
      "activity" : "walking",
      "group" : "walking",
      "manual" : false,
      "startTime" : "20141017T152020+0200",
      "endTime" : "20141017T152040+0200",
      "duration" : 20.0,
      "distance" : 10.0,
      "steps" : 20
    }, {
      "activity" : "walking",
      "group" : "walking",
      "manual" : false,
      "startTime" : "20141017T180433+0200",
      "endTime" : "20141017T180438+0200",
      "duration" : 5.0,
      "distance" : 3.0,
      "steps" : 6
    }, {
      "activity" : "walking",
      "group" : "walking",
      "manual" : false,
      "startTime" : "20141017T192846+0200",
      "endTime" : "20141017T192854+0200",
      "duration" : 8.0,
      "distance" : 5.0,
      "steps" : 10
    }, {
      "activity" : "walking",
      "group" : "walking",
      "manual" : false,
      "startTime" : "20141017T202236+0200",
      "endTime" : "20141017T202304+0200",
      "duration" : 28.0,
      "distance" : 19.0,
      "steps" : 37
    }, {
      "activity" : "walking",
      "group" : "walking",
      "manual" : false,
      "startTime" : "20141017T212242+0200",
      "endTime" : "20141017T212353+0200",
      "duration" : 71.0,
      "distance" : 47.0,
      "steps" : 94
    }, {
      "activity" : "walking",
      "group" : "walking",
      "manual" : false,
      "startTime" : "20141017T220008+0200",
      "endTime" : "20141017T220058+0200",
      "duration" : 50.0,
      "distance" : 33.0,
      "steps" : 66
    }, {
      "activity" : "walking",
      "group" : "walking",
      "manual" : false,
      "startTime" : "20141017T230115+0200",
      "endTime" : "20141017T230333+0200",
      "duration" : 138.0,
      "distance" : 136.0,
      "steps" : 181
    } ],
    "lastUpdate" : "20141018T104231Z"
  } ],
  "lastUpdate" : "20141018T104231Z"
} ]