[ {
  "date" : "20140828",
  "summary" : [ {
    "activity" : "walking",
    "group" : "walking",
    "duration" : 4064.0,
    "distance" : 4836.0,
    "steps" : 6397
  }, {
    "activity" : "transport",
    "group" : "transport",
    "duration" : 1710.0,
    "distance" : 6399.0
  }, {
    "activity" : "cycling",
    "group" : "cycling",
    "duration" : 1324.0,
    "distance" : 4699.0
  } ],
  "segments" : [ {
    "type" : "place",
    "startTime" : "20140827T235954+0200",
    "endTime" : "20140828T084357+0200",
    "activities" : [ {
      "activity" : "walking",
      "group" : "walking",
      "manual" : false,
      "startTime" : "20140828T002921+0200",
      "endTime" : "20140828T002952+0200",
      "duration" : 31.0,
      "distance" : 16.0,
      "steps" : 30
    }, {
      "activity" : "walking",
      "group" : "walking",
      "manual" : false,
      "startTime" : "20140828T083635+0200",
      "endTime" : "20140828T083713+0200",
      "duration" : 38.0,
      "distance" : 26.0,
      "steps" : 51
    } ],
    "lastUpdate" : "20140828T081521Z"
  }, {
    "type" : "move",
    "startTime" : "20140828T084357+0200",
    "endTime" : "20140828T090312+0200",
    "activities" : [ {
      "activity" : "walking",
      "group" : "walking",
      "manual" : false,
      "startTime" : "20140828T084357+0200",
      "endTime" : "20140828T085114+0200",
      "duration" : 437.0,
      "distance" : 358.0,
      "steps" : 538
    }, {
      "activity" : "transport",
      "group" : "transport",
      "manual" : false,
      "startTime" : "20140828T085115+0200",
      "endTime" : "20140828T085746+0200",
      "duration" : 391.0,
      "distance" : 879.0
    }, {
      "activity" : "walking",
      "group" : "walking",
      "manual" : false,
      "startTime" : "20140828T085746+0200",
      "endTime" : "20140828T090312+0200",
      "duration" : 326.0,
      "distance" : 528.0,
      "steps" : 584
    } ],
    "lastUpdate" : "20140828T081521Z"
  }, {
    "type" : "move",
    "startTime" : "20140828T100608+0200",
    "endTime" : "20140828T103141+0200",
    "activities" : [ {
      "activity" : "walking",
      "group" : "walking",
      "manual" : false,
      "startTime" : "20140828T100608+0200",
      "endTime" : "20140828T101235+0200",
      "duration" : 387.0,
      "distance" : 358.0,
      "steps" : 671
    }, {
      "activity" : "transport",
      "group" : "transport",
      "manual" : false,
      "startTime" : "20140828T101235+0200",
      "endTime" : "20140828T102240+0200",
      "duration" : 605.0,
      "distance" : 2403.0
    }, {
      "activity" : "walking",
      "group" : "walking",
      "manual" : false,
      "startTime" : "20140828T102240+0200",
      "endTime" : "20140828T103141+0200",
      "duration" : 541.0,
      "distance" : 947.0,
      "steps" : 917
    } ],
    "lastUpdate" : "20140828T111843Z"
  }, {
    "type" : "place",
    "startTime" : "20140828T103141+0200",
    "endTime" : "20140828T133042+0200",
    "activities" : [ {
      "activity" : "walking",
      "group" : "walking",
      "manual" : false,
      "startTime" : "20140828T103141+0200",
      "endTime" : "20140828T103153+0200",
      "duration" : 12.0,
      "distance" : 8.0,
      "steps" : 16
    }, {
      "activity" : "walking",
      "group" : "walking",
      "manual" : false,
      "startTime" : "20140828T133035+0200",
      "endTime" : "20140828T133043+0200",
      "duration" : 8.0,
      "distance" : 5.0,
      "steps" : 10
    } ],
    "lastUpdate" : "20140831T185247Z"
  }, {
    "type" : "move",
    "startTime" : "20140828T133042+0200",
    "endTime" : "20140828T135600+0200",
    "activities" : [ {
      "activity" : "walking",
      "group" : "walking",
      "manual" : false,
      "startTime" : "20140828T133042+0200",
      "endTime" : "20140828T134044+0200",
      "duration" : 602.0,
      "distance" : 710.0,
      "steps" : 959
    }, {
      "activity" : "transport",
      "group" : "transport",
      "manual" : false,
      "startTime" : "20140828T134044+0200",
      "endTime" : "20140828T134844+0200",
      "duration" : 480.0,
      "distance" : 2072.0
    }, {
      "activity" : "walking",
      "group" : "walking",
      "manual" : false,
      "startTime" : "20140828T134844+0200",
      "endTime" : "20140828T135600+0200",
      "duration" : 436.0,
      "distance" : 518.0,
      "steps" : 669
    } ],
    "lastUpdate" : "20140828T132306Z"
  }, {
    "type" : "place",
    "startTime" : "20140828T135600+0200",
    "endTime" : "20140828T144409+0200",
    "activities" : [ {
      "activity" : "walking",
      "group" : "walking",
      "manual" : false,
      "startTime" : "20140828T135714+0200",
      "endTime" : "20140828T135744+0200",
      "duration" : 30.0,
      "distance" : 15.0,
      "steps" : 20
    }, {
      "activity" : "walking",
      "group" : "walking",
      "manual" : false,
      "startTime" : "20140828T143239+0200",
      "endTime" : "20140828T143732+0200",
      "duration" : 293.0,
      "distance" : 370.0,
      "steps" : 494
    } ],
    "lastUpdate" : "20140828T144655Z"
  }, {
    "type" : "move",
    "startTime" : "20140828T144409+0200",
    "endTime" : "20140828T145408+0200",
    "activities" : [ {
      "activity" : "transport",
      "group" : "transport",
      "manual" : false,
      "startTime" : "20140828T144409+0200",
      "endTime" : "20140828T144803+0200",
      "duration" : 234.0,
      "distance" : 1045.0
    }, {
      "activity" : "walking",
      "group" : "walking",
      "manual" : false,
      "startTime" : "20140828T144803+0200",
      "endTime" : "20140828T145408+0200",
      "duration" : 365.0,
      "distance" : 466.0,
      "steps" : 667
    } ],
    "lastUpdate" : "20140828T144655Z"
  }, {
    "type" : "place",
    "startTime" : "20140828T145408+0200",
    "endTime" : "20140828T183142+0200",
    "activities" : [ {
      "activity" : "walking",
      "group" : "walking",
      "manual" : false,
      "startTime" : "20140828T145408+0200",
      "endTime" : "20140828T145417+0200",
      "duration" : 9.0,
      "distance" : 6.0,
      "steps" : 12
    }, {
      "activity" : "walking",
      "group" : "walking",
      "manual" : false,
      "startTime" : "20140828T152349+0200",
      "endTime" : "20140828T152350+0200",
      "duration" : 1.0,
      "distance" : 1.0,
      "steps" : 1
    }, {
      "activity" : "walking",
      "group" : "walking",
      "manual" : false,
      "startTime" : "20140828T180349+0200",
      "endTime" : "20140828T180940+0200",
      "duration" : 351.0,
      "distance" : 374.0,
      "steps" : 499
    } ],
    "lastUpdate" : "20140828T194652Z"
  }, {
    "type" : "move",
    "startTime" : "20140828T183142+0200",
    "endTime" : "20140828T185346+0200",
    "activities" : [ {
      "activity" : "cycling",
      "group" : "cycling",
      "manual" : false,
      "startTime" : "20140828T183142+0200",
      "endTime" : "20140828T185346+0200",
      "duration" : 1324.0,
      "distance" : 4699.0
    } ],
    "lastUpdate" : "20140828T194652Z"
  }, {
    "type" : "place",
    "startTime" : "20140828T185346+0200",
    "endTime" : "20140829T000337+0200",
    "activities" : [ {
      "activity" : "walking",
      "group" : "walking",
      "manual" : false,
      "startTime" : "20140828T185417+0200",
      "endTime" : "20140828T185451+0200",
      "duration" : 34.0,
      "distance" : 23.0,
      "steps" : 45
    }, {
      "activity" : "walking",
      "group" : "walking",
      "manual" : false,
      "startTime" : "20140828T190514+0200",
      "endTime" : "20140828T190546+0200",
      "duration" : 32.0,
      "distance" : 23.0,
      "steps" : 46
    }, {
      "activity" : "walking",
      "group" : "walking",
      "manual" : false,
      "startTime" : "20140828T201549+0200",
      "endTime" : "20140828T201652+0200",
      "duration" : 63.0,
      "distance" : 42.0,
      "steps" : 84
    }, {
      "activity" : "walking",
      "group" : "walking",
      "manual" : false,
      "startTime" : "20140828T211923+0200",
      "endTime" : "20140828T211944+0200",
      "duration" : 21.0,
      "distance" : 11.0,
      "steps" : 22
    }, {
      "activity" : "walking",
      "group" : "walking",
      "manual" : false,
      "startTime" : "20140828T220659+0200",
      "endTime" : "20140828T220729+0200",
      "duration" : 30.0,
      "distance" : 20.0,
      "steps" : 40
    }, {
      "activity" : "walking",
      "group" : "walking",
      "manual" : false,
      "startTime" : "20140828T233159+0200",
      "endTime" : "20140828T233216+0200",
      "duration" : 17.0,
      "distance" : 11.0,
      "steps" : 22
    } ],
    "lastUpdate" : "20140829T001510Z"
  } ],
  "lastUpdate" : "20140907T092402Z"
} ]