[ {
  "date" : "20140813",
  "summary" : [ {
    "activity" : "walking",
    "group" : "walking",
    "duration" : 6867.0,
    "distance" : 7426.0,
    "steps" : 10731
  }, {
    "activity" : "transport",
    "group" : "transport",
    "duration" : 1677.0,
    "distance" : 6197.0
  } ],
  "segments" : [ {
    "type" : "place",
    "startTime" : "20140812T221633+0200",
    "endTime" : "20140813T081743+0200",
    "activities" : [ {
      "activity" : "walking",
      "group" : "walking",
      "manual" : false,
      "startTime" : "20140813T015326+0200",
      "endTime" : "20140813T015356+0200",
      "duration" : 30.0,
      "distance" : 15.0,
      "steps" : 30
    }, {
      "activity" : "walking",
      "group" : "walking",
      "manual" : false,
      "startTime" : "20140813T081648+0200",
      "endTime" : "20140813T081708+0200",
      "duration" : 20.0,
      "distance" : 13.0,
      "steps" : 27
    } ],
    "lastUpdate" : "20140813T071722Z"
  }, {
    "type" : "move",
    "startTime" : "20140813T081743+0200",
    "endTime" : "20140813T083422+0200",
    "activities" : [ {
      "activity" : "walking",
      "group" : "walking",
      "manual" : false,
      "startTime" : "20140813T081743+0200",
      "endTime" : "20140813T082308+0200",
      "duration" : 325.0,
      "distance" : 270.0,
      "steps" : 541
    }, {
      "activity" : "transport",
      "group" : "transport",
      "manual" : false,
      "startTime" : "20140813T082309+0200",
      "endTime" : "20140813T082743+0200",
      "duration" : 274.0,
      "distance" : 784.0
    }, {
      "activity" : "walking",
      "group" : "walking",
      "manual" : false,
      "startTime" : "20140813T082742+0200",
      "endTime" : "20140813T083422+0200",
      "duration" : 400.0,
      "distance" : 661.0,
      "steps" : 718
    } ],
    "lastUpdate" : "20140813T071722Z"
  }, {
    "type" : "place",
    "startTime" : "20140813T083422+0200",
    "endTime" : "20140813T115624+0200",
    "activities" : [ {
      "activity" : "walking",
      "group" : "walking",
      "manual" : false,
      "startTime" : "20140813T084706+0200",
      "endTime" : "20140813T084741+0200",
      "duration" : 35.0,
      "distance" : 19.0,
      "steps" : 37
    }, {
      "activity" : "walking",
      "group" : "walking",
      "manual" : false,
      "startTime" : "20140813T094513+0200",
      "endTime" : "20140813T095001+0200",
      "duration" : 288.0,
      "distance" : 374.0,
      "steps" : 499
    }, {
      "activity" : "walking",
      "group" : "walking",
      "manual" : false,
      "startTime" : "20140813T114800+0200",
      "endTime" : "20140813T115033+0200",
      "duration" : 153.0,
      "distance" : 179.0,
      "steps" : 239
    } ],
    "lastUpdate" : "20140813T120512Z"
  }, {
    "type" : "move",
    "startTime" : "20140813T115624+0200",
    "endTime" : "20140813T121800+0200",
    "activities" : [ {
      "activity" : "walking",
      "group" : "walking",
      "manual" : false,
      "startTime" : "20140813T115624+0200",
      "endTime" : "20140813T120855+0200",
      "duration" : 751.0,
      "distance" : 796.0,
      "steps" : 984
    }, {
      "activity" : "transport",
      "group" : "transport",
      "manual" : false,
      "startTime" : "20140813T120854+0200",
      "endTime" : "20140813T121325+0200",
      "duration" : 271.0,
      "distance" : 1008.0
    }, {
      "activity" : "walking",
      "group" : "walking",
      "manual" : false,
      "startTime" : "20140813T121325+0200",
      "endTime" : "20140813T121800+0200",
      "duration" : 275.0,
      "distance" : 372.0,
      "steps" : 473
    } ],
    "lastUpdate" : "20140813T120512Z"
  }, {
    "type" : "place",
    "startTime" : "20140813T121800+0200",
    "endTime" : "20140813T162132+0200",
    "activities" : [ {
      "activity" : "walking",
      "group" : "walking",
      "manual" : false,
      "startTime" : "20140813T121800+0200",
      "endTime" : "20140813T122038+0200",
      "duration" : 158.0,
      "distance" : 163.0,
      "steps" : 217
    }, {
      "activity" : "walking",
      "group" : "walking",
      "manual" : false,
      "startTime" : "20140813T130438+0200",
      "endTime" : "20140813T130441+0200",
      "duration" : 3.0,
      "distance" : 2.0,
      "steps" : 4
    }, {
      "activity" : "walking",
      "group" : "walking",
      "manual" : false,
      "startTime" : "20140813T151836+0200",
      "endTime" : "20140813T151838+0200",
      "duration" : 2.0,
      "distance" : 1.0,
      "steps" : 2
    } ],
    "lastUpdate" : "20140813T174753Z"
  }, {
    "type" : "move",
    "startTime" : "20140813T162132+0200",
    "endTime" : "20140813T162635+0200",
    "activities" : [ {
      "activity" : "walking",
      "group" : "walking",
      "manual" : false,
      "startTime" : "20140813T162132+0200",
      "endTime" : "20140813T162635+0200",
      "duration" : 303.0,
      "distance" : 347.0,
      "steps" : 409
    } ],
    "lastUpdate" : "20140813T174753Z"
  }, {
    "type" : "place",
    "startTime" : "20140813T162635+0200",
    "endTime" : "20140813T174914+0200",
    "activities" : [ {
      "activity" : "walking",
      "group" : "walking",
      "manual" : false,
      "startTime" : "20140813T163218+0200",
      "endTime" : "20140813T163847+0200",
      "duration" : 389.0,
      "distance" : 531.0,
      "steps" : 708
    }, {
      "activity" : "walking",
      "group" : "walking",
      "manual" : false,
      "startTime" : "20140813T174513+0200",
      "endTime" : "20140813T174543+0200",
      "duration" : 30.0,
      "distance" : 20.0,
      "steps" : 40
    } ],
    "lastUpdate" : "20140813T174753Z"
  }, {
    "type" : "move",
    "startTime" : "20140813T174914+0200",
    "endTime" : "20140813T175247+0200",
    "activities" : [ {
      "activity" : "walking",
      "group" : "walking",
      "manual" : false,
      "startTime" : "20140813T174914+0200",
      "endTime" : "20140813T175246+0200",
      "duration" : 212.0,
      "distance" : 407.0,
      "steps" : 339
    } ],
    "lastUpdate" : "20140813T174753Z"
  }, {
    "type" : "place",
    "startTime" : "20140813T175247+0200",
    "endTime" : "20140813T211856+0200",
    "activities" : [ {
      "activity" : "walking",
      "group" : "walking",
      "manual" : false,
      "startTime" : "20140813T175247+0200",
      "endTime" : "20140813T175254+0200",
      "duration" : 7.0,
      "distance" : 5.0,
      "steps" : 9
    }, {
      "activity" : "walking",
      "group" : "walking",
      "manual" : false,
      "startTime" : "20140813T201934+0200",
      "endTime" : "20140813T201935+0200",
      "duration" : 1.0,
      "distance" : 1.0,
      "steps" : 1
    }, {
      "activity" : "walking",
      "group" : "walking",
      "manual" : false,
      "startTime" : "20140813T211027+0200",
      "endTime" : "20140813T211113+0200",
      "duration" : 46.0,
      "distance" : 31.0,
      "steps" : 62
    } ],
    "lastUpdate" : "20140813T205243Z"
  }, {
    "type" : "move",
    "startTime" : "20140813T211856+0200",
    "endTime" : "20140813T212159+0200",
    "activities" : [ {
      "activity" : "walking",
      "group" : "walking",
      "manual" : false,
      "startTime" : "20140813T211856+0200",
      "endTime" : "20140813T212158+0200",
      "duration" : 182.0,
      "distance" : 235.0,
      "steps" : 272
    } ],
    "lastUpdate" : "20140813T205243Z"
  }, {
    "type" : "place",
    "startTime" : "20140813T212159+0200",
    "endTime" : "20140813T213523+0200",
    "activities" : [ {
      "activity" : "walking",
      "group" : "walking",
      "manual" : false,
      "startTime" : "20140813T212159+0200",
      "endTime" : "20140813T212739+0200",
      "duration" : 340.0,
      "distance" : 415.0,
      "steps" : 553
    } ],
    "lastUpdate" : "20140831T185019Z"
  }, {
    "type" : "move",
    "startTime" : "20140813T213523+0200",
    "endTime" : "20140813T214400+0200",
    "activities" : [ {
      "activity" : "transport",
      "group" : "transport",
      "manual" : false,
      "startTime" : "20140813T213523+0200",
      "endTime" : "20140813T214107+0200",
      "duration" : 344.0,
      "distance" : 899.0
    }, {
      "activity" : "walking",
      "group" : "walking",
      "manual" : false,
      "startTime" : "20140813T214107+0200",
      "endTime" : "20140813T214401+0200",
      "duration" : 174.0,
      "distance" : 122.0,
      "steps" : 244
    } ],
    "lastUpdate" : "20140813T205243Z"
  }, {
    "type" : "place",
    "startTime" : "20140813T214401+0200",
    "endTime" : "20140813T215415+0200",
    "activities" : [ {
      "activity" : "walking",
      "group" : "walking",
      "manual" : false,
      "startTime" : "20140813T214404+0200",
      "endTime" : "20140813T214555+0200",
      "duration" : 111.0,
      "distance" : 79.0,
      "steps" : 157
    } ],
    "lastUpdate" : "20140813T205243Z"
  }, {
    "type" : "move",
    "startTime" : "20140813T215415+0200",
    "endTime" : "20140813T222222+0200",
    "activities" : [ {
      "activity" : "walking",
      "group" : "walking",
      "manual" : false,
      "startTime" : "20140813T215415+0200",
      "endTime" : "20140813T222223+0200",
      "duration" : 1688.0,
      "distance" : 1558.0,
      "steps" : 2638
    } ],
    "lastUpdate" : "20140813T205243Z"
  }, {
    "type" : "place",
    "startTime" : "20140813T222223+0200",
    "endTime" : "20140813T230706+0200",
    "activities" : [ {
      "activity" : "walking",
      "group" : "walking",
      "manual" : false,
      "startTime" : "20140813T222300+0200",
      "endTime" : "20140813T222306+0200",
      "duration" : 6.0,
      "distance" : 4.0,
      "steps" : 8
    } ],
    "lastUpdate" : "20140813T224326Z"
  }, {
    "type" : "move",
    "startTime" : "20140813T230706+0200",
    "endTime" : "20140813T232331+0200",
    "activities" : [ {
      "activity" : "walking",
      "group" : "walking",
      "manual" : false,
      "startTime" : "20140813T230706+0200",
      "endTime" : "20140813T231119+0200",
      "duration" : 253.0,
      "distance" : 246.0,
      "steps" : 493
    }, {
      "activity" : "transport",
      "group" : "transport",
      "manual" : false,
      "startTime" : "20140813T231118+0200",
      "endTime" : "20140813T231859+0200",
      "duration" : 461.0,
      "distance" : 1926.0
    }, {
      "activity" : "walking",
      "group" : "walking",
      "manual" : false,
      "startTime" : "20140813T231859+0200",
      "endTime" : "20140813T232330+0200",
      "duration" : 271.0,
      "distance" : 177.0,
      "steps" : 355
    } ],
    "lastUpdate" : "20140813T224326Z"
  }, {
    "type" : "place",
    "startTime" : "20140813T232331+0200",
    "endTime" : "20140813T233718+0200",
    "activities" : [ {
      "activity" : "walking",
      "group" : "walking",
      "manual" : false,
      "startTime" : "20140813T232331+0200",
      "endTime" : "20140813T232526+0200",
      "duration" : 115.0,
      "distance" : 78.0,
      "steps" : 157
    } ],
    "lastUpdate" : "20140813T224326Z"
  }, {
    "type" : "move",
    "startTime" : "20140813T233718+0200",
    "endTime" : "20140813T234743+0200",
    "activities" : [ {
      "activity" : "transport",
      "group" : "transport",
      "manual" : false,
      "startTime" : "20140813T233718+0200",
      "endTime" : "20140813T234245+0200",
      "duration" : 327.0,
      "distance" : 1580.0
    }, {
      "activity" : "walking",
      "group" : "walking",
      "manual" : false,
      "startTime" : "20140813T234245+0200",
      "endTime" : "20140813T234743+0200",
      "duration" : 298.0,
      "distance" : 305.0,
      "steps" : 514
    } ],
    "lastUpdate" : "20140813T224326Z"
  }, {
    "type" : "place",
    "startTime" : "20140813T234743+0200",
    "endTime" : "20140814T003651+0200",
    "activities" : [ {
      "activity" : "walking",
      "group" : "walking",
      "manual" : false,
      "startTime" : "20140813T234743+0200",
      "endTime" : "20140813T234744+0200",
      "duration" : 1.0,
      "distance" : 0.0,
      "steps" : 1
    } ],
    "lastUpdate" : "20140814T192956Z"
  } ],
  "lastUpdate" : "20140831T185019Z"
} ]