[ {
  "date" : "20140922",
  "summary" : [ {
    "activity" : "walking",
    "group" : "walking",
    "duration" : 4553.0,
    "distance" : 5063.0,
    "steps" : 6683
  }, {
    "activity" : "transport",
    "group" : "transport",
    "duration" : 881.0,
    "distance" : 3139.0
  } ],
  "segments" : [ {
    "type" : "place",
    "startTime" : "20140920T191756+0200",
    "endTime" : "20140922T122855+0200",
    "activities" : [ {
      "activity" : "walking",
      "group" : "walking",
      "manual" : false,
      "startTime" : "20140922T015224+0200",
      "endTime" : "20140922T015225+0200",
      "duration" : 1.0,
      "distance" : 1.0,
      "steps" : 1
    }, {
      "activity" : "walking",
      "group" : "walking",
      "manual" : false,
      "startTime" : "20140922T020213+0200",
      "endTime" : "20140922T020218+0200",
      "duration" : 5.0,
      "distance" : 3.0,
      "steps" : 6
    }, {
      "activity" : "walking",
      "group" : "walking",
      "manual" : false,
      "startTime" : "20140922T094525+0200",
      "endTime" : "20140922T094548+0200",
      "duration" : 23.0,
      "distance" : 15.0,
      "steps" : 30
    }, {
      "activity" : "walking",
      "group" : "walking",
      "manual" : false,
      "startTime" : "20140922T103037+0200",
      "endTime" : "20140922T103038+0200",
      "duration" : 1.0,
      "distance" : 1.0,
      "steps" : 1
    } ],
    "lastUpdate" : "20140922T123525Z"
  }, {
    "type" : "move",
    "startTime" : "20140922T122855+0200",
    "endTime" : "20140922T124642+0200",
    "activities" : [ {
      "activity" : "walking",
      "group" : "walking",
      "manual" : false,
      "startTime" : "20140922T122855+0200",
      "endTime" : "20140922T123455+0200",
      "duration" : 360.0,
      "distance" : 348.0,
      "steps" : 558
    }, {
      "activity" : "transport",
      "group" : "transport",
      "manual" : false,
      "startTime" : "20140922T123455+0200",
      "endTime" : "20140922T124258+0200",
      "duration" : 483.0,
      "distance" : 1723.0
    }, {
      "activity" : "walking",
      "group" : "walking",
      "manual" : false,
      "startTime" : "20140922T124258+0200",
      "endTime" : "20140922T124642+0200",
      "duration" : 224.0,
      "distance" : 340.0,
      "steps" : 283
    } ],
    "lastUpdate" : "20140922T123525Z"
  }, {
    "type" : "place",
    "startTime" : "20140922T124642+0200",
    "endTime" : "20140922T125530+0200",
    "activities" : [ {
      "activity" : "walking",
      "group" : "walking",
      "manual" : false,
      "startTime" : "20140922T124654+0200",
      "endTime" : "20140922T125151+0200",
      "duration" : 297.0,
      "distance" : 340.0,
      "steps" : 453
    } ],
    "lastUpdate" : "20140922T123525Z"
  }, {
    "type" : "move",
    "startTime" : "20140922T125530+0200",
    "endTime" : "20140922T131102+0200",
    "activities" : [ {
      "activity" : "walking",
      "group" : "walking",
      "manual" : false,
      "startTime" : "20140922T125530+0200",
      "endTime" : "20140922T131103+0200",
      "duration" : 933.0,
      "distance" : 1066.0,
      "steps" : 1297
    } ],
    "lastUpdate" : "20140922T123525Z"
  }, {
    "type" : "place",
    "startTime" : "20140922T131102+0200",
    "endTime" : "20140922T131625+0200",
    "activities" : [ {
      "activity" : "walking",
      "group" : "walking",
      "manual" : false,
      "startTime" : "20140922T131102+0200",
      "endTime" : "20140922T131356+0200",
      "duration" : 174.0,
      "distance" : 200.0,
      "steps" : 266
    } ],
    "lastUpdate" : "20140922T123525Z"
  }, {
    "type" : "move",
    "startTime" : "20140922T131625+0200",
    "endTime" : "20140922T132615+0200",
    "activities" : [ {
      "activity" : "walking",
      "group" : "walking",
      "manual" : false,
      "startTime" : "20140922T131625+0200",
      "endTime" : "20140922T132615+0200",
      "duration" : 590.0,
      "distance" : 505.0,
      "steps" : 839
    } ],
    "lastUpdate" : "20140922T123525Z"
  }, {
    "type" : "place",
    "startTime" : "20140922T132615+0200",
    "endTime" : "20140922T135035+0200",
    "activities" : [ {
      "activity" : "walking",
      "group" : "walking",
      "manual" : false,
      "startTime" : "20140922T132619+0200",
      "endTime" : "20140922T133032+0200",
      "duration" : 253.0,
      "distance" : 312.0,
      "steps" : 416
    } ],
    "lastUpdate" : "20140922T123525Z"
  }, {
    "type" : "move",
    "startTime" : "20140922T135035+0200",
    "endTime" : "20140922T140746+0200",
    "activities" : [ {
      "activity" : "walking",
      "group" : "walking",
      "manual" : false,
      "startTime" : "20140922T135035+0200",
      "endTime" : "20140922T135510+0200",
      "duration" : 275.0,
      "distance" : 455.0,
      "steps" : 407
    }, {
      "activity" : "transport",
      "group" : "transport",
      "manual" : false,
      "startTime" : "20140922T135510+0200",
      "endTime" : "20140922T140148+0200",
      "duration" : 398.0,
      "distance" : 1416.0
    }, {
      "activity" : "walking",
      "group" : "walking",
      "manual" : false,
      "startTime" : "20140922T140148+0200",
      "endTime" : "20140922T140747+0200",
      "duration" : 359.0,
      "distance" : 452.0,
      "steps" : 621
    } ],
    "lastUpdate" : "20140922T123525Z"
  }, {
    "type" : "place",
    "startTime" : "20140922T140746+0200",
    "endTime" : "20140922T213156+0200",
    "activities" : [ {
      "activity" : "walking",
      "group" : "walking",
      "manual" : false,
      "startTime" : "20140922T140746+0200",
      "endTime" : "20140922T141002+0200",
      "duration" : 136.0,
      "distance" : 133.0,
      "steps" : 177
    }, {
      "activity" : "walking",
      "group" : "walking",
      "manual" : false,
      "startTime" : "20140922T160426+0200",
      "endTime" : "20140922T160455+0200",
      "duration" : 29.0,
      "distance" : 17.0,
      "steps" : 34
    }, {
      "activity" : "walking",
      "group" : "walking",
      "manual" : false,
      "startTime" : "20140922T183444+0200",
      "endTime" : "20140922T183825+0200",
      "duration" : 221.0,
      "distance" : 239.0,
      "steps" : 319
    }, {
      "activity" : "walking",
      "group" : "walking",
      "manual" : false,
      "startTime" : "20140922T190033+0200",
      "endTime" : "20140922T190426+0200",
      "duration" : 233.0,
      "distance" : 244.0,
      "steps" : 325
    }, {
      "activity" : "walking",
      "group" : "walking",
      "manual" : false,
      "startTime" : "20140922T204133+0200",
      "endTime" : "20140922T204135+0200",
      "duration" : 2.0,
      "distance" : 1.0,
      "steps" : 2
    }, {
      "activity" : "walking",
      "group" : "walking",
      "manual" : false,
      "startTime" : "20140922T212152+0200",
      "endTime" : "20140922T212405+0200",
      "duration" : 133.0,
      "distance" : 134.0,
      "steps" : 178
    } ],
    "lastUpdate" : "20140922T201017Z"
  }, {
    "type" : "move",
    "startTime" : "20140922T213156+0200",
    "endTime" : "20140922T213455+0200",
    "activities" : [ {
      "activity" : "walking",
      "group" : "walking",
      "manual" : false,
      "startTime" : "20140922T213156+0200",
      "endTime" : "20140922T213455+0200",
      "duration" : 179.0,
      "distance" : 179.0,
      "steps" : 316
    } ],
    "lastUpdate" : "20140922T201017Z"
  }, {
    "type" : "place",
    "startTime" : "20140922T213455+0200",
    "endTime" : "20140923T005103+0200",
    "activities" : [ {
      "activity" : "walking",
      "group" : "walking",
      "manual" : false,
      "startTime" : "20140922T215419+0200",
      "endTime" : "20140922T215424+0200",
      "duration" : 5.0,
      "distance" : 4.0,
      "steps" : 7
    }, {
      "activity" : "walking",
      "group" : "walking",
      "manual" : false,
      "startTime" : "20140922T220242+0200",
      "endTime" : "20140922T220326+0200",
      "duration" : 44.0,
      "distance" : 25.0,
      "steps" : 49
    }, {
      "activity" : "walking",
      "group" : "walking",
      "manual" : false,
      "startTime" : "20140922T230213+0200",
      "endTime" : "20140922T230329+0200",
      "duration" : 76.0,
      "distance" : 49.0,
      "steps" : 98
    } ],
    "lastUpdate" : "20140923T002814Z"
  } ],
  "lastUpdate" : "20140923T002814Z"
} ]