[ {
  "date" : "20140707",
  "summary" : [ {
    "activity" : "walking",
    "group" : "walking",
    "duration" : 7962.0,
    "distance" : 8825.0,
    "steps" : 12057
  } ],
  "segments" : [ {
    "type" : "place",
    "startTime" : "20140705T173640+0200",
    "endTime" : "20140707T092228+0200",
    "activities" : [ {
      "activity" : "walking",
      "group" : "walking",
      "manual" : false,
      "startTime" : "20140707T000207+0200",
      "endTime" : "20140707T000208+0200",
      "duration" : 1.0,
      "distance" : 1.0,
      "steps" : 1
    }, {
      "activity" : "walking",
      "group" : "walking",
      "manual" : false,
      "startTime" : "20140707T072948+0200",
      "endTime" : "20140707T073018+0200",
      "duration" : 30.0,
      "distance" : 15.0,
      "steps" : 30
    }, {
      "activity" : "walking",
      "group" : "walking",
      "manual" : false,
      "startTime" : "20140707T085212+0200",
      "endTime" : "20140707T085242+0200",
      "duration" : 30.0,
      "distance" : 21.0,
      "steps" : 41
    }, {
      "activity" : "walking",
      "group" : "walking",
      "manual" : false,
      "startTime" : "20140707T090219+0200",
      "endTime" : "20140707T090259+0200",
      "duration" : 40.0,
      "distance" : 20.0,
      "steps" : 37
    } ],
    "lastUpdate" : "20140707T082054Z"
  }, {
    "type" : "move",
    "startTime" : "20140707T092228+0200",
    "endTime" : "20140707T092841+0200",
    "activities" : [ {
      "activity" : "walking",
      "group" : "walking",
      "manual" : false,
      "startTime" : "20140707T092228+0200",
      "endTime" : "20140707T092841+0200",
      "duration" : 373.0,
      "distance" : 348.0,
      "steps" : 578
    } ],
    "lastUpdate" : "20140707T082054Z"
  }, {
    "type" : "place",
    "startTime" : "20140707T092841+0200",
    "endTime" : "20140707T094349+0200",
    "activities" : [ {
      "activity" : "walking",
      "group" : "walking",
      "manual" : false,
      "startTime" : "20140707T093303+0200",
      "endTime" : "20140707T093329+0200",
      "duration" : 26.0,
      "distance" : 17.0,
      "steps" : 33
    } ],
    "lastUpdate" : "20140707T093718Z"
  }, {
    "type" : "move",
    "startTime" : "20140707T094349+0200",
    "endTime" : "20140707T095216+0200",
    "activities" : [ {
      "activity" : "walking",
      "group" : "walking",
      "manual" : false,
      "startTime" : "20140707T094349+0200",
      "endTime" : "20140707T095216+0200",
      "duration" : 507.0,
      "distance" : 667.0,
      "steps" : 556
    } ],
    "lastUpdate" : "20140707T093718Z"
  }, {
    "type" : "place",
    "startTime" : "20140707T095216+0200",
    "endTime" : "20140707T095535+0200",
    "activities" : [ {
      "activity" : "walking",
      "group" : "walking",
      "manual" : false,
      "startTime" : "20140707T095447+0200",
      "endTime" : "20140707T095456+0200",
      "duration" : 9.0,
      "distance" : 6.0,
      "steps" : 12
    } ],
    "lastUpdate" : "20140907T092402Z"
  }, {
    "type" : "move",
    "startTime" : "20140707T095535+0200",
    "endTime" : "20140707T100522+0200",
    "activities" : [ {
      "activity" : "walking",
      "group" : "walking",
      "manual" : false,
      "startTime" : "20140707T095535+0200",
      "endTime" : "20140707T100522+0200",
      "duration" : 587.0,
      "distance" : 476.0,
      "steps" : 840
    } ],
    "lastUpdate" : "20140707T093718Z"
  }, {
    "type" : "move",
    "startTime" : "20140707T112619+0200",
    "endTime" : "20140707T113738+0200",
    "activities" : [ {
      "activity" : "walking",
      "group" : "walking",
      "manual" : false,
      "startTime" : "20140707T112619+0200",
      "endTime" : "20140707T113738+0200",
      "duration" : 679.0,
      "distance" : 554.0,
      "steps" : 1108
    } ],
    "lastUpdate" : "20140707T110932Z"
  }, {
    "type" : "place",
    "startTime" : "20140707T113738+0200",
    "endTime" : "20140707T123905+0200",
    "activities" : [ {
      "activity" : "walking",
      "group" : "walking",
      "manual" : false,
      "startTime" : "20140707T113738+0200",
      "endTime" : "20140707T113742+0200",
      "duration" : 4.0,
      "distance" : 3.0,
      "steps" : 6
    }, {
      "activity" : "walking",
      "group" : "walking",
      "manual" : false,
      "startTime" : "20140707T122545+0200",
      "endTime" : "20140707T122550+0200",
      "duration" : 5.0,
      "distance" : 3.0,
      "steps" : 6
    } ],
    "lastUpdate" : "20140707T142338Z"
  }, {
    "type" : "move",
    "startTime" : "20140707T123905+0200",
    "endTime" : "20140707T130911+0200",
    "activities" : [ {
      "activity" : "walking",
      "group" : "walking",
      "manual" : false,
      "startTime" : "20140707T123905+0200",
      "endTime" : "20140707T130912+0200",
      "duration" : 1807.0,
      "distance" : 1953.0,
      "steps" : 2757
    } ],
    "lastUpdate" : "20140707T142338Z"
  }, {
    "type" : "place",
    "startTime" : "20140707T130912+0200",
    "endTime" : "20140707T223317+0200",
    "activities" : [ {
      "activity" : "walking",
      "group" : "walking",
      "manual" : false,
      "startTime" : "20140707T130912+0200",
      "endTime" : "20140707T130915+0200",
      "duration" : 3.0,
      "distance" : 2.0,
      "steps" : 4
    }, {
      "activity" : "walking",
      "group" : "walking",
      "manual" : false,
      "startTime" : "20140707T141345+0200",
      "endTime" : "20140707T141348+0200",
      "duration" : 3.0,
      "distance" : 2.0,
      "steps" : 4
    }, {
      "activity" : "walking",
      "group" : "walking",
      "manual" : false,
      "startTime" : "20140707T203412+0200",
      "endTime" : "20140707T203442+0200",
      "duration" : 30.0,
      "distance" : 15.0,
      "steps" : 20
    } ],
    "lastUpdate" : "20140707T220044Z"
  }, {
    "type" : "move",
    "startTime" : "20140707T223317+0200",
    "endTime" : "20140707T225549+0200",
    "activities" : [ {
      "activity" : "walking",
      "group" : "walking",
      "manual" : false,
      "startTime" : "20140707T223317+0200",
      "endTime" : "20140707T225550+0200",
      "duration" : 1353.0,
      "distance" : 1929.0,
      "steps" : 2398
    } ],
    "lastUpdate" : "20140707T220044Z"
  }, {
    "type" : "place",
    "startTime" : "20140707T225549+0200",
    "endTime" : "20140707T231327+0200",
    "activities" : [ {
      "activity" : "walking",
      "group" : "walking",
      "manual" : false,
      "startTime" : "20140707T225549+0200",
      "endTime" : "20140707T225803+0200",
      "duration" : 134.0,
      "distance" : 149.0,
      "steps" : 199
    }, {
      "activity" : "walking",
      "group" : "walking",
      "manual" : false,
      "startTime" : "20140707T230035+0200",
      "endTime" : "20140707T231048+0200",
      "duration" : 613.0,
      "distance" : 746.0,
      "steps" : 994
    } ],
    "lastUpdate" : "20140707T220044Z"
  }, {
    "type" : "place",
    "startTime" : "20140707T231327+0200",
    "endTime" : "20140707T233154+0200",
    "activities" : [ {
      "activity" : "walking",
      "group" : "walking",
      "manual" : false,
      "startTime" : "20140707T231339+0200",
      "endTime" : "20140707T232155+0200",
      "duration" : 496.0,
      "distance" : 517.0,
      "steps" : 689
    } ],
    "lastUpdate" : "20140707T230711Z"
  }, {
    "type" : "move",
    "startTime" : "20140707T233154+0200",
    "endTime" : "20140707T234307+0200",
    "activities" : [ {
      "activity" : "walking",
      "group" : "walking",
      "manual" : false,
      "startTime" : "20140707T233154+0200",
      "endTime" : "20140707T234308+0200",
      "duration" : 674.0,
      "distance" : 788.0,
      "steps" : 859
    } ],
    "lastUpdate" : "20140707T230711Z"
  }, {
    "type" : "move",
    "startTime" : "20140707T235041+0200",
    "endTime" : "20140708T000730+0200",
    "activities" : [ {
      "activity" : "walking",
      "group" : "walking",
      "manual" : false,
      "startTime" : "20140707T235041+0200",
      "endTime" : "20140707T235959+0200",
      "duration" : 558.0,
      "distance" : 593.0,
      "steps" : 885
    } ],
    "lastUpdate" : "20140707T230711Z"
  } ],
  "lastUpdate" : "20140907T092402Z"
} ]