[ {
  "date" : "20140911",
  "summary" : [ {
    "activity" : "walking",
    "group" : "walking",
    "duration" : 3325.0,
    "distance" : 3941.0,
    "steps" : 5248
  }, {
    "activity" : "transport",
    "group" : "transport",
    "duration" : 2135.0,
    "distance" : 6947.0
  } ],
  "segments" : [ {
    "type" : "place",
    "startTime" : "20140910T184728+0200",
    "endTime" : "20140911T083054+0200",
    "activities" : [ {
      "activity" : "walking",
      "group" : "walking",
      "manual" : false,
      "startTime" : "20140911T001912+0200",
      "endTime" : "20140911T002012+0200",
      "duration" : 60.0,
      "distance" : 30.0,
      "steps" : 50
    }, {
      "activity" : "walking",
      "group" : "walking",
      "manual" : false,
      "startTime" : "20140911T080341+0200",
      "endTime" : "20140911T080441+0200",
      "duration" : 60.0,
      "distance" : 38.0,
      "steps" : 77
    } ],
    "lastUpdate" : "20140911T075213Z"
  }, {
    "type" : "move",
    "startTime" : "20140911T083054+0200",
    "endTime" : "20140911T090314+0200",
    "activities" : [ {
      "activity" : "walking",
      "group" : "walking",
      "manual" : false,
      "startTime" : "20140911T083054+0200",
      "endTime" : "20140911T083539+0200",
      "duration" : 285.0,
      "distance" : 413.0,
      "steps" : 506
    }, {
      "activity" : "transport",
      "group" : "transport",
      "manual" : false,
      "startTime" : "20140911T083538+0200",
      "endTime" : "20140911T085444+0200",
      "duration" : 1146.0,
      "distance" : 3396.0
    }, {
      "activity" : "walking",
      "group" : "walking",
      "manual" : false,
      "startTime" : "20140911T085445+0200",
      "endTime" : "20140911T090314+0200",
      "duration" : 509.0,
      "distance" : 872.0,
      "steps" : 876
    } ],
    "lastUpdate" : "20140911T075213Z"
  }, {
    "type" : "place",
    "startTime" : "20140911T090314+0200",
    "endTime" : "20140911T174845+0200",
    "activities" : [ {
      "activity" : "walking",
      "group" : "walking",
      "manual" : false,
      "startTime" : "20140911T090341+0200",
      "endTime" : "20140911T090343+0200",
      "duration" : 2.0,
      "distance" : 1.0,
      "steps" : 2
    }, {
      "activity" : "walking",
      "group" : "walking",
      "manual" : false,
      "startTime" : "20140911T105512+0200",
      "endTime" : "20140911T105542+0200",
      "duration" : 30.0,
      "distance" : 15.0,
      "steps" : 30
    }, {
      "activity" : "walking",
      "group" : "walking",
      "manual" : false,
      "startTime" : "20140911T125425+0200",
      "endTime" : "20140911T125609+0200",
      "duration" : 104.0,
      "distance" : 72.0,
      "steps" : 143
    }, {
      "activity" : "walking",
      "group" : "walking",
      "manual" : false,
      "startTime" : "20140911T174637+0200",
      "endTime" : "20140911T174645+0200",
      "duration" : 8.0,
      "distance" : 6.0,
      "steps" : 11
    } ],
    "lastUpdate" : "20140911T181207Z"
  }, {
    "type" : "move",
    "startTime" : "20140911T174845+0200",
    "endTime" : "20140911T180458+0200",
    "activities" : [ {
      "activity" : "walking",
      "group" : "walking",
      "manual" : false,
      "startTime" : "20140911T174845+0200",
      "endTime" : "20140911T175719+0200",
      "duration" : 514.0,
      "distance" : 678.0,
      "steps" : 884
    }, {
      "activity" : "transport",
      "group" : "transport",
      "manual" : false,
      "startTime" : "20140911T175719+0200",
      "endTime" : "20140911T180245+0200",
      "duration" : 326.0,
      "distance" : 1872.0
    }, {
      "activity" : "walking",
      "group" : "walking",
      "manual" : false,
      "startTime" : "20140911T180245+0200",
      "endTime" : "20140911T180458+0200",
      "duration" : 133.0,
      "distance" : 178.0,
      "steps" : 212
    } ],
    "lastUpdate" : "20140911T181207Z"
  }, {
    "type" : "place",
    "startTime" : "20140911T180458+0200",
    "endTime" : "20140911T181256+0200",
    "activities" : [ {
      "activity" : "walking",
      "group" : "walking",
      "manual" : false,
      "startTime" : "20140911T180458+0200",
      "endTime" : "20140911T180746+0200",
      "duration" : 168.0,
      "distance" : 181.0,
      "steps" : 241
    } ],
    "lastUpdate" : "20140911T181207Z"
  }, {
    "type" : "move",
    "startTime" : "20140911T181257+0200",
    "endTime" : "20140911T181717+0200",
    "activities" : [ {
      "activity" : "walking",
      "group" : "walking",
      "manual" : false,
      "startTime" : "20140911T181257+0200",
      "endTime" : "20140911T181718+0200",
      "duration" : 261.0,
      "distance" : 325.0,
      "steps" : 428
    } ],
    "lastUpdate" : "20140911T181207Z"
  }, {
    "type" : "place",
    "startTime" : "20140911T181717+0200",
    "endTime" : "20140911T183453+0200",
    "activities" : [ {
      "activity" : "walking",
      "group" : "walking",
      "manual" : false,
      "startTime" : "20140911T181717+0200",
      "endTime" : "20140911T182028+0200",
      "duration" : 191.0,
      "distance" : 214.0,
      "steps" : 286
    } ],
    "lastUpdate" : "20140911T181207Z"
  }, {
    "type" : "move",
    "startTime" : "20140911T183453+0200",
    "endTime" : "20140911T183842+0200",
    "activities" : [ {
      "activity" : "walking",
      "group" : "walking",
      "manual" : false,
      "startTime" : "20140911T183453+0200",
      "endTime" : "20140911T183842+0200",
      "duration" : 229.0,
      "distance" : 186.0,
      "steps" : 314
    } ],
    "lastUpdate" : "20140911T181207Z"
  }, {
    "type" : "place",
    "startTime" : "20140911T183842+0200",
    "endTime" : "20140911T190401+0200",
    "activities" : [ {
      "activity" : "walking",
      "group" : "walking",
      "manual" : false,
      "startTime" : "20140911T183958+0200",
      "endTime" : "20140911T184244+0200",
      "duration" : 166.0,
      "distance" : 174.0,
      "steps" : 232
    }, {
      "activity" : "walking",
      "group" : "walking",
      "manual" : false,
      "startTime" : "20140911T190000+0200",
      "endTime" : "20140911T190040+0200",
      "duration" : 40.0,
      "distance" : 26.0,
      "steps" : 52
    } ],
    "lastUpdate" : "20140911T181207Z"
  }, {
    "type" : "move",
    "startTime" : "20140911T190401+0200",
    "endTime" : "20140911T192254+0200",
    "activities" : [ {
      "activity" : "walking",
      "group" : "walking",
      "manual" : false,
      "startTime" : "20140911T190401+0200",
      "endTime" : "20140911T190638+0200",
      "duration" : 157.0,
      "distance" : 127.0,
      "steps" : 254
    }, {
      "activity" : "transport",
      "group" : "transport",
      "manual" : false,
      "startTime" : "20140911T190638+0200",
      "endTime" : "20140911T191741+0200",
      "duration" : 663.0,
      "distance" : 1679.0
    }, {
      "activity" : "walking",
      "group" : "walking",
      "manual" : false,
      "startTime" : "20140911T191741+0200",
      "endTime" : "20140911T192254+0200",
      "duration" : 313.0,
      "distance" : 341.0,
      "steps" : 523
    } ],
    "lastUpdate" : "20140911T181207Z"
  }, {
    "type" : "place",
    "startTime" : "20140911T192254+0200",
    "endTime" : "20140912T015754+0200",
    "activities" : [ {
      "activity" : "walking",
      "group" : "walking",
      "manual" : false,
      "startTime" : "20140911T192254+0200",
      "endTime" : "20140911T192327+0200",
      "duration" : 33.0,
      "distance" : 25.0,
      "steps" : 50
    }, {
      "activity" : "walking",
      "group" : "walking",
      "manual" : false,
      "startTime" : "20140911T205242+0200",
      "endTime" : "20140911T205256+0200",
      "duration" : 14.0,
      "distance" : 9.0,
      "steps" : 18
    }, {
      "activity" : "walking",
      "group" : "walking",
      "manual" : false,
      "startTime" : "20140911T210959+0200",
      "endTime" : "20140911T211030+0200",
      "duration" : 31.0,
      "distance" : 19.0,
      "steps" : 37
    }, {
      "activity" : "walking",
      "group" : "walking",
      "manual" : false,
      "startTime" : "20140911T220207+0200",
      "endTime" : "20140911T220224+0200",
      "duration" : 17.0,
      "distance" : 11.0,
      "steps" : 22
    } ],
    "lastUpdate" : "20140912T101312Z"
  } ],
  "lastUpdate" : "20140912T101312Z"
} ]