[ {
  "date" : "20140910",
  "summary" : [ {
    "activity" : "walking",
    "group" : "walking",
    "duration" : 1913.0,
    "distance" : 1871.0,
    "steps" : 2904
  }, {
    "activity" : "transport",
    "group" : "transport",
    "duration" : 976.0,
    "distance" : 4428.0
  } ],
  "segments" : [ {
    "type" : "place",
    "startTime" : "20140909T185729+0200",
    "endTime" : "20140910T122423+0200",
    "place" : {
      "id" : 251291724,
      "name" : "Home",
      "type" : "home",
      "location" : {
        "lat" : 49.8819996044,
        "lon" : 8.6702592175
      }
    },
    "activities" : [ {
      "activity" : "walking",
      "group" : "walking",
      "manual" : false,
      "startTime" : "20140910T095700+0200",
      "endTime" : "20140910T095702+0200",
      "duration" : 2.0,
      "distance" : 2.0,
      "steps" : 3,
      "trackPoints" : [ ]
    }, {
      "activity" : "walking",
      "group" : "walking",
      "manual" : false,
      "startTime" : "20140910T111245+0200",
      "endTime" : "20140910T111327+0200",
      "duration" : 42.0,
      "distance" : 27.0,
      "steps" : 54,
      "trackPoints" : [ ]
    }, {
      "activity" : "walking",
      "group" : "walking",
      "manual" : false,
      "startTime" : "20140910T121302+0200",
      "endTime" : "20140910T121333+0200",
      "duration" : 31.0,
      "distance" : 18.0,
      "steps" : 35,
      "trackPoints" : [ ]
    } ],
    "lastUpdate" : "20140910T164200Z"
  }, {
    "type" : "place",
    "startTime" : "20140910T141019+0200",
    "endTime" : "20140910T171745+0200",
    "place" : {
      "id" : 251291724,
      "name" : "Home",
      "type" : "home",
      "location" : {
        "lat" : 49.8819996044,
        "lon" : 8.6702592175
      }
    },
    "activities" : [ {
      "activity" : "walking",
      "group" : "walking",
      "manual" : false,
      "startTime" : "20140910T143146+0200",
      "endTime" : "20140910T143236+0200",
      "duration" : 50.0,
      "distance" : 31.0,
      "steps" : 61,
      "trackPoints" : [ ]
    }, {
      "activity" : "walking",
      "group" : "walking",
      "manual" : false,
      "startTime" : "20140910T151850+0200",
      "endTime" : "20140910T151920+0200",
      "duration" : 30.0,
      "distance" : 15.0,
      "steps" : 30,
      "trackPoints" : [ ]
    }, {
      "activity" : "walking",
      "group" : "walking",
      "manual" : false,
      "startTime" : "20140910T170140+0200",
      "endTime" : "20140910T170458+0200",
      "duration" : 198.0,
      "distance" : 187.0,
      "steps" : 250,
      "trackPoints" : [ ]
    } ],
    "lastUpdate" : "20140910T164200Z"
  }, {
    "type" : "move",
    "startTime" : "20140910T171745+0200",
    "endTime" : "20140910T173759+0200",
    "activities" : [ {
      "activity" : "walking",
      "group" : "walking",
      "manual" : false,
      "startTime" : "20140910T171745+0200",
      "endTime" : "20140910T172318+0200",
      "duration" : 333.0,
      "distance" : 357.0,
      "steps" : 602,
      "trackPoints" : [ {
        "lat" : 49.8819996044,
        "lon" : 8.6702592175,
        "time" : "20140910T171745+0200"
      }, {
        "lat" : 49.8820662468,
        "lon" : 8.6703947952,
        "time" : "20140910T171807+0200"
      }, {
        "lat" : 49.882081276,
        "lon" : 8.6703854212,
        "time" : "20140910T171823+0200"
      }, {
        "lat" : 49.8820997193,
        "lon" : 8.6703587696,
        "time" : "20140910T171846+0200"
      }, {
        "lat" : 49.8821127572,
        "lon" : 8.6703318411,
        "time" : "20140910T171903+0200"
      }, {
        "lat" : 49.8821286445,
        "lon" : 8.6702935343,
        "time" : "20140910T171923+0200"
      }, {
        "lat" : 49.8821447144,
        "lon" : 8.6702555187,
        "time" : "20140910T171946+0200"
      }, {
        "lat" : 49.8821902446,
        "lon" : 8.6701295032,
        "time" : "20140910T172004+0200"
      }, {
        "lat" : 49.8825865596,
        "lon" : 8.6689976075,
        "time" : "20140910T172031+0200"
      }, {
        "lat" : 49.8827205726,
        "lon" : 8.6686613085,
        "time" : "20140910T172054+0200"
      }, {
        "lat" : 49.8828090644,
        "lon" : 8.6684861436,
        "time" : "20140910T172114+0200"
      }, {
        "lat" : 49.8828543094,
        "lon" : 8.6683478604,
        "time" : "20140910T172134+0200"
      }, {
        "lat" : 49.8828465855,
        "lon" : 8.6679760147,
        "time" : "20140910T172154+0200"
      }, {
        "lat" : 49.8827742645,
        "lon" : 8.6669086837,
        "time" : "20140910T172214+0200"
      }, {
        "lat" : 49.8826708776,
        "lon" : 8.6664048517,
        "time" : "20140910T172234+0200"
      }, {
        "lat" : 49.8825577915,
        "lon" : 8.6661911664,
        "time" : "20140910T172254+0200"
      }, {
        "lat" : 49.882467895,
        "lon" : 8.6660899152,
        "time" : "20140910T172318+0200"
      } ]
    }, {
      "activity" : "transport",
      "group" : "transport",
      "manual" : false,
      "startTime" : "20140910T172318+0200",
      "endTime" : "20140910T173508+0200",
      "duration" : 710.0,
      "distance" : 2241.0,
      "trackPoints" : [ {
        "lat" : 49.882467895,
        "lon" : 8.6660899152,
        "time" : "20140910T172318+0200"
      }, {
        "lat" : 49.8823945384,
        "lon" : 8.6660345522,
        "time" : "20140910T172335+0200"
      }, {
        "lat" : 49.8823806805,
        "lon" : 8.6660312138,
        "time" : "20140910T172352+0200"
      }, {
        "lat" : 49.8823763645,
        "lon" : 8.6660295913,
        "time" : "20140910T172415+0200"
      }, {
        "lat" : 49.8823766545,
        "lon" : 8.6660312929,
        "time" : "20140910T172432+0200"
      }, {
        "lat" : 49.8827348414,
        "lon" : 8.6663242685,
        "time" : "20140910T172453+0200"
      }, {
        "lat" : 49.8957990797,
        "lon" : 8.6771898595,
        "time" : "20140910T173353+0200"
      }, {
        "lat" : 49.8963368306,
        "lon" : 8.6772266206,
        "time" : "20140910T173413+0200"
      }, {
        "lat" : 49.8964298371,
        "lon" : 8.6772883864,
        "time" : "20140910T173429+0200"
      }, {
        "lat" : 49.8963065083,
        "lon" : 8.6799707073,
        "time" : "20140910T173451+0200"
      }, {
        "lat" : 49.8962608622,
        "lon" : 8.6802310826,
        "time" : "20140910T173508+0200"
      } ]
    }, {
      "activity" : "walking",
      "group" : "walking",
      "manual" : false,
      "startTime" : "20140910T173508+0200",
      "endTime" : "20140910T173759+0200",
      "duration" : 171.0,
      "distance" : 221.0,
      "steps" : 322,
      "trackPoints" : [ {
        "lat" : 49.8962608622,
        "lon" : 8.6802310826,
        "time" : "20140910T173508+0200"
      }, {
        "lat" : 49.8962620583,
        "lon" : 8.680039833,
        "time" : "20140910T173525+0200"
      }, {
        "lat" : 49.8962400513,
        "lon" : 8.6797228316,
        "time" : "20140910T173540+0200"
      }, {
        "lat" : 49.8962239384,
        "lon" : 8.6795929996,
        "time" : "20140910T173556+0200"
      }, {
        "lat" : 49.8958841123,
        "lon" : 8.6791652382,
        "time" : "20140910T173645+0200"
      }, {
        "lat" : 49.8955261459,
        "lon" : 8.677832634,
        "time" : "20140910T173759+0200"
      } ]
    } ],
    "lastUpdate" : "20140910T164200Z"
  }, {
    "type" : "place",
    "startTime" : "20140910T173759+0200",
    "endTime" : "20140910T181230+0200",
    "place" : {
      "id" : 255238542,
      "type" : "unknown",
      "location" : {
        "lat" : 49.8955261459,
        "lon" : 8.677832634
      }
    },
    "activities" : [ {
      "activity" : "walking",
      "group" : "walking",
      "manual" : false,
      "startTime" : "20140910T173759+0200",
      "endTime" : "20140910T174143+0200",
      "duration" : 224.0,
      "distance" : 219.0,
      "steps" : 292,
      "trackPoints" : [ ]
    }, {
      "activity" : "walking",
      "group" : "walking",
      "manual" : false,
      "startTime" : "20140910T180003+0200",
      "endTime" : "20140910T180155+0200",
      "duration" : 112.0,
      "distance" : 78.0,
      "steps" : 155,
      "trackPoints" : [ ]
    } ],
    "lastUpdate" : "20140910T164200Z"
  }, {
    "type" : "move",
    "startTime" : "20140910T181230+0200",
    "endTime" : "20140910T181659+0200",
    "activities" : [ {
      "activity" : "walking",
      "group" : "walking",
      "manual" : false,
      "startTime" : "20140910T181230+0200",
      "endTime" : "20140910T181659+0200",
      "duration" : 269.0,
      "distance" : 248.0,
      "steps" : 420,
      "trackPoints" : [ {
        "lat" : 49.8955261459,
        "lon" : 8.677832634,
        "time" : "20140910T181230+0200"
      }, {
        "lat" : 49.8965072045,
        "lon" : 8.6800035729,
        "time" : "20140910T181301+0200"
      }, {
        "lat" : 49.8964617261,
        "lon" : 8.6800089561,
        "time" : "20140910T181321+0200"
      }, {
        "lat" : 49.8964531222,
        "lon" : 8.6800102042,
        "time" : "20140910T181341+0200"
      }, {
        "lat" : 49.8964460768,
        "lon" : 8.6800120388,
        "time" : "20140910T181401+0200"
      }, {
        "lat" : 49.8964377683,
        "lon" : 8.6800274188,
        "time" : "20140910T181421+0200"
      }, {
        "lat" : 49.896403788,
        "lon" : 8.6801437738,
        "time" : "20140910T181558+0200"
      }, {
        "lat" : 49.8963933164,
        "lon" : 8.6801764086,
        "time" : "20140910T181628+0200"
      }, {
        "lat" : 49.8963900521,
        "lon" : 8.6802657045,
        "time" : "20140910T181659+0200"
      } ]
    } ],
    "lastUpdate" : "20140910T164200Z"
  }, {
    "type" : "place",
    "startTime" : "20140910T181659+0200",
    "endTime" : "20140910T183717+0200",
    "place" : {
      "id" : 255238543,
      "type" : "unknown",
      "location" : {
        "lat" : 49.8963900521,
        "lon" : 8.6802657045
      }
    },
    "activities" : [ {
      "activity" : "walking",
      "group" : "walking",
      "manual" : false,
      "startTime" : "20140910T181757+0200",
      "endTime" : "20140910T181836+0200",
      "duration" : 39.0,
      "distance" : 22.0,
      "steps" : 43,
      "trackPoints" : [ ]
    } ],
    "lastUpdate" : "20140910T181253Z"
  }, {
    "type" : "move",
    "startTime" : "20140910T183717+0200",
    "endTime" : "20140910T184728+0200",
    "activities" : [ {
      "activity" : "transport",
      "group" : "transport",
      "manual" : false,
      "startTime" : "20140910T183717+0200",
      "endTime" : "20140910T184143+0200",
      "duration" : 266.0,
      "distance" : 2187.0,
      "trackPoints" : [ {
        "lat" : 49.8963900521,
        "lon" : 8.6802657045,
        "time" : "20140910T183717+0200"
      }, {
        "lat" : 49.8966766536,
        "lon" : 8.6779181026,
        "time" : "20140910T183746+0200"
      }, {
        "lat" : 49.8966734867,
        "lon" : 8.6779065296,
        "time" : "20140910T183806+0200"
      }, {
        "lat" : 49.8966737139,
        "lon" : 8.6779017368,
        "time" : "20140910T183826+0200"
      }, {
        "lat" : 49.8854870495,
        "lon" : 8.6691978505,
        "time" : "20140910T184056+0200"
      }, {
        "lat" : 49.8852466506,
        "lon" : 8.6689840563,
        "time" : "20140910T184117+0200"
      }, {
        "lat" : 49.882763674,
        "lon" : 8.6664620565,
        "time" : "20140910T184143+0200"
      } ]
    }, {
      "activity" : "walking",
      "group" : "walking",
      "manual" : false,
      "startTime" : "20140910T184143+0200",
      "endTime" : "20140910T184728+0200",
      "duration" : 345.0,
      "distance" : 405.0,
      "steps" : 555,
      "trackPoints" : [ {
        "lat" : 49.882763674,
        "lon" : 8.6664620565,
        "time" : "20140910T184143+0200"
      }, {
        "lat" : 49.8823922387,
        "lon" : 8.66613265,
        "time" : "20140910T184217+0200"
      }, {
        "lat" : 49.8823858363,
        "lon" : 8.6661188854,
        "time" : "20140910T184238+0200"
      }, {
        "lat" : 49.8823862619,
        "lon" : 8.6661119587,
        "time" : "20140910T184258+0200"
      }, {
        "lat" : 49.882426695,
        "lon" : 8.6661258111,
        "time" : "20140910T184327+0200"
      }, {
        "lat" : 49.8824098826,
        "lon" : 8.666233167,
        "time" : "20140910T184358+0200"
      }, {
        "lat" : 49.8824003337,
        "lon" : 8.666356766,
        "time" : "20140910T184418+0200"
      }, {
        "lat" : 49.8824734608,
        "lon" : 8.6672697098,
        "time" : "20140910T184441+0200"
      }, {
        "lat" : 49.8825098669,
        "lon" : 8.66790576,
        "time" : "20140910T184458+0200"
      }, {
        "lat" : 49.8825015014,
        "lon" : 8.668373997,
        "time" : "20140910T184518+0200"
      }, {
        "lat" : 49.8824602044,
        "lon" : 8.668738065,
        "time" : "20140910T184538+0200"
      }, {
        "lat" : 49.8824190855,
        "lon" : 8.6690181305,
        "time" : "20140910T184558+0200"
      }, {
        "lat" : 49.8823573886,
        "lon" : 8.6693861774,
        "time" : "20140910T184618+0200"
      }, {
        "lat" : 49.8822514981,
        "lon" : 8.6700727449,
        "time" : "20140910T184636+0200"
      }, {
        "lat" : 49.882227045,
        "lon" : 8.6704469835,
        "time" : "20140910T184652+0200"
      }, {
        "lat" : 49.8821994053,
        "lon" : 8.6704143082,
        "time" : "20140910T184707+0200"
      }, {
        "lat" : 49.8819996044,
        "lon" : 8.6702592175,
        "time" : "20140910T184728+0200"
      } ]
    } ],
    "lastUpdate" : "20140910T181253Z"
  }, {
    "type" : "place",
    "startTime" : "20140910T184728+0200",
    "endTime" : "20140911T083054+0200",
    "place" : {
      "id" : 251291724,
      "name" : "Home",
      "type" : "home",
      "location" : {
        "lat" : 49.8819996044,
        "lon" : 8.6702592175
      }
    },
    "activities" : [ {
      "activity" : "walking",
      "group" : "walking",
      "manual" : false,
      "startTime" : "20140910T184728+0200",
      "endTime" : "20140910T184835+0200",
      "duration" : 67.0,
      "distance" : 41.0,
      "steps" : 82,
      "trackPoints" : [ ]
    } ],
    "lastUpdate" : "20140911T075213Z"
  } ],
  "lastUpdate" : "20140911T075213Z"
} ]