[ {
  "date" : "20140829",
  "summary" : [ {
    "activity" : "walking",
    "group" : "walking",
    "duration" : 2743.0,
    "distance" : 3068.0,
    "steps" : 4084
  }, {
    "activity" : "transport",
    "group" : "transport",
    "duration" : 616.0,
    "distance" : 2757.0
  } ],
  "segments" : [ {
    "type" : "place",
    "startTime" : "20140828T185346+0200",
    "endTime" : "20140829T000337+0200",
    "place" : {
      "id" : 222568631,
      "type" : "unknown",
      "location" : {
        "lat" : 49.8819681239,
        "lon" : 8.6703339401
      }
    },
    "lastUpdate" : "20140829T001510Z"
  }, {
    "type" : "move",
    "startTime" : "20140829T000337+0200",
    "endTime" : "20140829T001107+0200",
    "activities" : [ {
      "activity" : "walking",
      "group" : "walking",
      "manual" : false,
      "startTime" : "20140829T000337+0200",
      "endTime" : "20140829T001107+0200",
      "duration" : 450.0,
      "distance" : 263.0,
      "steps" : 526,
      "trackPoints" : [ {
        "lat" : 49.8819681239,
        "lon" : 8.6703339401,
        "time" : "20140829T000337+0200"
      }, {
        "lat" : 49.8820175632,
        "lon" : 8.6702117337,
        "time" : "20140829T000406+0200"
      }, {
        "lat" : 49.8820214143,
        "lon" : 8.6702153599,
        "time" : "20140829T000423+0200"
      }, {
        "lat" : 49.8820277369,
        "lon" : 8.6702174327,
        "time" : "20140829T000444+0200"
      }, {
        "lat" : 49.8820362008,
        "lon" : 8.6702174061,
        "time" : "20140829T000505+0200"
      }, {
        "lat" : 49.8820489211,
        "lon" : 8.6702149461,
        "time" : "20140829T000528+0200"
      }, {
        "lat" : 49.8820632127,
        "lon" : 8.67021105,
        "time" : "20140829T000547+0200"
      }, {
        "lat" : 49.8820787181,
        "lon" : 8.6702058133,
        "time" : "20140829T000605+0200"
      }, {
        "lat" : 49.8821000334,
        "lon" : 8.670196685,
        "time" : "20140829T000625+0200"
      }, {
        "lat" : 49.8821213585,
        "lon" : 8.6701856245,
        "time" : "20140829T000642+0200"
      }, {
        "lat" : 49.8821503473,
        "lon" : 8.6701679704,
        "time" : "20140829T000702+0200"
      }, {
        "lat" : 49.8821822443,
        "lon" : 8.6701463588,
        "time" : "20140829T000722+0200"
      }, {
        "lat" : 49.8822509451,
        "lon" : 8.6700858856,
        "time" : "20140829T000742+0200"
      }, {
        "lat" : 49.8827425808,
        "lon" : 8.6695943171,
        "time" : "20140829T000802+0200"
      }, {
        "lat" : 49.8829107447,
        "lon" : 8.6693702187,
        "time" : "20140829T000825+0200"
      }, {
        "lat" : 49.8829488608,
        "lon" : 8.6692111342,
        "time" : "20140829T000847+0200"
      }, {
        "lat" : 49.8829425907,
        "lon" : 8.6691216731,
        "time" : "20140829T000905+0200"
      }, {
        "lat" : 49.8829245222,
        "lon" : 8.6690044851,
        "time" : "20140829T000925+0200"
      }, {
        "lat" : 49.8829128796,
        "lon" : 8.6689387731,
        "time" : "20140829T000945+0200"
      }, {
        "lat" : 49.8828996475,
        "lon" : 8.6688819382,
        "time" : "20140829T001009+0200"
      }, {
        "lat" : 49.882890191,
        "lon" : 8.6688443531,
        "time" : "20140829T001029+0200"
      }, {
        "lat" : 49.8828836163,
        "lon" : 8.668820623,
        "time" : "20140829T001044+0200"
      }, {
        "lat" : 49.8826852249,
        "lon" : 8.6688546976,
        "time" : "20140829T001107+0200"
      } ]
    } ],
    "lastUpdate" : "20140829T001510Z"
  }, {
    "type" : "place",
    "startTime" : "20140829T001107+0200",
    "endTime" : "20140829T001356+0200",
    "place" : {
      "id" : 229496202,
      "type" : "unknown",
      "location" : {
        "lat" : 49.8826852249,
        "lon" : 8.6688546976
      }
    },
    "activities" : [ {
      "activity" : "walking",
      "group" : "walking",
      "manual" : false,
      "startTime" : "20140829T001351+0200",
      "endTime" : "20140829T001356+0200",
      "duration" : 5.0,
      "distance" : 3.0,
      "steps" : 6,
      "trackPoints" : [ ]
    } ],
    "lastUpdate" : "20140829T001510Z"
  }, {
    "type" : "move",
    "startTime" : "20140829T001356+0200",
    "endTime" : "20140829T001913+0200",
    "activities" : [ {
      "activity" : "walking",
      "group" : "walking",
      "manual" : false,
      "startTime" : "20140829T001356+0200",
      "endTime" : "20140829T001913+0200",
      "duration" : 317.0,
      "distance" : 203.0,
      "steps" : 407,
      "trackPoints" : [ {
        "lat" : 49.8826852249,
        "lon" : 8.6688546976,
        "time" : "20140829T001356+0200"
      }, {
        "lat" : 49.8828299234,
        "lon" : 8.6687165495,
        "time" : "20140829T001416+0200"
      }, {
        "lat" : 49.8828444889,
        "lon" : 8.6686889761,
        "time" : "20140829T001436+0200"
      }, {
        "lat" : 49.8828413838,
        "lon" : 8.6686831143,
        "time" : "20140829T001457+0200"
      }, {
        "lat" : 49.8828359933,
        "lon" : 8.6686845494,
        "time" : "20140829T001517+0200"
      }, {
        "lat" : 49.8828289513,
        "lon" : 8.6686921581,
        "time" : "20140829T001537+0200"
      }, {
        "lat" : 49.8828188136,
        "lon" : 8.6687103993,
        "time" : "20140829T001557+0200"
      }, {
        "lat" : 49.8828060041,
        "lon" : 8.6687375799,
        "time" : "20140829T001617+0200"
      }, {
        "lat" : 49.8827901736,
        "lon" : 8.6687751599,
        "time" : "20140829T001635+0200"
      }, {
        "lat" : 49.8827749806,
        "lon" : 8.6688119428,
        "time" : "20140829T001655+0200"
      }, {
        "lat" : 49.8827162591,
        "lon" : 8.6689498895,
        "time" : "20140829T001716+0200"
      }, {
        "lat" : 49.8823437237,
        "lon" : 8.6698129012,
        "time" : "20140829T001736+0200"
      }, {
        "lat" : 49.8821897713,
        "lon" : 8.6700991031,
        "time" : "20140829T001757+0200"
      }, {
        "lat" : 49.882129776,
        "lon" : 8.6701609338,
        "time" : "20140829T001815+0200"
      }, {
        "lat" : 49.8820989744,
        "lon" : 8.6701800193,
        "time" : "20140829T001835+0200"
      }, {
        "lat" : 49.8820897267,
        "lon" : 8.6701854627,
        "time" : "20140829T001853+0200"
      }, {
        "lat" : 49.8819681239,
        "lon" : 8.6703339401,
        "time" : "20140829T001913+0200"
      } ]
    } ],
    "lastUpdate" : "20140829T001510Z"
  }, {
    "type" : "place",
    "startTime" : "20140829T001913+0200",
    "endTime" : "20140829T103124+0200",
    "place" : {
      "id" : 222568631,
      "type" : "unknown",
      "location" : {
        "lat" : 49.8819681239,
        "lon" : 8.6703339401
      }
    },
    "activities" : [ {
      "activity" : "walking",
      "group" : "walking",
      "manual" : false,
      "startTime" : "20140829T002209+0200",
      "endTime" : "20140829T002240+0200",
      "duration" : 31.0,
      "distance" : 18.0,
      "steps" : 36,
      "trackPoints" : [ ]
    }, {
      "activity" : "walking",
      "group" : "walking",
      "manual" : false,
      "startTime" : "20140829T015752+0200",
      "endTime" : "20140829T015809+0200",
      "duration" : 17.0,
      "distance" : 9.0,
      "steps" : 18,
      "trackPoints" : [ ]
    }, {
      "activity" : "walking",
      "group" : "walking",
      "manual" : false,
      "startTime" : "20140829T102959+0200",
      "endTime" : "20140829T103021+0200",
      "duration" : 22.0,
      "distance" : 15.0,
      "steps" : 29,
      "trackPoints" : [ ]
    } ],
    "lastUpdate" : "20140829T100406Z"
  }, {
    "type" : "move",
    "startTime" : "20140829T103124+0200",
    "endTime" : "20140829T103559+0200",
    "activities" : [ {
      "activity" : "walking",
      "group" : "walking",
      "manual" : false,
      "startTime" : "20140829T103124+0200",
      "endTime" : "20140829T103559+0200",
      "duration" : 275.0,
      "distance" : 360.0,
      "steps" : 497,
      "trackPoints" : [ {
        "lat" : 49.8819681239,
        "lon" : 8.6703339401,
        "time" : "20140829T103124+0200"
      }, {
        "lat" : 49.8819862625,
        "lon" : 8.6702034412,
        "time" : "20140829T103151+0200"
      }, {
        "lat" : 49.8819901035,
        "lon" : 8.6701933413,
        "time" : "20140829T103211+0200"
      }, {
        "lat" : 49.8819955401,
        "lon" : 8.6701781486,
        "time" : "20140829T103232+0200"
      }, {
        "lat" : 49.882003959,
        "lon" : 8.6701550376,
        "time" : "20140829T103254+0200"
      }, {
        "lat" : 49.8820145773,
        "lon" : 8.670125532,
        "time" : "20140829T103316+0200"
      }, {
        "lat" : 49.8820267242,
        "lon" : 8.6700907469,
        "time" : "20140829T103336+0200"
      }, {
        "lat" : 49.8820465591,
        "lon" : 8.6700308741,
        "time" : "20140829T103357+0200"
      }, {
        "lat" : 49.8822598406,
        "lon" : 8.6693604331,
        "time" : "20140829T103417+0200"
      }, {
        "lat" : 49.8824824807,
        "lon" : 8.6683118232,
        "time" : "20140829T103449+0200"
      }, {
        "lat" : 49.8824481831,
        "lon" : 8.6664207907,
        "time" : "20140829T103539+0200"
      }, {
        "lat" : 49.8822491921,
        "lon" : 8.6660203318,
        "time" : "20140829T103559+0200"
      } ]
    } ],
    "lastUpdate" : "20140829T100406Z"
  }, {
    "type" : "place",
    "startTime" : "20140829T103559+0200",
    "endTime" : "20140829T105049+0200",
    "place" : {
      "id" : 251292369,
      "name" : "H Karlshof",
      "type" : "foursquare",
      "foursquareId" : "4d31931eb60937045413eddf",
      "location" : {
        "lat" : 49.882194,
        "lon" : 8.665967
      }
    },
    "activities" : [ {
      "activity" : "walking",
      "group" : "walking",
      "manual" : false,
      "startTime" : "20140829T104658+0200",
      "endTime" : "20140829T104704+0200",
      "duration" : 6.0,
      "distance" : 4.0,
      "steps" : 8,
      "trackPoints" : [ ]
    } ],
    "lastUpdate" : "20140831T185137Z"
  }, {
    "type" : "move",
    "startTime" : "20140829T105049+0200",
    "endTime" : "20140829T105921+0200",
    "activities" : [ {
      "activity" : "transport",
      "group" : "transport",
      "manual" : false,
      "startTime" : "20140829T105049+0200",
      "endTime" : "20140829T105657+0200",
      "duration" : 368.0,
      "distance" : 1459.0,
      "trackPoints" : [ {
        "lat" : 49.8822491921,
        "lon" : 8.6660203318,
        "time" : "20140829T105049+0200"
      }, {
        "lat" : 49.8807806756,
        "lon" : 8.6647345264,
        "time" : "20140829T105108+0200"
      }, {
        "lat" : 49.8802494958,
        "lon" : 8.664347959,
        "time" : "20140829T105136+0200"
      }, {
        "lat" : 49.8801475135,
        "lon" : 8.6642442462,
        "time" : "20140829T105156+0200"
      }, {
        "lat" : 49.8801713415,
        "lon" : 8.6642783332,
        "time" : "20140829T105219+0200"
      }, {
        "lat" : 49.8792211736,
        "lon" : 8.6630757175,
        "time" : "20140829T105247+0200"
      }, {
        "lat" : 49.8785852537,
        "lon" : 8.6622592101,
        "time" : "20140829T105308+0200"
      }, {
        "lat" : 49.8783894265,
        "lon" : 8.662013554,
        "time" : "20140829T105328+0200"
      }, {
        "lat" : 49.8782884102,
        "lon" : 8.6619010443,
        "time" : "20140829T105349+0200"
      }, {
        "lat" : 49.87821053,
        "lon" : 8.6618068454,
        "time" : "20140829T105406+0200"
      }, {
        "lat" : 49.8781841478,
        "lon" : 8.661774548,
        "time" : "20140829T105426+0200"
      }, {
        "lat" : 49.8781687247,
        "lon" : 8.6617558869,
        "time" : "20140829T105504+0200"
      }, {
        "lat" : 49.8738122979,
        "lon" : 8.6550470531,
        "time" : "20140829T105640+0200"
      }, {
        "lat" : 49.8734954388,
        "lon" : 8.6551365178,
        "time" : "20140829T105656+0200"
      } ]
    }, {
      "activity" : "walking",
      "group" : "walking",
      "manual" : false,
      "startTime" : "20140829T105656+0200",
      "endTime" : "20140829T105921+0200",
      "duration" : 145.0,
      "distance" : 274.0,
      "steps" : 263,
      "trackPoints" : [ {
        "lat" : 49.8734954388,
        "lon" : 8.6551365178,
        "time" : "20140829T105656+0200"
      }, {
        "lat" : 49.8730484855,
        "lon" : 8.6551967455,
        "time" : "20140829T105734+0200"
      }, {
        "lat" : 49.872771544,
        "lon" : 8.6552354929,
        "time" : "20140829T105754+0200"
      }, {
        "lat" : 49.8726395618,
        "lon" : 8.6552538422,
        "time" : "20140829T105813+0200"
      }, {
        "lat" : 49.8725454762,
        "lon" : 8.6552498711,
        "time" : "20140829T105831+0200"
      }, {
        "lat" : 49.873520488,
        "lon" : 8.6540199876,
        "time" : "20140829T105921+0200"
      } ]
    } ],
    "lastUpdate" : "20140829T100406Z"
  }, {
    "type" : "place",
    "startTime" : "20140829T105921+0200",
    "endTime" : "20140829T120519+0200",
    "place" : {
      "id" : 227596613,
      "type" : "unknown",
      "location" : {
        "lat" : 49.873520488,
        "lon" : 8.6540199876
      }
    },
    "activities" : [ {
      "activity" : "walking",
      "group" : "walking",
      "manual" : false,
      "startTime" : "20140829T105921+0200",
      "endTime" : "20140829T105943+0200",
      "duration" : 22.0,
      "distance" : 15.0,
      "steps" : 29,
      "trackPoints" : [ ]
    }, {
      "activity" : "walking",
      "group" : "walking",
      "manual" : false,
      "startTime" : "20140829T110843+0200",
      "endTime" : "20140829T111538+0200",
      "duration" : 415.0,
      "distance" : 471.0,
      "steps" : 628,
      "trackPoints" : [ ]
    }, {
      "activity" : "walking",
      "group" : "walking",
      "manual" : false,
      "startTime" : "20140829T120000+0200",
      "endTime" : "20140829T120449+0200",
      "duration" : 289.0,
      "distance" : 356.0,
      "steps" : 474,
      "trackPoints" : [ ]
    } ],
    "lastUpdate" : "20140829T113517Z"
  }, {
    "type" : "move",
    "startTime" : "20140829T120519+0200",
    "endTime" : "20140829T121435+0200",
    "activities" : [ {
      "activity" : "transport",
      "group" : "transport",
      "manual" : false,
      "startTime" : "20140829T120519+0200",
      "endTime" : "20140829T120927+0200",
      "duration" : 248.0,
      "distance" : 1298.0,
      "trackPoints" : [ {
        "lat" : 49.873520488,
        "lon" : 8.6540199876,
        "time" : "20140829T120519+0200"
      }, {
        "lat" : 49.8750258053,
        "lon" : 8.6584331048,
        "time" : "20140829T120634+0200"
      }, {
        "lat" : 49.8757064596,
        "lon" : 8.6600752752,
        "time" : "20140829T120710+0200"
      }, {
        "lat" : 49.8777991691,
        "lon" : 8.6614551397,
        "time" : "20140829T120826+0200"
      }, {
        "lat" : 49.8782538674,
        "lon" : 8.6619897818,
        "time" : "20140829T120846+0200"
      }, {
        "lat" : 49.8792245621,
        "lon" : 8.6632054824,
        "time" : "20140829T120906+0200"
      }, {
        "lat" : 49.8805569141,
        "lon" : 8.6645328534,
        "time" : "20140829T120927+0200"
      } ]
    }, {
      "activity" : "walking",
      "group" : "walking",
      "manual" : false,
      "startTime" : "20140829T120927+0200",
      "endTime" : "20140829T121435+0200",
      "duration" : 308.0,
      "distance" : 644.0,
      "steps" : 537,
      "trackPoints" : [ {
        "lat" : 49.8805569141,
        "lon" : 8.6645328534,
        "time" : "20140829T120927+0200"
      }, {
        "lat" : 49.882028442,
        "lon" : 8.6657225668,
        "time" : "20140829T120945+0200"
      }, {
        "lat" : 49.8816487222,
        "lon" : 8.665604375,
        "time" : "20140829T121016+0200"
      }, {
        "lat" : 49.8815987922,
        "lon" : 8.6655898939,
        "time" : "20140829T121036+0200"
      }, {
        "lat" : 49.8815993276,
        "lon" : 8.6655943579,
        "time" : "20140829T121056+0200"
      }, {
        "lat" : 49.8816664873,
        "lon" : 8.6657318531,
        "time" : "20140829T121129+0200"
      }, {
        "lat" : 49.882362226,
        "lon" : 8.6676591408,
        "time" : "20140829T121209+0200"
      }, {
        "lat" : 49.8824870069,
        "lon" : 8.6682380469,
        "time" : "20140829T121226+0200"
      }, {
        "lat" : 49.8824483211,
        "lon" : 8.6690494097,
        "time" : "20140829T121250+0200"
      }, {
        "lat" : 49.8823670245,
        "lon" : 8.6696239509,
        "time" : "20140829T121312+0200"
      }, {
        "lat" : 49.8822363032,
        "lon" : 8.6699551462,
        "time" : "20140829T121349+0200"
      }, {
        "lat" : 49.8821595313,
        "lon" : 8.6701223018,
        "time" : "20140829T121410+0200"
      }, {
        "lat" : 49.8819681239,
        "lon" : 8.6703339401,
        "time" : "20140829T121435+0200"
      } ]
    } ],
    "lastUpdate" : "20140829T113517Z"
  }, {
    "type" : "place",
    "startTime" : "20140829T121435+0200",
    "endTime" : "20140830T101237+0200",
    "place" : {
      "id" : 222568631,
      "type" : "unknown",
      "location" : {
        "lat" : 49.8819681239,
        "lon" : 8.6703339401
      }
    },
    "activities" : [ {
      "activity" : "walking",
      "group" : "walking",
      "manual" : false,
      "startTime" : "20140829T121435+0200",
      "endTime" : "20140829T121440+0200",
      "duration" : 5.0,
      "distance" : 3.0,
      "steps" : 7,
      "trackPoints" : [ ]
    }, {
      "activity" : "walking",
      "group" : "walking",
      "manual" : false,
      "startTime" : "20140829T142119+0200",
      "endTime" : "20140829T142149+0200",
      "duration" : 30.0,
      "distance" : 15.0,
      "steps" : 30,
      "trackPoints" : [ ]
    }, {
      "activity" : "walking",
      "group" : "walking",
      "manual" : false,
      "startTime" : "20140829T163927+0200",
      "endTime" : "20140829T163947+0200",
      "duration" : 20.0,
      "distance" : 14.0,
      "steps" : 27,
      "trackPoints" : [ ]
    }, {
      "activity" : "walking",
      "group" : "walking",
      "manual" : false,
      "startTime" : "20140829T170052+0200",
      "endTime" : "20140829T170511+0200",
      "duration" : 259.0,
      "distance" : 333.0,
      "steps" : 444,
      "trackPoints" : [ ]
    }, {
      "activity" : "walking",
      "group" : "walking",
      "manual" : false,
      "startTime" : "20140829T184245+0200",
      "endTime" : "20140829T184307+0200",
      "duration" : 22.0,
      "distance" : 11.0,
      "steps" : 16,
      "trackPoints" : [ ]
    }, {
      "activity" : "walking",
      "group" : "walking",
      "manual" : false,
      "startTime" : "20140829T201008+0200",
      "endTime" : "20140829T201046+0200",
      "duration" : 38.0,
      "distance" : 22.0,
      "steps" : 43,
      "trackPoints" : [ ]
    }, {
      "activity" : "walking",
      "group" : "walking",
      "manual" : false,
      "startTime" : "20140829T210239+0200",
      "endTime" : "20140829T210241+0200",
      "duration" : 2.0,
      "distance" : 1.0,
      "steps" : 2,
      "trackPoints" : [ ]
    }, {
      "activity" : "walking",
      "group" : "walking",
      "manual" : false,
      "startTime" : "20140829T224248+0200",
      "endTime" : "20140829T224321+0200",
      "duration" : 33.0,
      "distance" : 17.0,
      "steps" : 24,
      "trackPoints" : [ ]
    }, {
      "activity" : "walking",
      "group" : "walking",
      "manual" : false,
      "startTime" : "20140829T230224+0200",
      "endTime" : "20140829T230256+0200",
      "duration" : 32.0,
      "distance" : 17.0,
      "steps" : 33,
      "trackPoints" : [ ]
    } ],
    "lastUpdate" : "20140830T100355Z"
  } ],
  "lastUpdate" : "20140831T185137Z"
} ]