[ {
  "date" : "20141105",
  "summary" : [ {
    "activity" : "walking",
    "group" : "walking",
    "duration" : 2289.0,
    "distance" : 2879.0,
    "steps" : 3467
  }, {
    "activity" : "transport",
    "group" : "transport",
    "duration" : 784.0,
    "distance" : 1843.0
  } ],
  "segments" : [ {
    "type" : "place",
    "startTime" : "20141104T155703+0100",
    "endTime" : "20141105T111934+0100",
    "place" : {
      "id" : 251291724,
      "name" : "Home",
      "type" : "home",
      "location" : {
        "lat" : 49.8819996044,
        "lon" : 8.6702592175
      }
    },
    "activities" : [ {
      "activity" : "walking",
      "group" : "walking",
      "manual" : false,
      "startTime" : "20141105T030827+0100",
      "endTime" : "20141105T030844+0100",
      "duration" : 17.0,
      "distance" : 11.0,
      "steps" : 23,
      "trackPoints" : [ ]
    }, {
      "activity" : "walking",
      "group" : "walking",
      "manual" : false,
      "startTime" : "20141105T101957+0100",
      "endTime" : "20141105T102004+0100",
      "duration" : 7.0,
      "distance" : 5.0,
      "steps" : 9,
      "trackPoints" : [ ]
    }, {
      "activity" : "walking",
      "group" : "walking",
      "manual" : false,
      "startTime" : "20141105T110846+0100",
      "endTime" : "20141105T110912+0100",
      "duration" : 26.0,
      "distance" : 15.0,
      "steps" : 31,
      "trackPoints" : [ ]
    } ],
    "lastUpdate" : "20141105T133119Z"
  }, {
    "type" : "move",
    "startTime" : "20141105T111934+0100",
    "endTime" : "20141105T113154+0100",
    "activities" : [ {
      "activity" : "walking",
      "group" : "walking",
      "manual" : false,
      "startTime" : "20141105T111934+0100",
      "endTime" : "20141105T112302+0100",
      "duration" : 208.0,
      "distance" : 399.0,
      "steps" : 404,
      "trackPoints" : [ {
        "lat" : 49.8819996044,
        "lon" : 8.6702592175,
        "time" : "20141105T111934+0100"
      }, {
        "lat" : 49.8819472496,
        "lon" : 8.670086542,
        "time" : "20141105T111955+0100"
      }, {
        "lat" : 49.8819503935,
        "lon" : 8.6700488302,
        "time" : "20141105T112016+0100"
      }, {
        "lat" : 49.8819439495,
        "lon" : 8.6700355656,
        "time" : "20141105T112036+0100"
      }, {
        "lat" : 49.8827323035,
        "lon" : 8.6661288714,
        "time" : "20141105T112231+0100"
      }, {
        "lat" : 49.8823947505,
        "lon" : 8.6659953274,
        "time" : "20141105T112302+0100"
      } ]
    }, {
      "activity" : "transport",
      "group" : "transport",
      "manual" : false,
      "startTime" : "20141105T112302+0100",
      "endTime" : "20141105T112729+0100",
      "duration" : 267.0,
      "distance" : 424.0,
      "trackPoints" : [ {
        "lat" : 49.8823947505,
        "lon" : 8.6659953274,
        "time" : "20141105T112302+0100"
      }, {
        "lat" : 49.8821879667,
        "lon" : 8.6658876002,
        "time" : "20141105T112335+0100"
      }, {
        "lat" : 49.8821498061,
        "lon" : 8.665851689,
        "time" : "20141105T112355+0100"
      }, {
        "lat" : 49.8821312756,
        "lon" : 8.6658368624,
        "time" : "20141105T112415+0100"
      }, {
        "lat" : 49.8821076427,
        "lon" : 8.6658166658,
        "time" : "20141105T112435+0100"
      }, {
        "lat" : 49.8820844838,
        "lon" : 8.6657961991,
        "time" : "20141105T112458+0100"
      }, {
        "lat" : 49.8820686228,
        "lon" : 8.6657820314,
        "time" : "20141105T112518+0100"
      }, {
        "lat" : 49.8820594811,
        "lon" : 8.6657736842,
        "time" : "20141105T112537+0100"
      }, {
        "lat" : 49.8820339861,
        "lon" : 8.6657498172,
        "time" : "20141105T112605+0100"
      }, {
        "lat" : 49.8818141708,
        "lon" : 8.6655548006,
        "time" : "20141105T112625+0100"
      }, {
        "lat" : 49.879801091,
        "lon" : 8.6639017014,
        "time" : "20141105T112645+0100"
      }, {
        "lat" : 49.8795130774,
        "lon" : 8.6635636045,
        "time" : "20141105T112705+0100"
      }, {
        "lat" : 49.8794398372,
        "lon" : 8.6634553696,
        "time" : "20141105T112729+0100"
      } ]
    }, {
      "activity" : "walking",
      "group" : "walking",
      "manual" : false,
      "startTime" : "20141105T112729+0100",
      "endTime" : "20141105T113154+0100",
      "duration" : 265.0,
      "distance" : 543.0,
      "steps" : 452,
      "trackPoints" : [ {
        "lat" : 49.8794398372,
        "lon" : 8.6634553696,
        "time" : "20141105T112729+0100"
      }, {
        "lat" : 49.8794422295,
        "lon" : 8.663459795,
        "time" : "20141105T112745+0100"
      }, {
        "lat" : 49.8792723276,
        "lon" : 8.6631904676,
        "time" : "20141105T112805+0100"
      }, {
        "lat" : 49.8783588827,
        "lon" : 8.6616994419,
        "time" : "20141105T112835+0100"
      }, {
        "lat" : 49.8781774464,
        "lon" : 8.6613425406,
        "time" : "20141105T112855+0100"
      }, {
        "lat" : 49.8780892144,
        "lon" : 8.6608926784,
        "time" : "20141105T112925+0100"
      }, {
        "lat" : 49.8779920234,
        "lon" : 8.6603242395,
        "time" : "20141105T112955+0100"
      }, {
        "lat" : 49.8778668712,
        "lon" : 8.6596175853,
        "time" : "20141105T113018+0100"
      }, {
        "lat" : 49.8777255891,
        "lon" : 8.6586968794,
        "time" : "20141105T113048+0100"
      }, {
        "lat" : 49.8776801175,
        "lon" : 8.6582703671,
        "time" : "20141105T113105+0100"
      }, {
        "lat" : 49.8776381218,
        "lon" : 8.6576833647,
        "time" : "20141105T113126+0100"
      }, {
        "lat" : 49.877662904,
        "lon" : 8.654577692,
        "time" : "20141105T113154+0100"
      } ]
    } ],
    "lastUpdate" : "20141105T133119Z"
  }, {
    "type" : "place",
    "startTime" : "20141105T113154+0100",
    "endTime" : "20141105T131407+0100",
    "place" : {
      "id" : 223098012,
      "type" : "unknown",
      "location" : {
        "lat" : 49.877662904,
        "lon" : 8.654577692
      }
    },
    "activities" : [ {
      "activity" : "walking",
      "group" : "walking",
      "manual" : false,
      "startTime" : "20141105T113154+0100",
      "endTime" : "20141105T113527+0100",
      "duration" : 213.0,
      "distance" : 278.0,
      "steps" : 370,
      "trackPoints" : [ ]
    }, {
      "activity" : "walking",
      "group" : "walking",
      "manual" : false,
      "startTime" : "20141105T130909+0100",
      "endTime" : "20141105T131002+0100",
      "duration" : 53.0,
      "distance" : 37.0,
      "steps" : 73,
      "trackPoints" : [ ]
    } ],
    "lastUpdate" : "20141105T133119Z"
  }, {
    "type" : "move",
    "startTime" : "20141105T131407+0100",
    "endTime" : "20141105T134303+0100",
    "activities" : [ {
      "activity" : "walking",
      "group" : "walking",
      "manual" : false,
      "startTime" : "20141105T131407+0100",
      "endTime" : "20141105T132843+0100",
      "duration" : 876.0,
      "distance" : 945.0,
      "steps" : 1170,
      "trackPoints" : [ {
        "lat" : 49.877662904,
        "lon" : 8.654577692,
        "time" : "20141105T131407+0100"
      }, {
        "lat" : 49.8769303787,
        "lon" : 8.6569876518,
        "time" : "20141105T131428+0100"
      }, {
        "lat" : 49.877253296,
        "lon" : 8.6568180258,
        "time" : "20141105T131508+0100"
      }, {
        "lat" : 49.877291862,
        "lon" : 8.6566402089,
        "time" : "20141105T131530+0100"
      }, {
        "lat" : 49.8773095357,
        "lon" : 8.65652255,
        "time" : "20141105T131550+0100"
      }, {
        "lat" : 49.8772903055,
        "lon" : 8.6563697824,
        "time" : "20141105T131620+0100"
      }, {
        "lat" : 49.8772807506,
        "lon" : 8.6562958173,
        "time" : "20141105T131640+0100"
      }, {
        "lat" : 49.8772808125,
        "lon" : 8.656220128,
        "time" : "20141105T131709+0100"
      }, {
        "lat" : 49.8772696056,
        "lon" : 8.6561556286,
        "time" : "20141105T131726+0100"
      }, {
        "lat" : 49.877200539,
        "lon" : 8.6559392578,
        "time" : "20141105T131751+0100"
      }, {
        "lat" : 49.8771348794,
        "lon" : 8.6557375391,
        "time" : "20141105T131808+0100"
      }, {
        "lat" : 49.8770683906,
        "lon" : 8.6555501325,
        "time" : "20141105T131825+0100"
      }, {
        "lat" : 49.8770164964,
        "lon" : 8.65545723,
        "time" : "20141105T131840+0100"
      }, {
        "lat" : 49.876971572,
        "lon" : 8.6553846072,
        "time" : "20141105T131856+0100"
      }, {
        "lat" : 49.8769375116,
        "lon" : 8.6553376119,
        "time" : "20141105T131918+0100"
      }, {
        "lat" : 49.8768896276,
        "lon" : 8.6553276481,
        "time" : "20141105T131958+0100"
      }, {
        "lat" : 49.8767827386,
        "lon" : 8.6553243353,
        "time" : "20141105T132028+0100"
      }, {
        "lat" : 49.8766438927,
        "lon" : 8.6553204943,
        "time" : "20141105T132052+0100"
      }, {
        "lat" : 49.8764765453,
        "lon" : 8.6553159818,
        "time" : "20141105T132112+0100"
      }, {
        "lat" : 49.8745731877,
        "lon" : 8.6552624799,
        "time" : "20141105T132317+0100"
      }, {
        "lat" : 49.8743672814,
        "lon" : 8.6552373756,
        "time" : "20141105T132337+0100"
      }, {
        "lat" : 49.8742173924,
        "lon" : 8.6552598613,
        "time" : "20141105T132357+0100"
      }, {
        "lat" : 49.8738988899,
        "lon" : 8.6558229937,
        "time" : "20141105T132433+0100"
      }, {
        "lat" : 49.8736236227,
        "lon" : 8.6564289482,
        "time" : "20141105T132500+0100"
      }, {
        "lat" : 49.8734694886,
        "lon" : 8.6565752525,
        "time" : "20141105T132525+0100"
      }, {
        "lat" : 49.8733963345,
        "lon" : 8.6564482362,
        "time" : "20141105T132608+0100"
      }, {
        "lat" : 49.873289987,
        "lon" : 8.6562960162,
        "time" : "20141105T132652+0100"
      }, {
        "lat" : 49.8731821341,
        "lon" : 8.656078054,
        "time" : "20141105T132712+0100"
      }, {
        "lat" : 49.8730499709,
        "lon" : 8.6558008338,
        "time" : "20141105T132729+0100"
      }, {
        "lat" : 49.872956375,
        "lon" : 8.6556081594,
        "time" : "20141105T132749+0100"
      }, {
        "lat" : 49.8729020896,
        "lon" : 8.6555184731,
        "time" : "20141105T132815+0100"
      }, {
        "lat" : 49.8728579887,
        "lon" : 8.6554594216,
        "time" : "20141105T132842+0100"
      } ]
    }, {
      "activity" : "transport",
      "group" : "transport",
      "manual" : false,
      "startTime" : "20141105T132842+0100",
      "endTime" : "20141105T133719+0100",
      "duration" : 517.0,
      "distance" : 1419.0,
      "trackPoints" : [ {
        "lat" : 49.8728579887,
        "lon" : 8.6554594216,
        "time" : "20141105T132842+0100"
      }, {
        "lat" : 49.8728917361,
        "lon" : 8.6554929196,
        "time" : "20141105T132902+0100"
      }, {
        "lat" : 49.872960876,
        "lon" : 8.6555659294,
        "time" : "20141105T132922+0100"
      }, {
        "lat" : 49.8730683497,
        "lon" : 8.6557007803,
        "time" : "20141105T132942+0100"
      }, {
        "lat" : 49.8731091096,
        "lon" : 8.6557517352,
        "time" : "20141105T133005+0100"
      }, {
        "lat" : 49.8731631186,
        "lon" : 8.6558369241,
        "time" : "20141105T133037+0100"
      }, {
        "lat" : 49.8758164603,
        "lon" : 8.6606154408,
        "time" : "20141105T133148+0100"
      }, {
        "lat" : 49.8758915282,
        "lon" : 8.6607227586,
        "time" : "20141105T133211+0100"
      }, {
        "lat" : 49.8759142846,
        "lon" : 8.6607635665,
        "time" : "20141105T133228+0100"
      }, {
        "lat" : 49.8759365915,
        "lon" : 8.6608083548,
        "time" : "20141105T133248+0100"
      }, {
        "lat" : 49.8760594982,
        "lon" : 8.6610970137,
        "time" : "20141105T133319+0100"
      }, {
        "lat" : 49.8761463805,
        "lon" : 8.6612794647,
        "time" : "20141105T133339+0100"
      }, {
        "lat" : 49.8764890082,
        "lon" : 8.6618830087,
        "time" : "20141105T133419+0100"
      }, {
        "lat" : 49.876636254,
        "lon" : 8.6621683483,
        "time" : "20141105T133439+0100"
      }, {
        "lat" : 49.878691462,
        "lon" : 8.6673421852,
        "time" : "20141105T133522+0100"
      }, {
        "lat" : 49.8787874907,
        "lon" : 8.6680008811,
        "time" : "20141105T133637+0100"
      }, {
        "lat" : 49.8790354573,
        "lon" : 8.6689453081,
        "time" : "20141105T133656+0100"
      }, {
        "lat" : 49.8792316533,
        "lon" : 8.669447139,
        "time" : "20141105T133719+0100"
      } ]
    }, {
      "activity" : "walking",
      "group" : "walking",
      "manual" : false,
      "startTime" : "20141105T133719+0100",
      "endTime" : "20141105T134303+0100",
      "duration" : 344.0,
      "distance" : 421.0,
      "steps" : 574,
      "trackPoints" : [ {
        "lat" : 49.8792316533,
        "lon" : 8.669447139,
        "time" : "20141105T133719+0100"
      }, {
        "lat" : 49.8793989115,
        "lon" : 8.669658114,
        "time" : "20141105T133736+0100"
      }, {
        "lat" : 49.8797021571,
        "lon" : 8.6700657919,
        "time" : "20141105T133756+0100"
      }, {
        "lat" : 49.8799916176,
        "lon" : 8.6704054682,
        "time" : "20141105T133816+0100"
      }, {
        "lat" : 49.8803614715,
        "lon" : 8.6706958303,
        "time" : "20141105T133840+0100"
      }, {
        "lat" : 49.8806036944,
        "lon" : 8.6708003608,
        "time" : "20141105T133855+0100"
      }, {
        "lat" : 49.8807021059,
        "lon" : 8.6708215737,
        "time" : "20141105T133913+0100"
      }, {
        "lat" : 49.8809116693,
        "lon" : 8.6709681662,
        "time" : "20141105T133953+0100"
      }, {
        "lat" : 49.8814221398,
        "lon" : 8.6711136063,
        "time" : "20141105T134026+0100"
      }, {
        "lat" : 49.8817421669,
        "lon" : 8.671178408,
        "time" : "20141105T134046+0100"
      }, {
        "lat" : 49.881937913,
        "lon" : 8.6711191689,
        "time" : "20141105T134107+0100"
      }, {
        "lat" : 49.8819985668,
        "lon" : 8.6709683582,
        "time" : "20141105T134126+0100"
      }, {
        "lat" : 49.882008745,
        "lon" : 8.6708588956,
        "time" : "20141105T134147+0100"
      }, {
        "lat" : 49.8820080189,
        "lon" : 8.6708079182,
        "time" : "20141105T134205+0100"
      }, {
        "lat" : 49.8820055129,
        "lon" : 8.6707633007,
        "time" : "20141105T134223+0100"
      }, {
        "lat" : 49.8819979784,
        "lon" : 8.6706746492,
        "time" : "20141105T134243+0100"
      }, {
        "lat" : 49.8819996044,
        "lon" : 8.6702592175,
        "time" : "20141105T134303+0100"
      } ]
    } ],
    "lastUpdate" : "20141105T133119Z"
  }, {
    "type" : "place",
    "startTime" : "20141105T134303+0100",
    "endTime" : "20141106T083041+0100",
    "place" : {
      "id" : 251291724,
      "name" : "Home",
      "type" : "home",
      "location" : {
        "lat" : 49.8819996044,
        "lon" : 8.6702592175
      }
    },
    "activities" : [ {
      "activity" : "walking",
      "group" : "walking",
      "manual" : false,
      "startTime" : "20141105T134310+0100",
      "endTime" : "20141105T134333+0100",
      "duration" : 23.0,
      "distance" : 16.0,
      "steps" : 31,
      "trackPoints" : [ ]
    }, {
      "activity" : "walking",
      "group" : "walking",
      "manual" : false,
      "startTime" : "20141105T140124+0100",
      "endTime" : "20141105T140334+0100",
      "duration" : 130.0,
      "distance" : 128.0,
      "steps" : 171,
      "trackPoints" : [ ]
    }, {
      "activity" : "walking",
      "group" : "walking",
      "manual" : false,
      "startTime" : "20141105T205859+0100",
      "endTime" : "20141105T205929+0100",
      "duration" : 30.0,
      "distance" : 15.0,
      "steps" : 28,
      "trackPoints" : [ ]
    }, {
      "activity" : "walking",
      "group" : "walking",
      "manual" : false,
      "startTime" : "20141105T210010+0100",
      "endTime" : "20141105T210054+0100",
      "duration" : 44.0,
      "distance" : 30.0,
      "steps" : 60,
      "trackPoints" : [ ]
    }, {
      "activity" : "walking",
      "group" : "walking",
      "manual" : false,
      "startTime" : "20141105T221345+0100",
      "endTime" : "20141105T221438+0100",
      "duration" : 53.0,
      "distance" : 36.0,
      "steps" : 71,
      "trackPoints" : [ ]
    } ],
    "lastUpdate" : "20141106T090143Z"
  } ],
  "lastUpdate" : "20141106T090143Z"
} ]