[ {
  "date" : "20141016",
  "summary" : [ {
    "activity" : "walking",
    "group" : "walking",
    "duration" : 3607.0,
    "distance" : 3990.0,
    "steps" : 5338
  }, {
    "activity" : "transport",
    "group" : "transport",
    "duration" : 2360.0,
    "distance" : 5939.0
  }, {
    "activity" : "cycling",
    "group" : "cycling",
    "duration" : 1447.0,
    "distance" : 4145.0
  } ],
  "segments" : [ {
    "type" : "place",
    "startTime" : "20141015T144056+0200",
    "endTime" : "20141016T072719+0200",
    "place" : {
      "id" : 251291724,
      "name" : "Home",
      "type" : "home",
      "location" : {
        "lat" : 49.8819996044,
        "lon" : 8.6702592175
      }
    },
    "activities" : [ {
      "activity" : "walking",
      "group" : "walking",
      "manual" : false,
      "startTime" : "20141016T070323+0200",
      "endTime" : "20141016T070324+0200",
      "duration" : 1.0,
      "distance" : 1.0,
      "steps" : 1,
      "trackPoints" : [ ]
    } ],
    "lastUpdate" : "20141016T085143Z"
  }, {
    "type" : "move",
    "startTime" : "20141016T072719+0200",
    "endTime" : "20141016T073254+0200",
    "activities" : [ {
      "activity" : "walking",
      "group" : "walking",
      "manual" : false,
      "startTime" : "20141016T072719+0200",
      "endTime" : "20141016T073254+0200",
      "duration" : 335.0,
      "distance" : 382.0,
      "steps" : 564,
      "trackPoints" : [ {
        "lat" : 49.8819996044,
        "lon" : 8.6702592175,
        "time" : "20141016T072719+0200"
      }, {
        "lat" : 49.8820369377,
        "lon" : 8.6702048344,
        "time" : "20141016T072739+0200"
      }, {
        "lat" : 49.882020905,
        "lon" : 8.6702277291,
        "time" : "20141016T072812+0200"
      }, {
        "lat" : 49.8820181997,
        "lon" : 8.6702302149,
        "time" : "20141016T072827+0200"
      }, {
        "lat" : 49.8820232585,
        "lon" : 8.6702213657,
        "time" : "20141016T072843+0200"
      }, {
        "lat" : 49.8820347066,
        "lon" : 8.6702033195,
        "time" : "20141016T072908+0200"
      }, {
        "lat" : 49.8820697413,
        "lon" : 8.6701601347,
        "time" : "20141016T072925+0200"
      }, {
        "lat" : 49.8822944725,
        "lon" : 8.6697904077,
        "time" : "20141016T072949+0200"
      }, {
        "lat" : 49.8826073501,
        "lon" : 8.6687961372,
        "time" : "20141016T073037+0200"
      }, {
        "lat" : 49.8826325968,
        "lon" : 8.6682819809,
        "time" : "20141016T073057+0200"
      }, {
        "lat" : 49.8826395132,
        "lon" : 8.6677094141,
        "time" : "20141016T073117+0200"
      }, {
        "lat" : 49.8826471362,
        "lon" : 8.6670218372,
        "time" : "20141016T073136+0200"
      }, {
        "lat" : 49.8826892687,
        "lon" : 8.66670339,
        "time" : "20141016T073151+0200"
      }, {
        "lat" : 49.8824644294,
        "lon" : 8.6661436796,
        "time" : "20141016T073234+0200"
      }, {
        "lat" : 49.882194,
        "lon" : 8.665967,
        "time" : "20141016T073254+0200"
      } ]
    } ],
    "lastUpdate" : "20141016T085143Z"
  }, {
    "type" : "place",
    "startTime" : "20141016T073254+0200",
    "endTime" : "20141016T073943+0200",
    "place" : {
      "id" : 251292369,
      "name" : "H Karlshof",
      "type" : "foursquare",
      "foursquareId" : "4d31931eb60937045413eddf",
      "location" : {
        "lat" : 49.882194,
        "lon" : 8.665967
      }
    },
    "activities" : [ {
      "activity" : "walking",
      "group" : "walking",
      "manual" : false,
      "startTime" : "20141016T073254+0200",
      "endTime" : "20141016T073302+0200",
      "duration" : 8.0,
      "distance" : 8.0,
      "steps" : 16,
      "trackPoints" : [ ]
    } ],
    "lastUpdate" : "20141016T085143Z"
  }, {
    "type" : "move",
    "startTime" : "20141016T073943+0200",
    "endTime" : "20141016T081124+0200",
    "activities" : [ {
      "activity" : "transport",
      "group" : "transport",
      "manual" : false,
      "startTime" : "20141016T073943+0200",
      "endTime" : "20141016T074720+0200",
      "duration" : 457.0,
      "distance" : 1947.0,
      "trackPoints" : [ {
        "lat" : 49.882194,
        "lon" : 8.665967,
        "time" : "20141016T073943+0200"
      }, {
        "lat" : 49.8821555687,
        "lon" : 8.665856945,
        "time" : "20141016T074004+0200"
      }, {
        "lat" : 49.8820301702,
        "lon" : 8.6657766409,
        "time" : "20141016T074025+0200"
      }, {
        "lat" : 49.8793337736,
        "lon" : 8.6635420638,
        "time" : "20141016T074047+0200"
      }, {
        "lat" : 49.8789460254,
        "lon" : 8.6632117852,
        "time" : "20141016T074106+0200"
      }, {
        "lat" : 49.8783354603,
        "lon" : 8.6620168676,
        "time" : "20141016T074134+0200"
      }, {
        "lat" : 49.8782411334,
        "lon" : 8.6619387338,
        "time" : "20141016T074156+0200"
      }, {
        "lat" : 49.8762266596,
        "lon" : 8.6613747417,
        "time" : "20141016T074236+0200"
      }, {
        "lat" : 49.8761426799,
        "lon" : 8.6612775781,
        "time" : "20141016T074256+0200"
      }, {
        "lat" : 49.8760222365,
        "lon" : 8.6609488808,
        "time" : "20141016T074316+0200"
      }, {
        "lat" : 49.8743421115,
        "lon" : 8.6550121855,
        "time" : "20141016T074422+0200"
      }, {
        "lat" : 49.8731778945,
        "lon" : 8.6555865426,
        "time" : "20141016T074500+0200"
      }, {
        "lat" : 49.8730807397,
        "lon" : 8.655567104,
        "time" : "20141016T074515+0200"
      }, {
        "lat" : 49.8730982083,
        "lon" : 8.6555226396,
        "time" : "20141016T074532+0200"
      }, {
        "lat" : 49.8729672782,
        "lon" : 8.654515146,
        "time" : "20141016T074602+0200"
      }, {
        "lat" : 49.8729301981,
        "lon" : 8.6540952571,
        "time" : "20141016T074622+0200"
      }, {
        "lat" : 49.8730209391,
        "lon" : 8.6528946,
        "time" : "20141016T074657+0200"
      }, {
        "lat" : 49.8730243313,
        "lon" : 8.6516449775,
        "time" : "20141016T074720+0200"
      } ]
    }, {
      "activity" : "walking",
      "group" : "walking",
      "manual" : false,
      "startTime" : "20141016T074720+0200",
      "endTime" : "20141016T075250+0200",
      "duration" : 330.0,
      "distance" : 490.0,
      "steps" : 644,
      "trackPoints" : [ {
        "lat" : 49.8730243313,
        "lon" : 8.6516449775,
        "time" : "20141016T074720+0200"
      }, {
        "lat" : 49.873012188,
        "lon" : 8.6507871437,
        "time" : "20141016T074750+0200"
      }, {
        "lat" : 49.8730130808,
        "lon" : 8.6506058509,
        "time" : "20141016T074810+0200"
      }, {
        "lat" : 49.8730182287,
        "lon" : 8.6504580574,
        "time" : "20141016T074841+0200"
      }, {
        "lat" : 49.8730028468,
        "lon" : 8.6503166095,
        "time" : "20141016T074900+0200"
      }, {
        "lat" : 49.8727874284,
        "lon" : 8.6493568399,
        "time" : "20141016T074929+0200"
      }, {
        "lat" : 49.8726842827,
        "lon" : 8.648793599,
        "time" : "20141016T074950+0200"
      }, {
        "lat" : 49.8726254265,
        "lon" : 8.6484926007,
        "time" : "20141016T075009+0200"
      }, {
        "lat" : 49.8725236993,
        "lon" : 8.6483114798,
        "time" : "20141016T075039+0200"
      }, {
        "lat" : 49.8724537538,
        "lon" : 8.6481327057,
        "time" : "20141016T075059+0200"
      }, {
        "lat" : 49.8722541338,
        "lon" : 8.6472554786,
        "time" : "20141016T075128+0200"
      }, {
        "lat" : 49.8721507031,
        "lon" : 8.6467728067,
        "time" : "20141016T075148+0200"
      }, {
        "lat" : 49.872061325,
        "lon" : 8.6462726304,
        "time" : "20141016T075210+0200"
      }, {
        "lat" : 49.871965304,
        "lon" : 8.6457196105,
        "time" : "20141016T075230+0200"
      }, {
        "lat" : 49.8718773838,
        "lon" : 8.6453747628,
        "time" : "20141016T075250+0200"
      } ]
    }, {
      "activity" : "transport",
      "group" : "transport",
      "manual" : false,
      "startTime" : "20141016T075250+0200",
      "endTime" : "20141016T081125+0200",
      "duration" : 1115.0,
      "distance" : 2507.0,
      "trackPoints" : [ {
        "lat" : 49.8718773838,
        "lon" : 8.6453747628,
        "time" : "20141016T075250+0200"
      }, {
        "lat" : 49.8715743637,
        "lon" : 8.644659614,
        "time" : "20141016T075308+0200"
      }, {
        "lat" : 49.871450179,
        "lon" : 8.6445425321,
        "time" : "20141016T075339+0200"
      }, {
        "lat" : 49.871450179,
        "lon" : 8.6445425321,
        "time" : "20141016T075511+0200"
      }, {
        "lat" : 49.871450179,
        "lon" : 8.6445425321,
        "time" : "20141016T075532+0200"
      }, {
        "lat" : 49.871450179,
        "lon" : 8.6445425321,
        "time" : "20141016T075552+0200"
      }, {
        "lat" : 49.871450179,
        "lon" : 8.6445425321,
        "time" : "20141016T075612+0200"
      }, {
        "lat" : 49.8713920562,
        "lon" : 8.6445874222,
        "time" : "20141016T075632+0200"
      }, {
        "lat" : 49.8708938292,
        "lon" : 8.6450987187,
        "time" : "20141016T075652+0200"
      }, {
        "lat" : 49.8702086272,
        "lon" : 8.6453765093,
        "time" : "20141016T075713+0200"
      }, {
        "lat" : 49.8671840074,
        "lon" : 8.6462548597,
        "time" : "20141016T075959+0200"
      }, {
        "lat" : 49.8671838254,
        "lon" : 8.6462549125,
        "time" : "20141016T080000+0200"
      }, {
        "lat" : 49.8636064995,
        "lon" : 8.6472937689,
        "time" : "20141016T080316+0200"
      }, {
        "lat" : 49.8702390549,
        "lon" : 8.645301715,
        "time" : "20141016T080434+0200"
      }, {
        "lat" : 49.8703563505,
        "lon" : 8.6452669518,
        "time" : "20141016T080452+0200"
      }, {
        "lat" : 49.8694777479,
        "lon" : 8.6455410523,
        "time" : "20141016T080945+0200"
      }, {
        "lat" : 49.8694682762,
        "lon" : 8.6455463696,
        "time" : "20141016T081005+0200"
      }, {
        "lat" : 49.8694648001,
        "lon" : 8.645548432,
        "time" : "20141016T081034+0200"
      }, {
        "lat" : 49.8694648001,
        "lon" : 8.645548432,
        "time" : "20141016T081054+0200"
      }, {
        "lat" : 49.8659872343,
        "lon" : 8.6460660919,
        "time" : "20141016T081124+0200"
      } ]
    } ],
    "lastUpdate" : "20141016T085143Z"
  }, {
    "type" : "place",
    "startTime" : "20141016T081124+0200",
    "endTime" : "20141016T084042+0200",
    "place" : {
      "id" : 266223953,
      "type" : "unknown",
      "location" : {
        "lat" : 49.8659872343,
        "lon" : 8.6460660919
      }
    },
    "activities" : [ {
      "activity" : "walking",
      "group" : "walking",
      "manual" : false,
      "startTime" : "20141016T081124+0200",
      "endTime" : "20141016T081515+0200",
      "duration" : 231.0,
      "distance" : 294.0,
      "steps" : 392,
      "trackPoints" : [ ]
    } ],
    "lastUpdate" : "20141016T085143Z"
  }, {
    "type" : "move",
    "startTime" : "20141016T084042+0200",
    "endTime" : "20141016T090120+0200",
    "activities" : [ {
      "activity" : "transport",
      "group" : "transport",
      "manual" : false,
      "startTime" : "20141016T084042+0200",
      "endTime" : "20141016T085350+0200",
      "duration" : 788.0,
      "distance" : 1485.0,
      "trackPoints" : [ {
        "lat" : 49.8659872343,
        "lon" : 8.6460660919,
        "time" : "20141016T084042+0200"
      }, {
        "lat" : 49.8697212238,
        "lon" : 8.6454719289,
        "time" : "20141016T084608+0200"
      }, {
        "lat" : 49.8715340273,
        "lon" : 8.6449169453,
        "time" : "20141016T084657+0200"
      }, {
        "lat" : 49.8717942287,
        "lon" : 8.6448573783,
        "time" : "20141016T084717+0200"
      }, {
        "lat" : 49.8718351731,
        "lon" : 8.6449282219,
        "time" : "20141016T084925+0200"
      }, {
        "lat" : 49.8722690667,
        "lon" : 8.6467669309,
        "time" : "20141016T085145+0200"
      }, {
        "lat" : 49.8723101631,
        "lon" : 8.6469848664,
        "time" : "20141016T085205+0200"
      }, {
        "lat" : 49.8728514525,
        "lon" : 8.6496198506,
        "time" : "20141016T085228+0200"
      }, {
        "lat" : 49.8729821687,
        "lon" : 8.6502827596,
        "time" : "20141016T085244+0200"
      }, {
        "lat" : 49.8730300173,
        "lon" : 8.6506453496,
        "time" : "20141016T085304+0200"
      }, {
        "lat" : 49.8730623229,
        "lon" : 8.651129523,
        "time" : "20141016T085327+0200"
      }, {
        "lat" : 49.8731650852,
        "lon" : 8.6534488665,
        "time" : "20141016T085350+0200"
      } ]
    }, {
      "activity" : "walking",
      "group" : "walking",
      "manual" : false,
      "startTime" : "20141016T085350+0200",
      "endTime" : "20141016T090120+0200",
      "duration" : 450.0,
      "distance" : 730.0,
      "steps" : 674,
      "trackPoints" : [ {
        "lat" : 49.8731650852,
        "lon" : 8.6534488665,
        "time" : "20141016T085350+0200"
      }, {
        "lat" : 49.8732244635,
        "lon" : 8.65467161,
        "time" : "20141016T085417+0200"
      }, {
        "lat" : 49.8732977147,
        "lon" : 8.6554435038,
        "time" : "20141016T085438+0200"
      }, {
        "lat" : 49.8734791667,
        "lon" : 8.6560538706,
        "time" : "20141016T085508+0200"
      }, {
        "lat" : 49.8735758267,
        "lon" : 8.6563190675,
        "time" : "20141016T085528+0200"
      }, {
        "lat" : 49.8735785393,
        "lon" : 8.656634159,
        "time" : "20141016T085548+0200"
      }, {
        "lat" : 49.8737910244,
        "lon" : 8.6564257052,
        "time" : "20141016T085614+0200"
      }, {
        "lat" : 49.8740117751,
        "lon" : 8.6558339964,
        "time" : "20141016T085634+0200"
      }, {
        "lat" : 49.874169541,
        "lon" : 8.6554246925,
        "time" : "20141016T085656+0200"
      }, {
        "lat" : 49.8742855858,
        "lon" : 8.6551309906,
        "time" : "20141016T085716+0200"
      }, {
        "lat" : 49.8744696576,
        "lon" : 8.6547189564,
        "time" : "20141016T085757+0200"
      }, {
        "lat" : 49.8746052371,
        "lon" : 8.6545057556,
        "time" : "20141016T085828+0200"
      }, {
        "lat" : 49.8748086318,
        "lon" : 8.6546533606,
        "time" : "20141016T085849+0200"
      }, {
        "lat" : 49.875451614,
        "lon" : 8.6553980419,
        "time" : "20141016T085917+0200"
      }, {
        "lat" : 49.8758062265,
        "lon" : 8.6558378634,
        "time" : "20141016T085939+0200"
      }, {
        "lat" : 49.8759345867,
        "lon" : 8.6560444123,
        "time" : "20141016T085959+0200"
      }, {
        "lat" : 49.8759346491,
        "lon" : 8.6560445127,
        "time" : "20141016T090000+0200"
      }, {
        "lat" : 49.8759358531,
        "lon" : 8.6560464501,
        "time" : "20141016T090000+0200"
      }, {
        "lat" : 49.8760281713,
        "lon" : 8.6561728247,
        "time" : "20141016T090018+0200"
      }, {
        "lat" : 49.8761600177,
        "lon" : 8.6563259979,
        "time" : "20141016T090039+0200"
      }, {
        "lat" : 49.8762539195,
        "lon" : 8.6564625508,
        "time" : "20141016T090100+0200"
      }, {
        "lat" : 49.8763206317,
        "lon" : 8.6568254738,
        "time" : "20141016T090120+0200"
      } ]
    } ],
    "lastUpdate" : "20141016T085143Z"
  }, {
    "type" : "place",
    "startTime" : "20141016T090120+0200",
    "endTime" : "20141016T091033+0200",
    "place" : {
      "id" : 223174315,
      "type" : "unknown",
      "location" : {
        "lat" : 49.8763206317,
        "lon" : 8.6568254738
      }
    },
    "activities" : [ {
      "activity" : "walking",
      "group" : "walking",
      "manual" : false,
      "startTime" : "20141016T090138+0200",
      "endTime" : "20141016T090151+0200",
      "duration" : 13.0,
      "distance" : 9.0,
      "steps" : 17,
      "trackPoints" : [ ]
    } ],
    "lastUpdate" : "20141016T085143Z"
  }, {
    "type" : "move",
    "startTime" : "20141016T091033+0200",
    "endTime" : "20141016T091414+0200",
    "activities" : [ {
      "activity" : "walking",
      "group" : "walking",
      "manual" : false,
      "startTime" : "20141016T091033+0200",
      "endTime" : "20141016T091414+0200",
      "duration" : 221.0,
      "distance" : 234.0,
      "steps" : 368,
      "trackPoints" : [ {
        "lat" : 49.8763206317,
        "lon" : 8.6568254738,
        "time" : "20141016T091033+0200"
      }, {
        "lat" : 49.876414192,
        "lon" : 8.6567158287,
        "time" : "20141016T091048+0200"
      }, {
        "lat" : 49.8764368749,
        "lon" : 8.6567058138,
        "time" : "20141016T091105+0200"
      }, {
        "lat" : 49.8764638411,
        "lon" : 8.6567034604,
        "time" : "20141016T091124+0200"
      }, {
        "lat" : 49.8765152196,
        "lon" : 8.6566899872,
        "time" : "20141016T091148+0200"
      }, {
        "lat" : 49.8765323456,
        "lon" : 8.6566257149,
        "time" : "20141016T091205+0200"
      }, {
        "lat" : 49.8765369,
        "lon" : 8.6561781442,
        "time" : "20141016T091229+0200"
      }, {
        "lat" : 49.876579573,
        "lon" : 8.6559559604,
        "time" : "20141016T091246+0200"
      }, {
        "lat" : 49.8768373298,
        "lon" : 8.655570089,
        "time" : "20141016T091310+0200"
      }, {
        "lat" : 49.8769876529,
        "lon" : 8.6553752988,
        "time" : "20141016T091330+0200"
      }, {
        "lat" : 49.8770623758,
        "lon" : 8.6552958434,
        "time" : "20141016T091346+0200"
      }, {
        "lat" : 49.877662904,
        "lon" : 8.654577692,
        "time" : "20141016T091414+0200"
      } ]
    } ],
    "lastUpdate" : "20141016T085143Z"
  }, {
    "type" : "place",
    "startTime" : "20141016T091414+0200",
    "endTime" : "20141016T113657+0200",
    "place" : {
      "id" : 223098012,
      "type" : "unknown",
      "location" : {
        "lat" : 49.877662904,
        "lon" : 8.654577692
      }
    },
    "activities" : [ {
      "activity" : "walking",
      "group" : "walking",
      "manual" : false,
      "startTime" : "20141016T091414+0200",
      "endTime" : "20141016T091434+0200",
      "duration" : 20.0,
      "distance" : 13.0,
      "steps" : 26,
      "trackPoints" : [ ]
    }, {
      "activity" : "walking",
      "group" : "walking",
      "manual" : false,
      "startTime" : "20141016T100622+0200",
      "endTime" : "20141016T100741+0200",
      "duration" : 79.0,
      "distance" : 50.0,
      "steps" : 101,
      "trackPoints" : [ ]
    }, {
      "activity" : "walking",
      "group" : "walking",
      "manual" : false,
      "startTime" : "20141016T112642+0200",
      "endTime" : "20141016T112759+0200",
      "duration" : 77.0,
      "distance" : 54.0,
      "steps" : 107,
      "trackPoints" : [ ]
    } ],
    "lastUpdate" : "20141016T102318Z"
  }, {
    "type" : "move",
    "startTime" : "20141016T113657+0200",
    "endTime" : "20141016T114638+0200",
    "activities" : [ {
      "activity" : "walking",
      "group" : "walking",
      "manual" : false,
      "startTime" : "20141016T113657+0200",
      "endTime" : "20141016T114638+0200",
      "duration" : 581.0,
      "distance" : 684.0,
      "steps" : 609,
      "trackPoints" : [ {
        "lat" : 49.877662904,
        "lon" : 8.654577692,
        "time" : "20141016T113657+0200"
      }, {
        "lat" : 49.8770436008,
        "lon" : 8.6541017776,
        "time" : "20141016T113718+0200"
      }, {
        "lat" : 49.8769853461,
        "lon" : 8.6540575764,
        "time" : "20141016T113743+0200"
      }, {
        "lat" : 49.8769374046,
        "lon" : 8.6540241489,
        "time" : "20141016T113805+0200"
      }, {
        "lat" : 49.8768990748,
        "lon" : 8.6540025148,
        "time" : "20141016T113824+0200"
      }, {
        "lat" : 49.8768433534,
        "lon" : 8.6539080893,
        "time" : "20141016T113844+0200"
      }, {
        "lat" : 49.8765891548,
        "lon" : 8.6533112257,
        "time" : "20141016T113914+0200"
      }, {
        "lat" : 49.8764307039,
        "lon" : 8.652911334,
        "time" : "20141016T113934+0200"
      }, {
        "lat" : 49.8761219576,
        "lon" : 8.6519736105,
        "time" : "20141016T114020+0200"
      }, {
        "lat" : 49.8760933319,
        "lon" : 8.6517835149,
        "time" : "20141016T114037+0200"
      }, {
        "lat" : 49.876157703,
        "lon" : 8.6512152428,
        "time" : "20141016T114107+0200"
      }, {
        "lat" : 49.876181024,
        "lon" : 8.6509063956,
        "time" : "20141016T114127+0200"
      }, {
        "lat" : 49.8761916717,
        "lon" : 8.6507011654,
        "time" : "20141016T114147+0200"
      }, {
        "lat" : 49.8761572035,
        "lon" : 8.6505862119,
        "time" : "20141016T114208+0200"
      }, {
        "lat" : 49.8758062976,
        "lon" : 8.6506052365,
        "time" : "20141016T114235+0200"
      }, {
        "lat" : 49.8753960919,
        "lon" : 8.6506781287,
        "time" : "20141016T114258+0200"
      }, {
        "lat" : 49.8751723737,
        "lon" : 8.6506939396,
        "time" : "20141016T114316+0200"
      }, {
        "lat" : 49.8749035849,
        "lon" : 8.6506778043,
        "time" : "20141016T114336+0200"
      }, {
        "lat" : 49.8747378158,
        "lon" : 8.6508006772,
        "time" : "20141016T114352+0200"
      }, {
        "lat" : 49.8745142498,
        "lon" : 8.6511179203,
        "time" : "20141016T114412+0200"
      }, {
        "lat" : 49.8744068822,
        "lon" : 8.6510811743,
        "time" : "20141016T114437+0200"
      }, {
        "lat" : 49.8743056532,
        "lon" : 8.6510689821,
        "time" : "20141016T114507+0200"
      }, {
        "lat" : 49.8742056567,
        "lon" : 8.6510883621,
        "time" : "20141016T114537+0200"
      }, {
        "lat" : 49.8741301093,
        "lon" : 8.6511166,
        "time" : "20141016T114557+0200"
      }, {
        "lat" : 49.8740174163,
        "lon" : 8.6511781039,
        "time" : "20141016T114620+0200"
      }, {
        "lat" : 49.873782733,
        "lon" : 8.6514528544,
        "time" : "20141016T114638+0200"
      } ]
    } ],
    "lastUpdate" : "20141016T102318Z"
  }, {
    "type" : "place",
    "startTime" : "20141016T114638+0200",
    "endTime" : "20141016T122544+0200",
    "place" : {
      "id" : 227596613,
      "type" : "unknown",
      "location" : {
        "lat" : 49.873520488,
        "lon" : 8.6540199876
      }
    },
    "activities" : [ {
      "activity" : "walking",
      "group" : "walking",
      "manual" : false,
      "startTime" : "20141016T114652+0200",
      "endTime" : "20141016T114657+0200",
      "duration" : 5.0,
      "distance" : 4.0,
      "steps" : 7,
      "trackPoints" : [ ]
    }, {
      "activity" : "walking",
      "group" : "walking",
      "manual" : false,
      "startTime" : "20141016T122301+0200",
      "endTime" : "20141016T122342+0200",
      "duration" : 41.0,
      "distance" : 28.0,
      "steps" : 55,
      "trackPoints" : [ ]
    } ],
    "lastUpdate" : "20141016T164225Z"
  }, {
    "type" : "place",
    "startTime" : "20141016T154200+0200",
    "endTime" : "20141016T183952+0200",
    "place" : {
      "id" : 251291724,
      "name" : "Home",
      "type" : "home",
      "location" : {
        "lat" : 49.8819996044,
        "lon" : 8.6702592175
      }
    },
    "activities" : [ {
      "activity" : "walking",
      "group" : "walking",
      "manual" : false,
      "startTime" : "20141016T175022+0200",
      "endTime" : "20141016T175025+0200",
      "duration" : 3.0,
      "distance" : 2.0,
      "steps" : 4,
      "trackPoints" : [ ]
    }, {
      "activity" : "walking",
      "group" : "walking",
      "manual" : false,
      "startTime" : "20141016T181330+0200",
      "endTime" : "20141016T181519+0200",
      "duration" : 109.0,
      "distance" : 71.0,
      "steps" : 142,
      "trackPoints" : [ ]
    } ],
    "lastUpdate" : "20141016T181324Z"
  }, {
    "type" : "move",
    "startTime" : "20141016T183952+0200",
    "endTime" : "20141016T185056+0200",
    "activities" : [ {
      "activity" : "cycling",
      "group" : "cycling",
      "manual" : false,
      "startTime" : "20141016T183952+0200",
      "endTime" : "20141016T185057+0200",
      "duration" : 665.0,
      "distance" : 1857.0,
      "trackPoints" : [ {
        "lat" : 49.8819996044,
        "lon" : 8.6702592175,
        "time" : "20141016T183952+0200"
      }, {
        "lat" : 49.8821837852,
        "lon" : 8.6704267629,
        "time" : "20141016T184012+0200"
      }, {
        "lat" : 49.8822041839,
        "lon" : 8.6704443514,
        "time" : "20141016T184033+0200"
      }, {
        "lat" : 49.8827483066,
        "lon" : 8.6710412143,
        "time" : "20141016T184102+0200"
      }, {
        "lat" : 49.8832050913,
        "lon" : 8.6714499749,
        "time" : "20141016T184120+0200"
      }, {
        "lat" : 49.883850149,
        "lon" : 8.6719775067,
        "time" : "20141016T184138+0200"
      }, {
        "lat" : 49.8848996495,
        "lon" : 8.6727739117,
        "time" : "20141016T184205+0200"
      }, {
        "lat" : 49.8857401715,
        "lon" : 8.6733801024,
        "time" : "20141016T184234+0200"
      }, {
        "lat" : 49.8858468661,
        "lon" : 8.6735970466,
        "time" : "20141016T184258+0200"
      }, {
        "lat" : 49.8857409373,
        "lon" : 8.6738834194,
        "time" : "20141016T184327+0200"
      }, {
        "lat" : 49.8857352762,
        "lon" : 8.6738907969,
        "time" : "20141016T184344+0200"
      }, {
        "lat" : 49.8863003345,
        "lon" : 8.67445452,
        "time" : "20141016T184432+0200"
      }, {
        "lat" : 49.8866173413,
        "lon" : 8.6747551643,
        "time" : "20141016T184450+0200"
      }, {
        "lat" : 49.8867282499,
        "lon" : 8.6748632633,
        "time" : "20141016T184511+0200"
      }, {
        "lat" : 49.8867615662,
        "lon" : 8.6749043665,
        "time" : "20141016T184531+0200"
      }, {
        "lat" : 49.8874706989,
        "lon" : 8.6758081174,
        "time" : "20141016T184611+0200"
      }, {
        "lat" : 49.8879569266,
        "lon" : 8.6765027734,
        "time" : "20141016T184635+0200"
      }, {
        "lat" : 49.888156053,
        "lon" : 8.6767678234,
        "time" : "20141016T184655+0200"
      }, {
        "lat" : 49.8882845329,
        "lon" : 8.676879519,
        "time" : "20141016T184717+0200"
      }, {
        "lat" : 49.8884910052,
        "lon" : 8.6769694355,
        "time" : "20141016T184737+0200"
      }, {
        "lat" : 49.889069362,
        "lon" : 8.6771705685,
        "time" : "20141016T184757+0200"
      }, {
        "lat" : 49.8955261459,
        "lon" : 8.677832634,
        "time" : "20141016T185056+0200"
      } ]
    } ],
    "lastUpdate" : "20141016T181324Z"
  }, {
    "type" : "place",
    "startTime" : "20141016T185056+0200",
    "endTime" : "20141016T191732+0200",
    "place" : {
      "id" : 255238542,
      "type" : "unknown",
      "location" : {
        "lat" : 49.8955261459,
        "lon" : 8.677832634
      }
    },
    "activities" : [ {
      "activity" : "walking",
      "group" : "walking",
      "manual" : false,
      "startTime" : "20141016T185056+0200",
      "endTime" : "20141016T185323+0200",
      "duration" : 147.0,
      "distance" : 145.0,
      "steps" : 194,
      "trackPoints" : [ ]
    }, {
      "activity" : "walking",
      "group" : "walking",
      "manual" : false,
      "startTime" : "20141016T190000+0200",
      "endTime" : "20141016T190224+0200",
      "duration" : 144.0,
      "distance" : 144.0,
      "steps" : 192,
      "trackPoints" : [ ]
    } ],
    "lastUpdate" : "20141016T181324Z"
  }, {
    "type" : "move",
    "startTime" : "20141016T191732+0200",
    "endTime" : "20141016T193034+0200",
    "activities" : [ {
      "activity" : "cycling",
      "group" : "cycling",
      "manual" : false,
      "startTime" : "20141016T191732+0200",
      "endTime" : "20141016T193034+0200",
      "duration" : 782.0,
      "distance" : 2288.0,
      "trackPoints" : [ {
        "lat" : 49.8955261459,
        "lon" : 8.677832634,
        "time" : "20141016T191732+0200"
      }, {
        "lat" : 49.8961716929,
        "lon" : 8.6788915144,
        "time" : "20141016T191753+0200"
      }, {
        "lat" : 49.896261887,
        "lon" : 8.678626604,
        "time" : "20141016T191813+0200"
      }, {
        "lat" : 49.8962666057,
        "lon" : 8.677712987,
        "time" : "20141016T191836+0200"
      }, {
        "lat" : 49.896247459,
        "lon" : 8.6773069011,
        "time" : "20141016T191855+0200"
      }, {
        "lat" : 49.8962073764,
        "lon" : 8.6771713646,
        "time" : "20141016T191915+0200"
      }, {
        "lat" : 49.8960858516,
        "lon" : 8.6771403443,
        "time" : "20141016T191935+0200"
      }, {
        "lat" : 49.8887778766,
        "lon" : 8.6778134104,
        "time" : "20141016T192444+0200"
      }, {
        "lat" : 49.8887104101,
        "lon" : 8.6778151107,
        "time" : "20141016T192504+0200"
      }, {
        "lat" : 49.888695657,
        "lon" : 8.6778030859,
        "time" : "20141016T192535+0200"
      }, {
        "lat" : 49.8886906285,
        "lon" : 8.6777963783,
        "time" : "20141016T192555+0200"
      }, {
        "lat" : 49.8885781962,
        "lon" : 8.6776314306,
        "time" : "20141016T192616+0200"
      }, {
        "lat" : 49.8868121072,
        "lon" : 8.6750757112,
        "time" : "20141016T192646+0200"
      }, {
        "lat" : 49.8864417725,
        "lon" : 8.6746575961,
        "time" : "20141016T192707+0200"
      }, {
        "lat" : 49.8862900061,
        "lon" : 8.6744902257,
        "time" : "20141016T192727+0200"
      }, {
        "lat" : 49.8862515447,
        "lon" : 8.6744228654,
        "time" : "20141016T192748+0200"
      }, {
        "lat" : 49.8856766613,
        "lon" : 8.6734012763,
        "time" : "20141016T192815+0200"
      }, {
        "lat" : 49.8848911946,
        "lon" : 8.6728583583,
        "time" : "20141016T192835+0200"
      }, {
        "lat" : 49.8840579013,
        "lon" : 8.6723074676,
        "time" : "20141016T192858+0200"
      }, {
        "lat" : 49.8830971941,
        "lon" : 8.6714842791,
        "time" : "20141016T192924+0200"
      }, {
        "lat" : 49.8826964731,
        "lon" : 8.6710985535,
        "time" : "20141016T192940+0200"
      }, {
        "lat" : 49.8822850869,
        "lon" : 8.6702966778,
        "time" : "20141016T193016+0200"
      }, {
        "lat" : 49.8819996044,
        "lon" : 8.6702592175,
        "time" : "20141016T193034+0200"
      } ]
    } ],
    "lastUpdate" : "20141016T181324Z"
  }, {
    "type" : "place",
    "startTime" : "20141016T193034+0200",
    "endTime" : "20141016T214841+0200",
    "place" : {
      "id" : 251291724,
      "name" : "Home",
      "type" : "home",
      "location" : {
        "lat" : 49.8819996044,
        "lon" : 8.6702592175
      }
    },
    "activities" : [ {
      "activity" : "walking",
      "group" : "walking",
      "manual" : false,
      "startTime" : "20141016T193034+0200",
      "endTime" : "20141016T193149+0200",
      "duration" : 75.0,
      "distance" : 51.0,
      "steps" : 101,
      "trackPoints" : [ ]
    }, {
      "activity" : "walking",
      "group" : "walking",
      "manual" : false,
      "startTime" : "20141016T210815+0200",
      "endTime" : "20141016T210933+0200",
      "duration" : 78.0,
      "distance" : 58.0,
      "steps" : 116,
      "trackPoints" : [ ]
    } ],
    "lastUpdate" : "20141016T211540Z"
  }, {
    "type" : "move",
    "startTime" : "20141016T214841+0200",
    "endTime" : "20141016T215416+0200",
    "activities" : [ {
      "activity" : "walking",
      "group" : "walking",
      "manual" : false,
      "startTime" : "20141016T214841+0200",
      "endTime" : "20141016T215416+0200",
      "duration" : 335.0,
      "distance" : 286.0,
      "steps" : 571,
      "trackPoints" : [ {
        "lat" : 49.8819996044,
        "lon" : 8.6702592175,
        "time" : "20141016T214841+0200"
      }, {
        "lat" : 49.8820478782,
        "lon" : 8.6702177078,
        "time" : "20141016T214900+0200"
      }, {
        "lat" : 49.8820768238,
        "lon" : 8.6701942367,
        "time" : "20141016T214920+0200"
      }, {
        "lat" : 49.8820529271,
        "lon" : 8.6702081878,
        "time" : "20141016T214940+0200"
      }, {
        "lat" : 49.8822414986,
        "lon" : 8.6700589631,
        "time" : "20141016T215011+0200"
      }, {
        "lat" : 49.8823940203,
        "lon" : 8.6699232753,
        "time" : "20141016T215036+0200"
      }, {
        "lat" : 49.8826005165,
        "lon" : 8.6696976007,
        "time" : "20141016T215107+0200"
      }, {
        "lat" : 49.8827335889,
        "lon" : 8.6695017011,
        "time" : "20141016T215127+0200"
      }, {
        "lat" : 49.8829839231,
        "lon" : 8.669055156,
        "time" : "20141016T215158+0200"
      }, {
        "lat" : 49.8830424749,
        "lon" : 8.6690835971,
        "time" : "20141016T215220+0200"
      }, {
        "lat" : 49.8830677294,
        "lon" : 8.669108239,
        "time" : "20141016T215241+0200"
      }, {
        "lat" : 49.8830691517,
        "lon" : 8.6691456498,
        "time" : "20141016T215258+0200"
      }, {
        "lat" : 49.8830628656,
        "lon" : 8.6691888096,
        "time" : "20141016T215318+0200"
      }, {
        "lat" : 49.8830537469,
        "lon" : 8.6692260541,
        "time" : "20141016T215337+0200"
      }, {
        "lat" : 49.8830444528,
        "lon" : 8.6692641205,
        "time" : "20141016T215356+0200"
      }, {
        "lat" : 49.8831093675,
        "lon" : 8.6697840805,
        "time" : "20141016T215416+0200"
      } ]
    } ],
    "lastUpdate" : "20141016T211540Z"
  }, {
    "type" : "place",
    "startTime" : "20141016T215416+0200",
    "endTime" : "20141016T232927+0200",
    "place" : {
      "id" : 251721107,
      "type" : "unknown",
      "location" : {
        "lat" : 49.8831093675,
        "lon" : 8.6697840805
      }
    },
    "activities" : [ {
      "activity" : "walking",
      "group" : "walking",
      "manual" : false,
      "startTime" : "20141016T215416+0200",
      "endTime" : "20141016T215421+0200",
      "duration" : 5.0,
      "distance" : 4.0,
      "steps" : 7,
      "trackPoints" : [ ]
    }, {
      "activity" : "walking",
      "group" : "walking",
      "manual" : false,
      "startTime" : "20141016T221225+0200",
      "endTime" : "20141016T221338+0200",
      "duration" : 73.0,
      "distance" : 36.0,
      "steps" : 72,
      "trackPoints" : [ ]
    }, {
      "activity" : "walking",
      "group" : "walking",
      "manual" : false,
      "startTime" : "20141016T232414+0200",
      "endTime" : "20141016T232449+0200",
      "duration" : 35.0,
      "distance" : 23.0,
      "steps" : 46,
      "trackPoints" : [ ]
    } ],
    "lastUpdate" : "20141016T230232Z"
  }, {
    "type" : "move",
    "startTime" : "20141016T232927+0200",
    "endTime" : "20141016T233146+0200",
    "activities" : [ {
      "activity" : "walking",
      "group" : "walking",
      "manual" : false,
      "startTime" : "20141016T232927+0200",
      "endTime" : "20141016T233146+0200",
      "duration" : 139.0,
      "distance" : 146.0,
      "steps" : 225,
      "trackPoints" : [ {
        "lat" : 49.8831093675,
        "lon" : 8.6697840805,
        "time" : "20141016T232927+0200"
      }, {
        "lat" : 49.8829981344,
        "lon" : 8.6697043911,
        "time" : "20141016T232947+0200"
      }, {
        "lat" : 49.8828510599,
        "lon" : 8.6696687079,
        "time" : "20141016T233007+0200"
      }, {
        "lat" : 49.8824703335,
        "lon" : 8.6699383256,
        "time" : "20141016T233056+0200"
      }, {
        "lat" : 49.8822199464,
        "lon" : 8.6701882016,
        "time" : "20141016T233115+0200"
      }, {
        "lat" : 49.8819996044,
        "lon" : 8.6702592175,
        "time" : "20141016T233146+0200"
      } ]
    } ],
    "lastUpdate" : "20141016T230232Z"
  }, {
    "type" : "place",
    "startTime" : "20141016T233146+0200",
    "endTime" : "20141017T094620+0200",
    "place" : {
      "id" : 251291724,
      "name" : "Home",
      "type" : "home",
      "location" : {
        "lat" : 49.8819996044,
        "lon" : 8.6702592175
      }
    },
    "activities" : [ {
      "activity" : "walking",
      "group" : "walking",
      "manual" : false,
      "startTime" : "20141016T233146+0200",
      "endTime" : "20141016T233258+0200",
      "duration" : 72.0,
      "distance" : 43.0,
      "steps" : 87,
      "trackPoints" : [ ]
    } ],
    "lastUpdate" : "20141017T091602Z"
  } ],
  "lastUpdate" : "20141017T091602Z"
} ]