[ {
  "date" : "20141030",
  "summary" : [ {
    "activity" : "walking",
    "group" : "walking",
    "duration" : 4372.0,
    "distance" : 5531.0,
    "steps" : 6806
  }, {
    "activity" : "transport",
    "group" : "transport",
    "duration" : 1237.0,
    "distance" : 4470.0
  } ],
  "segments" : [ {
    "type" : "place",
    "startTime" : "20141029T191059+0100",
    "endTime" : "20141030T083506+0100",
    "place" : {
      "id" : 223509887,
      "type" : "unknown",
      "location" : {
        "lat" : 49.8829100725,
        "lon" : 8.6682008619
      }
    },
    "activities" : [ {
      "activity" : "walking",
      "group" : "walking",
      "manual" : false,
      "startTime" : "20141030T082402+0100",
      "endTime" : "20141030T083118+0100",
      "duration" : 436.0,
      "distance" : 625.0,
      "steps" : 833,
      "trackPoints" : [ ]
    } ],
    "lastUpdate" : "20141030T102040Z"
  }, {
    "type" : "move",
    "startTime" : "20141030T083506+0100",
    "endTime" : "20141030T084626+0100",
    "activities" : [ {
      "activity" : "walking",
      "group" : "walking",
      "manual" : false,
      "startTime" : "20141030T083506+0100",
      "endTime" : "20141030T083650+0100",
      "duration" : 104.0,
      "distance" : 170.0,
      "steps" : 178,
      "trackPoints" : [ {
        "lat" : 49.8829100725,
        "lon" : 8.6682008619,
        "time" : "20141030T083506+0100"
      }, {
        "lat" : 49.8827447064,
        "lon" : 8.666813304,
        "time" : "20141030T083547+0100"
      }, {
        "lat" : 49.8827271965,
        "lon" : 8.6664710343,
        "time" : "20141030T083607+0100"
      }, {
        "lat" : 49.8826481978,
        "lon" : 8.6662792124,
        "time" : "20141030T083628+0100"
      }, {
        "lat" : 49.8825527964,
        "lon" : 8.6661768418,
        "time" : "20141030T083650+0100"
      } ]
    }, {
      "activity" : "transport",
      "group" : "transport",
      "manual" : false,
      "startTime" : "20141030T083650+0100",
      "endTime" : "20141030T083930+0100",
      "duration" : 160.0,
      "distance" : 475.0,
      "trackPoints" : [ {
        "lat" : 49.8825527964,
        "lon" : 8.6661768418,
        "time" : "20141030T083650+0100"
      }, {
        "lat" : 49.8824480664,
        "lon" : 8.6660983711,
        "time" : "20141030T083708+0100"
      }, {
        "lat" : 49.8823653544,
        "lon" : 8.6660382591,
        "time" : "20141030T083723+0100"
      }, {
        "lat" : 49.8823286749,
        "lon" : 8.6660106151,
        "time" : "20141030T083743+0100"
      }, {
        "lat" : 49.8822776655,
        "lon" : 8.6659722314,
        "time" : "20141030T083800+0100"
      }, {
        "lat" : 49.8814709653,
        "lon" : 8.6653735433,
        "time" : "20141030T083820+0100"
      }, {
        "lat" : 49.8803944909,
        "lon" : 8.6643774909,
        "time" : "20141030T083850+0100"
      }, {
        "lat" : 49.8803070892,
        "lon" : 8.6642906498,
        "time" : "20141030T083910+0100"
      }, {
        "lat" : 49.8793143235,
        "lon" : 8.6632183606,
        "time" : "20141030T083930+0100"
      } ]
    }, {
      "activity" : "walking",
      "group" : "walking",
      "manual" : false,
      "startTime" : "20141030T083930+0100",
      "endTime" : "20141030T084627+0100",
      "duration" : 417.0,
      "distance" : 746.0,
      "steps" : 795,
      "trackPoints" : [ {
        "lat" : 49.8793143235,
        "lon" : 8.6632183606,
        "time" : "20141030T083930+0100"
      }, {
        "lat" : 49.8787875561,
        "lon" : 8.6625627369,
        "time" : "20141030T084003+0100"
      }, {
        "lat" : 49.8782331806,
        "lon" : 8.6617254711,
        "time" : "20141030T084033+0100"
      }, {
        "lat" : 49.8780298552,
        "lon" : 8.6613656523,
        "time" : "20141030T084053+0100"
      }, {
        "lat" : 49.8779274383,
        "lon" : 8.6606885161,
        "time" : "20141030T084124+0100"
      }, {
        "lat" : 49.8778697905,
        "lon" : 8.6601791135,
        "time" : "20141030T084147+0100"
      }, {
        "lat" : 49.8778079552,
        "lon" : 8.6596646166,
        "time" : "20141030T084208+0100"
      }, {
        "lat" : 49.8777048752,
        "lon" : 8.6588301735,
        "time" : "20141030T084231+0100"
      }, {
        "lat" : 49.8776292299,
        "lon" : 8.6582239777,
        "time" : "20141030T084248+0100"
      }, {
        "lat" : 49.8775136705,
        "lon" : 8.6573053737,
        "time" : "20141030T084314+0100"
      }, {
        "lat" : 49.877444486,
        "lon" : 8.6567756953,
        "time" : "20141030T084334+0100"
      }, {
        "lat" : 49.8773826788,
        "lon" : 8.6564700095,
        "time" : "20141030T084357+0100"
      }, {
        "lat" : 49.8773509624,
        "lon" : 8.6562860152,
        "time" : "20141030T084418+0100"
      }, {
        "lat" : 49.8773000411,
        "lon" : 8.6555897616,
        "time" : "20141030T084448+0100"
      }, {
        "lat" : 49.8773301648,
        "lon" : 8.6552689094,
        "time" : "20141030T084505+0100"
      }, {
        "lat" : 49.8774626954,
        "lon" : 8.6549990996,
        "time" : "20141030T084530+0100"
      }, {
        "lat" : 49.8775592278,
        "lon" : 8.6548713173,
        "time" : "20141030T084548+0100"
      }, {
        "lat" : 49.8776595225,
        "lon" : 8.6547783693,
        "time" : "20141030T084606+0100"
      }, {
        "lat" : 49.877662904,
        "lon" : 8.654577692,
        "time" : "20141030T084626+0100"
      } ]
    } ],
    "lastUpdate" : "20141030T102040Z"
  }, {
    "type" : "place",
    "startTime" : "20141030T084627+0100",
    "endTime" : "20141030T121106+0100",
    "place" : {
      "id" : 223098012,
      "type" : "unknown",
      "location" : {
        "lat" : 49.877662904,
        "lon" : 8.654577692
      }
    },
    "activities" : [ {
      "activity" : "walking",
      "group" : "walking",
      "manual" : false,
      "startTime" : "20141030T111718+0100",
      "endTime" : "20141030T112018+0100",
      "duration" : 180.0,
      "distance" : 203.0,
      "steps" : 270,
      "trackPoints" : [ ]
    }, {
      "activity" : "walking",
      "group" : "walking",
      "manual" : false,
      "startTime" : "20141030T120641+0100",
      "endTime" : "20141030T120752+0100",
      "duration" : 71.0,
      "distance" : 47.0,
      "steps" : 94,
      "trackPoints" : [ ]
    } ],
    "lastUpdate" : "20141030T122203Z"
  }, {
    "type" : "move",
    "startTime" : "20141030T121106+0100",
    "endTime" : "20141030T121915+0100",
    "activities" : [ {
      "activity" : "walking",
      "group" : "walking",
      "manual" : false,
      "startTime" : "20141030T121106+0100",
      "endTime" : "20141030T121915+0100",
      "duration" : 489.0,
      "distance" : 758.0,
      "steps" : 838,
      "trackPoints" : [ {
        "lat" : 49.877662904,
        "lon" : 8.654577692,
        "time" : "20141030T121106+0100"
      }, {
        "lat" : 49.8773418289,
        "lon" : 8.654357362,
        "time" : "20141030T121126+0100"
      }, {
        "lat" : 49.8773566291,
        "lon" : 8.6543808625,
        "time" : "20141030T121143+0100"
      }, {
        "lat" : 49.8772705255,
        "lon" : 8.654265887,
        "time" : "20141030T121203+0100"
      }, {
        "lat" : 49.8770968745,
        "lon" : 8.6541646932,
        "time" : "20141030T121222+0100"
      }, {
        "lat" : 49.8767837381,
        "lon" : 8.6541420497,
        "time" : "20141030T121243+0100"
      }, {
        "lat" : 49.8767151849,
        "lon" : 8.6542586025,
        "time" : "20141030T121302+0100"
      }, {
        "lat" : 49.8767668689,
        "lon" : 8.6542985155,
        "time" : "20141030T121322+0100"
      }, {
        "lat" : 49.8766340377,
        "lon" : 8.6549091154,
        "time" : "20141030T121429+0100"
      }, {
        "lat" : 49.8764675058,
        "lon" : 8.6549026727,
        "time" : "20141030T121446+0100"
      }, {
        "lat" : 49.8761692127,
        "lon" : 8.6548144176,
        "time" : "20141030T121506+0100"
      }, {
        "lat" : 49.8748726828,
        "lon" : 8.654232581,
        "time" : "20141030T121605+0100"
      }, {
        "lat" : 49.8746772674,
        "lon" : 8.653832072,
        "time" : "20141030T121621+0100"
      }, {
        "lat" : 49.8744527854,
        "lon" : 8.6532572871,
        "time" : "20141030T121654+0100"
      }, {
        "lat" : 49.8743249095,
        "lon" : 8.6528868833,
        "time" : "20141030T121714+0100"
      }, {
        "lat" : 49.8742324586,
        "lon" : 8.6525874776,
        "time" : "20141030T121734+0100"
      }, {
        "lat" : 49.8741329103,
        "lon" : 8.6520008442,
        "time" : "20141030T121815+0100"
      }, {
        "lat" : 49.8740923494,
        "lon" : 8.6517084119,
        "time" : "20141030T121835+0100"
      }, {
        "lat" : 49.874060236,
        "lon" : 8.65141532,
        "time" : "20141030T121855+0100"
      }, {
        "lat" : 49.8733102192,
        "lon" : 8.651053597,
        "time" : "20141030T121915+0100"
      } ]
    } ],
    "lastUpdate" : "20141030T122203Z"
  }, {
    "type" : "place",
    "startTime" : "20141030T121915+0100",
    "endTime" : "20141030T123504+0100",
    "place" : {
      "id" : 273491943,
      "type" : "unknown",
      "location" : {
        "lat" : 49.8733102192,
        "lon" : 8.651053597
      }
    },
    "activities" : [ {
      "activity" : "walking",
      "group" : "walking",
      "manual" : false,
      "startTime" : "20141030T121915+0100",
      "endTime" : "20141030T122227+0100",
      "duration" : 192.0,
      "distance" : 230.0,
      "steps" : 307,
      "trackPoints" : [ ]
    } ],
    "lastUpdate" : "20141030T135240Z"
  }, {
    "type" : "move",
    "startTime" : "20141030T123504+0100",
    "endTime" : "20141030T124121+0100",
    "activities" : [ {
      "activity" : "transport",
      "group" : "transport",
      "manual" : false,
      "startTime" : "20141030T123504+0100",
      "endTime" : "20141030T123749+0100",
      "duration" : 165.0,
      "distance" : 869.0,
      "trackPoints" : [ {
        "lat" : 49.8733102192,
        "lon" : 8.651053597,
        "time" : "20141030T123504+0100"
      }, {
        "lat" : 49.8723703601,
        "lon" : 8.6481852365,
        "time" : "20141030T123531+0100"
      }, {
        "lat" : 49.8723207297,
        "lon" : 8.6479431175,
        "time" : "20141030T123551+0100"
      }, {
        "lat" : 49.8722379568,
        "lon" : 8.6475041337,
        "time" : "20141030T123611+0100"
      }, {
        "lat" : 49.8721947756,
        "lon" : 8.6472164268,
        "time" : "20141030T123631+0100"
      }, {
        "lat" : 49.8717645126,
        "lon" : 8.6431115114,
        "time" : "20141030T123713+0100"
      }, {
        "lat" : 49.8716835237,
        "lon" : 8.6424068502,
        "time" : "20141030T123731+0100"
      }, {
        "lat" : 49.8714489416,
        "lon" : 8.640547105,
        "time" : "20141030T123749+0100"
      } ]
    }, {
      "activity" : "walking",
      "group" : "walking",
      "manual" : false,
      "startTime" : "20141030T123749+0100",
      "endTime" : "20141030T124121+0100",
      "duration" : 212.0,
      "distance" : 385.0,
      "steps" : 320,
      "trackPoints" : [ {
        "lat" : 49.8714489416,
        "lon" : 8.640547105,
        "time" : "20141030T123749+0100"
      }, {
        "lat" : 49.8709289151,
        "lon" : 8.6368093048,
        "time" : "20141030T123811+0100"
      }, {
        "lat" : 49.8709334055,
        "lon" : 8.636175973,
        "time" : "20141030T123831+0100"
      }, {
        "lat" : 49.8709579332,
        "lon" : 8.6360952934,
        "time" : "20141030T123852+0100"
      }, {
        "lat" : 49.8710084377,
        "lon" : 8.6360014011,
        "time" : "20141030T123912+0100"
      }, {
        "lat" : 49.8718766128,
        "lon" : 8.6350668932,
        "time" : "20141030T124031+0100"
      }, {
        "lat" : 49.87213228,
        "lon" : 8.6349113921,
        "time" : "20141030T124053+0100"
      }, {
        "lat" : 49.8727826445,
        "lon" : 8.6354125494,
        "time" : "20141030T124121+0100"
      } ]
    } ],
    "lastUpdate" : "20141030T135240Z"
  }, {
    "type" : "place",
    "startTime" : "20141030T124121+0100",
    "endTime" : "20141030T124622+0100",
    "place" : {
      "id" : 268096834,
      "type" : "unknown",
      "location" : {
        "lat" : 49.8727826445,
        "lon" : 8.6354125494
      }
    },
    "activities" : [ {
      "activity" : "walking",
      "group" : "walking",
      "manual" : false,
      "startTime" : "20141030T124121+0100",
      "endTime" : "20141030T124220+0100",
      "duration" : 59.0,
      "distance" : 44.0,
      "steps" : 89,
      "trackPoints" : [ ]
    } ],
    "lastUpdate" : "20141030T135240Z"
  }, {
    "type" : "move",
    "startTime" : "20141030T124622+0100",
    "endTime" : "20141030T125052+0100",
    "activities" : [ {
      "activity" : "walking",
      "group" : "walking",
      "manual" : false,
      "startTime" : "20141030T124622+0100",
      "endTime" : "20141030T125052+0100",
      "duration" : 270.0,
      "distance" : 268.0,
      "steps" : 372,
      "trackPoints" : [ {
        "lat" : 49.8727826445,
        "lon" : 8.6354125494,
        "time" : "20141030T124622+0100"
      }, {
        "lat" : 49.8727302708,
        "lon" : 8.6353137918,
        "time" : "20141030T124642+0100"
      }, {
        "lat" : 49.8727463791,
        "lon" : 8.6353270491,
        "time" : "20141030T124702+0100"
      }, {
        "lat" : 49.8727353374,
        "lon" : 8.6352405884,
        "time" : "20141030T124722+0100"
      }, {
        "lat" : 49.8726274507,
        "lon" : 8.6350705546,
        "time" : "20141030T124752+0100"
      }, {
        "lat" : 49.8723732029,
        "lon" : 8.634954425,
        "time" : "20141030T124812+0100"
      }, {
        "lat" : 49.8722223876,
        "lon" : 8.6348858353,
        "time" : "20141030T124832+0100"
      }, {
        "lat" : 49.8721661958,
        "lon" : 8.6348688517,
        "time" : "20141030T124902+0100"
      }, {
        "lat" : 49.872119019,
        "lon" : 8.6348736959,
        "time" : "20141030T124922+0100"
      }, {
        "lat" : 49.8718471524,
        "lon" : 8.6349311077,
        "time" : "20141030T124952+0100"
      }, {
        "lat" : 49.8716834023,
        "lon" : 8.6349907004,
        "time" : "20141030T125012+0100"
      }, {
        "lat" : 49.8707933921,
        "lon" : 8.6353691637,
        "time" : "20141030T125052+0100"
      } ]
    } ],
    "lastUpdate" : "20141030T135240Z"
  }, {
    "type" : "place",
    "startTime" : "20141030T125052+0100",
    "endTime" : "20141030T130013+0100",
    "place" : {
      "id" : 273491944,
      "type" : "unknown",
      "location" : {
        "lat" : 49.8707933921,
        "lon" : 8.6353691637
      }
    },
    "activities" : [ {
      "activity" : "walking",
      "group" : "walking",
      "manual" : false,
      "startTime" : "20141030T125052+0100",
      "endTime" : "20141030T125128+0100",
      "duration" : 36.0,
      "distance" : 24.0,
      "steps" : 47,
      "trackPoints" : [ ]
    }, {
      "activity" : "walking",
      "group" : "walking",
      "manual" : false,
      "startTime" : "20141030T130000+0100",
      "endTime" : "20141030T130007+0100",
      "duration" : 7.0,
      "distance" : 5.0,
      "steps" : 10,
      "trackPoints" : [ ]
    } ],
    "lastUpdate" : "20141030T135240Z"
  }, {
    "type" : "move",
    "startTime" : "20141030T130013+0100",
    "endTime" : "20141030T130559+0100",
    "activities" : [ {
      "activity" : "walking",
      "group" : "walking",
      "manual" : false,
      "startTime" : "20141030T130013+0100",
      "endTime" : "20141030T130559+0100",
      "duration" : 346.0,
      "distance" : 511.0,
      "steps" : 579,
      "trackPoints" : [ {
        "lat" : 49.8707933921,
        "lon" : 8.6353691637,
        "time" : "20141030T130013+0100"
      }, {
        "lat" : 49.87074941,
        "lon" : 8.6358153859,
        "time" : "20141030T130034+0100"
      }, {
        "lat" : 49.8710849935,
        "lon" : 8.6358767686,
        "time" : "20141030T130115+0100"
      }, {
        "lat" : 49.8713161541,
        "lon" : 8.6358281553,
        "time" : "20141030T130135+0100"
      }, {
        "lat" : 49.8727397487,
        "lon" : 8.6353093326,
        "time" : "20141030T130310+0100"
      }, {
        "lat" : 49.8728372867,
        "lon" : 8.6356515732,
        "time" : "20141030T130330+0100"
      }, {
        "lat" : 49.8729271724,
        "lon" : 8.6358866061,
        "time" : "20141030T130348+0100"
      }, {
        "lat" : 49.8729760915,
        "lon" : 8.6360930227,
        "time" : "20141030T130409+0100"
      }, {
        "lat" : 49.8729833527,
        "lon" : 8.6365958945,
        "time" : "20141030T130434+0100"
      }, {
        "lat" : 49.872991863,
        "lon" : 8.6375107402,
        "time" : "20141030T130503+0100"
      }, {
        "lat" : 49.8730153074,
        "lon" : 8.6378860091,
        "time" : "20141030T130522+0100"
      }, {
        "lat" : 49.873046724,
        "lon" : 8.6380838496,
        "time" : "20141030T130539+0100"
      }, {
        "lat" : 49.8731107929,
        "lon" : 8.6382454272,
        "time" : "20141030T130559+0100"
      } ]
    } ],
    "lastUpdate" : "20141030T135240Z"
  }, {
    "type" : "place",
    "startTime" : "20141030T130559+0100",
    "endTime" : "20141030T133950+0100",
    "place" : {
      "id" : 273517701,
      "type" : "unknown",
      "location" : {
        "lat" : 49.8731107929,
        "lon" : 8.6382454272
      }
    },
    "activities" : [ {
      "activity" : "walking",
      "group" : "walking",
      "manual" : false,
      "startTime" : "20141030T130559+0100",
      "endTime" : "20141030T130615+0100",
      "duration" : 16.0,
      "distance" : 11.0,
      "steps" : 21,
      "trackPoints" : [ ]
    } ],
    "lastUpdate" : "20141030T135240Z"
  }, {
    "type" : "move",
    "startTime" : "20141030T133950+0100",
    "endTime" : "20141030T134342+0100",
    "activities" : [ {
      "activity" : "walking",
      "group" : "walking",
      "manual" : false,
      "startTime" : "20141030T133950+0100",
      "endTime" : "20141030T134342+0100",
      "duration" : 232.0,
      "distance" : 241.0,
      "steps" : 367,
      "trackPoints" : [ {
        "lat" : 49.8731107929,
        "lon" : 8.6382454272,
        "time" : "20141030T133950+0100"
      }, {
        "lat" : 49.8731110313,
        "lon" : 8.63818368,
        "time" : "20141030T134020+0100"
      }, {
        "lat" : 49.873110346,
        "lon" : 8.6381663827,
        "time" : "20141030T134041+0100"
      }, {
        "lat" : 49.8731071874,
        "lon" : 8.6381476944,
        "time" : "20141030T134101+0100"
      }, {
        "lat" : 49.8731055699,
        "lon" : 8.6381880376,
        "time" : "20141030T134121+0100"
      }, {
        "lat" : 49.8730626932,
        "lon" : 8.6366531848,
        "time" : "20141030T134202+0100"
      }, {
        "lat" : 49.8730445382,
        "lon" : 8.636251141,
        "time" : "20141030T134222+0100"
      }, {
        "lat" : 49.8730303545,
        "lon" : 8.6360937661,
        "time" : "20141030T134243+0100"
      }, {
        "lat" : 49.8727826445,
        "lon" : 8.6354125494,
        "time" : "20141030T134342+0100"
      } ]
    } ],
    "lastUpdate" : "20141030T135240Z"
  }, {
    "type" : "place",
    "startTime" : "20141030T134343+0100",
    "endTime" : "20141030T145643+0100",
    "place" : {
      "id" : 268096834,
      "type" : "unknown",
      "location" : {
        "lat" : 49.8727826445,
        "lon" : 8.6354125494
      }
    },
    "activities" : [ {
      "activity" : "walking",
      "group" : "walking",
      "manual" : false,
      "startTime" : "20141030T134343+0100",
      "endTime" : "20141030T134413+0100",
      "duration" : 30.0,
      "distance" : 22.0,
      "steps" : 44,
      "trackPoints" : [ ]
    } ],
    "lastUpdate" : "20141030T161643Z"
  }, {
    "type" : "move",
    "startTime" : "20141030T145643+0100",
    "endTime" : "20141030T145944+0100",
    "activities" : [ {
      "activity" : "walking",
      "group" : "walking",
      "manual" : false,
      "startTime" : "20141030T145643+0100",
      "endTime" : "20141030T145943+0100",
      "duration" : 180.0,
      "distance" : 292.0,
      "steps" : 341,
      "trackPoints" : [ {
        "lat" : 49.8727826445,
        "lon" : 8.6354125494,
        "time" : "20141030T145643+0100"
      }, {
        "lat" : 49.8726169368,
        "lon" : 8.635191205,
        "time" : "20141030T145711+0100"
      }, {
        "lat" : 49.8724700261,
        "lon" : 8.6350590853,
        "time" : "20141030T145731+0100"
      }, {
        "lat" : 49.8720355552,
        "lon" : 8.6349042912,
        "time" : "20141030T145811+0100"
      }, {
        "lat" : 49.8718196504,
        "lon" : 8.6348877685,
        "time" : "20141030T145832+0100"
      }, {
        "lat" : 49.8715275433,
        "lon" : 8.6349366267,
        "time" : "20141030T145853+0100"
      }, {
        "lat" : 49.8711531253,
        "lon" : 8.6350596018,
        "time" : "20141030T145916+0100"
      }, {
        "lat" : 49.870801901,
        "lon" : 8.6362316516,
        "time" : "20141030T145944+0100"
      } ]
    } ],
    "lastUpdate" : "20141030T161643Z"
  }, {
    "type" : "place",
    "startTime" : "20141030T145944+0100",
    "endTime" : "20141030T151127+0100",
    "place" : {
      "id" : 273561255,
      "type" : "unknown",
      "location" : {
        "lat" : 49.870801901,
        "lon" : 8.6362316516
      }
    },
    "activities" : [ {
      "activity" : "walking",
      "group" : "walking",
      "manual" : false,
      "startTime" : "20141030T145944+0100",
      "endTime" : "20141030T150000+0100",
      "duration" : 16.0,
      "distance" : 13.0,
      "steps" : 26,
      "trackPoints" : [ ]
    }, {
      "activity" : "walking",
      "group" : "walking",
      "manual" : false,
      "startTime" : "20141030T150045+0100",
      "endTime" : "20141030T150223+0100",
      "duration" : 98.0,
      "distance" : 67.0,
      "steps" : 133,
      "trackPoints" : [ ]
    } ],
    "lastUpdate" : "20141030T161643Z"
  }, {
    "type" : "move",
    "startTime" : "20141030T151127+0100",
    "endTime" : "20141030T152316+0100",
    "activities" : [ {
      "activity" : "transport",
      "group" : "transport",
      "manual" : false,
      "startTime" : "20141030T151127+0100",
      "endTime" : "20141030T151940+0100",
      "duration" : 493.0,
      "distance" : 2137.0,
      "trackPoints" : [ {
        "lat" : 49.870801901,
        "lon" : 8.6362316516,
        "time" : "20141030T151127+0100"
      }, {
        "lat" : 49.8710286466,
        "lon" : 8.6381610335,
        "time" : "20141030T151157+0100"
      }, {
        "lat" : 49.8713147898,
        "lon" : 8.6401835568,
        "time" : "20141030T151213+0100"
      }, {
        "lat" : 49.8714485487,
        "lon" : 8.6411480589,
        "time" : "20141030T151233+0100"
      }, {
        "lat" : 49.8728804356,
        "lon" : 8.6504766223,
        "time" : "20141030T151455+0100"
      }, {
        "lat" : 49.8728981927,
        "lon" : 8.6506157042,
        "time" : "20141030T151514+0100"
      }, {
        "lat" : 49.8729003401,
        "lon" : 8.6506326045,
        "time" : "20141030T151544+0100"
      }, {
        "lat" : 49.8729005513,
        "lon" : 8.650634264,
        "time" : "20141030T151604+0100"
      }, {
        "lat" : 49.8729017006,
        "lon" : 8.6506424784,
        "time" : "20141030T151624+0100"
      }, {
        "lat" : 49.8729029818,
        "lon" : 8.6506526611,
        "time" : "20141030T151644+0100"
      }, {
        "lat" : 49.8729328373,
        "lon" : 8.6512412967,
        "time" : "20141030T151715+0100"
      }, {
        "lat" : 49.8729769416,
        "lon" : 8.651918852,
        "time" : "20141030T151736+0100"
      }, {
        "lat" : 49.8729933199,
        "lon" : 8.6554563028,
        "time" : "20141030T151809+0100"
      }, {
        "lat" : 49.8746972953,
        "lon" : 8.6566885838,
        "time" : "20141030T151834+0100"
      }, {
        "lat" : 49.8752413277,
        "lon" : 8.6587733753,
        "time" : "20141030T151919+0100"
      }, {
        "lat" : 49.8755844905,
        "lon" : 8.6598140334,
        "time" : "20141030T151940+0100"
      } ]
    }, {
      "activity" : "walking",
      "group" : "walking",
      "manual" : false,
      "startTime" : "20141030T151940+0100",
      "endTime" : "20141030T152316+0100",
      "duration" : 216.0,
      "distance" : 224.0,
      "steps" : 394,
      "trackPoints" : [ {
        "lat" : 49.8755844905,
        "lon" : 8.6598140334,
        "time" : "20141030T151940+0100"
      }, {
        "lat" : 49.875649967,
        "lon" : 8.6600621007,
        "time" : "20141030T152006+0100"
      }, {
        "lat" : 49.8756761158,
        "lon" : 8.660161561,
        "time" : "20141030T152026+0100"
      }, {
        "lat" : 49.8757132803,
        "lon" : 8.6604448642,
        "time" : "20141030T152107+0100"
      }, {
        "lat" : 49.8756361347,
        "lon" : 8.6604521872,
        "time" : "20141030T152127+0100"
      }, {
        "lat" : 49.8752356779,
        "lon" : 8.660304582,
        "time" : "20141030T152156+0100"
      }, {
        "lat" : 49.8751356639,
        "lon" : 8.6602791371,
        "time" : "20141030T152216+0100"
      }, {
        "lat" : 49.8747724837,
        "lon" : 8.6603133883,
        "time" : "20141030T152256+0100"
      }, {
        "lat" : 49.8742715717,
        "lon" : 8.6605648722,
        "time" : "20141030T152316+0100"
      } ]
    } ],
    "lastUpdate" : "20141030T161643Z"
  }, {
    "type" : "place",
    "startTime" : "20141030T152316+0100",
    "endTime" : "20141030T205601+0100",
    "place" : {
      "id" : 227329234,
      "name" : "KOM Lab",
      "type" : "work",
      "location" : {
        "lat" : 49.8742715717,
        "lon" : 8.6605648722
      }
    },
    "activities" : [ {
      "activity" : "walking",
      "group" : "walking",
      "manual" : false,
      "startTime" : "20141030T152316+0100",
      "endTime" : "20141030T152328+0100",
      "duration" : 12.0,
      "distance" : 8.0,
      "steps" : 16,
      "trackPoints" : [ ]
    }, {
      "activity" : "walking",
      "group" : "walking",
      "manual" : false,
      "startTime" : "20141030T201936+0100",
      "endTime" : "20141030T201937+0100",
      "duration" : 1.0,
      "distance" : 1.0,
      "steps" : 1,
      "trackPoints" : [ ]
    } ],
    "lastUpdate" : "20141030T212735Z"
  }, {
    "type" : "place",
    "startTime" : "20141030T210639+0100",
    "endTime" : "20141030T211348+0100",
    "place" : {
      "id" : 227329234,
      "name" : "KOM Lab",
      "type" : "work",
      "location" : {
        "lat" : 49.8742715717,
        "lon" : 8.6605648722
      }
    },
    "lastUpdate" : "20141030T212735Z"
  }, {
    "type" : "move",
    "startTime" : "20141030T211348+0100",
    "endTime" : "20141030T213129+0100",
    "activities" : [ {
      "activity" : "walking",
      "group" : "walking",
      "manual" : false,
      "startTime" : "20141030T211348+0100",
      "endTime" : "20141030T211725+0100",
      "duration" : 217.0,
      "distance" : 120.0,
      "steps" : 234,
      "trackPoints" : [ {
        "lat" : 49.8742715717,
        "lon" : 8.6605648722,
        "time" : "20141030T211348+0100"
      }, {
        "lat" : 49.8742518871,
        "lon" : 8.660520334,
        "time" : "20141030T211405+0100"
      }, {
        "lat" : 49.8742544662,
        "lon" : 8.6605384437,
        "time" : "20141030T211425+0100"
      }, {
        "lat" : 49.874257062,
        "lon" : 8.6605658169,
        "time" : "20141030T211445+0100"
      }, {
        "lat" : 49.8742599316,
        "lon" : 8.6606070208,
        "time" : "20141030T211505+0100"
      }, {
        "lat" : 49.8742657119,
        "lon" : 8.6607306432,
        "time" : "20141030T211547+0100"
      }, {
        "lat" : 49.8742496498,
        "lon" : 8.6607014104,
        "time" : "20141030T211607+0100"
      }, {
        "lat" : 49.8742900297,
        "lon" : 8.6609552571,
        "time" : "20141030T211627+0100"
      }, {
        "lat" : 49.8743583117,
        "lon" : 8.6611515545,
        "time" : "20141030T211648+0100"
      }, {
        "lat" : 49.8745114655,
        "lon" : 8.6612194135,
        "time" : "20141030T211708+0100"
      }, {
        "lat" : 49.8748608011,
        "lon" : 8.6611816759,
        "time" : "20141030T211726+0100"
      } ]
    }, {
      "activity" : "transport",
      "group" : "transport",
      "manual" : false,
      "startTime" : "20141030T211726+0100",
      "endTime" : "20141030T212425+0100",
      "duration" : 419.0,
      "distance" : 989.0,
      "trackPoints" : [ {
        "lat" : 49.8748608011,
        "lon" : 8.6611816759,
        "time" : "20141030T211726+0100"
      }, {
        "lat" : 49.8751758583,
        "lon" : 8.6610591658,
        "time" : "20141030T211745+0100"
      }, {
        "lat" : 49.8756474657,
        "lon" : 8.6606212012,
        "time" : "20141030T211818+0100"
      }, {
        "lat" : 49.8757834859,
        "lon" : 8.6604929079,
        "time" : "20141030T211843+0100"
      }, {
        "lat" : 49.8758325189,
        "lon" : 8.6604524836,
        "time" : "20141030T211901+0100"
      }, {
        "lat" : 49.8758607215,
        "lon" : 8.6604394113,
        "time" : "20141030T211921+0100"
      }, {
        "lat" : 49.8758739826,
        "lon" : 8.6604348564,
        "time" : "20141030T211951+0100"
      }, {
        "lat" : 49.8758798757,
        "lon" : 8.6604340935,
        "time" : "20141030T212015+0100"
      }, {
        "lat" : 49.8758841404,
        "lon" : 8.6604347345,
        "time" : "20141030T212045+0100"
      }, {
        "lat" : 49.8758848627,
        "lon" : 8.660434794,
        "time" : "20141030T212105+0100"
      }, {
        "lat" : 49.8810409936,
        "lon" : 8.6652350964,
        "time" : "20141030T212329+0100"
      }, {
        "lat" : 49.8816177752,
        "lon" : 8.6655400696,
        "time" : "20141030T212425+0100"
      } ]
    }, {
      "activity" : "walking",
      "group" : "walking",
      "manual" : false,
      "startTime" : "20141030T212425+0100",
      "endTime" : "20141030T213129+0100",
      "duration" : 424.0,
      "distance" : 446.0,
      "steps" : 356,
      "trackPoints" : [ {
        "lat" : 49.8816177752,
        "lon" : 8.6655400696,
        "time" : "20141030T212425+0100"
      }, {
        "lat" : 49.8817394396,
        "lon" : 8.665640302,
        "time" : "20141030T212457+0100"
      }, {
        "lat" : 49.8817618544,
        "lon" : 8.6656578844,
        "time" : "20141030T212517+0100"
      }, {
        "lat" : 49.8820517171,
        "lon" : 8.6662620332,
        "time" : "20141030T212601+0100"
      }, {
        "lat" : 49.8822273848,
        "lon" : 8.6667932186,
        "time" : "20141030T212638+0100"
      }, {
        "lat" : 49.8823521542,
        "lon" : 8.6675069393,
        "time" : "20141030T212709+0100"
      }, {
        "lat" : 49.8824220802,
        "lon" : 8.6680031116,
        "time" : "20141030T212729+0100"
      }, {
        "lat" : 49.8824621836,
        "lon" : 8.668419729,
        "time" : "20141030T212746+0100"
      }, {
        "lat" : 49.8824736873,
        "lon" : 8.66878892,
        "time" : "20141030T212806+0100"
      }, {
        "lat" : 49.8823642187,
        "lon" : 8.669445932,
        "time" : "20141030T212856+0100"
      }, {
        "lat" : 49.8822550582,
        "lon" : 8.669809781,
        "time" : "20141030T212926+0100"
      }, {
        "lat" : 49.8821742705,
        "lon" : 8.6700626958,
        "time" : "20141030T212951+0100"
      }, {
        "lat" : 49.8821197294,
        "lon" : 8.6702319346,
        "time" : "20141030T213016+0100"
      }, {
        "lat" : 49.8821014375,
        "lon" : 8.6702912035,
        "time" : "20141030T213036+0100"
      }, {
        "lat" : 49.8820886432,
        "lon" : 8.6703635418,
        "time" : "20141030T213059+0100"
      }, {
        "lat" : 49.8819996044,
        "lon" : 8.6702592175,
        "time" : "20141030T213129+0100"
      } ]
    } ],
    "lastUpdate" : "20141030T212735Z"
  }, {
    "type" : "place",
    "startTime" : "20141030T213129+0100",
    "endTime" : "20141031T082943+0100",
    "place" : {
      "id" : 251291724,
      "name" : "Home",
      "type" : "home",
      "location" : {
        "lat" : 49.8819996044,
        "lon" : 8.6702592175
      }
    },
    "activities" : [ {
      "activity" : "walking",
      "group" : "walking",
      "manual" : false,
      "startTime" : "20141030T214053+0100",
      "endTime" : "20141030T214153+0100",
      "duration" : 60.0,
      "distance" : 40.0,
      "steps" : 81,
      "trackPoints" : [ ]
    }, {
      "activity" : "walking",
      "group" : "walking",
      "manual" : false,
      "startTime" : "20141030T220102+0100",
      "endTime" : "20141030T220153+0100",
      "duration" : 51.0,
      "distance" : 30.0,
      "steps" : 60,
      "trackPoints" : [ ]
    } ],
    "lastUpdate" : "20141031T104240Z"
  } ],
  "lastUpdate" : "20141031T104240Z"
} ]