[ {
  "date" : "20140908",
  "summary" : [ {
    "activity" : "walking",
    "group" : "walking",
    "duration" : 1536.0,
    "distance" : 1594.0,
    "steps" : 2319
  }, {
    "activity" : "cycling",
    "group" : "cycling",
    "duration" : 2324.0,
    "distance" : 9217.0
  }, {
    "activity" : "transport",
    "group" : "transport",
    "duration" : 337.0,
    "distance" : 591.0
  } ],
  "segments" : [ {
    "type" : "place",
    "startTime" : "20140907T222934+0200",
    "endTime" : "20140908T085850+0200",
    "place" : {
      "id" : 251291724,
      "name" : "Home",
      "type" : "home",
      "location" : {
        "lat" : 49.8819996044,
        "lon" : 8.6702592175
      }
    },
    "activities" : [ {
      "activity" : "walking",
      "group" : "walking",
      "manual" : false,
      "startTime" : "20140908T001753+0200",
      "endTime" : "20140908T001843+0200",
      "duration" : 50.0,
      "distance" : 31.0,
      "steps" : 61,
      "trackPoints" : [ ]
    }, {
      "activity" : "walking",
      "group" : "walking",
      "manual" : false,
      "startTime" : "20140908T013038+0200",
      "endTime" : "20140908T013128+0200",
      "duration" : 50.0,
      "distance" : 29.0,
      "steps" : 57,
      "trackPoints" : [ ]
    }, {
      "activity" : "walking",
      "group" : "walking",
      "manual" : false,
      "startTime" : "20140908T082816+0200",
      "endTime" : "20140908T083000+0200",
      "duration" : 104.0,
      "distance" : 64.0,
      "steps" : 128,
      "trackPoints" : [ ]
    } ],
    "lastUpdate" : "20140908T115602Z"
  }, {
    "type" : "move",
    "startTime" : "20140908T085850+0200",
    "endTime" : "20140908T090430+0200",
    "activities" : [ {
      "activity" : "walking",
      "group" : "walking",
      "manual" : false,
      "startTime" : "20140908T085850+0200",
      "endTime" : "20140908T090431+0200",
      "duration" : 341.0,
      "distance" : 476.0,
      "steps" : 618,
      "trackPoints" : [ {
        "lat" : 49.8819996044,
        "lon" : 8.6702592175,
        "time" : "20140908T085850+0200"
      }, {
        "lat" : 49.8820197764,
        "lon" : 8.6702248924,
        "time" : "20140908T085910+0200"
      }, {
        "lat" : 49.8820204653,
        "lon" : 8.6702234869,
        "time" : "20140908T085930+0200"
      }, {
        "lat" : 49.8820376996,
        "lon" : 8.6701872245,
        "time" : "20140908T085959+0200"
      }, {
        "lat" : 49.8820377054,
        "lon" : 8.6701872122,
        "time" : "20140908T090000+0200"
      }, {
        "lat" : 49.8820421239,
        "lon" : 8.6701779154,
        "time" : "20140908T090007+0200"
      }, {
        "lat" : 49.8820535341,
        "lon" : 8.6701537469,
        "time" : "20140908T090027+0200"
      }, {
        "lat" : 49.882065886,
        "lon" : 8.670126674,
        "time" : "20140908T090047+0200"
      }, {
        "lat" : 49.8820867488,
        "lon" : 8.6700742256,
        "time" : "20140908T090107+0200"
      }, {
        "lat" : 49.8823036813,
        "lon" : 8.6694566427,
        "time" : "20140908T090138+0200"
      }, {
        "lat" : 49.8824950548,
        "lon" : 8.668884543,
        "time" : "20140908T090208+0200"
      }, {
        "lat" : 49.882613246,
        "lon" : 8.6684816348,
        "time" : "20140908T090228+0200"
      }, {
        "lat" : 49.8827630773,
        "lon" : 8.66790357,
        "time" : "20140908T090251+0200"
      }, {
        "lat" : 49.8829156516,
        "lon" : 8.6672819187,
        "time" : "20140908T090308+0200"
      }, {
        "lat" : 49.883018347,
        "lon" : 8.6668546913,
        "time" : "20140908T090328+0200"
      }, {
        "lat" : 49.8830516546,
        "lon" : 8.6666737305,
        "time" : "20140908T090350+0200"
      }, {
        "lat" : 49.8830506035,
        "lon" : 8.6666026245,
        "time" : "20140908T090408+0200"
      }, {
        "lat" : 49.882194,
        "lon" : 8.665967,
        "time" : "20140908T090430+0200"
      } ]
    } ],
    "lastUpdate" : "20140908T115602Z"
  }, {
    "type" : "place",
    "startTime" : "20140908T090430+0200",
    "endTime" : "20140908T092936+0200",
    "place" : {
      "id" : 251292369,
      "name" : "H Karlshof",
      "type" : "foursquare",
      "foursquareId" : "4d31931eb60937045413eddf",
      "location" : {
        "lat" : 49.882194,
        "lon" : 8.665967
      }
    },
    "activities" : [ {
      "activity" : "walking",
      "group" : "walking",
      "manual" : false,
      "startTime" : "20140908T090430+0200",
      "endTime" : "20140908T091031+0200",
      "duration" : 361.0,
      "distance" : 452.0,
      "steps" : 603,
      "trackPoints" : [ ]
    } ],
    "lastUpdate" : "20140908T115602Z"
  }, {
    "type" : "move",
    "startTime" : "20140908T092936+0200",
    "endTime" : "20140908T094810+0200",
    "activities" : [ {
      "activity" : "walking",
      "group" : "walking",
      "manual" : false,
      "startTime" : "20140908T092936+0200",
      "endTime" : "20140908T093201+0200",
      "duration" : 145.0,
      "distance" : 174.0,
      "steps" : 132,
      "trackPoints" : [ {
        "lat" : 49.882194,
        "lon" : 8.665967,
        "time" : "20140908T092936+0200"
      }, {
        "lat" : 49.8821558443,
        "lon" : 8.6700627786,
        "time" : "20140908T092959+0200"
      }, {
        "lat" : 49.8821588095,
        "lon" : 8.6701307673,
        "time" : "20140908T093019+0200"
      }, {
        "lat" : 49.8821571328,
        "lon" : 8.6701461996,
        "time" : "20140908T093039+0200"
      }, {
        "lat" : 49.8821539814,
        "lon" : 8.6701498767,
        "time" : "20140908T093059+0200"
      }, {
        "lat" : 49.8821603919,
        "lon" : 8.6701470256,
        "time" : "20140908T093121+0200"
      }, {
        "lat" : 49.882113968,
        "lon" : 8.670173033,
        "time" : "20140908T093144+0200"
      }, {
        "lat" : 49.8820712941,
        "lon" : 8.6701864707,
        "time" : "20140908T093201+0200"
      } ]
    }, {
      "activity" : "cycling",
      "group" : "cycling",
      "manual" : false,
      "startTime" : "20140908T093201+0200",
      "endTime" : "20140908T094810+0200",
      "duration" : 969.0,
      "distance" : 4275.0,
      "trackPoints" : [ {
        "lat" : 49.8820712941,
        "lon" : 8.6701864707,
        "time" : "20140908T093201+0200"
      }, {
        "lat" : 49.882060601,
        "lon" : 8.6701817548,
        "time" : "20140908T093221+0200"
      }, {
        "lat" : 49.8820502954,
        "lon" : 8.6701770603,
        "time" : "20140908T093246+0200"
      }, {
        "lat" : 49.882041948,
        "lon" : 8.6701687564,
        "time" : "20140908T093306+0200"
      }, {
        "lat" : 49.8820336964,
        "lon" : 8.6701574928,
        "time" : "20140908T093326+0200"
      }, {
        "lat" : 49.8820214615,
        "lon" : 8.6701434391,
        "time" : "20140908T093351+0200"
      }, {
        "lat" : 49.881994278,
        "lon" : 8.6701149691,
        "time" : "20140908T093406+0200"
      }, {
        "lat" : 49.8819508696,
        "lon" : 8.6700695707,
        "time" : "20140908T093426+0200"
      }, {
        "lat" : 49.8818939728,
        "lon" : 8.6700089853,
        "time" : "20140908T093456+0200"
      }, {
        "lat" : 49.8799003087,
        "lon" : 8.667863838,
        "time" : "20140908T093516+0200"
      }, {
        "lat" : 49.8797429589,
        "lon" : 8.6676964577,
        "time" : "20140908T093541+0200"
      }, {
        "lat" : 49.8788440637,
        "lon" : 8.6667942058,
        "time" : "20140908T093606+0200"
      }, {
        "lat" : 49.878553465,
        "lon" : 8.6664772069,
        "time" : "20140908T093626+0200"
      }, {
        "lat" : 49.8783207865,
        "lon" : 8.6660044562,
        "time" : "20140908T093646+0200"
      }, {
        "lat" : 49.8776353648,
        "lon" : 8.6644981148,
        "time" : "20140908T093706+0200"
      }, {
        "lat" : 49.8774678925,
        "lon" : 8.6641289795,
        "time" : "20140908T093729+0200"
      }, {
        "lat" : 49.8764008212,
        "lon" : 8.6617632666,
        "time" : "20140908T093759+0200"
      }, {
        "lat" : 49.8761696558,
        "lon" : 8.6612285124,
        "time" : "20140908T093822+0200"
      }, {
        "lat" : 49.8760683954,
        "lon" : 8.6609791688,
        "time" : "20140908T093846+0200"
      }, {
        "lat" : 49.8760096259,
        "lon" : 8.6608022851,
        "time" : "20140908T093910+0200"
      }, {
        "lat" : 49.8751977898,
        "lon" : 8.6579288919,
        "time" : "20140908T093940+0200"
      }, {
        "lat" : 49.8748987195,
        "lon" : 8.6568926456,
        "time" : "20140908T093958+0200"
      }, {
        "lat" : 49.8747995002,
        "lon" : 8.6564395405,
        "time" : "20140908T094017+0200"
      }, {
        "lat" : 49.8744136317,
        "lon" : 8.6540691366,
        "time" : "20140908T094047+0200"
      }, {
        "lat" : 49.8742861892,
        "lon" : 8.6529688985,
        "time" : "20140908T094109+0200"
      }, {
        "lat" : 49.8737824834,
        "lon" : 8.6480816496,
        "time" : "20140908T094144+0200"
      }, {
        "lat" : 49.873515263,
        "lon" : 8.6460347268,
        "time" : "20140908T094202+0200"
      }, {
        "lat" : 49.8734057473,
        "lon" : 8.6454261337,
        "time" : "20140908T094217+0200"
      }, {
        "lat" : 49.8730233577,
        "lon" : 8.6434868488,
        "time" : "20140908T094240+0200"
      }, {
        "lat" : 49.8725848415,
        "lon" : 8.6418532914,
        "time" : "20140908T094310+0200"
      }, {
        "lat" : 49.8724517563,
        "lon" : 8.6417279748,
        "time" : "20140908T094331+0200"
      }, {
        "lat" : 49.8714275287,
        "lon" : 8.6406574383,
        "time" : "20140908T094419+0200"
      }, {
        "lat" : 49.8713263852,
        "lon" : 8.6402565124,
        "time" : "20140908T094440+0200"
      }, {
        "lat" : 49.8704992719,
        "lon" : 8.6333451524,
        "time" : "20140908T094516+0200"
      }, {
        "lat" : 49.8704166968,
        "lon" : 8.6326206003,
        "time" : "20140908T094536+0200"
      }, {
        "lat" : 49.8704950753,
        "lon" : 8.6333730708,
        "time" : "20140908T094559+0200"
      }, {
        "lat" : 49.870553022,
        "lon" : 8.6333221263,
        "time" : "20140908T094621+0200"
      }, {
        "lat" : 49.8709819511,
        "lon" : 8.6273970292,
        "time" : "20140908T094721+0200"
      }, {
        "lat" : 49.8712952279,
        "lon" : 8.6249912643,
        "time" : "20140908T094810+0200"
      } ]
    } ],
    "lastUpdate" : "20140908T115602Z"
  }, {
    "type" : "place",
    "startTime" : "20140908T094810+0200",
    "endTime" : "20140908T135834+0200",
    "place" : {
      "id" : 249718361,
      "name" : "Consetto",
      "type" : "work",
      "location" : {
        "lat" : 49.8712952279,
        "lon" : 8.6249912643
      }
    },
    "activities" : [ {
      "activity" : "walking",
      "group" : "walking",
      "manual" : false,
      "startTime" : "20140908T094817+0200",
      "endTime" : "20140908T094921+0200",
      "duration" : 64.0,
      "distance" : 51.0,
      "steps" : 101,
      "trackPoints" : [ ]
    }, {
      "activity" : "walking",
      "group" : "walking",
      "manual" : false,
      "startTime" : "20140908T135459+0200",
      "endTime" : "20140908T135649+0200",
      "duration" : 110.0,
      "distance" : 96.0,
      "steps" : 192,
      "trackPoints" : [ ]
    } ],
    "lastUpdate" : "20140908T131911Z"
  }, {
    "type" : "move",
    "startTime" : "20140908T135834+0200",
    "endTime" : "20140908T141815+0200",
    "activities" : [ {
      "activity" : "cycling",
      "group" : "cycling",
      "manual" : false,
      "startTime" : "20140908T135834+0200",
      "endTime" : "20140908T141816+0200",
      "duration" : 1182.0,
      "distance" : 4458.0,
      "trackPoints" : [ {
        "lat" : 49.8712952279,
        "lon" : 8.6249912643,
        "time" : "20140908T135834+0200"
      }, {
        "lat" : 49.8709493391,
        "lon" : 8.6275194373,
        "time" : "20140908T135854+0200"
      }, {
        "lat" : 49.870089751,
        "lon" : 8.6291712381,
        "time" : "20140908T135959+0200"
      }, {
        "lat" : 49.8700896205,
        "lon" : 8.629171489,
        "time" : "20140908T140000+0200"
      }, {
        "lat" : 49.8697904068,
        "lon" : 8.6297464638,
        "time" : "20140908T140022+0200"
      }, {
        "lat" : 49.8699074791,
        "lon" : 8.6305968848,
        "time" : "20140908T140038+0200"
      }, {
        "lat" : 49.8702502567,
        "lon" : 8.6328497958,
        "time" : "20140908T140132+0200"
      }, {
        "lat" : 49.8703698413,
        "lon" : 8.6337235964,
        "time" : "20140908T140204+0200"
      }, {
        "lat" : 49.8705385761,
        "lon" : 8.6346241054,
        "time" : "20140908T140244+0200"
      }, {
        "lat" : 49.8709825211,
        "lon" : 8.6386478881,
        "time" : "20140908T140341+0200"
      }, {
        "lat" : 49.8710293795,
        "lon" : 8.6402666966,
        "time" : "20140908T140358+0200"
      }, {
        "lat" : 49.871238163,
        "lon" : 8.6409755962,
        "time" : "20140908T140421+0200"
      }, {
        "lat" : 49.8713564627,
        "lon" : 8.6411520338,
        "time" : "20140908T140452+0200"
      }, {
        "lat" : 49.8716287542,
        "lon" : 8.6428643411,
        "time" : "20140908T140512+0200"
      }, {
        "lat" : 49.8716667713,
        "lon" : 8.6430929404,
        "time" : "20140908T140534+0200"
      }, {
        "lat" : 49.8716762594,
        "lon" : 8.6431588262,
        "time" : "20140908T140552+0200"
      }, {
        "lat" : 49.8716804679,
        "lon" : 8.6431930403,
        "time" : "20140908T140612+0200"
      }, {
        "lat" : 49.8727820085,
        "lon" : 8.654618897,
        "time" : "20140908T140810+0200"
      }, {
        "lat" : 49.8729647075,
        "lon" : 8.6552231794,
        "time" : "20140908T140834+0200"
      }, {
        "lat" : 49.874435994,
        "lon" : 8.6555723383,
        "time" : "20140908T140910+0200"
      }, {
        "lat" : 49.8746300423,
        "lon" : 8.6556592622,
        "time" : "20140908T140930+0200"
      }, {
        "lat" : 49.8747035353,
        "lon" : 8.6559207326,
        "time" : "20140908T140953+0200"
      }, {
        "lat" : 49.8752682805,
        "lon" : 8.6591172142,
        "time" : "20140908T141021+0200"
      }, {
        "lat" : 49.8756813118,
        "lon" : 8.6605171113,
        "time" : "20140908T141045+0200"
      }, {
        "lat" : 49.875927173,
        "lon" : 8.660779482,
        "time" : "20140908T141115+0200"
      }, {
        "lat" : 49.8760142949,
        "lon" : 8.6609653567,
        "time" : "20140908T141135+0200"
      }, {
        "lat" : 49.8760432696,
        "lon" : 8.6610316953,
        "time" : "20140908T141152+0200"
      }, {
        "lat" : 49.8760671722,
        "lon" : 8.6610878454,
        "time" : "20140908T141212+0200"
      }, {
        "lat" : 49.8760926165,
        "lon" : 8.6611457244,
        "time" : "20140908T141232+0200"
      }, {
        "lat" : 49.8761210481,
        "lon" : 8.6612141611,
        "time" : "20140908T141253+0200"
      }, {
        "lat" : 49.8761671366,
        "lon" : 8.6613381377,
        "time" : "20140908T141323+0200"
      }, {
        "lat" : 49.8761549787,
        "lon" : 8.6613100339,
        "time" : "20140908T141342+0200"
      }, {
        "lat" : 49.8785210086,
        "lon" : 8.6671383461,
        "time" : "20140908T141513+0200"
      }, {
        "lat" : 49.8787977908,
        "lon" : 8.667800416,
        "time" : "20140908T141533+0200"
      }, {
        "lat" : 49.8789419076,
        "lon" : 8.6680049974,
        "time" : "20140908T141555+0200"
      }, {
        "lat" : 49.8805273707,
        "lon" : 8.6690231124,
        "time" : "20140908T141651+0200"
      }, {
        "lat" : 49.881093537,
        "lon" : 8.6695702036,
        "time" : "20140908T141706+0200"
      }, {
        "lat" : 49.8812098774,
        "lon" : 8.6697775014,
        "time" : "20140908T141723+0200"
      }, {
        "lat" : 49.8806258539,
        "lon" : 8.6690567795,
        "time" : "20140908T141743+0200"
      }, {
        "lat" : 49.8819996044,
        "lon" : 8.6702592175,
        "time" : "20140908T141815+0200"
      } ]
    } ],
    "lastUpdate" : "20140908T131911Z"
  }, {
    "type" : "place",
    "startTime" : "20140908T141815+0200",
    "endTime" : "20140908T180202+0200",
    "place" : {
      "id" : 251291724,
      "name" : "Home",
      "type" : "home",
      "location" : {
        "lat" : 49.8819996044,
        "lon" : 8.6702592175
      }
    },
    "activities" : [ {
      "activity" : "walking",
      "group" : "walking",
      "manual" : false,
      "startTime" : "20140908T141842+0200",
      "endTime" : "20140908T141951+0200",
      "duration" : 69.0,
      "distance" : 46.0,
      "steps" : 92,
      "trackPoints" : [ ]
    }, {
      "activity" : "walking",
      "group" : "walking",
      "manual" : false,
      "startTime" : "20140908T150442+0200",
      "endTime" : "20140908T150519+0200",
      "duration" : 37.0,
      "distance" : 28.0,
      "steps" : 55,
      "trackPoints" : [ ]
    }, {
      "activity" : "walking",
      "group" : "walking",
      "manual" : false,
      "startTime" : "20140908T174724+0200",
      "endTime" : "20140908T174726+0200",
      "duration" : 2.0,
      "distance" : 2.0,
      "steps" : 3,
      "trackPoints" : [ ]
    }, {
      "activity" : "walking",
      "group" : "walking",
      "manual" : false,
      "startTime" : "20140908T180148+0200",
      "endTime" : "20140908T180157+0200",
      "duration" : 9.0,
      "distance" : 6.0,
      "steps" : 12,
      "trackPoints" : [ ]
    } ],
    "lastUpdate" : "20140908T181704Z"
  }, {
    "type" : "move",
    "startTime" : "20140908T180202+0200",
    "endTime" : "20140908T180455+0200",
    "activities" : [ {
      "activity" : "cycling",
      "group" : "cycling",
      "manual" : false,
      "startTime" : "20140908T180202+0200",
      "endTime" : "20140908T180455+0200",
      "duration" : 173.0,
      "distance" : 484.0,
      "trackPoints" : [ {
        "lat" : 49.8819996044,
        "lon" : 8.6702592175,
        "time" : "20140908T180202+0200"
      }, {
        "lat" : 49.8820504097,
        "lon" : 8.6704566753,
        "time" : "20140908T180223+0200"
      }, {
        "lat" : 49.8820521832,
        "lon" : 8.67045741,
        "time" : "20140908T180243+0200"
      }, {
        "lat" : 49.8820554195,
        "lon" : 8.6704542768,
        "time" : "20140908T180308+0200"
      }, {
        "lat" : 49.8820597457,
        "lon" : 8.6704487944,
        "time" : "20140908T180328+0200"
      }, {
        "lat" : 49.8820670582,
        "lon" : 8.670440399,
        "time" : "20140908T180350+0200"
      }, {
        "lat" : 49.8820751707,
        "lon" : 8.6704332566,
        "time" : "20140908T180408+0200"
      }, {
        "lat" : 49.8821213362,
        "lon" : 8.6703418801,
        "time" : "20140908T180428+0200"
      }, {
        "lat" : 49.8851435948,
        "lon" : 8.6660192,
        "time" : "20140908T180455+0200"
      } ]
    } ],
    "lastUpdate" : "20140908T181704Z"
  }, {
    "type" : "place",
    "startTime" : "20140908T180455+0200",
    "endTime" : "20140908T202028+0200",
    "place" : {
      "id" : 254553224,
      "type" : "unknown",
      "location" : {
        "lat" : 49.8851435948,
        "lon" : 8.6660192
      }
    },
    "activities" : [ {
      "activity" : "walking",
      "group" : "walking",
      "manual" : false,
      "startTime" : "20140908T180455+0200",
      "endTime" : "20140908T180538+0200",
      "duration" : 43.0,
      "distance" : 34.0,
      "steps" : 68,
      "trackPoints" : [ ]
    }, {
      "activity" : "walking",
      "group" : "walking",
      "manual" : false,
      "startTime" : "20140908T194810+0200",
      "endTime" : "20140908T194840+0200",
      "duration" : 30.0,
      "distance" : 15.0,
      "steps" : 20,
      "trackPoints" : [ ]
    }, {
      "activity" : "walking",
      "group" : "walking",
      "manual" : false,
      "startTime" : "20140908T201707+0200",
      "endTime" : "20140908T201714+0200",
      "duration" : 7.0,
      "distance" : 5.0,
      "steps" : 9,
      "trackPoints" : [ ]
    } ],
    "lastUpdate" : "20140908T192606Z"
  }, {
    "type" : "move",
    "startTime" : "20140908T202028+0200",
    "endTime" : "20140908T202604+0200",
    "activities" : [ {
      "activity" : "transport",
      "group" : "transport",
      "manual" : false,
      "startTime" : "20140908T202028+0200",
      "endTime" : "20140908T202605+0200",
      "duration" : 337.0,
      "distance" : 591.0,
      "trackPoints" : [ {
        "lat" : 49.8851435948,
        "lon" : 8.6660192,
        "time" : "20140908T202028+0200"
      }, {
        "lat" : 49.883825115,
        "lon" : 8.6659222782,
        "time" : "20140908T202058+0200"
      }, {
        "lat" : 49.8837630672,
        "lon" : 8.6660515977,
        "time" : "20140908T202118+0200"
      }, {
        "lat" : 49.8836926202,
        "lon" : 8.6661778377,
        "time" : "20140908T202138+0200"
      }, {
        "lat" : 49.8836678546,
        "lon" : 8.6662052027,
        "time" : "20140908T202159+0200"
      }, {
        "lat" : 49.8836432004,
        "lon" : 8.6662313658,
        "time" : "20140908T202219+0200"
      }, {
        "lat" : 49.8836170055,
        "lon" : 8.6662611347,
        "time" : "20140908T202240+0200"
      }, {
        "lat" : 49.8835861808,
        "lon" : 8.6663026285,
        "time" : "20140908T202305+0200"
      }, {
        "lat" : 49.8819996044,
        "lon" : 8.6702592175,
        "time" : "20140908T202604+0200"
      } ]
    } ],
    "lastUpdate" : "20140908T192606Z"
  }, {
    "type" : "place",
    "startTime" : "20140908T202605+0200",
    "endTime" : "20140909T082707+0200",
    "place" : {
      "id" : 251291724,
      "name" : "Home",
      "type" : "home",
      "location" : {
        "lat" : 49.8819996044,
        "lon" : 8.6702592175
      }
    },
    "activities" : [ {
      "activity" : "walking",
      "group" : "walking",
      "manual" : false,
      "startTime" : "20140908T202605+0200",
      "endTime" : "20140908T202729+0200",
      "duration" : 84.0,
      "distance" : 64.0,
      "steps" : 127,
      "trackPoints" : [ ]
    }, {
      "activity" : "walking",
      "group" : "walking",
      "manual" : false,
      "startTime" : "20140908T215749+0200",
      "endTime" : "20140908T215819+0200",
      "duration" : 30.0,
      "distance" : 21.0,
      "steps" : 41,
      "trackPoints" : [ ]
    } ],
    "lastUpdate" : "20140909T095700Z"
  } ],
  "lastUpdate" : "20140909T095700Z"
} ]