[ {
  "date" : "20141010",
  "summary" : [ {
    "activity" : "walking",
    "group" : "walking",
    "duration" : 8150.0,
    "distance" : 8891.0,
    "steps" : 11271
  }, {
    "activity" : "transport",
    "group" : "transport",
    "duration" : 17629.0,
    "distance" : 268789.0
  } ],
  "segments" : [ {
    "type" : "place",
    "startTime" : "20141009T135935+0200",
    "endTime" : "20141010T053315+0200",
    "place" : {
      "id" : 260869940,
      "type" : "unknown",
      "location" : {
        "lat" : 49.8824855756,
        "lon" : 8.6697071135
      }
    },
    "lastUpdate" : "20141010T050522Z"
  }, {
    "type" : "move",
    "startTime" : "20141010T053315+0200",
    "endTime" : "20141010T055042+0200",
    "activities" : [ {
      "activity" : "walking",
      "group" : "walking",
      "manual" : false,
      "startTime" : "20141010T053315+0200",
      "endTime" : "20141010T055042+0200",
      "duration" : 1047.0,
      "distance" : 1345.0,
      "steps" : 1762,
      "trackPoints" : [ {
        "lat" : 49.8824855756,
        "lon" : 8.6697071135,
        "time" : "20141010T053315+0200"
      }, {
        "lat" : 49.8820257277,
        "lon" : 8.6701228524,
        "time" : "20141010T053335+0200"
      }, {
        "lat" : 49.8820233255,
        "lon" : 8.6701324622,
        "time" : "20141010T053356+0200"
      }, {
        "lat" : 49.882017494,
        "lon" : 8.6701582517,
        "time" : "20141010T053417+0200"
      }, {
        "lat" : 49.8820260344,
        "lon" : 8.6701634201,
        "time" : "20141010T053440+0200"
      }, {
        "lat" : 49.882040847,
        "lon" : 8.6701707592,
        "time" : "20141010T053458+0200"
      }, {
        "lat" : 49.8820251259,
        "lon" : 8.6701219434,
        "time" : "20141010T053519+0200"
      }, {
        "lat" : 49.8820566295,
        "lon" : 8.6700153433,
        "time" : "20141010T053540+0200"
      }, {
        "lat" : 49.8822654872,
        "lon" : 8.6694956245,
        "time" : "20141010T053603+0200"
      }, {
        "lat" : 49.882401323,
        "lon" : 8.6691076635,
        "time" : "20141010T053621+0200"
      }, {
        "lat" : 49.8825704017,
        "lon" : 8.6683512407,
        "time" : "20141010T053653+0200"
      }, {
        "lat" : 49.8826130279,
        "lon" : 8.6679012267,
        "time" : "20141010T053713+0200"
      }, {
        "lat" : 49.8824446614,
        "lon" : 8.665919287,
        "time" : "20141010T053807+0200"
      }, {
        "lat" : 49.8820946146,
        "lon" : 8.6656935046,
        "time" : "20141010T053841+0200"
      }, {
        "lat" : 49.8819173026,
        "lon" : 8.6655826634,
        "time" : "20141010T053901+0200"
      }, {
        "lat" : 49.8818100674,
        "lon" : 8.6655080775,
        "time" : "20141010T053921+0200"
      }, {
        "lat" : 49.8817539991,
        "lon" : 8.6654717495,
        "time" : "20141010T053941+0200"
      }, {
        "lat" : 49.8817233595,
        "lon" : 8.665456897,
        "time" : "20141010T054001+0200"
      }, {
        "lat" : 49.8817019565,
        "lon" : 8.6654515192,
        "time" : "20141010T054021+0200"
      }, {
        "lat" : 49.8816727418,
        "lon" : 8.6654466498,
        "time" : "20141010T054040+0200"
      }, {
        "lat" : 49.881641441,
        "lon" : 8.6654405017,
        "time" : "20141010T054100+0200"
      }, {
        "lat" : 49.8815992466,
        "lon" : 8.6654284673,
        "time" : "20141010T054128+0200"
      }, {
        "lat" : 49.8815366612,
        "lon" : 8.6653847876,
        "time" : "20141010T054148+0200"
      }, {
        "lat" : 49.880861439,
        "lon" : 8.6647543543,
        "time" : "20141010T054218+0200"
      }, {
        "lat" : 49.8805266926,
        "lon" : 8.6644407168,
        "time" : "20141010T054239+0200"
      }, {
        "lat" : 49.8803782739,
        "lon" : 8.6643125262,
        "time" : "20141010T054309+0200"
      }, {
        "lat" : 49.8802944694,
        "lon" : 8.6642530348,
        "time" : "20141010T054329+0200"
      }, {
        "lat" : 49.8797812933,
        "lon" : 8.663933384,
        "time" : "20141010T054409+0200"
      }, {
        "lat" : 49.8795736778,
        "lon" : 8.6637337555,
        "time" : "20141010T054428+0200"
      }, {
        "lat" : 49.8791891826,
        "lon" : 8.663221321,
        "time" : "20141010T054459+0200"
      }, {
        "lat" : 49.8790181956,
        "lon" : 8.662980559,
        "time" : "20141010T054519+0200"
      }, {
        "lat" : 49.8786546089,
        "lon" : 8.6624504174,
        "time" : "20141010T054539+0200"
      }, {
        "lat" : 49.8784532442,
        "lon" : 8.6621541214,
        "time" : "20141010T054559+0200"
      }, {
        "lat" : 49.8782397716,
        "lon" : 8.6618098072,
        "time" : "20141010T054640+0200"
      }, {
        "lat" : 49.8781610358,
        "lon" : 8.6616992042,
        "time" : "20141010T054701+0200"
      }, {
        "lat" : 49.8780763338,
        "lon" : 8.661607209,
        "time" : "20141010T054718+0200"
      }, {
        "lat" : 49.8779627524,
        "lon" : 8.6615313673,
        "time" : "20141010T054739+0200"
      }, {
        "lat" : 49.8774684071,
        "lon" : 8.661433683,
        "time" : "20141010T054809+0200"
      }, {
        "lat" : 49.8771430689,
        "lon" : 8.6613646291,
        "time" : "20141010T054829+0200"
      }, {
        "lat" : 49.8763879219,
        "lon" : 8.6610972846,
        "time" : "20141010T054910+0200"
      }, {
        "lat" : 49.8761629563,
        "lon" : 8.6609357194,
        "time" : "20141010T054930+0200"
      }, {
        "lat" : 49.8760045049,
        "lon" : 8.6606775586,
        "time" : "20141010T054950+0200"
      }, {
        "lat" : 49.8759050329,
        "lon" : 8.6605173571,
        "time" : "20141010T055010+0200"
      }, {
        "lat" : 49.87574567,
        "lon" : 8.6603071569,
        "time" : "20141010T055042+0200"
      } ]
    } ],
    "lastUpdate" : "20141010T050522Z"
  }, {
    "type" : "place",
    "startTime" : "20141010T055042+0200",
    "endTime" : "20141010T055638+0200",
    "place" : {
      "id" : 223218885,
      "type" : "unknown",
      "location" : {
        "lat" : 49.87574567,
        "lon" : 8.6603071569
      }
    },
    "activities" : [ {
      "activity" : "walking",
      "group" : "walking",
      "manual" : false,
      "startTime" : "20141010T055634+0200",
      "endTime" : "20141010T055638+0200",
      "duration" : 4.0,
      "distance" : 3.0,
      "steps" : 5,
      "trackPoints" : [ ]
    } ],
    "lastUpdate" : "20141010T050522Z"
  }, {
    "type" : "move",
    "startTime" : "20141010T055638+0200",
    "endTime" : "20141010T061347+0200",
    "activities" : [ {
      "activity" : "transport",
      "group" : "transport",
      "manual" : false,
      "startTime" : "20141010T055638+0200",
      "endTime" : "20141010T060741+0200",
      "duration" : 663.0,
      "distance" : 2742.0,
      "trackPoints" : [ {
        "lat" : 49.87574567,
        "lon" : 8.6603071569,
        "time" : "20141010T055638+0200"
      }, {
        "lat" : 49.8757280979,
        "lon" : 8.6602256752,
        "time" : "20141010T055654+0200"
      }, {
        "lat" : 49.8750904791,
        "lon" : 8.6585479984,
        "time" : "20141010T055726+0200"
      }, {
        "lat" : 49.8740328945,
        "lon" : 8.6549544201,
        "time" : "20141010T055757+0200"
      }, {
        "lat" : 49.8724980818,
        "lon" : 8.6551716472,
        "time" : "20141010T055817+0200"
      }, {
        "lat" : 49.8730308367,
        "lon" : 8.6535452836,
        "time" : "20141010T055837+0200"
      }, {
        "lat" : 49.8731391196,
        "lon" : 8.6532318873,
        "time" : "20141010T055858+0200"
      }, {
        "lat" : 49.8730470857,
        "lon" : 8.6505477028,
        "time" : "20141010T055948+0200"
      }, {
        "lat" : 49.8730067599,
        "lon" : 8.6505295098,
        "time" : "20141010T055959+0200"
      }, {
        "lat" : 49.8730067246,
        "lon" : 8.6505294939,
        "time" : "20141010T060000+0200"
      }, {
        "lat" : 49.8729601454,
        "lon" : 8.6505084796,
        "time" : "20141010T060013+0200"
      }, {
        "lat" : 49.8729551537,
        "lon" : 8.650521656,
        "time" : "20141010T060028+0200"
      }, {
        "lat" : 49.8729803039,
        "lon" : 8.6504932813,
        "time" : "20141010T060049+0200"
      }, {
        "lat" : 49.8729925998,
        "lon" : 8.6504804341,
        "time" : "20141010T060107+0200"
      }, {
        "lat" : 49.8730077851,
        "lon" : 8.6504592287,
        "time" : "20141010T060126+0200"
      }, {
        "lat" : 49.873019117,
        "lon" : 8.6504395603,
        "time" : "20141010T060146+0200"
      }, {
        "lat" : 49.8730269556,
        "lon" : 8.6504222072,
        "time" : "20141010T060207+0200"
      }, {
        "lat" : 49.8730316742,
        "lon" : 8.6504083254,
        "time" : "20141010T060227+0200"
      }, {
        "lat" : 49.8730342882,
        "lon" : 8.6503984035,
        "time" : "20141010T060247+0200"
      }, {
        "lat" : 49.873035516,
        "lon" : 8.6503942729,
        "time" : "20141010T060307+0200"
      }, {
        "lat" : 49.8711197955,
        "lon" : 8.6324474914,
        "time" : "20141010T060640+0200"
      }, {
        "lat" : 49.8715949554,
        "lon" : 8.632888332,
        "time" : "20141010T060716+0200"
      }, {
        "lat" : 49.8719888909,
        "lon" : 8.6326093555,
        "time" : "20141010T060740+0200"
      } ]
    }, {
      "activity" : "walking",
      "group" : "walking",
      "manual" : false,
      "startTime" : "20141010T060740+0200",
      "endTime" : "20141010T061347+0200",
      "duration" : 367.0,
      "distance" : 424.0,
      "steps" : 537,
      "trackPoints" : [ {
        "lat" : 49.8719888909,
        "lon" : 8.6326093555,
        "time" : "20141010T060740+0200"
      }, {
        "lat" : 49.872037837,
        "lon" : 8.6325565258,
        "time" : "20141010T060755+0200"
      }, {
        "lat" : 49.8723172175,
        "lon" : 8.6319770915,
        "time" : "20141010T060825+0200"
      }, {
        "lat" : 49.8726185076,
        "lon" : 8.631138518,
        "time" : "20141010T060856+0200"
      }, {
        "lat" : 49.8726748994,
        "lon" : 8.6309476511,
        "time" : "20141010T060915+0200"
      }, {
        "lat" : 49.872674842,
        "lon" : 8.6307415265,
        "time" : "20141010T060947+0200"
      }, {
        "lat" : 49.8726126712,
        "lon" : 8.6306163649,
        "time" : "20141010T061013+0200"
      }, {
        "lat" : 49.872399851,
        "lon" : 8.6300422043,
        "time" : "20141010T061058+0200"
      }, {
        "lat" : 49.8723337408,
        "lon" : 8.629866517,
        "time" : "20141010T061115+0200"
      }, {
        "lat" : 49.8722672381,
        "lon" : 8.6297041323,
        "time" : "20141010T061136+0200"
      }, {
        "lat" : 49.8721861631,
        "lon" : 8.6295453391,
        "time" : "20141010T061206+0200"
      }, {
        "lat" : 49.8720875846,
        "lon" : 8.6293046791,
        "time" : "20141010T061226+0200"
      }, {
        "lat" : 49.8717134211,
        "lon" : 8.6283544441,
        "time" : "20141010T061307+0200"
      }, {
        "lat" : 49.8717758637,
        "lon" : 8.6282757464,
        "time" : "20141010T061323+0200"
      }, {
        "lat" : 49.8716942973,
        "lon" : 8.6282797847,
        "time" : "20141010T061347+0200"
      } ]
    } ],
    "lastUpdate" : "20141010T050522Z"
  }, {
    "type" : "place",
    "startTime" : "20141010T061347+0200",
    "endTime" : "20141010T065415+0200",
    "place" : {
      "id" : 266502669,
      "type" : "unknown",
      "location" : {
        "lat" : 49.8716942973,
        "lon" : 8.6282797847
      }
    },
    "activities" : [ {
      "activity" : "walking",
      "group" : "walking",
      "manual" : false,
      "startTime" : "20141010T061701+0200",
      "endTime" : "20141010T062247+0200",
      "duration" : 346.0,
      "distance" : 415.0,
      "steps" : 553,
      "trackPoints" : [ ]
    } ],
    "lastUpdate" : "20141010T093111Z"
  }, {
    "type" : "move",
    "startTime" : "20141010T065415+0200",
    "endTime" : "20141010T092155+0200",
    "activities" : [ {
      "activity" : "transport",
      "group" : "transport",
      "manual" : false,
      "startTime" : "20141010T065415+0200",
      "endTime" : "20141010T092156+0200",
      "duration" : 8861.0,
      "distance" : 208406.0,
      "trackPoints" : [ {
        "lat" : 49.8716942973,
        "lon" : 8.6282797847,
        "time" : "20141010T065415+0200"
      }, {
        "lat" : 49.8717412106,
        "lon" : 8.6274435942,
        "time" : "20141010T065434+0200"
      }, {
        "lat" : 49.8710786892,
        "lon" : 8.6258629801,
        "time" : "20141010T065504+0200"
      }, {
        "lat" : 49.8707797039,
        "lon" : 8.6250845096,
        "time" : "20141010T065521+0200"
      }, {
        "lat" : 49.8688578535,
        "lon" : 8.6210745652,
        "time" : "20141010T065628+0200"
      }, {
        "lat" : 49.8685101904,
        "lon" : 8.6192723799,
        "time" : "20141010T065651+0200"
      }, {
        "lat" : 49.8674376328,
        "lon" : 8.6156389053,
        "time" : "20141010T065708+0200"
      }, {
        "lat" : 49.8670018574,
        "lon" : 8.6112841306,
        "time" : "20141010T065727+0200"
      }, {
        "lat" : 49.8685630079,
        "lon" : 8.6074211048,
        "time" : "20141010T065743+0200"
      }, {
        "lat" : 49.869929748,
        "lon" : 8.6030954295,
        "time" : "20141010T065759+0200"
      }, {
        "lat" : 49.858106748,
        "lon" : 8.5987284582,
        "time" : "20141010T065959+0200"
      }, {
        "lat" : 49.8581057687,
        "lon" : 8.5987280965,
        "time" : "20141010T070000+0200"
      }, {
        "lat" : 49.8528218224,
        "lon" : 8.5967764055,
        "time" : "20141010T070053+0200"
      }, {
        "lat" : 49.8051394032,
        "lon" : 8.5732244424,
        "time" : "20141010T070419+0200"
      }, {
        "lat" : 49.7627272725,
        "lon" : 8.5438665205,
        "time" : "20141010T070732+0200"
      }, {
        "lat" : 49.7589896288,
        "lon" : 8.543711989,
        "time" : "20141010T070749+0200"
      }, {
        "lat" : 49.7099969069,
        "lon" : 8.5460764758,
        "time" : "20141010T071105+0200"
      }, {
        "lat" : 49.7056301494,
        "lon" : 8.5466149907,
        "time" : "20141010T071124+0200"
      }, {
        "lat" : 49.6587080826,
        "lon" : 8.5532703441,
        "time" : "20141010T071435+0200"
      }, {
        "lat" : 49.6537880135,
        "lon" : 8.552077779,
        "time" : "20141010T071454+0200"
      }, {
        "lat" : 49.6066354104,
        "lon" : 8.5583399506,
        "time" : "20141010T071804+0200"
      }, {
        "lat" : 49.6028246322,
        "lon" : 8.5588912581,
        "time" : "20141010T071820+0200"
      }, {
        "lat" : 49.5510043139,
        "lon" : 8.5585626865,
        "time" : "20141010T072149+0200"
      }, {
        "lat" : 49.5019610969,
        "lon" : 8.5602237368,
        "time" : "20141010T072506+0200"
      }, {
        "lat" : 49.4980097499,
        "lon" : 8.5584481171,
        "time" : "20141010T072522+0200"
      }, {
        "lat" : 49.4540528598,
        "lon" : 8.5419924798,
        "time" : "20141010T072837+0200"
      }, {
        "lat" : 49.450257603,
        "lon" : 8.5423263126,
        "time" : "20141010T072852+0200"
      }, {
        "lat" : 49.4480306872,
        "lon" : 8.5419434204,
        "time" : "20141010T072908+0200"
      }, {
        "lat" : 49.3991955954,
        "lon" : 8.5445112168,
        "time" : "20141010T073223+0200"
      }, {
        "lat" : 49.3661094878,
        "lon" : 8.545596233,
        "time" : "20141010T073551+0200"
      }, {
        "lat" : 49.323395398,
        "lon" : 8.5665421666,
        "time" : "20141010T073911+0200"
      }, {
        "lat" : 49.3196326011,
        "lon" : 8.5707675722,
        "time" : "20141010T073929+0200"
      }, {
        "lat" : 49.2814925942,
        "lon" : 8.6190515525,
        "time" : "20141010T074251+0200"
      }, {
        "lat" : 49.2755026988,
        "lon" : 8.7592457094,
        "time" : "20141010T074923+0200"
      }, {
        "lat" : 49.2743839885,
        "lon" : 8.7634829261,
        "time" : "20141010T074938+0200"
      }, {
        "lat" : 49.2575281537,
        "lon" : 8.8283615655,
        "time" : "20141010T075240+0200"
      }, {
        "lat" : 49.2563226943,
        "lon" : 8.8355632904,
        "time" : "20141010T075258+0200"
      }, {
        "lat" : 49.2341043273,
        "lon" : 8.9014206462,
        "time" : "20141010T075614+0200"
      }, {
        "lat" : 49.2308792828,
        "lon" : 8.9051451067,
        "time" : "20141010T075630+0200"
      }, {
        "lat" : 49.2216943681,
        "lon" : 8.9820497948,
        "time" : "20141010T075959+0200"
      }, {
        "lat" : 49.2216939287,
        "lon" : 8.9820534738,
        "time" : "20141010T080000+0200"
      }, {
        "lat" : 49.2142138624,
        "lon" : 9.0446835781,
        "time" : "20141010T080250+0200"
      }, {
        "lat" : 49.2149561299,
        "lon" : 9.0510723092,
        "time" : "20141010T080306+0200"
      }, {
        "lat" : 49.1924312838,
        "lon" : 9.1101558641,
        "time" : "20141010T080612+0200"
      }, {
        "lat" : 49.1902612315,
        "lon" : 9.1152421739,
        "time" : "20141010T080627+0200"
      }, {
        "lat" : 49.1887933737,
        "lon" : 9.1184068515,
        "time" : "20141010T080646+0200"
      }, {
        "lat" : 49.1886294875,
        "lon" : 9.1853845246,
        "time" : "20141010T080954+0200"
      }, {
        "lat" : 49.1884228583,
        "lon" : 9.1871193813,
        "time" : "20141010T081010+0200"
      }, {
        "lat" : 49.1834844818,
        "lon" : 9.2188631723,
        "time" : "20141010T081323+0200"
      }, {
        "lat" : 49.182093757,
        "lon" : 9.224927746,
        "time" : "20141010T081340+0200"
      }, {
        "lat" : 49.1579415809,
        "lon" : 9.2928807386,
        "time" : "20141010T081704+0200"
      }, {
        "lat" : 49.1434024775,
        "lon" : 9.306265729,
        "time" : "20141010T081830+0200"
      }, {
        "lat" : 49.1122015481,
        "lon" : 9.3030842475,
        "time" : "20141010T082024+0200"
      }, {
        "lat" : 49.1079508263,
        "lon" : 9.3026192643,
        "time" : "20141010T082040+0200"
      }, {
        "lat" : 49.0622922792,
        "lon" : 9.2722993651,
        "time" : "20141010T082401+0200"
      }, {
        "lat" : 49.0595850949,
        "lon" : 9.26964375,
        "time" : "20141010T082429+0200"
      }, {
        "lat" : 49.0595818956,
        "lon" : 9.2696417256,
        "time" : "20141010T082448+0200"
      }, {
        "lat" : 49.0595809061,
        "lon" : 9.2696411426,
        "time" : "20141010T082509+0200"
      }, {
        "lat" : 49.0595806487,
        "lon" : 9.2696410004,
        "time" : "20141010T082530+0200"
      }, {
        "lat" : 49.0595805698,
        "lon" : 9.2696409586,
        "time" : "20141010T082551+0200"
      }, {
        "lat" : 49.0595805419,
        "lon" : 9.2696409439,
        "time" : "20141010T082611+0200"
      }, {
        "lat" : 49.0595805294,
        "lon" : 9.2696409374,
        "time" : "20141010T082642+0200"
      }, {
        "lat" : 49.0067682493,
        "lon" : 9.2434594161,
        "time" : "20141010T083020+0200"
      }, {
        "lat" : 49.0074367857,
        "lon" : 9.247273182,
        "time" : "20141010T083039+0200"
      }, {
        "lat" : 48.986276406,
        "lon" : 9.3128440452,
        "time" : "20141010T083655+0200"
      }, {
        "lat" : 48.9855939859,
        "lon" : 9.3146877486,
        "time" : "20141010T083710+0200"
      }, {
        "lat" : 48.9837146472,
        "lon" : 9.3516755247,
        "time" : "20141010T084016+0200"
      }, {
        "lat" : 48.9832532672,
        "lon" : 9.3560497583,
        "time" : "20141010T084034+0200"
      }, {
        "lat" : 48.9651683436,
        "lon" : 9.3903647028,
        "time" : "20141010T084402+0200"
      }, {
        "lat" : 48.952369135,
        "lon" : 9.4139085326,
        "time" : "20141010T084732+0200"
      }, {
        "lat" : 48.9340561113,
        "lon" : 9.4371292593,
        "time" : "20141010T085058+0200"
      }, {
        "lat" : 48.9318721444,
        "lon" : 9.437683489,
        "time" : "20141010T085118+0200"
      }, {
        "lat" : 48.9127220546,
        "lon" : 9.4284985567,
        "time" : "20141010T085429+0200"
      }, {
        "lat" : 48.9123417693,
        "lon" : 9.4282692592,
        "time" : "20141010T085448+0200"
      }, {
        "lat" : 48.9067311765,
        "lon" : 9.4244580252,
        "time" : "20141010T085747+0200"
      }, {
        "lat" : 48.9049345776,
        "lon" : 9.4226556561,
        "time" : "20141010T085804+0200"
      }, {
        "lat" : 48.8858542538,
        "lon" : 9.3969781051,
        "time" : "20141010T085959+0200"
      }, {
        "lat" : 48.8858526088,
        "lon" : 9.3969758913,
        "time" : "20141010T090000+0200"
      }, {
        "lat" : 48.8713494045,
        "lon" : 9.3774580479,
        "time" : "20141010T090128+0200"
      }, {
        "lat" : 48.8278921978,
        "lon" : 9.333109807,
        "time" : "20141010T090506+0200"
      }, {
        "lat" : 48.7969673864,
        "lon" : 9.2557793275,
        "time" : "20141010T091214+0200"
      }, {
        "lat" : 48.7920766216,
        "lon" : 9.243701106,
        "time" : "20141010T091343+0200"
      }, {
        "lat" : 48.7850887534,
        "lon" : 9.2459118246,
        "time" : "20141010T091534+0200"
      }, {
        "lat" : 48.7849088665,
        "lon" : 9.2460536403,
        "time" : "20141010T091553+0200"
      }, {
        "lat" : 48.7784964385,
        "lon" : 9.2509185707,
        "time" : "20141010T091725+0200"
      }, {
        "lat" : 48.7784777614,
        "lon" : 9.2508994929,
        "time" : "20141010T091749+0200"
      }, {
        "lat" : 48.778018703,
        "lon" : 9.2510735598,
        "time" : "20141010T091809+0200"
      }, {
        "lat" : 48.7778501546,
        "lon" : 9.2511409277,
        "time" : "20141010T091831+0200"
      }, {
        "lat" : 48.7677071322,
        "lon" : 9.2623140556,
        "time" : "20141010T091952+0200"
      }, {
        "lat" : 48.7674594785,
        "lon" : 9.2625913244,
        "time" : "20141010T092010+0200"
      }, {
        "lat" : 48.7674591014,
        "lon" : 9.2625916098,
        "time" : "20141010T092031+0200"
      }, {
        "lat" : 48.7669781793,
        "lon" : 9.2631458631,
        "time" : "20141010T092101+0200"
      }, {
        "lat" : 48.7668623347,
        "lon" : 9.2632584976,
        "time" : "20141010T092119+0200"
      }, {
        "lat" : 48.7616896779,
        "lon" : 9.2668928107,
        "time" : "20141010T092155+0200"
      } ]
    } ],
    "lastUpdate" : "20141010T093111Z"
  }, {
    "type" : "place",
    "startTime" : "20141010T092155+0200",
    "endTime" : "20141010T093954+0200",
    "place" : {
      "id" : 266536304,
      "type" : "unknown",
      "location" : {
        "lat" : 48.7616896779,
        "lon" : 9.2668928107
      }
    },
    "activities" : [ {
      "activity" : "walking",
      "group" : "walking",
      "manual" : false,
      "startTime" : "20141010T092204+0200",
      "endTime" : "20141010T092629+0200",
      "duration" : 265.0,
      "distance" : 292.0,
      "steps" : 389,
      "trackPoints" : [ ]
    } ],
    "lastUpdate" : "20141010T093111Z"
  }, {
    "type" : "move",
    "startTime" : "20141010T093954+0200",
    "endTime" : "20141010T103339+0200",
    "activities" : [ {
      "activity" : "transport",
      "group" : "transport",
      "manual" : false,
      "startTime" : "20141010T093954+0200",
      "endTime" : "20141010T102633+0200",
      "duration" : 2799.0,
      "distance" : 26110.0,
      "trackPoints" : [ {
        "lat" : 48.7616896779,
        "lon" : 9.2668928107,
        "time" : "20141010T093954+0200"
      }, {
        "lat" : 48.7631916626,
        "lon" : 9.2672599957,
        "time" : "20141010T094017+0200"
      }, {
        "lat" : 48.7634539531,
        "lon" : 9.2671496618,
        "time" : "20141010T094036+0200"
      }, {
        "lat" : 48.7820660255,
        "lon" : 9.2496080257,
        "time" : "20141010T094304+0200"
      }, {
        "lat" : 48.7753269036,
        "lon" : 9.1942615682,
        "time" : "20141010T095635+0200"
      }, {
        "lat" : 48.7652733542,
        "lon" : 9.1743347614,
        "time" : "20141010T095959+0200"
      }, {
        "lat" : 48.7652728624,
        "lon" : 9.1743337866,
        "time" : "20141010T100000+0200"
      }, {
        "lat" : 48.7366500155,
        "lon" : 9.1176013911,
        "time" : "20141010T100941+0200"
      }, {
        "lat" : 48.7366489924,
        "lon" : 9.1176009682,
        "time" : "20141010T101002+0200"
      }, {
        "lat" : 48.7366484681,
        "lon" : 9.1176008382,
        "time" : "20141010T101022+0200"
      }, {
        "lat" : 48.73664742,
        "lon" : 9.1176007361,
        "time" : "20141010T101042+0200"
      }, {
        "lat" : 48.73664742,
        "lon" : 9.1176007361,
        "time" : "20141010T101102+0200"
      }, {
        "lat" : 48.73664742,
        "lon" : 9.1176007361,
        "time" : "20141010T101135+0200"
      }, {
        "lat" : 48.73664742,
        "lon" : 9.1176007361,
        "time" : "20141010T101152+0200"
      }, {
        "lat" : 48.7366485126,
        "lon" : 9.1176004756,
        "time" : "20141010T101213+0200"
      }, {
        "lat" : 48.7056610931,
        "lon" : 9.1266735965,
        "time" : "20141010T101641+0200"
      }, {
        "lat" : 48.6919121401,
        "lon" : 9.1538784219,
        "time" : "20141010T102020+0200"
      }, {
        "lat" : 48.6919035189,
        "lon" : 9.1539988406,
        "time" : "20141010T102043+0200"
      }, {
        "lat" : 48.6919038006,
        "lon" : 9.1539656945,
        "time" : "20141010T102206+0200"
      }, {
        "lat" : 48.6911951781,
        "lon" : 9.1921801903,
        "time" : "20141010T102558+0200"
      }, {
        "lat" : 48.6912609841,
        "lon" : 9.1924998309,
        "time" : "20141010T102617+0200"
      }, {
        "lat" : 48.6912736351,
        "lon" : 9.1924950673,
        "time" : "20141010T102632+0200"
      } ]
    }, {
      "activity" : "walking",
      "group" : "walking",
      "manual" : false,
      "startTime" : "20141010T102632+0200",
      "endTime" : "20141010T103339+0200",
      "duration" : 427.0,
      "distance" : 493.0,
      "steps" : 669,
      "trackPoints" : [ {
        "lat" : 48.6912736351,
        "lon" : 9.1924950673,
        "time" : "20141010T102632+0200"
      }, {
        "lat" : 48.6912779468,
        "lon" : 9.1924947715,
        "time" : "20141010T102651+0200"
      }, {
        "lat" : 48.6912803783,
        "lon" : 9.1924962321,
        "time" : "20141010T102708+0200"
      }, {
        "lat" : 48.6912744299,
        "lon" : 9.1924791972,
        "time" : "20141010T102746+0200"
      }, {
        "lat" : 48.6912338302,
        "lon" : 9.1924165526,
        "time" : "20141010T102806+0200"
      }, {
        "lat" : 48.6911971895,
        "lon" : 9.1927250143,
        "time" : "20141010T102848+0200"
      }, {
        "lat" : 48.6915520741,
        "lon" : 9.1924777344,
        "time" : "20141010T102918+0200"
      }, {
        "lat" : 48.6919486463,
        "lon" : 9.1924903581,
        "time" : "20141010T102954+0200"
      }, {
        "lat" : 48.6921132822,
        "lon" : 9.1925798235,
        "time" : "20141010T103014+0200"
      }, {
        "lat" : 48.6923460654,
        "lon" : 9.1926208208,
        "time" : "20141010T103038+0200"
      }, {
        "lat" : 48.6924693124,
        "lon" : 9.1926332962,
        "time" : "20141010T103058+0200"
      }, {
        "lat" : 48.6925852879,
        "lon" : 9.1925887621,
        "time" : "20141010T103127+0200"
      }, {
        "lat" : 48.6927194159,
        "lon" : 9.1925047671,
        "time" : "20141010T103147+0200"
      }, {
        "lat" : 48.6935491697,
        "lon" : 9.1919237761,
        "time" : "20141010T103220+0200"
      }, {
        "lat" : 48.6940119851,
        "lon" : 9.1915971406,
        "time" : "20141010T103240+0200"
      }, {
        "lat" : 48.6940465573,
        "lon" : 9.1915286226,
        "time" : "20141010T103258+0200"
      }, {
        "lat" : 48.6939851742,
        "lon" : 9.1915286123,
        "time" : "20141010T103317+0200"
      }, {
        "lat" : 48.6938912924,
        "lon" : 9.1904286747,
        "time" : "20141010T103339+0200"
      } ]
    } ],
    "lastUpdate" : "20141010T093111Z"
  }, {
    "type" : "place",
    "startTime" : "20141010T103339+0200",
    "endTime" : "20141010T104455+0200",
    "place" : {
      "id" : 266556393,
      "type" : "unknown",
      "location" : {
        "lat" : 48.6938912924,
        "lon" : 9.1904286747
      }
    },
    "activities" : [ {
      "activity" : "walking",
      "group" : "walking",
      "manual" : false,
      "startTime" : "20141010T103633+0200",
      "endTime" : "20141010T104259+0200",
      "duration" : 386.0,
      "distance" : 425.0,
      "steps" : 567,
      "trackPoints" : [ ]
    } ],
    "lastUpdate" : "20141010T093111Z"
  }, {
    "type" : "place",
    "startTime" : "20141010T104456+0200",
    "endTime" : "20141010T112024+0200",
    "place" : {
      "id" : 266556394,
      "type" : "unknown",
      "location" : {
        "lat" : 48.6927700419,
        "lon" : 9.1880956942
      }
    },
    "activities" : [ {
      "activity" : "walking",
      "group" : "walking",
      "manual" : false,
      "startTime" : "20141010T104456+0200",
      "endTime" : "20141010T105826+0200",
      "duration" : 810.0,
      "distance" : 868.0,
      "steps" : 1158,
      "trackPoints" : [ ]
    }, {
      "activity" : "walking",
      "group" : "walking",
      "manual" : false,
      "startTime" : "20141010T110000+0200",
      "endTime" : "20141010T110132+0200",
      "duration" : 92.0,
      "distance" : 66.0,
      "steps" : 133,
      "trackPoints" : [ ]
    } ],
    "lastUpdate" : "20141010T123352Z"
  }, {
    "type" : "move",
    "startTime" : "20141010T112024+0200",
    "endTime" : "20141010T112907+0200",
    "activities" : [ {
      "activity" : "walking",
      "group" : "walking",
      "manual" : false,
      "startTime" : "20141010T112024+0200",
      "endTime" : "20141010T112907+0200",
      "duration" : 523.0,
      "distance" : 394.0,
      "steps" : 654,
      "trackPoints" : [ {
        "lat" : 48.6927700419,
        "lon" : 9.1880956942,
        "time" : "20141010T112024+0200"
      }, {
        "lat" : 48.6928338665,
        "lon" : 9.1881153735,
        "time" : "20141010T112044+0200"
      }, {
        "lat" : 48.6928391818,
        "lon" : 9.1881103617,
        "time" : "20141010T112107+0200"
      }, {
        "lat" : 48.6928153857,
        "lon" : 9.1880948036,
        "time" : "20141010T112125+0200"
      }, {
        "lat" : 48.692801847,
        "lon" : 9.1880697087,
        "time" : "20141010T112146+0200"
      }, {
        "lat" : 48.692866595,
        "lon" : 9.1880398307,
        "time" : "20141010T112206+0200"
      }, {
        "lat" : 48.6929509976,
        "lon" : 9.188079724,
        "time" : "20141010T112236+0200"
      }, {
        "lat" : 48.693019068,
        "lon" : 9.1881626154,
        "time" : "20141010T112257+0200"
      }, {
        "lat" : 48.6931003088,
        "lon" : 9.1882910949,
        "time" : "20141010T112317+0200"
      }, {
        "lat" : 48.6935549895,
        "lon" : 9.1891973846,
        "time" : "20141010T112407+0200"
      }, {
        "lat" : 48.6936940091,
        "lon" : 9.1894958868,
        "time" : "20141010T112432+0200"
      }, {
        "lat" : 48.6937394957,
        "lon" : 9.189604836,
        "time" : "20141010T112449+0200"
      }, {
        "lat" : 48.6937602402,
        "lon" : 9.1896751949,
        "time" : "20141010T112506+0200"
      }, {
        "lat" : 48.6937787647,
        "lon" : 9.1897451521,
        "time" : "20141010T112525+0200"
      }, {
        "lat" : 48.6938119755,
        "lon" : 9.1898646038,
        "time" : "20141010T112545+0200"
      }, {
        "lat" : 48.6939402418,
        "lon" : 9.1903265115,
        "time" : "20141010T112616+0200"
      }, {
        "lat" : 48.6940642781,
        "lon" : 9.1907649271,
        "time" : "20141010T112646+0200"
      }, {
        "lat" : 48.6941523661,
        "lon" : 9.1910544853,
        "time" : "20141010T112716+0200"
      }, {
        "lat" : 48.694169566,
        "lon" : 9.1911094362,
        "time" : "20141010T112736+0200"
      }, {
        "lat" : 48.6941717449,
        "lon" : 9.1911040078,
        "time" : "20141010T112756+0200"
      }, {
        "lat" : 48.6941751163,
        "lon" : 9.191103936,
        "time" : "20141010T112816+0200"
      }, {
        "lat" : 48.6941929899,
        "lon" : 9.1911690105,
        "time" : "20141010T112847+0200"
      }, {
        "lat" : 48.6938462645,
        "lon" : 9.1918885751,
        "time" : "20141010T112907+0200"
      } ]
    } ],
    "lastUpdate" : "20141010T123352Z"
  }, {
    "type" : "place",
    "startTime" : "20141010T112907+0200",
    "endTime" : "20141010T113453+0200",
    "place" : {
      "id" : 266595786,
      "type" : "unknown",
      "location" : {
        "lat" : 48.6938462645,
        "lon" : 9.1918885751
      }
    },
    "activities" : [ {
      "activity" : "walking",
      "group" : "walking",
      "manual" : false,
      "startTime" : "20141010T113326+0200",
      "endTime" : "20141010T113359+0200",
      "duration" : 33.0,
      "distance" : 22.0,
      "steps" : 44,
      "trackPoints" : [ ]
    } ],
    "lastUpdate" : "20141010T123352Z"
  }, {
    "type" : "move",
    "startTime" : "20141010T113453+0200",
    "endTime" : "20141010T114433+0200",
    "activities" : [ {
      "activity" : "walking",
      "group" : "walking",
      "manual" : false,
      "startTime" : "20141010T113453+0200",
      "endTime" : "20141010T114434+0200",
      "duration" : 581.0,
      "distance" : 445.0,
      "steps" : 809,
      "trackPoints" : [ {
        "lat" : 48.6938462645,
        "lon" : 9.1918885751,
        "time" : "20141010T113453+0200"
      }, {
        "lat" : 48.6933943036,
        "lon" : 9.1920760754,
        "time" : "20141010T113509+0200"
      }, {
        "lat" : 48.6930716313,
        "lon" : 9.1921800693,
        "time" : "20141010T113529+0200"
      }, {
        "lat" : 48.6924070346,
        "lon" : 9.1921882945,
        "time" : "20141010T113557+0200"
      }, {
        "lat" : 48.6922534534,
        "lon" : 9.1921872321,
        "time" : "20141010T113619+0200"
      }, {
        "lat" : 48.6922068615,
        "lon" : 9.1921884045,
        "time" : "20141010T113637+0200"
      }, {
        "lat" : 48.6921728336,
        "lon" : 9.1921907989,
        "time" : "20141010T113657+0200"
      }, {
        "lat" : 48.6921498512,
        "lon" : 9.1921940211,
        "time" : "20141010T113715+0200"
      }, {
        "lat" : 48.6921239998,
        "lon" : 9.1922043376,
        "time" : "20141010T113736+0200"
      }, {
        "lat" : 48.6920433317,
        "lon" : 9.1922622922,
        "time" : "20141010T113759+0200"
      }, {
        "lat" : 48.6919253087,
        "lon" : 9.1923500699,
        "time" : "20141010T113819+0200"
      }, {
        "lat" : 48.6916081769,
        "lon" : 9.1925873681,
        "time" : "20141010T113850+0200"
      }, {
        "lat" : 48.6913777539,
        "lon" : 9.1927787829,
        "time" : "20141010T113910+0200"
      }, {
        "lat" : 48.6912288842,
        "lon" : 9.1928980465,
        "time" : "20141010T113930+0200"
      }, {
        "lat" : 48.6911073035,
        "lon" : 9.1929851553,
        "time" : "20141010T114000+0200"
      }, {
        "lat" : 48.6910743427,
        "lon" : 9.1929913996,
        "time" : "20141010T114020+0200"
      }, {
        "lat" : 48.6910802623,
        "lon" : 9.1928447764,
        "time" : "20141010T114041+0200"
      }, {
        "lat" : 48.6911541488,
        "lon" : 9.192330486,
        "time" : "20141010T114101+0200"
      }, {
        "lat" : 48.6911968498,
        "lon" : 9.1920428801,
        "time" : "20141010T114120+0200"
      }, {
        "lat" : 48.6912077443,
        "lon" : 9.191938716,
        "time" : "20141010T114140+0200"
      }, {
        "lat" : 48.691203862,
        "lon" : 9.19193345,
        "time" : "20141010T114200+0200"
      }, {
        "lat" : 48.6911981153,
        "lon" : 9.1919504417,
        "time" : "20141010T114220+0200"
      }, {
        "lat" : 48.691193064,
        "lon" : 9.1919681682,
        "time" : "20141010T114240+0200"
      }, {
        "lat" : 48.6911909376,
        "lon" : 9.1919778498,
        "time" : "20141010T114300+0200"
      }, {
        "lat" : 48.6911943462,
        "lon" : 9.1919587279,
        "time" : "20141010T114320+0200"
      }, {
        "lat" : 48.6912046123,
        "lon" : 9.1919104006,
        "time" : "20141010T114339+0200"
      }, {
        "lat" : 48.6912558635,
        "lon" : 9.1917245763,
        "time" : "20141010T114433+0200"
      } ]
    } ],
    "lastUpdate" : "20141010T123352Z"
  }, {
    "type" : "place",
    "startTime" : "20141010T114433+0200",
    "endTime" : "20141010T114911+0200",
    "place" : {
      "id" : 266595787,
      "type" : "unknown",
      "location" : {
        "lat" : 48.6912558635,
        "lon" : 9.1917245763
      }
    },
    "lastUpdate" : "20141010T123352Z"
  }, {
    "type" : "move",
    "startTime" : "20141010T114911+0200",
    "endTime" : "20141010T123412+0200",
    "activities" : [ {
      "activity" : "transport",
      "group" : "transport",
      "manual" : false,
      "startTime" : "20141010T114911+0200",
      "endTime" : "20141010T123413+0200",
      "duration" : 2702.0,
      "distance" : 16004.0,
      "trackPoints" : [ {
        "lat" : 48.6912558635,
        "lon" : 9.1917245763,
        "time" : "20141010T114911+0200"
      }, {
        "lat" : 48.7115805666,
        "lon" : 9.1835467009,
        "time" : "20141010T115959+0200"
      }, {
        "lat" : 48.71158088,
        "lon" : 9.1835465748,
        "time" : "20141010T120000+0200"
      }, {
        "lat" : 48.7608037934,
        "lon" : 9.1637411759,
        "time" : "20141010T122610+0200"
      }, {
        "lat" : 48.7911549123,
        "lon" : 9.189594476,
        "time" : "20141010T123042+0200"
      }, {
        "lat" : 48.7942309618,
        "lon" : 9.1940436811,
        "time" : "20141010T123104+0200"
      }, {
        "lat" : 48.805005566,
        "lon" : 9.1850049418,
        "time" : "20141010T123241+0200"
      }, {
        "lat" : 48.8038596163,
        "lon" : 9.1858734308,
        "time" : "20141010T123301+0200"
      }, {
        "lat" : 48.8039373608,
        "lon" : 9.1874682323,
        "time" : "20141010T123332+0200"
      }, {
        "lat" : 48.8039595879,
        "lon" : 9.1875356017,
        "time" : "20141010T123354+0200"
      }, {
        "lat" : 48.8039629199,
        "lon" : 9.1875335485,
        "time" : "20141010T123412+0200"
      } ]
    } ],
    "lastUpdate" : "20141010T123352Z"
  }, {
    "type" : "place",
    "startTime" : "20141010T123412+0200",
    "endTime" : "20141010T123936+0200",
    "place" : {
      "id" : 266595789,
      "type" : "unknown",
      "location" : {
        "lat" : 48.8039629199,
        "lon" : 9.1875335485
      }
    },
    "lastUpdate" : "20141010T123352Z"
  }, {
    "type" : "move",
    "startTime" : "20141010T123936+0200",
    "endTime" : "20141010T124832+0200",
    "activities" : [ {
      "activity" : "transport",
      "group" : "transport",
      "manual" : false,
      "startTime" : "20141010T123936+0200",
      "endTime" : "20141010T124833+0200",
      "duration" : 537.0,
      "distance" : 5277.0,
      "trackPoints" : [ {
        "lat" : 48.8039629199,
        "lon" : 9.1875335485,
        "time" : "20141010T123936+0200"
      }, {
        "lat" : 48.8039779975,
        "lon" : 9.1875219304,
        "time" : "20141010T123956+0200"
      }, {
        "lat" : 48.8039786495,
        "lon" : 9.1875208932,
        "time" : "20141010T124017+0200"
      }, {
        "lat" : 48.8039829585,
        "lon" : 9.1875165124,
        "time" : "20141010T124037+0200"
      }, {
        "lat" : 48.8039880536,
        "lon" : 9.187505467,
        "time" : "20141010T124117+0200"
      }, {
        "lat" : 48.8040049666,
        "lon" : 9.1874573004,
        "time" : "20141010T124144+0200"
      }, {
        "lat" : 48.8042460836,
        "lon" : 9.1869665838,
        "time" : "20141010T124204+0200"
      }, {
        "lat" : 48.8043138362,
        "lon" : 9.1868382628,
        "time" : "20141010T124225+0200"
      }, {
        "lat" : 48.8043834813,
        "lon" : 9.1867537262,
        "time" : "20141010T124245+0200"
      }, {
        "lat" : 48.8313540545,
        "lon" : 9.1637227168,
        "time" : "20141010T124625+0200"
      }, {
        "lat" : 48.832710736,
        "lon" : 9.1520361342,
        "time" : "20141010T124733+0200"
      }, {
        "lat" : 48.8345980012,
        "lon" : 9.1526008847,
        "time" : "20141010T124832+0200"
      } ]
    } ],
    "lastUpdate" : "20141010T123352Z"
  }, {
    "type" : "place",
    "startTime" : "20141010T124833+0200",
    "endTime" : "20141010T141204+0200",
    "place" : {
      "id" : 266595790,
      "type" : "unknown",
      "location" : {
        "lat" : 48.8345980012,
        "lon" : 9.1526008847
      }
    },
    "activities" : [ {
      "activity" : "walking",
      "group" : "walking",
      "manual" : false,
      "startTime" : "20141010T124833+0200",
      "endTime" : "20141010T125154+0200",
      "duration" : 201.0,
      "distance" : 216.0,
      "steps" : 289,
      "trackPoints" : [ ]
    }, {
      "activity" : "walking",
      "group" : "walking",
      "manual" : false,
      "startTime" : "20141010T130009+0200",
      "endTime" : "20141010T131525+0200",
      "duration" : 916.0,
      "distance" : 943.0,
      "steps" : 1258,
      "trackPoints" : [ ]
    }, {
      "activity" : "walking",
      "group" : "walking",
      "manual" : false,
      "startTime" : "20141010T140031+0200",
      "endTime" : "20141010T140509+0200",
      "duration" : 278.0,
      "distance" : 282.0,
      "steps" : 376,
      "trackPoints" : [ ]
    } ],
    "lastUpdate" : "20141010T230510Z"
  }, {
    "type" : "move",
    "startTime" : "20141010T141204+0200",
    "endTime" : "20141010T145902+0200",
    "activities" : [ {
      "activity" : "transport",
      "group" : "transport",
      "manual" : false,
      "startTime" : "20141010T141204+0200",
      "endTime" : "20141010T144631+0200",
      "duration" : 2067.0,
      "distance" : 10250.0,
      "trackPoints" : [ {
        "lat" : 48.8345980012,
        "lon" : 9.1526008847,
        "time" : "20141010T141204+0200"
      }, {
        "lat" : 48.8336776028,
        "lon" : 9.1524452986,
        "time" : "20141010T141224+0200"
      }, {
        "lat" : 48.8336776028,
        "lon" : 9.1524452986,
        "time" : "20141010T141250+0200"
      }, {
        "lat" : 48.8340258394,
        "lon" : 9.1525061574,
        "time" : "20141010T141305+0200"
      }, {
        "lat" : 48.8330444542,
        "lon" : 9.1522889693,
        "time" : "20141010T141342+0200"
      }, {
        "lat" : 48.8330444542,
        "lon" : 9.1522889693,
        "time" : "20141010T141403+0200"
      }, {
        "lat" : 48.8330444542,
        "lon" : 9.1522889693,
        "time" : "20141010T141423+0200"
      }, {
        "lat" : 48.8330444542,
        "lon" : 9.1522889693,
        "time" : "20141010T141443+0200"
      }, {
        "lat" : 48.8327980835,
        "lon" : 9.1522684699,
        "time" : "20141010T141503+0200"
      }, {
        "lat" : 48.8327505719,
        "lon" : 9.1523436318,
        "time" : "20141010T141524+0200"
      }, {
        "lat" : 48.832739961,
        "lon" : 9.1523612758,
        "time" : "20141010T141544+0200"
      }, {
        "lat" : 48.832722035,
        "lon" : 9.1523850345,
        "time" : "20141010T141604+0200"
      }, {
        "lat" : 48.8052188326,
        "lon" : 9.1846571455,
        "time" : "20141010T142259+0200"
      }, {
        "lat" : 48.8038036848,
        "lon" : 9.1877970704,
        "time" : "20141010T142319+0200"
      }, {
        "lat" : 48.803700256,
        "lon" : 9.1878932553,
        "time" : "20141010T142335+0200"
      }, {
        "lat" : 48.803675269,
        "lon" : 9.1877863155,
        "time" : "20141010T142354+0200"
      }, {
        "lat" : 48.8036414331,
        "lon" : 9.1877390876,
        "time" : "20141010T142415+0200"
      }, {
        "lat" : 48.8036217987,
        "lon" : 9.1877344726,
        "time" : "20141010T142435+0200"
      }, {
        "lat" : 48.8036116505,
        "lon" : 9.1877378037,
        "time" : "20141010T142455+0200"
      }, {
        "lat" : 48.8036060168,
        "lon" : 9.1877421167,
        "time" : "20141010T142515+0200"
      }, {
        "lat" : 48.8036026581,
        "lon" : 9.1877459238,
        "time" : "20141010T142535+0200"
      }, {
        "lat" : 48.8036005348,
        "lon" : 9.1877490137,
        "time" : "20141010T142555+0200"
      }, {
        "lat" : 48.8035991348,
        "lon" : 9.187751425,
        "time" : "20141010T142615+0200"
      }, {
        "lat" : 48.8035981593,
        "lon" : 9.1877533749,
        "time" : "20141010T142634+0200"
      }, {
        "lat" : 48.8035974505,
        "lon" : 9.1877549034,
        "time" : "20141010T142654+0200"
      }, {
        "lat" : 48.8035969142,
        "lon" : 9.1877561418,
        "time" : "20141010T142714+0200"
      }, {
        "lat" : 48.80359649,
        "lon" : 9.1877571744,
        "time" : "20141010T142734+0200"
      }, {
        "lat" : 48.8035961404,
        "lon" : 9.1877580614,
        "time" : "20141010T142755+0200"
      }, {
        "lat" : 48.8035958419,
        "lon" : 9.1877588448,
        "time" : "20141010T142815+0200"
      }, {
        "lat" : 48.8035955778,
        "lon" : 9.1877595624,
        "time" : "20141010T142835+0200"
      }, {
        "lat" : 48.8035952838,
        "lon" : 9.1877604162,
        "time" : "20141010T142853+0200"
      }, {
        "lat" : 48.8035952809,
        "lon" : 9.1877600342,
        "time" : "20141010T142948+0200"
      }, {
        "lat" : 48.7893461099,
        "lon" : 9.2451091349,
        "time" : "20141010T144630+0200"
      } ]
    }, {
      "activity" : "walking",
      "group" : "walking",
      "manual" : false,
      "startTime" : "20141010T144630+0200",
      "endTime" : "20141010T145902+0200",
      "duration" : 752.0,
      "distance" : 1330.0,
      "steps" : 1109,
      "trackPoints" : [ {
        "lat" : 48.7893461099,
        "lon" : 9.2451091349,
        "time" : "20141010T144630+0200"
      }, {
        "lat" : 48.7918402388,
        "lon" : 9.2405268199,
        "time" : "20141010T144805+0200"
      }, {
        "lat" : 48.791820166,
        "lon" : 9.2404985807,
        "time" : "20141010T144828+0200"
      }, {
        "lat" : 48.7918046893,
        "lon" : 9.240484594,
        "time" : "20141010T144852+0200"
      }, {
        "lat" : 48.7917832335,
        "lon" : 9.2404745123,
        "time" : "20141010T144915+0200"
      }, {
        "lat" : 48.7903009821,
        "lon" : 9.2401985691,
        "time" : "20141010T145014+0200"
      }, {
        "lat" : 48.7901099416,
        "lon" : 9.2401467493,
        "time" : "20141010T145034+0200"
      }, {
        "lat" : 48.7899820851,
        "lon" : 9.2400303329,
        "time" : "20141010T145056+0200"
      }, {
        "lat" : 48.7898905641,
        "lon" : 9.2398625619,
        "time" : "20141010T145115+0200"
      }, {
        "lat" : 48.7899371623,
        "lon" : 9.2392675651,
        "time" : "20141010T145154+0200"
      }, {
        "lat" : 48.7898402331,
        "lon" : 9.2392061171,
        "time" : "20141010T145212+0200"
      }, {
        "lat" : 48.7895673463,
        "lon" : 9.2394827803,
        "time" : "20141010T145234+0200"
      }, {
        "lat" : 48.7893348716,
        "lon" : 9.2390895023,
        "time" : "20141010T145253+0200"
      }, {
        "lat" : 48.7893686524,
        "lon" : 9.2384367365,
        "time" : "20141010T145323+0200"
      }, {
        "lat" : 48.7918193488,
        "lon" : 9.2341969016,
        "time" : "20141010T145414+0200"
      }, {
        "lat" : 48.7882341535,
        "lon" : 9.2363015387,
        "time" : "20141010T145603+0200"
      }, {
        "lat" : 48.7881722435,
        "lon" : 9.2363654595,
        "time" : "20141010T145623+0200"
      }, {
        "lat" : 48.788183107,
        "lon" : 9.2363455539,
        "time" : "20141010T145645+0200"
      }, {
        "lat" : 48.788517118,
        "lon" : 9.2358426723,
        "time" : "20141010T145726+0200"
      }, {
        "lat" : 48.7887138847,
        "lon" : 9.2355099861,
        "time" : "20141010T145753+0200"
      }, {
        "lat" : 48.7886918941,
        "lon" : 9.2344245474,
        "time" : "20141010T145902+0200"
      } ]
    } ],
    "lastUpdate" : "20141010T230510Z"
  }, {
    "type" : "place",
    "startTime" : "20141010T145903+0200",
    "endTime" : "20141010T153933+0200",
    "place" : {
      "id" : 266811280,
      "type" : "unknown",
      "location" : {
        "lat" : 48.7886918941,
        "lon" : 9.2344245474
      }
    },
    "activities" : [ {
      "activity" : "walking",
      "group" : "walking",
      "manual" : false,
      "startTime" : "20141010T145903+0200",
      "endTime" : "20141010T145916+0200",
      "duration" : 13.0,
      "distance" : 9.0,
      "steps" : 17,
      "trackPoints" : [ ]
    }, {
      "activity" : "walking",
      "group" : "walking",
      "manual" : false,
      "startTime" : "20141010T153317+0200",
      "endTime" : "20141010T153355+0200",
      "duration" : 38.0,
      "distance" : 20.0,
      "steps" : 41,
      "trackPoints" : [ ]
    } ],
    "lastUpdate" : "20141011T003948Z"
  }, {
    "type" : "move",
    "startTime" : "20141010T153933+0200",
    "endTime" : "20141010T154332+0200",
    "activities" : [ {
      "activity" : "walking",
      "group" : "walking",
      "manual" : false,
      "startTime" : "20141010T153933+0200",
      "endTime" : "20141010T154333+0200",
      "duration" : 240.0,
      "distance" : 205.0,
      "steps" : 190,
      "trackPoints" : [ {
        "lat" : 48.7886918941,
        "lon" : 9.2344245474,
        "time" : "20141010T153933+0200"
      }, {
        "lat" : 48.7902379382,
        "lon" : 9.2337751309,
        "time" : "20141010T154332+0200"
      } ]
    } ],
    "lastUpdate" : "20141011T003948Z"
  }, {
    "type" : "place",
    "startTime" : "20141010T154333+0200",
    "endTime" : "20141010T155329+0200",
    "place" : {
      "id" : 266833271,
      "type" : "unknown",
      "location" : {
        "lat" : 48.7902379382,
        "lon" : 9.2337751309
      }
    },
    "activities" : [ {
      "activity" : "walking",
      "group" : "walking",
      "manual" : false,
      "startTime" : "20141010T154333+0200",
      "endTime" : "20141010T154705+0200",
      "duration" : 212.0,
      "distance" : 225.0,
      "steps" : 301,
      "trackPoints" : [ ]
    } ],
    "lastUpdate" : "20141011T003948Z"
  }, {
    "type" : "move",
    "startTime" : "20141010T155329+0200",
    "endTime" : "20141010T161459+0200",
    "activities" : [ {
      "activity" : "walking",
      "group" : "walking",
      "manual" : false,
      "startTime" : "20141010T155329+0200",
      "endTime" : "20141010T160348+0200",
      "duration" : 619.0,
      "distance" : 469.0,
      "steps" : 410,
      "trackPoints" : [ {
        "lat" : 48.7902379382,
        "lon" : 9.2337751309,
        "time" : "20141010T155329+0200"
      }, {
        "lat" : 48.7898403195,
        "lon" : 9.2333105571,
        "time" : "20141010T155646+0200"
      }, {
        "lat" : 48.789790939,
        "lon" : 9.2332669839,
        "time" : "20141010T155716+0200"
      }, {
        "lat" : 48.789770624,
        "lon" : 9.2332590101,
        "time" : "20141010T155736+0200"
      }, {
        "lat" : 48.7897610562,
        "lon" : 9.2332632295,
        "time" : "20141010T155756+0200"
      }, {
        "lat" : 48.7897653009,
        "lon" : 9.2332782038,
        "time" : "20141010T155816+0200"
      }, {
        "lat" : 48.7897895696,
        "lon" : 9.2333065335,
        "time" : "20141010T155837+0200"
      }, {
        "lat" : 48.7898212664,
        "lon" : 9.2333378792,
        "time" : "20141010T155856+0200"
      }, {
        "lat" : 48.7898535025,
        "lon" : 9.2333685354,
        "time" : "20141010T155917+0200"
      }, {
        "lat" : 48.7898837015,
        "lon" : 9.2333965257,
        "time" : "20141010T155940+0200"
      }, {
        "lat" : 48.7905070914,
        "lon" : 9.2330757387,
        "time" : "20141010T155959+0200"
      }, {
        "lat" : 48.7905074118,
        "lon" : 9.2330755738,
        "time" : "20141010T160000+0200"
      }, {
        "lat" : 48.7978199594,
        "lon" : 9.2293126467,
        "time" : "20141010T160348+0200"
      } ]
    } ],
    "lastUpdate" : "20141011T003948Z"
  } ],
  "lastUpdate" : "20141011T003948Z"
} ]