[ {
  "date" : "20140803",
  "summary" : [ {
    "activity" : "walking",
    "group" : "walking",
    "duration" : 8923.0,
    "distance" : 9616.0,
    "steps" : 12900
  }, {
    "activity" : "transport",
    "group" : "transport",
    "duration" : 14760.0,
    "distance" : 173074.0
  } ],
  "segments" : [ {
    "type" : "place",
    "startTime" : "20140802T222955+0200",
    "endTime" : "20140803T100203+0200",
    "place" : {
      "id" : 223284010,
      "type" : "unknown",
      "location" : {
        "lat" : 49.8821677347,
        "lon" : 8.6695544869
      }
    },
    "activities" : [ {
      "activity" : "walking",
      "group" : "walking",
      "manual" : false,
      "startTime" : "20140803T001532+0200",
      "endTime" : "20140803T001536+0200",
      "duration" : 4.0,
      "distance" : 3.0,
      "steps" : 5,
      "trackPoints" : [ ]
    }, {
      "activity" : "walking",
      "group" : "walking",
      "manual" : false,
      "startTime" : "20140803T022938+0200",
      "endTime" : "20140803T023008+0200",
      "duration" : 30.0,
      "distance" : 15.0,
      "steps" : 30,
      "trackPoints" : [ ]
    }, {
      "activity" : "walking",
      "group" : "walking",
      "manual" : false,
      "startTime" : "20140803T100015+0200",
      "endTime" : "20140803T100025+0200",
      "duration" : 10.0,
      "distance" : 7.0,
      "steps" : 14,
      "trackPoints" : [ ]
    } ],
    "lastUpdate" : "20140803T101930Z"
  }, {
    "type" : "move",
    "startTime" : "20140803T100203+0200",
    "endTime" : "20140803T102329+0200",
    "activities" : [ {
      "activity" : "walking",
      "group" : "walking",
      "manual" : false,
      "startTime" : "20140803T100203+0200",
      "endTime" : "20140803T100633+0200",
      "duration" : 270.0,
      "distance" : 305.0,
      "steps" : 468,
      "trackPoints" : [ {
        "lat" : 49.8821677347,
        "lon" : 8.6695544869,
        "time" : "20140803T100203+0200"
      }, {
        "lat" : 49.881987327,
        "lon" : 8.6701998689,
        "time" : "20140803T100222+0200"
      }, {
        "lat" : 49.8819780959,
        "lon" : 8.6702360565,
        "time" : "20140803T100237+0200"
      }, {
        "lat" : 49.8819802637,
        "lon" : 8.6702259172,
        "time" : "20140803T100257+0200"
      }, {
        "lat" : 49.8819840509,
        "lon" : 8.6702111992,
        "time" : "20140803T100321+0200"
      }, {
        "lat" : 49.8819881982,
        "lon" : 8.6701950036,
        "time" : "20140803T100341+0200"
      }, {
        "lat" : 49.8819930099,
        "lon" : 8.6701760757,
        "time" : "20140803T100401+0200"
      }, {
        "lat" : 49.8819985231,
        "lon" : 8.6701540236,
        "time" : "20140803T100417+0200"
      }, {
        "lat" : 49.8820026456,
        "lon" : 8.6701378324,
        "time" : "20140803T100434+0200"
      }, {
        "lat" : 49.8820262236,
        "lon" : 8.6700415435,
        "time" : "20140803T100449+0200"
      }, {
        "lat" : 49.8821924623,
        "lon" : 8.6693511563,
        "time" : "20140803T100507+0200"
      }, {
        "lat" : 49.8823074885,
        "lon" : 8.668675282,
        "time" : "20140803T100528+0200"
      }, {
        "lat" : 49.8823305882,
        "lon" : 8.6678204907,
        "time" : "20140803T100558+0200"
      }, {
        "lat" : 49.8823384491,
        "lon" : 8.6672335738,
        "time" : "20140803T100618+0200"
      }, {
        "lat" : 49.8823385386,
        "lon" : 8.6671407861,
        "time" : "20140803T100633+0200"
      } ]
    }, {
      "activity" : "transport",
      "group" : "transport",
      "manual" : false,
      "startTime" : "20140803T100633+0200",
      "endTime" : "20140803T102329+0200",
      "duration" : 1016.0,
      "distance" : 3553.0,
      "trackPoints" : [ {
        "lat" : 49.8823385386,
        "lon" : 8.6671407861,
        "time" : "20140803T100633+0200"
      }, {
        "lat" : 49.8823396154,
        "lon" : 8.6660249849,
        "time" : "20140803T100657+0200"
      }, {
        "lat" : 49.8822686687,
        "lon" : 8.6658738822,
        "time" : "20140803T100714+0200"
      }, {
        "lat" : 49.8821997335,
        "lon" : 8.6657928034,
        "time" : "20140803T100731+0200"
      }, {
        "lat" : 49.8774956038,
        "lon" : 8.6614847341,
        "time" : "20140803T101032+0200"
      }, {
        "lat" : 49.8764243845,
        "lon" : 8.6617536226,
        "time" : "20140803T101059+0200"
      }, {
        "lat" : 49.8758591039,
        "lon" : 8.6605667244,
        "time" : "20140803T101220+0200"
      }, {
        "lat" : 49.8758591039,
        "lon" : 8.6605667244,
        "time" : "20140803T101240+0200"
      }, {
        "lat" : 49.8758061592,
        "lon" : 8.6604589925,
        "time" : "20140803T101300+0200"
      }, {
        "lat" : 49.8757463368,
        "lon" : 8.6603444077,
        "time" : "20140803T101320+0200"
      }, {
        "lat" : 49.8757194037,
        "lon" : 8.6602926679,
        "time" : "20140803T101344+0200"
      }, {
        "lat" : 49.8757003535,
        "lon" : 8.6602541366,
        "time" : "20140803T101359+0200"
      }, {
        "lat" : 49.875670266,
        "lon" : 8.6601927022,
        "time" : "20140803T101419+0200"
      }, {
        "lat" : 49.8756636981,
        "lon" : 8.6601795536,
        "time" : "20140803T101439+0200"
      }, {
        "lat" : 49.8735569433,
        "lon" : 8.6559651789,
        "time" : "20140803T101509+0200"
      }, {
        "lat" : 49.8734082487,
        "lon" : 8.6557880162,
        "time" : "20140803T101531+0200"
      }, {
        "lat" : 49.8734062426,
        "lon" : 8.6557710118,
        "time" : "20140803T101553+0200"
      }, {
        "lat" : 49.8720738859,
        "lon" : 8.6450907198,
        "time" : "20140803T101956+0200"
      }, {
        "lat" : 49.872086846,
        "lon" : 8.6452239312,
        "time" : "20140803T102012+0200"
      }, {
        "lat" : 49.8713012242,
        "lon" : 8.6320447878,
        "time" : "20140803T102329+0200"
      } ]
    } ],
    "lastUpdate" : "20140803T101930Z"
  }, {
    "type" : "place",
    "startTime" : "20140803T102329+0200",
    "endTime" : "20140803T103449+0200",
    "place" : {
      "id" : 239105198,
      "type" : "unknown",
      "location" : {
        "lat" : 49.8713012242,
        "lon" : 8.6320447878
      }
    },
    "activities" : [ {
      "activity" : "walking",
      "group" : "walking",
      "manual" : false,
      "startTime" : "20140803T102329+0200",
      "endTime" : "20140803T102710+0200",
      "duration" : 221.0,
      "distance" : 311.0,
      "steps" : 414,
      "trackPoints" : [ ]
    } ],
    "lastUpdate" : "20140803T101930Z"
  }, {
    "type" : "move",
    "startTime" : "20140803T103449+0200",
    "endTime" : "20140803T103941+0200",
    "activities" : [ {
      "activity" : "walking",
      "group" : "walking",
      "manual" : false,
      "startTime" : "20140803T103449+0200",
      "endTime" : "20140803T103942+0200",
      "duration" : 293.0,
      "distance" : 358.0,
      "steps" : 379,
      "trackPoints" : [ {
        "lat" : 49.8713012242,
        "lon" : 8.6320447878,
        "time" : "20140803T103449+0200"
      }, {
        "lat" : 49.8727535876,
        "lon" : 8.629754329,
        "time" : "20140803T103834+0200"
      }, {
        "lat" : 49.8727710369,
        "lon" : 8.630890125,
        "time" : "20140803T103941+0200"
      } ]
    } ],
    "lastUpdate" : "20140803T101930Z"
  }, {
    "type" : "place",
    "startTime" : "20140803T103942+0200",
    "endTime" : "20140803T111411+0200",
    "place" : {
      "id" : 239105199,
      "type" : "unknown",
      "location" : {
        "lat" : 49.8727710369,
        "lon" : 8.630890125
      }
    },
    "activities" : [ {
      "activity" : "walking",
      "group" : "walking",
      "manual" : false,
      "startTime" : "20140803T104514+0200",
      "endTime" : "20140803T104734+0200",
      "duration" : 140.0,
      "distance" : 165.0,
      "steps" : 220,
      "trackPoints" : [ ]
    }, {
      "activity" : "walking",
      "group" : "walking",
      "manual" : false,
      "startTime" : "20140803T110009+0200",
      "endTime" : "20140803T110714+0200",
      "duration" : 425.0,
      "distance" : 484.0,
      "steps" : 645,
      "trackPoints" : [ ]
    } ],
    "lastUpdate" : "20140803T101930Z"
  }, {
    "type" : "move",
    "startTime" : "20140803T111411+0200",
    "endTime" : "20140803T111645+0200",
    "activities" : [ {
      "activity" : "walking",
      "group" : "walking",
      "manual" : false,
      "startTime" : "20140803T111411+0200",
      "endTime" : "20140803T111646+0200",
      "duration" : 155.0,
      "distance" : 172.0,
      "steps" : 258,
      "trackPoints" : [ {
        "lat" : 49.8727710369,
        "lon" : 8.630890125,
        "time" : "20140803T111411+0200"
      }, {
        "lat" : 49.872470112,
        "lon" : 8.6305067829,
        "time" : "20140803T111531+0200"
      }, {
        "lat" : 49.872452893,
        "lon" : 8.6303878618,
        "time" : "20140803T111546+0200"
      }, {
        "lat" : 49.8726248452,
        "lon" : 8.6290326952,
        "time" : "20140803T111645+0200"
      } ]
    } ],
    "lastUpdate" : "20140803T101930Z"
  }, {
    "type" : "place",
    "startTime" : "20140803T111646+0200",
    "endTime" : "20140803T112735+0200",
    "place" : {
      "id" : 239105200,
      "type" : "unknown",
      "location" : {
        "lat" : 49.8726248452,
        "lon" : 8.6290326952
      }
    },
    "activities" : [ {
      "activity" : "walking",
      "group" : "walking",
      "manual" : false,
      "startTime" : "20140803T111646+0200",
      "endTime" : "20140803T111712+0200",
      "duration" : 26.0,
      "distance" : 19.0,
      "steps" : 39,
      "trackPoints" : [ ]
    } ],
    "lastUpdate" : "20140803T115420Z"
  }, {
    "type" : "move",
    "startTime" : "20140803T112735+0200",
    "endTime" : "20140803T131140+0200",
    "activities" : [ {
      "activity" : "walking",
      "group" : "walking",
      "manual" : false,
      "startTime" : "20140803T112735+0200",
      "endTime" : "20140803T113013+0200",
      "duration" : 158.0,
      "distance" : 181.0,
      "steps" : 176,
      "trackPoints" : [ {
        "lat" : 49.8726248452,
        "lon" : 8.6290326952,
        "time" : "20140803T112735+0200"
      }, {
        "lat" : 49.8726253682,
        "lon" : 8.6290219999,
        "time" : "20140803T112809+0200"
      }, {
        "lat" : 49.8726358404,
        "lon" : 8.6290349022,
        "time" : "20140803T112824+0200"
      }, {
        "lat" : 49.873507973,
        "lon" : 8.6273351107,
        "time" : "20140803T113013+0200"
      } ]
    }, {
      "activity" : "transport",
      "group" : "transport",
      "manual" : false,
      "startTime" : "20140803T113013+0200",
      "endTime" : "20140803T122426+0200",
      "duration" : 3253.0,
      "distance" : 40287.0,
      "trackPoints" : [ {
        "lat" : 49.873507973,
        "lon" : 8.6273351107,
        "time" : "20140803T113013+0200"
      }, {
        "lat" : 49.9814446258,
        "lon" : 8.4169659454,
        "time" : "20140803T115959+0200"
      }, {
        "lat" : 49.9814452299,
        "lon" : 8.4169647681,
        "time" : "20140803T120000+0200"
      }, {
        "lat" : 50.0699828561,
        "lon" : 8.2444044186,
        "time" : "20140803T122425+0200"
      } ]
    }, {
      "activity" : "walking",
      "group" : "walking",
      "manual" : false,
      "startTime" : "20140803T122425+0200",
      "endTime" : "20140803T122654+0200",
      "duration" : 149.0,
      "distance" : 211.0,
      "steps" : 253,
      "trackPoints" : [ {
        "lat" : 50.0699828561,
        "lon" : 8.2444044186,
        "time" : "20140803T122425+0200"
      }, {
        "lat" : 50.0704023969,
        "lon" : 8.2436214391,
        "time" : "20140803T122524+0200"
      }, {
        "lat" : 50.0699109219,
        "lon" : 8.2422749626,
        "time" : "20140803T122654+0200"
      } ]
    }, {
      "activity" : "transport",
      "group" : "transport",
      "manual" : false,
      "startTime" : "20140803T122654+0200",
      "endTime" : "20140803T130639+0200",
      "duration" : 2385.0,
      "distance" : 29541.0,
      "trackPoints" : [ {
        "lat" : 50.0699109219,
        "lon" : 8.2422749626,
        "time" : "20140803T122654+0200"
      }, {
        "lat" : 50.0293305378,
        "lon" : 8.1340593394,
        "time" : "20140803T124647+0200"
      }, {
        "lat" : 50.0136205606,
        "lon" : 8.0564498449,
        "time" : "20140803T125348+0200"
      }, {
        "lat" : 50.0022493962,
        "lon" : 8.0143363786,
        "time" : "20140803T125732+0200"
      }, {
        "lat" : 49.9932027727,
        "lon" : 7.978908824,
        "time" : "20140803T125959+0200"
      }, {
        "lat" : 49.9932021601,
        "lon" : 7.978906425,
        "time" : "20140803T130000+0200"
      }, {
        "lat" : 49.9769856728,
        "lon" : 7.9154009093,
        "time" : "20140803T130424+0200"
      }, {
        "lat" : 49.9769362685,
        "lon" : 7.9152648403,
        "time" : "20140803T130442+0200"
      }, {
        "lat" : 49.9770357226,
        "lon" : 7.9158299603,
        "time" : "20140803T130639+0200"
      } ]
    }, {
      "activity" : "walking",
      "group" : "walking",
      "manual" : false,
      "startTime" : "20140803T130639+0200",
      "endTime" : "20140803T131140+0200",
      "duration" : 301.0,
      "distance" : 259.0,
      "steps" : 464,
      "trackPoints" : [ {
        "lat" : 49.9770357226,
        "lon" : 7.9158299603,
        "time" : "20140803T130639+0200"
      }, {
        "lat" : 49.9771309783,
        "lon" : 7.9163726703,
        "time" : "20140803T130751+0200"
      }, {
        "lat" : 49.9771492262,
        "lon" : 7.9164083258,
        "time" : "20140803T130809+0200"
      }, {
        "lat" : 49.9775075487,
        "lon" : 7.9188974098,
        "time" : "20140803T131140+0200"
      } ]
    } ],
    "lastUpdate" : "20140803T115420Z"
  }, {
    "type" : "place",
    "startTime" : "20140803T131140+0200",
    "endTime" : "20140803T134456+0200",
    "place" : {
      "id" : 239137268,
      "type" : "unknown",
      "location" : {
        "lat" : 49.9775075487,
        "lon" : 7.9188974098
      }
    },
    "activities" : [ {
      "activity" : "walking",
      "group" : "walking",
      "manual" : false,
      "startTime" : "20140803T131140+0200",
      "endTime" : "20140803T132058+0200",
      "duration" : 558.0,
      "distance" : 605.0,
      "steps" : 806,
      "trackPoints" : [ ]
    } ],
    "lastUpdate" : "20140803T150308Z"
  }, {
    "type" : "move",
    "startTime" : "20140803T134456+0200",
    "endTime" : "20140803T135028+0200",
    "activities" : [ {
      "activity" : "walking",
      "group" : "walking",
      "manual" : false,
      "startTime" : "20140803T134456+0200",
      "endTime" : "20140803T135029+0200",
      "duration" : 333.0,
      "distance" : 285.0,
      "steps" : 410,
      "trackPoints" : [ {
        "lat" : 49.9775075487,
        "lon" : 7.9188974098,
        "time" : "20140803T134456+0200"
      }, {
        "lat" : 49.9777082331,
        "lon" : 7.9188146621,
        "time" : "20140803T134713+0200"
      }, {
        "lat" : 49.9778010844,
        "lon" : 7.9189269375,
        "time" : "20140803T134729+0200"
      }, {
        "lat" : 49.9794374776,
        "lon" : 7.9204817137,
        "time" : "20140803T135028+0200"
      } ]
    } ],
    "lastUpdate" : "20140803T150308Z"
  }, {
    "type" : "place",
    "startTime" : "20140803T135029+0200",
    "endTime" : "20140803T141135+0200",
    "place" : {
      "id" : 239210880,
      "type" : "unknown",
      "location" : {
        "lat" : 49.9794374776,
        "lon" : 7.9204817137
      }
    },
    "activities" : [ {
      "activity" : "walking",
      "group" : "walking",
      "manual" : false,
      "startTime" : "20140803T135029+0200",
      "endTime" : "20140803T135331+0200",
      "duration" : 182.0,
      "distance" : 186.0,
      "steps" : 247,
      "trackPoints" : [ ]
    }, {
      "activity" : "walking",
      "group" : "walking",
      "manual" : false,
      "startTime" : "20140803T140323+0200",
      "endTime" : "20140803T140454+0200",
      "duration" : 91.0,
      "distance" : 61.0,
      "steps" : 121,
      "trackPoints" : [ ]
    } ],
    "lastUpdate" : "20140803T150308Z"
  }, {
    "type" : "move",
    "startTime" : "20140803T141135+0200",
    "endTime" : "20140803T141825+0200",
    "activities" : [ {
      "activity" : "transport",
      "group" : "transport",
      "manual" : false,
      "startTime" : "20140803T141135+0200",
      "endTime" : "20140803T141825+0200",
      "duration" : 410.0,
      "distance" : 1352.0,
      "trackPoints" : [ {
        "lat" : 49.9794374776,
        "lon" : 7.9204817137,
        "time" : "20140803T141135+0200"
      }, {
        "lat" : 49.9812062749,
        "lon" : 7.9121487555,
        "time" : "20140803T141447+0200"
      }, {
        "lat" : 49.9812963145,
        "lon" : 7.9114000917,
        "time" : "20140803T141502+0200"
      }, {
        "lat" : 49.9824644276,
        "lon" : 7.9046316733,
        "time" : "20140803T141825+0200"
      } ]
    } ],
    "lastUpdate" : "20140803T150308Z"
  }, {
    "type" : "place",
    "startTime" : "20140803T141825+0200",
    "endTime" : "20140803T142326+0200",
    "place" : {
      "id" : 239210881,
      "type" : "unknown",
      "location" : {
        "lat" : 49.9824644276,
        "lon" : 7.9046316733
      }
    },
    "activities" : [ {
      "activity" : "walking",
      "group" : "walking",
      "manual" : false,
      "startTime" : "20140803T141926+0200",
      "endTime" : "20140803T141927+0200",
      "duration" : 1.0,
      "distance" : 1.0,
      "steps" : 1,
      "trackPoints" : [ ]
    } ],
    "lastUpdate" : "20140803T150308Z"
  }, {
    "type" : "move",
    "startTime" : "20140803T142326+0200",
    "endTime" : "20140803T142836+0200",
    "activities" : [ {
      "activity" : "walking",
      "group" : "walking",
      "manual" : false,
      "startTime" : "20140803T142326+0200",
      "endTime" : "20140803T142837+0200",
      "duration" : 311.0,
      "distance" : 301.0,
      "steps" : 358,
      "trackPoints" : [ {
        "lat" : 49.9824644276,
        "lon" : 7.9046316733,
        "time" : "20140803T142326+0200"
      }, {
        "lat" : 49.982819811,
        "lon" : 7.9023481333,
        "time" : "20140803T142523+0200"
      }, {
        "lat" : 49.9820131765,
        "lon" : 7.9019735078,
        "time" : "20140803T142836+0200"
      } ]
    } ],
    "lastUpdate" : "20140803T150308Z"
  }, {
    "type" : "place",
    "startTime" : "20140803T142837+0200",
    "endTime" : "20140803T143008+0200",
    "place" : {
      "id" : 239210882,
      "type" : "unknown",
      "location" : {
        "lat" : 49.9820131765,
        "lon" : 7.9019735078
      }
    },
    "activities" : [ {
      "activity" : "walking",
      "group" : "walking",
      "manual" : false,
      "startTime" : "20140803T142845+0200",
      "endTime" : "20140803T142926+0200",
      "duration" : 41.0,
      "distance" : 28.0,
      "steps" : 55,
      "trackPoints" : [ ]
    } ],
    "lastUpdate" : "20140803T150308Z"
  }, {
    "type" : "move",
    "startTime" : "20140803T143008+0200",
    "endTime" : "20140803T143545+0200",
    "activities" : [ {
      "activity" : "walking",
      "group" : "walking",
      "manual" : false,
      "startTime" : "20140803T143008+0200",
      "endTime" : "20140803T143546+0200",
      "duration" : 338.0,
      "distance" : 201.0,
      "steps" : 235,
      "trackPoints" : [ {
        "lat" : 49.9820131765,
        "lon" : 7.9019735078,
        "time" : "20140803T143008+0200"
      }, {
        "lat" : 49.9819079927,
        "lon" : 7.9020313614,
        "time" : "20140803T143231+0200"
      }, {
        "lat" : 49.9810907012,
        "lon" : 7.9001559633,
        "time" : "20140803T143545+0200"
      } ]
    } ],
    "lastUpdate" : "20140803T150308Z"
  }, {
    "type" : "place",
    "startTime" : "20140803T143546+0200",
    "endTime" : "20140803T144835+0200",
    "place" : {
      "id" : 239210883,
      "type" : "unknown",
      "location" : {
        "lat" : 49.9810907012,
        "lon" : 7.9001559633
      }
    },
    "activities" : [ {
      "activity" : "walking",
      "group" : "walking",
      "manual" : false,
      "startTime" : "20140803T143550+0200",
      "endTime" : "20140803T143954+0200",
      "duration" : 244.0,
      "distance" : 268.0,
      "steps" : 357,
      "trackPoints" : [ ]
    } ],
    "lastUpdate" : "20140803T150308Z"
  }, {
    "type" : "move",
    "startTime" : "20140803T144835+0200",
    "endTime" : "20140803T151816+0200",
    "activities" : [ {
      "activity" : "walking",
      "group" : "walking",
      "manual" : false,
      "startTime" : "20140803T144835+0200",
      "endTime" : "20140803T151817+0200",
      "duration" : 1782.0,
      "distance" : 2229.0,
      "steps" : 2830,
      "trackPoints" : [ {
        "lat" : 49.9810907012,
        "lon" : 7.9001559633,
        "time" : "20140803T144835+0200"
      }, {
        "lat" : 49.9806634722,
        "lon" : 7.8987574514,
        "time" : "20140803T144958+0200"
      }, {
        "lat" : 49.9804964428,
        "lon" : 7.8953197507,
        "time" : "20140803T145333+0200"
      }, {
        "lat" : 49.9802668275,
        "lon" : 7.8921990385,
        "time" : "20140803T145714+0200"
      }, {
        "lat" : 49.9800521186,
        "lon" : 7.8894750856,
        "time" : "20140803T145959+0200"
      }, {
        "lat" : 49.9800521056,
        "lon" : 7.8894749208,
        "time" : "20140803T150000+0200"
      }, {
        "lat" : 49.9799862691,
        "lon" : 7.8886396699,
        "time" : "20140803T150050+0200"
      }, {
        "lat" : 49.9795482749,
        "lon" : 7.8862844188,
        "time" : "20140803T150414+0200"
      }, {
        "lat" : 49.979608191,
        "lon" : 7.8829487899,
        "time" : "20140803T150751+0200"
      }, {
        "lat" : 49.9813591286,
        "lon" : 7.8829733148,
        "time" : "20140803T151114+0200"
      }, {
        "lat" : 49.9837956287,
        "lon" : 7.8830468667,
        "time" : "20140803T151444+0200"
      }, {
        "lat" : 49.9840167613,
        "lon" : 7.8829659915,
        "time" : "20140803T151502+0200"
      }, {
        "lat" : 49.9855215795,
        "lon" : 7.8829629027,
        "time" : "20140803T151801+0200"
      }, {
        "lat" : 49.9857612485,
        "lon" : 7.8827216556,
        "time" : "20140803T151816+0200"
      } ]
    } ],
    "lastUpdate" : "20140803T150308Z"
  }, {
    "type" : "place",
    "startTime" : "20140803T151816+0200",
    "endTime" : "20140803T154746+0200",
    "place" : {
      "id" : 239210884,
      "type" : "unknown",
      "location" : {
        "lat" : 49.9857612485,
        "lon" : 7.8827216556
      }
    },
    "activities" : [ {
      "activity" : "walking",
      "group" : "walking",
      "manual" : false,
      "startTime" : "20140803T151816+0200",
      "endTime" : "20140803T152425+0200",
      "duration" : 369.0,
      "distance" : 430.0,
      "steps" : 573,
      "trackPoints" : [ ]
    } ],
    "lastUpdate" : "20140803T162200Z"
  }, {
    "type" : "move",
    "startTime" : "20140803T154746+0200",
    "endTime" : "20140803T160346+0200",
    "activities" : [ {
      "activity" : "transport",
      "group" : "transport",
      "manual" : false,
      "startTime" : "20140803T154746+0200",
      "endTime" : "20140803T160347+0200",
      "duration" : 961.0,
      "distance" : 1198.0,
      "trackPoints" : [ {
        "lat" : 49.9857612485,
        "lon" : 7.8827216556,
        "time" : "20140803T154746+0200"
      }, {
        "lat" : 49.9868096561,
        "lon" : 7.8788213484,
        "time" : "20140803T155054+0200"
      }, {
        "lat" : 49.9871966043,
        "lon" : 7.8764753398,
        "time" : "20140803T155354+0200"
      }, {
        "lat" : 49.9872530671,
        "lon" : 7.8761950675,
        "time" : "20140803T155410+0200"
      }, {
        "lat" : 49.9872668624,
        "lon" : 7.8761482424,
        "time" : "20140803T155437+0200"
      }, {
        "lat" : 49.9876099541,
        "lon" : 7.87369995,
        "time" : "20140803T155730+0200"
      }, {
        "lat" : 49.9876292295,
        "lon" : 7.8735832515,
        "time" : "20140803T155748+0200"
      }, {
        "lat" : 49.9878513985,
        "lon" : 7.8720070283,
        "time" : "20140803T155959+0200"
      }, {
        "lat" : 49.9878514154,
        "lon" : 7.8720069083,
        "time" : "20140803T160000+0200"
      }, {
        "lat" : 49.9879572686,
        "lon" : 7.8712559111,
        "time" : "20140803T160102+0200"
      }, {
        "lat" : 49.9880111104,
        "lon" : 7.8710489535,
        "time" : "20140803T160117+0200"
      }, {
        "lat" : 49.9884461757,
        "lon" : 7.8687190016,
        "time" : "20140803T160346+0200"
      } ]
    } ],
    "lastUpdate" : "20140803T162200Z"
  }, {
    "type" : "place",
    "startTime" : "20140803T160347+0200",
    "endTime" : "20140803T160610+0200",
    "place" : {
      "id" : 239210885,
      "type" : "unknown",
      "location" : {
        "lat" : 49.9884461757,
        "lon" : 7.8687190016
      }
    },
    "activities" : [ {
      "activity" : "walking",
      "group" : "walking",
      "manual" : false,
      "startTime" : "20140803T160530+0200",
      "endTime" : "20140803T160552+0200",
      "duration" : 22.0,
      "distance" : 18.0,
      "steps" : 36,
      "trackPoints" : [ ]
    } ],
    "lastUpdate" : "20140803T162200Z"
  }, {
    "type" : "move",
    "startTime" : "20140803T160610+0200",
    "endTime" : "20140803T170014+0200",
    "activities" : [ {
      "activity" : "walking",
      "group" : "walking",
      "manual" : false,
      "startTime" : "20140803T160610+0200",
      "endTime" : "20140803T161903+0200",
      "duration" : 773.0,
      "distance" : 486.0,
      "steps" : 971,
      "trackPoints" : [ {
        "lat" : 49.9884461757,
        "lon" : 7.8687190016,
        "time" : "20140803T160610+0200"
      }, {
        "lat" : 49.9884032147,
        "lon" : 7.8684409158,
        "time" : "20140803T160821+0200"
      }, {
        "lat" : 49.9884217462,
        "lon" : 7.868484654,
        "time" : "20140803T160844+0200"
      }, {
        "lat" : 49.9880741886,
        "lon" : 7.8671029476,
        "time" : "20140803T161210+0200"
      }, {
        "lat" : 49.9874769399,
        "lon" : 7.8654975843,
        "time" : "20140803T161521+0200"
      }, {
        "lat" : 49.9876563642,
        "lon" : 7.8650985598,
        "time" : "20140803T161546+0200"
      }, {
        "lat" : 49.9884953681,
        "lon" : 7.8638416252,
        "time" : "20140803T161902+0200"
      } ]
    }, {
      "activity" : "transport",
      "group" : "transport",
      "manual" : false,
      "startTime" : "20140803T161902+0200",
      "endTime" : "20140803T165326+0200",
      "duration" : 2064.0,
      "distance" : 6169.0,
      "trackPoints" : [ {
        "lat" : 49.9884953681,
        "lon" : 7.8638416252,
        "time" : "20140803T161902+0200"
      }, {
        "lat" : 49.9824642369,
        "lon" : 7.8647028389,
        "time" : "20140803T162226+0200"
      }, {
        "lat" : 49.9820595805,
        "lon" : 7.8649620924,
        "time" : "20140803T162241+0200"
      }, {
        "lat" : 49.9773865939,
        "lon" : 7.8699950918,
        "time" : "20140803T162559+0200"
      }, {
        "lat" : 49.9772070795,
        "lon" : 7.870624679,
        "time" : "20140803T162615+0200"
      }, {
        "lat" : 49.9740390652,
        "lon" : 7.8786212015,
        "time" : "20140803T162939+0200"
      }, {
        "lat" : 49.9706516244,
        "lon" : 7.8970423937,
        "time" : "20140803T163636+0200"
      }, {
        "lat" : 49.9729884942,
        "lon" : 7.9053151337,
        "time" : "20140803T164347+0200"
      }, {
        "lat" : 49.9772880757,
        "lon" : 7.9209637714,
        "time" : "20140803T165041+0200"
      }, {
        "lat" : 49.9773170229,
        "lon" : 7.9211020589,
        "time" : "20140803T165100+0200"
      }, {
        "lat" : 49.9775225488,
        "lon" : 7.9218703201,
        "time" : "20140803T165326+0200"
      } ]
    }, {
      "activity" : "walking",
      "group" : "walking",
      "manual" : false,
      "startTime" : "20140803T165326+0200",
      "endTime" : "20140803T170015+0200",
      "duration" : 409.0,
      "distance" : 254.0,
      "steps" : 510,
      "trackPoints" : [ {
        "lat" : 49.9775225488,
        "lon" : 7.9218703201,
        "time" : "20140803T165326+0200"
      }, {
        "lat" : 49.9775658845,
        "lon" : 7.9220855588,
        "time" : "20140803T165421+0200"
      }, {
        "lat" : 49.9778264353,
        "lon" : 7.9242259861,
        "time" : "20140803T165759+0200"
      }, {
        "lat" : 49.9778099162,
        "lon" : 7.9242911069,
        "time" : "20140803T165815+0200"
      }, {
        "lat" : 49.9778579817,
        "lon" : 7.9242524282,
        "time" : "20140803T165959+0200"
      }, {
        "lat" : 49.9778579863,
        "lon" : 7.9242524245,
        "time" : "20140803T170000+0200"
      }, {
        "lat" : 49.9778648916,
        "lon" : 7.9242468678,
        "time" : "20140803T170014+0200"
      } ]
    } ],
    "lastUpdate" : "20140803T162200Z"
  }, {
    "type" : "place",
    "startTime" : "20140803T170015+0200",
    "endTime" : "20140803T171951+0200",
    "place" : {
      "id" : 239242597,
      "type" : "unknown",
      "location" : {
        "lat" : 49.9778648916,
        "lon" : 7.9242468678
      }
    },
    "activities" : [ {
      "activity" : "walking",
      "group" : "walking",
      "manual" : false,
      "startTime" : "20140803T170029+0200",
      "endTime" : "20140803T170725+0200",
      "duration" : 416.0,
      "distance" : 456.0,
      "steps" : 608,
      "trackPoints" : [ ]
    } ],
    "lastUpdate" : "20140803T180524Z"
  }, {
    "type" : "move",
    "startTime" : "20140803T171951+0200",
    "endTime" : "20140803T183109+0200",
    "activities" : [ {
      "activity" : "walking",
      "group" : "walking",
      "manual" : false,
      "startTime" : "20140803T171951+0200",
      "endTime" : "20140803T172546+0200",
      "duration" : 355.0,
      "distance" : 494.0,
      "steps" : 601,
      "trackPoints" : [ {
        "lat" : 49.9778648916,
        "lon" : 7.9242468678,
        "time" : "20140803T171951+0200"
      }, {
        "lat" : 49.9778573527,
        "lon" : 7.9218887452,
        "time" : "20140803T172115+0200"
      }, {
        "lat" : 49.9776020142,
        "lon" : 7.9187771792,
        "time" : "20140803T172438+0200"
      }, {
        "lat" : 49.9776413612,
        "lon" : 7.9182685305,
        "time" : "20140803T172545+0200"
      } ]
    }, {
      "activity" : "transport",
      "group" : "transport",
      "manual" : false,
      "startTime" : "20140803T172545+0200",
      "endTime" : "20140803T182909+0200",
      "duration" : 3804.0,
      "distance" : 88045.0,
      "trackPoints" : [ {
        "lat" : 49.9776413612,
        "lon" : 7.9182685305,
        "time" : "20140803T172545+0200"
      }, {
        "lat" : 49.978046043,
        "lon" : 7.9170734135,
        "time" : "20140803T172815+0200"
      }, {
        "lat" : 49.9781333571,
        "lon" : 7.9189031022,
        "time" : "20140803T173136+0200"
      }, {
        "lat" : 49.9776543786,
        "lon" : 7.919098163,
        "time" : "20140803T173153+0200"
      }, {
        "lat" : 49.9807471572,
        "lon" : 7.9346981674,
        "time" : "20140803T173508+0200"
      }, {
        "lat" : 49.9813694859,
        "lon" : 7.9371066888,
        "time" : "20140803T173526+0200"
      }, {
        "lat" : 49.9858605174,
        "lon" : 7.9775360795,
        "time" : "20140803T173839+0200"
      }, {
        "lat" : 49.9870843911,
        "lon" : 7.9816320599,
        "time" : "20140803T173854+0200"
      }, {
        "lat" : 50.0022896975,
        "lon" : 8.0271627274,
        "time" : "20140803T174208+0200"
      }, {
        "lat" : 50.003961204,
        "lon" : 8.0315651161,
        "time" : "20140803T174225+0200"
      }, {
        "lat" : 50.017594375,
        "lon" : 8.082174519,
        "time" : "20140803T174557+0200"
      }, {
        "lat" : 50.0379602268,
        "lon" : 8.1135418216,
        "time" : "20140803T174914+0200"
      }, {
        "lat" : 50.0403481012,
        "lon" : 8.1154462528,
        "time" : "20140803T174930+0200"
      }, {
        "lat" : 50.049571901,
        "lon" : 8.1815918487,
        "time" : "20140803T175257+0200"
      }, {
        "lat" : 50.0527254412,
        "lon" : 8.2644474901,
        "time" : "20140803T175621+0200"
      }, {
        "lat" : 50.0556511768,
        "lon" : 8.3625151346,
        "time" : "20140803T175940+0200"
      }, {
        "lat" : 50.0556289493,
        "lon" : 8.3740072254,
        "time" : "20140803T175959+0200"
      }, {
        "lat" : 50.0555800486,
        "lon" : 8.3741714163,
        "time" : "20140803T175959+0200"
      }, {
        "lat" : 50.0555787088,
        "lon" : 8.3741759147,
        "time" : "20140803T180000+0200"
      }, {
        "lat" : 50.0302354009,
        "lon" : 8.4592695914,
        "time" : "20140803T180309+0200"
      }, {
        "lat" : 50.0282766598,
        "lon" : 8.4673172969,
        "time" : "20140803T180327+0200"
      }, {
        "lat" : 49.9907387151,
        "lon" : 8.4683563544,
        "time" : "20140803T180641+0200"
      }, {
        "lat" : 49.985339139,
        "lon" : 8.465944516,
        "time" : "20140803T180659+0200"
      }, {
        "lat" : 49.9184483963,
        "lon" : 8.508418913,
        "time" : "20140803T181028+0200"
      }, {
        "lat" : 49.8713533767,
        "lon" : 8.5812404435,
        "time" : "20140803T181346+0200"
      }, {
        "lat" : 49.867048568,
        "lon" : 8.5895006351,
        "time" : "20140803T181406+0200"
      }, {
        "lat" : 49.8306848282,
        "lon" : 8.6342069005,
        "time" : "20140803T181718+0200"
      }, {
        "lat" : 49.8259391995,
        "lon" : 8.6325816072,
        "time" : "20140803T181737+0200"
      }, {
        "lat" : 49.8154813186,
        "lon" : 8.6303872406,
        "time" : "20140803T182044+0200"
      }, {
        "lat" : 49.8161206163,
        "lon" : 8.6299052132,
        "time" : "20140803T182100+0200"
      }, {
        "lat" : 49.8449295482,
        "lon" : 8.6393017305,
        "time" : "20140803T182244+0200"
      }, {
        "lat" : 49.8591253418,
        "lon" : 8.6446137831,
        "time" : "20140803T182422+0200"
      }, {
        "lat" : 49.871509347,
        "lon" : 8.6410172383,
        "time" : "20140803T182625+0200"
      }, {
        "lat" : 49.8710043398,
        "lon" : 8.6372434182,
        "time" : "20140803T182641+0200"
      }, {
        "lat" : 49.8705637674,
        "lon" : 8.6339401031,
        "time" : "20140803T182658+0200"
      }, {
        "lat" : 49.8725465063,
        "lon" : 8.6327528508,
        "time" : "20140803T182908+0200"
      } ]
    }, {
      "activity" : "walking",
      "group" : "walking",
      "manual" : false,
      "startTime" : "20140803T182908+0200",
      "endTime" : "20140803T183109+0200",
      "duration" : 121.0,
      "distance" : 109.0,
      "steps" : 172,
      "trackPoints" : [ {
        "lat" : 49.8725465063,
        "lon" : 8.6327528508,
        "time" : "20140803T182908+0200"
      }, {
        "lat" : 49.872587177,
        "lon" : 8.6327308318,
        "time" : "20140803T182928+0200"
      }, {
        "lat" : 49.8722318034,
        "lon" : 8.6316007022,
        "time" : "20140803T183109+0200"
      } ]
    } ],
    "lastUpdate" : "20140803T180524Z"
  }, {
    "type" : "place",
    "startTime" : "20140803T183109+0200",
    "endTime" : "20140803T183823+0200",
    "place" : {
      "id" : 224879887,
      "type" : "unknown",
      "location" : {
        "lat" : 49.8722318034,
        "lon" : 8.6316007022
      }
    },
    "activities" : [ {
      "activity" : "walking",
      "group" : "walking",
      "manual" : false,
      "startTime" : "20140803T183737+0200",
      "endTime" : "20140803T183804+0200",
      "duration" : 27.0,
      "distance" : 18.0,
      "steps" : 36,
      "trackPoints" : [ ]
    } ],
    "lastUpdate" : "20140803T180524Z"
  }, {
    "type" : "move",
    "startTime" : "20140803T183823+0200",
    "endTime" : "20140803T185823+0200",
    "activities" : [ {
      "activity" : "transport",
      "group" : "transport",
      "manual" : false,
      "startTime" : "20140803T183823+0200",
      "endTime" : "20140803T185250+0200",
      "duration" : 867.0,
      "distance" : 2929.0,
      "trackPoints" : [ {
        "lat" : 49.8722318034,
        "lon" : 8.6316007022,
        "time" : "20140803T183823+0200"
      }, {
        "lat" : 49.8716780491,
        "lon" : 8.6433177253,
        "time" : "20140803T184138+0200"
      }, {
        "lat" : 49.8716940311,
        "lon" : 8.6433622026,
        "time" : "20140803T184156+0200"
      }, {
        "lat" : 49.872735943,
        "lon" : 8.6513063458,
        "time" : "20140803T184522+0200"
      }, {
        "lat" : 49.8729502309,
        "lon" : 8.6522301742,
        "time" : "20140803T184635+0200"
      }, {
        "lat" : 49.872873006,
        "lon" : 8.6547963273,
        "time" : "20140803T184721+0200"
      }, {
        "lat" : 49.872854953,
        "lon" : 8.6552964464,
        "time" : "20140803T184748+0200"
      }, {
        "lat" : 49.8728987812,
        "lon" : 8.6554103108,
        "time" : "20140803T184808+0200"
      }, {
        "lat" : 49.8729258178,
        "lon" : 8.6554578195,
        "time" : "20140803T184828+0200"
      }, {
        "lat" : 49.8729341317,
        "lon" : 8.6554714869,
        "time" : "20140803T184849+0200"
      }, {
        "lat" : 49.8729395742,
        "lon" : 8.6554800431,
        "time" : "20140803T184912+0200"
      }, {
        "lat" : 49.872945789,
        "lon" : 8.6554880968,
        "time" : "20140803T184928+0200"
      }, {
        "lat" : 49.8786682195,
        "lon" : 8.6622787153,
        "time" : "20140803T185141+0200"
      }, {
        "lat" : 49.8787609154,
        "lon" : 8.6623845312,
        "time" : "20140803T185205+0200"
      }, {
        "lat" : 49.8787739092,
        "lon" : 8.6623991012,
        "time" : "20140803T185225+0200"
      }, {
        "lat" : 49.8787761968,
        "lon" : 8.6624016664,
        "time" : "20140803T185250+0200"
      } ]
    }, {
      "activity" : "walking",
      "group" : "walking",
      "manual" : false,
      "startTime" : "20140803T185250+0200",
      "endTime" : "20140803T185823+0200",
      "duration" : 333.0,
      "distance" : 670.0,
      "steps" : 558,
      "trackPoints" : [ {
        "lat" : 49.8787761968,
        "lon" : 8.6624016664,
        "time" : "20140803T185250+0200"
      }, {
        "lat" : 49.8787592564,
        "lon" : 8.6623827071,
        "time" : "20140803T185314+0200"
      }, {
        "lat" : 49.8826585215,
        "lon" : 8.6670808384,
        "time" : "20140803T185446+0200"
      }, {
        "lat" : 49.8825341669,
        "lon" : 8.6672211875,
        "time" : "20140803T185502+0200"
      }, {
        "lat" : 49.8825441018,
        "lon" : 8.6680068541,
        "time" : "20140803T185601+0200"
      }, {
        "lat" : 49.8825401487,
        "lon" : 8.6682511579,
        "time" : "20140803T185621+0200"
      }, {
        "lat" : 49.8825062135,
        "lon" : 8.6685477685,
        "time" : "20140803T185645+0200"
      }, {
        "lat" : 49.8824159916,
        "lon" : 8.6690543095,
        "time" : "20140803T185706+0200"
      }, {
        "lat" : 49.8822656388,
        "lon" : 8.6697975998,
        "time" : "20140803T185726+0200"
      }, {
        "lat" : 49.8822028474,
        "lon" : 8.6700271347,
        "time" : "20140803T185742+0200"
      }, {
        "lat" : 49.882170725,
        "lon" : 8.6701034315,
        "time" : "20140803T185759+0200"
      }, {
        "lat" : 49.8819681239,
        "lon" : 8.6703339401,
        "time" : "20140803T185823+0200"
      } ]
    } ],
    "lastUpdate" : "20140803T180524Z"
  }, {
    "type" : "place",
    "startTime" : "20140803T185823+0200",
    "endTime" : "20140804T071517+0200",
    "place" : {
      "id" : 223284010,
      "type" : "unknown",
      "location" : {
        "lat" : 49.8821677347,
        "lon" : 8.6695544869
      }
    },
    "activities" : [ {
      "activity" : "walking",
      "group" : "walking",
      "manual" : false,
      "startTime" : "20140803T185830+0200",
      "endTime" : "20140803T185836+0200",
      "duration" : 6.0,
      "distance" : 6.0,
      "steps" : 11,
      "trackPoints" : [ ]
    }, {
      "activity" : "walking",
      "group" : "walking",
      "manual" : false,
      "startTime" : "20140803T221820+0200",
      "endTime" : "20140803T221849+0200",
      "duration" : 29.0,
      "distance" : 20.0,
      "steps" : 39,
      "trackPoints" : [ ]
    } ],
    "lastUpdate" : "20140804T072133Z"
  } ],
  "lastUpdate" : "20140804T072133Z"
} ]