[ {
  "date" : "20140711",
  "summary" : [ {
    "activity" : "walking",
    "group" : "walking",
    "duration" : 4340.0,
    "distance" : 3944.0,
    "steps" : 6433
  }, {
    "activity" : "transport",
    "group" : "transport",
    "duration" : 396.0,
    "distance" : 690.0
  } ],
  "segments" : [ {
    "type" : "place",
    "startTime" : "20140710T155927+0200",
    "endTime" : "20140711T093806+0200",
    "place" : {
      "id" : 222568631,
      "type" : "unknown",
      "location" : {
        "lat" : 49.8819681239,
        "lon" : 8.6703339401
      }
    },
    "activities" : [ {
      "activity" : "walking",
      "group" : "walking",
      "manual" : false,
      "startTime" : "20140711T093713+0200",
      "endTime" : "20140711T093724+0200",
      "duration" : 11.0,
      "distance" : 7.0,
      "steps" : 14,
      "trackPoints" : [ ]
    } ],
    "lastUpdate" : "20140711T090224Z"
  }, {
    "type" : "move",
    "startTime" : "20140711T093806+0200",
    "endTime" : "20140711T094535+0200",
    "activities" : [ {
      "activity" : "walking",
      "group" : "walking",
      "manual" : false,
      "startTime" : "20140711T093806+0200",
      "endTime" : "20140711T094536+0200",
      "duration" : 450.0,
      "distance" : 370.0,
      "steps" : 648,
      "trackPoints" : [ {
        "lat" : 49.8819681239,
        "lon" : 8.6703339401,
        "time" : "20140711T093806+0200"
      }, {
        "lat" : 49.8819584767,
        "lon" : 8.6702024878,
        "time" : "20140711T093835+0200"
      }, {
        "lat" : 49.8819585241,
        "lon" : 8.6702012649,
        "time" : "20140711T093900+0200"
      }, {
        "lat" : 49.8819592367,
        "lon" : 8.6701974214,
        "time" : "20140711T093921+0200"
      }, {
        "lat" : 49.8819602664,
        "lon" : 8.6701922246,
        "time" : "20140711T093941+0200"
      }, {
        "lat" : 49.8819615878,
        "lon" : 8.6701852017,
        "time" : "20140711T094001+0200"
      }, {
        "lat" : 49.8819635838,
        "lon" : 8.67017398,
        "time" : "20140711T094024+0200"
      }, {
        "lat" : 49.8819656133,
        "lon" : 8.670162643,
        "time" : "20140711T094041+0200"
      }, {
        "lat" : 49.8819689871,
        "lon" : 8.6701451891,
        "time" : "20140711T094101+0200"
      }, {
        "lat" : 49.8819735101,
        "lon" : 8.6701232389,
        "time" : "20140711T094120+0200"
      }, {
        "lat" : 49.8824926195,
        "lon" : 8.6672723277,
        "time" : "20140711T094335+0200"
      }, {
        "lat" : 49.8825457586,
        "lon" : 8.6671339851,
        "time" : "20140711T094352+0200"
      }, {
        "lat" : 49.8822491921,
        "lon" : 8.6660203318,
        "time" : "20140711T094535+0200"
      } ]
    } ],
    "lastUpdate" : "20140711T090224Z"
  }, {
    "type" : "place",
    "startTime" : "20140711T094535+0200",
    "endTime" : "20140711T095427+0200",
    "place" : {
      "id" : 224354608,
      "type" : "unknown",
      "location" : {
        "lat" : 49.8822491921,
        "lon" : 8.6660203318
      }
    },
    "activities" : [ {
      "activity" : "walking",
      "group" : "walking",
      "manual" : false,
      "startTime" : "20140711T095207+0200",
      "endTime" : "20140711T095240+0200",
      "duration" : 33.0,
      "distance" : 27.0,
      "steps" : 53,
      "trackPoints" : [ ]
    } ],
    "lastUpdate" : "20140711T090224Z"
  }, {
    "type" : "move",
    "startTime" : "20140711T095427+0200",
    "endTime" : "20140711T100534+0200",
    "activities" : [ {
      "activity" : "walking",
      "group" : "walking",
      "manual" : false,
      "startTime" : "20140711T095427+0200",
      "endTime" : "20140711T100535+0200",
      "duration" : 668.0,
      "distance" : 864.0,
      "steps" : 1019,
      "trackPoints" : [ {
        "lat" : 49.8822491921,
        "lon" : 8.6660203318,
        "time" : "20140711T095427+0200"
      }, {
        "lat" : 49.8824333309,
        "lon" : 8.6658148489,
        "time" : "20140711T095501+0200"
      }, {
        "lat" : 49.8779599614,
        "lon" : 8.6601328623,
        "time" : "20140711T095624+0200"
      }, {
        "lat" : 49.8779117441,
        "lon" : 8.6597461445,
        "time" : "20140711T095642+0200"
      }, {
        "lat" : 49.8777065854,
        "lon" : 8.6584486703,
        "time" : "20140711T095755+0200"
      }, {
        "lat" : 49.8776211305,
        "lon" : 8.6579571238,
        "time" : "20140711T095826+0200"
      }, {
        "lat" : 49.8775821789,
        "lon" : 8.6577902249,
        "time" : "20140711T095846+0200"
      }, {
        "lat" : 49.8775412112,
        "lon" : 8.6577026695,
        "time" : "20140711T095906+0200"
      }, {
        "lat" : 49.8774869348,
        "lon" : 8.6576597389,
        "time" : "20140711T095925+0200"
      }, {
        "lat" : 49.877468708,
        "lon" : 8.6576507808,
        "time" : "20140711T095940+0200"
      }, {
        "lat" : 49.8774615903,
        "lon" : 8.6576498908,
        "time" : "20140711T095958+0200"
      }, {
        "lat" : 49.8774612023,
        "lon" : 8.6576499971,
        "time" : "20140711T095959+0200"
      }, {
        "lat" : 49.8774611987,
        "lon" : 8.6576499981,
        "time" : "20140711T100000+0200"
      }, {
        "lat" : 49.877451827,
        "lon" : 8.6576525657,
        "time" : "20140711T100026+0200"
      }, {
        "lat" : 49.8774141419,
        "lon" : 8.6576543627,
        "time" : "20140711T100046+0200"
      }, {
        "lat" : 49.8770014925,
        "lon" : 8.6576462411,
        "time" : "20140711T100110+0200"
      }, {
        "lat" : 49.876658999,
        "lon" : 8.6575486078,
        "time" : "20140711T100132+0200"
      }, {
        "lat" : 49.8764614858,
        "lon" : 8.6573967699,
        "time" : "20140711T100153+0200"
      }, {
        "lat" : 49.8763327445,
        "lon" : 8.6572089751,
        "time" : "20140711T100215+0200"
      }, {
        "lat" : 49.8762936816,
        "lon" : 8.6571180091,
        "time" : "20140711T100230+0200"
      }, {
        "lat" : 49.8762816223,
        "lon" : 8.6570637355,
        "time" : "20140711T100248+0200"
      }, {
        "lat" : 49.8762786524,
        "lon" : 8.657046595,
        "time" : "20140711T100307+0200"
      }, {
        "lat" : 49.8762778751,
        "lon" : 8.6570518684,
        "time" : "20140711T100328+0200"
      }, {
        "lat" : 49.8762752423,
        "lon" : 8.6570671077,
        "time" : "20140711T100347+0200"
      }, {
        "lat" : 49.8762621579,
        "lon" : 8.657056929,
        "time" : "20140711T100408+0200"
      }, {
        "lat" : 49.876200465,
        "lon" : 8.6569836622,
        "time" : "20140711T100434+0200"
      }, {
        "lat" : 49.8761673745,
        "lon" : 8.6569503003,
        "time" : "20140711T100451+0200"
      }, {
        "lat" : 49.8761676002,
        "lon" : 8.6569604103,
        "time" : "20140711T100513+0200"
      }, {
        "lat" : 49.876159775,
        "lon" : 8.6572254169,
        "time" : "20140711T100534+0200"
      } ]
    } ],
    "lastUpdate" : "20140711T090224Z"
  }, {
    "type" : "place",
    "startTime" : "20140711T100534+0200",
    "endTime" : "20140711T132251+0200",
    "place" : {
      "id" : 223174315,
      "type" : "unknown",
      "location" : {
        "lat" : 49.8763206317,
        "lon" : 8.6568254738
      }
    },
    "activities" : [ {
      "activity" : "walking",
      "group" : "walking",
      "manual" : false,
      "startTime" : "20140711T100534+0200",
      "endTime" : "20140711T100547+0200",
      "duration" : 13.0,
      "distance" : 11.0,
      "steps" : 22,
      "trackPoints" : [ ]
    }, {
      "activity" : "walking",
      "group" : "walking",
      "manual" : false,
      "startTime" : "20140711T132220+0200",
      "endTime" : "20140711T132251+0200",
      "duration" : 31.0,
      "distance" : 23.0,
      "steps" : 46,
      "trackPoints" : [ ]
    } ],
    "lastUpdate" : "20140711T140627Z"
  }, {
    "type" : "move",
    "startTime" : "20140711T132251+0200",
    "endTime" : "20140711T134826+0200",
    "activities" : [ {
      "activity" : "walking",
      "group" : "walking",
      "manual" : false,
      "startTime" : "20140711T132251+0200",
      "endTime" : "20140711T133454+0200",
      "duration" : 723.0,
      "distance" : 500.0,
      "steps" : 1000,
      "trackPoints" : [ {
        "lat" : 49.8763206317,
        "lon" : 8.6568254738,
        "time" : "20140711T132251+0200"
      }, {
        "lat" : 49.8762668799,
        "lon" : 8.6570842786,
        "time" : "20140711T132322+0200"
      }, {
        "lat" : 49.876266378,
        "lon" : 8.657067227,
        "time" : "20140711T132346+0200"
      }, {
        "lat" : 49.8762846983,
        "lon" : 8.657013784,
        "time" : "20140711T132445+0200"
      }, {
        "lat" : 49.876287201,
        "lon" : 8.65699802,
        "time" : "20140711T132515+0200"
      }, {
        "lat" : 49.8762852703,
        "lon" : 8.656998674,
        "time" : "20140711T132532+0200"
      }, {
        "lat" : 49.8762822818,
        "lon" : 8.6570158028,
        "time" : "20140711T132605+0200"
      }, {
        "lat" : 49.8762859231,
        "lon" : 8.6570350197,
        "time" : "20140711T132629+0200"
      }, {
        "lat" : 49.876288852,
        "lon" : 8.6570518403,
        "time" : "20140711T132645+0200"
      }, {
        "lat" : 49.87629147,
        "lon" : 8.657084144,
        "time" : "20140711T132706+0200"
      }, {
        "lat" : 49.876292649,
        "lon" : 8.6571209444,
        "time" : "20140711T132723+0200"
      }, {
        "lat" : 49.8762978637,
        "lon" : 8.6571695113,
        "time" : "20140711T132744+0200"
      }, {
        "lat" : 49.876305242,
        "lon" : 8.6572071221,
        "time" : "20140711T132800+0200"
      }, {
        "lat" : 49.8763456965,
        "lon" : 8.6572787494,
        "time" : "20140711T132819+0200"
      }, {
        "lat" : 49.876606122,
        "lon" : 8.6576443635,
        "time" : "20140711T132840+0200"
      }, {
        "lat" : 49.87681558,
        "lon" : 8.6578591217,
        "time" : "20140711T132901+0200"
      }, {
        "lat" : 49.8769981716,
        "lon" : 8.6578965775,
        "time" : "20140711T132919+0200"
      }, {
        "lat" : 49.8772214574,
        "lon" : 8.6577357393,
        "time" : "20140711T132939+0200"
      }, {
        "lat" : 49.8773885463,
        "lon" : 8.6576839346,
        "time" : "20140711T132955+0200"
      }, {
        "lat" : 49.8774742395,
        "lon" : 8.6577612424,
        "time" : "20140711T133014+0200"
      }, {
        "lat" : 49.8778217944,
        "lon" : 8.6599020016,
        "time" : "20140711T133155+0200"
      }, {
        "lat" : 49.8778891612,
        "lon" : 8.6600594717,
        "time" : "20140711T133211+0200"
      }, {
        "lat" : 49.8780317481,
        "lon" : 8.6612820008,
        "time" : "20140711T133453+0200"
      } ]
    }, {
      "activity" : "transport",
      "group" : "transport",
      "manual" : false,
      "startTime" : "20140711T133453+0200",
      "endTime" : "20140711T134129+0200",
      "duration" : 396.0,
      "distance" : 690.0,
      "trackPoints" : [ {
        "lat" : 49.8780317481,
        "lon" : 8.6612820008,
        "time" : "20140711T133453+0200"
      }, {
        "lat" : 49.8780753427,
        "lon" : 8.6616559179,
        "time" : "20140711T133536+0200"
      }, {
        "lat" : 49.8780759608,
        "lon" : 8.6616566396,
        "time" : "20140711T133900+0200"
      }, {
        "lat" : 49.8824413093,
        "lon" : 8.6658886891,
        "time" : "20140711T134129+0200"
      } ]
    }, {
      "activity" : "walking",
      "group" : "walking",
      "manual" : false,
      "startTime" : "20140711T134129+0200",
      "endTime" : "20140711T134826+0200",
      "duration" : 417.0,
      "distance" : 392.0,
      "steps" : 676,
      "trackPoints" : [ {
        "lat" : 49.8824413093,
        "lon" : 8.6658886891,
        "time" : "20140711T134129+0200"
      }, {
        "lat" : 49.882600956,
        "lon" : 8.6660887753,
        "time" : "20140711T134210+0200"
      }, {
        "lat" : 49.8826150592,
        "lon" : 8.6661001982,
        "time" : "20140711T134232+0200"
      }, {
        "lat" : 49.8826180171,
        "lon" : 8.6661016889,
        "time" : "20140711T134254+0200"
      }, {
        "lat" : 49.8826184345,
        "lon" : 8.6660989098,
        "time" : "20140711T134314+0200"
      }, {
        "lat" : 49.8826178991,
        "lon" : 8.6660892337,
        "time" : "20140711T134335+0200"
      }, {
        "lat" : 49.8826180994,
        "lon" : 8.6660913371,
        "time" : "20140711T134352+0200"
      }, {
        "lat" : 49.8826310171,
        "lon" : 8.6662643598,
        "time" : "20140711T134427+0200"
      }, {
        "lat" : 49.8827244478,
        "lon" : 8.6675158864,
        "time" : "20140711T134455+0200"
      }, {
        "lat" : 49.882754481,
        "lon" : 8.6681613671,
        "time" : "20140711T134511+0200"
      }, {
        "lat" : 49.8823331744,
        "lon" : 8.6699373439,
        "time" : "20140711T134612+0200"
      }, {
        "lat" : 49.8822874434,
        "lon" : 8.6701042549,
        "time" : "20140711T134627+0200"
      }, {
        "lat" : 49.8822595239,
        "lon" : 8.6701606574,
        "time" : "20140711T134647+0200"
      }, {
        "lat" : 49.8822113722,
        "lon" : 8.6701710023,
        "time" : "20140711T134707+0200"
      }, {
        "lat" : 49.8821704952,
        "lon" : 8.6701722545,
        "time" : "20140711T134728+0200"
      }, {
        "lat" : 49.8821058037,
        "lon" : 8.6701804049,
        "time" : "20140711T134759+0200"
      }, {
        "lat" : 49.8819681239,
        "lon" : 8.6703339401,
        "time" : "20140711T134826+0200"
      } ]
    } ],
    "lastUpdate" : "20140711T140627Z"
  }, {
    "type" : "place",
    "startTime" : "20140711T134826+0200",
    "endTime" : "20140711T135850+0200",
    "place" : {
      "id" : 222568631,
      "type" : "unknown",
      "location" : {
        "lat" : 49.8819681239,
        "lon" : 8.6703339401
      }
    },
    "lastUpdate" : "20140711T140627Z"
  }, {
    "type" : "move",
    "startTime" : "20140711T135850+0200",
    "endTime" : "20140711T141341+0200",
    "activities" : [ {
      "activity" : "walking",
      "group" : "walking",
      "manual" : false,
      "startTime" : "20140711T135850+0200",
      "endTime" : "20140711T141342+0200",
      "duration" : 892.0,
      "distance" : 659.0,
      "steps" : 1317,
      "trackPoints" : [ {
        "lat" : 49.8819681239,
        "lon" : 8.6703339401,
        "time" : "20140711T135850+0200"
      }, {
        "lat" : 49.8819240787,
        "lon" : 8.6702478742,
        "time" : "20140711T135959+0200"
      }, {
        "lat" : 49.8819240724,
        "lon" : 8.6702478618,
        "time" : "20140711T140000+0200"
      }, {
        "lat" : 49.8819167227,
        "lon" : 8.6702335003,
        "time" : "20140711T140011+0200"
      }, {
        "lat" : 49.8819522769,
        "lon" : 8.6702539597,
        "time" : "20140711T140034+0200"
      }, {
        "lat" : 49.8819477105,
        "lon" : 8.6702406705,
        "time" : "20140711T140055+0200"
      }, {
        "lat" : 49.8818396362,
        "lon" : 8.6701281486,
        "time" : "20140711T140125+0200"
      }, {
        "lat" : 49.8807593927,
        "lon" : 8.6691574597,
        "time" : "20140711T140344+0200"
      }, {
        "lat" : 49.8806351194,
        "lon" : 8.6690431681,
        "time" : "20140711T140410+0200"
      }, {
        "lat" : 49.8805944618,
        "lon" : 8.6690069833,
        "time" : "20140711T140431+0200"
      }, {
        "lat" : 49.8805770164,
        "lon" : 8.6689947849,
        "time" : "20140711T140451+0200"
      }, {
        "lat" : 49.8805584592,
        "lon" : 8.6689948076,
        "time" : "20140711T140522+0200"
      }, {
        "lat" : 49.8805337681,
        "lon" : 8.6690089366,
        "time" : "20140711T140542+0200"
      }, {
        "lat" : 49.8804655961,
        "lon" : 8.6690539645,
        "time" : "20140711T140605+0200"
      }, {
        "lat" : 49.8803295063,
        "lon" : 8.6691458201,
        "time" : "20140711T140624+0200"
      }, {
        "lat" : 49.8799846899,
        "lon" : 8.6693793495,
        "time" : "20140711T140644+0200"
      }, {
        "lat" : 49.8794939622,
        "lon" : 8.6697511206,
        "time" : "20140711T140700+0200"
      }, {
        "lat" : 49.8793606642,
        "lon" : 8.6698128413,
        "time" : "20140711T140716+0200"
      }, {
        "lat" : 49.8793381694,
        "lon" : 8.6698163558,
        "time" : "20140711T140754+0200"
      }, {
        "lat" : 49.8793379537,
        "lon" : 8.6698167766,
        "time" : "20140711T140814+0200"
      }, {
        "lat" : 49.8793376519,
        "lon" : 8.6698168789,
        "time" : "20140711T140831+0200"
      }, {
        "lat" : 49.879337402,
        "lon" : 8.6698168652,
        "time" : "20140711T140851+0200"
      }, {
        "lat" : 49.8793372277,
        "lon" : 8.6698168773,
        "time" : "20140711T140921+0200"
      }, {
        "lat" : 49.8793371649,
        "lon" : 8.6698168513,
        "time" : "20140711T140941+0200"
      }, {
        "lat" : 49.8793371223,
        "lon" : 8.6698168259,
        "time" : "20140711T141005+0200"
      }, {
        "lat" : 49.8793371274,
        "lon" : 8.6698168696,
        "time" : "20140711T141021+0200"
      }, {
        "lat" : 49.8793370979,
        "lon" : 8.669816815,
        "time" : "20140711T141041+0200"
      }, {
        "lat" : 49.8793370776,
        "lon" : 8.6698167783,
        "time" : "20140711T141111+0200"
      }, {
        "lat" : 49.8793370347,
        "lon" : 8.6698166732,
        "time" : "20140711T141131+0200"
      }, {
        "lat" : 49.8793369387,
        "lon" : 8.6698164314,
        "time" : "20140711T141202+0200"
      }, {
        "lat" : 49.8793367765,
        "lon" : 8.6698160184,
        "time" : "20140711T141221+0200"
      }, {
        "lat" : 49.8793364294,
        "lon" : 8.6698151332,
        "time" : "20140711T141245+0200"
      }, {
        "lat" : 49.8793358979,
        "lon" : 8.6698137773,
        "time" : "20140711T141305+0200"
      }, {
        "lat" : 49.8793350759,
        "lon" : 8.6698116799,
        "time" : "20140711T141321+0200"
      }, {
        "lat" : 49.8793187034,
        "lon" : 8.6697699039,
        "time" : "20140711T141341+0200"
      } ]
    } ],
    "lastUpdate" : "20140711T140627Z"
  }, {
    "type" : "place",
    "startTime" : "20140711T141341+0200",
    "endTime" : "20140711T155345+0200",
    "place" : {
      "id" : 229023728,
      "type" : "unknown",
      "location" : {
        "lat" : 49.8790864404,
        "lon" : 8.6691945542
      }
    },
    "activities" : [ {
      "activity" : "walking",
      "group" : "walking",
      "manual" : false,
      "startTime" : "20140711T141341+0200",
      "endTime" : "20140711T141358+0200",
      "duration" : 17.0,
      "distance" : 12.0,
      "steps" : 23,
      "trackPoints" : [ ]
    }, {
      "activity" : "walking",
      "group" : "walking",
      "manual" : false,
      "startTime" : "20140711T151020+0200",
      "endTime" : "20140711T151051+0200",
      "duration" : 31.0,
      "distance" : 19.0,
      "steps" : 38,
      "trackPoints" : [ ]
    } ],
    "lastUpdate" : "20140711T150414Z"
  }, {
    "type" : "move",
    "startTime" : "20140711T155345+0200",
    "endTime" : "20140711T160622+0200",
    "activities" : [ {
      "activity" : "walking",
      "group" : "walking",
      "manual" : false,
      "startTime" : "20140711T155345+0200",
      "endTime" : "20140711T160622+0200",
      "duration" : 757.0,
      "distance" : 812.0,
      "steps" : 1186,
      "trackPoints" : [ {
        "lat" : 49.8790864404,
        "lon" : 8.6691945542,
        "time" : "20140711T155345+0200"
      }, {
        "lat" : 49.878614399,
        "lon" : 8.6672369928,
        "time" : "20140711T155443+0200"
      }, {
        "lat" : 49.8786306391,
        "lon" : 8.6674130574,
        "time" : "20140711T155508+0200"
      }, {
        "lat" : 49.8792408664,
        "lon" : 8.6700268504,
        "time" : "20140711T155818+0200"
      }, {
        "lat" : 49.8792913449,
        "lon" : 8.6698792136,
        "time" : "20140711T155842+0200"
      }, {
        "lat" : 49.8798706115,
        "lon" : 8.6695367518,
        "time" : "20140711T155959+0200"
      }, {
        "lat" : 49.8798706865,
        "lon" : 8.6695367075,
        "time" : "20140711T160000+0200"
      }, {
        "lat" : 49.8806567669,
        "lon" : 8.6690719775,
        "time" : "20140711T160144+0200"
      }, {
        "lat" : 49.8807684818,
        "lon" : 8.6691760609,
        "time" : "20140711T160200+0200"
      }, {
        "lat" : 49.8807911642,
        "lon" : 8.6692001276,
        "time" : "20140711T160216+0200"
      }, {
        "lat" : 49.8818168197,
        "lon" : 8.6700664632,
        "time" : "20140711T160437+0200"
      }, {
        "lat" : 49.8819297535,
        "lon" : 8.6701463821,
        "time" : "20140711T160500+0200"
      }, {
        "lat" : 49.8819516786,
        "lon" : 8.6701599953,
        "time" : "20140711T160515+0200"
      }, {
        "lat" : 49.8819593696,
        "lon" : 8.6701636528,
        "time" : "20140711T160536+0200"
      }, {
        "lat" : 49.8819637503,
        "lon" : 8.6701640945,
        "time" : "20140711T160551+0200"
      }, {
        "lat" : 49.8819681239,
        "lon" : 8.6703339401,
        "time" : "20140711T160622+0200"
      } ]
    } ],
    "lastUpdate" : "20140711T150414Z"
  }, {
    "type" : "place",
    "startTime" : "20140711T160622+0200",
    "endTime" : "20140712T093135+0200",
    "place" : {
      "id" : 222568631,
      "type" : "unknown",
      "location" : {
        "lat" : 49.8819681239,
        "lon" : 8.6703339401
      }
    },
    "activities" : [ {
      "activity" : "walking",
      "group" : "walking",
      "manual" : false,
      "startTime" : "20140711T160622+0200",
      "endTime" : "20140711T160739+0200",
      "duration" : 77.0,
      "distance" : 39.0,
      "steps" : 62,
      "trackPoints" : [ ]
    }, {
      "activity" : "walking",
      "group" : "walking",
      "manual" : false,
      "startTime" : "20140711T204952+0200",
      "endTime" : "20140711T205109+0200",
      "duration" : 77.0,
      "distance" : 75.0,
      "steps" : 150,
      "trackPoints" : [ ]
    }, {
      "activity" : "walking",
      "group" : "walking",
      "manual" : false,
      "startTime" : "20140711T210433+0200",
      "endTime" : "20140711T210656+0200",
      "duration" : 143.0,
      "distance" : 134.0,
      "steps" : 179,
      "trackPoints" : [ ]
    } ],
    "lastUpdate" : "20140712T103501Z"
  } ],
  "lastUpdate" : "20140712T103501Z"
} ]