[ {
  "date" : "20141014",
  "summary" : [ {
    "activity" : "walking",
    "group" : "walking",
    "duration" : 5749.0,
    "distance" : 6561.0,
    "steps" : 8580
  }, {
    "activity" : "transport",
    "group" : "transport",
    "duration" : 1955.0,
    "distance" : 6326.0
  } ],
  "segments" : [ {
    "type" : "place",
    "startTime" : "20141013T225607+0200",
    "endTime" : "20141014T011824+0200",
    "place" : {
      "id" : 251721107,
      "type" : "unknown",
      "location" : {
        "lat" : 49.8831093675,
        "lon" : 8.6697840805
      }
    },
    "activities" : [ {
      "activity" : "walking",
      "group" : "walking",
      "manual" : false,
      "startTime" : "20141014T001849+0200",
      "endTime" : "20141014T001851+0200",
      "duration" : 2.0,
      "distance" : 1.0,
      "steps" : 2,
      "trackPoints" : [ ]
    }, {
      "activity" : "walking",
      "group" : "walking",
      "manual" : false,
      "startTime" : "20141014T011316+0200",
      "endTime" : "20141014T011630+0200",
      "duration" : 194.0,
      "distance" : 242.0,
      "steps" : 323,
      "trackPoints" : [ ]
    } ],
    "lastUpdate" : "20141013T235159Z"
  }, {
    "type" : "place",
    "startTime" : "20141014T011824+0200",
    "endTime" : "20141014T121801+0200",
    "place" : {
      "id" : 251291724,
      "name" : "Home",
      "type" : "home",
      "location" : {
        "lat" : 49.8819996044,
        "lon" : 8.6702592175
      }
    },
    "activities" : [ {
      "activity" : "walking",
      "group" : "walking",
      "manual" : false,
      "startTime" : "20141014T011824+0200",
      "endTime" : "20141014T011841+0200",
      "duration" : 17.0,
      "distance" : 12.0,
      "steps" : 24,
      "trackPoints" : [ ]
    }, {
      "activity" : "walking",
      "group" : "walking",
      "manual" : false,
      "startTime" : "20141014T100434+0200",
      "endTime" : "20141014T100527+0200",
      "duration" : 53.0,
      "distance" : 39.0,
      "steps" : 79,
      "trackPoints" : [ ]
    }, {
      "activity" : "walking",
      "group" : "walking",
      "manual" : false,
      "startTime" : "20141014T120536+0200",
      "endTime" : "20141014T120552+0200",
      "duration" : 16.0,
      "distance" : 11.0,
      "steps" : 21,
      "trackPoints" : [ ]
    } ],
    "lastUpdate" : "20141014T114957Z"
  }, {
    "type" : "move",
    "startTime" : "20141014T121801+0200",
    "endTime" : "20141014T122217+0200",
    "activities" : [ {
      "activity" : "walking",
      "group" : "walking",
      "manual" : false,
      "startTime" : "20141014T121801+0200",
      "endTime" : "20141014T122218+0200",
      "duration" : 257.0,
      "distance" : 197.0,
      "steps" : 353,
      "trackPoints" : [ {
        "lat" : 49.8819996044,
        "lon" : 8.6702592175,
        "time" : "20141014T121801+0200"
      }, {
        "lat" : 49.882019121,
        "lon" : 8.6702642292,
        "time" : "20141014T121821+0200"
      }, {
        "lat" : 49.8820209793,
        "lon" : 8.6702622692,
        "time" : "20141014T121842+0200"
      }, {
        "lat" : 49.8820232565,
        "lon" : 8.670255495,
        "time" : "20141014T121904+0200"
      }, {
        "lat" : 49.8820258129,
        "lon" : 8.6702434556,
        "time" : "20141014T121924+0200"
      }, {
        "lat" : 49.8820290493,
        "lon" : 8.6702278035,
        "time" : "20141014T121940+0200"
      }, {
        "lat" : 49.8820355167,
        "lon" : 8.6702026476,
        "time" : "20141014T122001+0200"
      }, {
        "lat" : 49.8820481143,
        "lon" : 8.6701640769,
        "time" : "20141014T122026+0200"
      }, {
        "lat" : 49.8820631687,
        "lon" : 8.6701245991,
        "time" : "20141014T122046+0200"
      }, {
        "lat" : 49.8820964282,
        "lon" : 8.6700507444,
        "time" : "20141014T122106+0200"
      }, {
        "lat" : 49.8826699642,
        "lon" : 8.6689162072,
        "time" : "20141014T122139+0200"
      }, {
        "lat" : 49.8827842946,
        "lon" : 8.6686141143,
        "time" : "20141014T122157+0200"
      }, {
        "lat" : 49.8829100725,
        "lon" : 8.6682008619,
        "time" : "20141014T122217+0200"
      } ]
    } ],
    "lastUpdate" : "20141014T114957Z"
  }, {
    "type" : "place",
    "startTime" : "20141014T122217+0200",
    "endTime" : "20141014T130922+0200",
    "place" : {
      "id" : 223509887,
      "type" : "unknown",
      "location" : {
        "lat" : 49.8829100725,
        "lon" : 8.6682008619
      }
    },
    "activities" : [ {
      "activity" : "walking",
      "group" : "walking",
      "manual" : false,
      "startTime" : "20141014T122225+0200",
      "endTime" : "20141014T122258+0200",
      "duration" : 33.0,
      "distance" : 20.0,
      "steps" : 39,
      "trackPoints" : [ ]
    }, {
      "activity" : "walking",
      "group" : "walking",
      "manual" : false,
      "startTime" : "20141014T130036+0200",
      "endTime" : "20141014T130420+0200",
      "duration" : 224.0,
      "distance" : 253.0,
      "steps" : 337,
      "trackPoints" : [ ]
    } ],
    "lastUpdate" : "20141014T131946Z"
  }, {
    "type" : "move",
    "startTime" : "20141014T130922+0200",
    "endTime" : "20141014T133246+0200",
    "activities" : [ {
      "activity" : "transport",
      "group" : "transport",
      "manual" : false,
      "startTime" : "20141014T130922+0200",
      "endTime" : "20141014T132924+0200",
      "duration" : 1202.0,
      "distance" : 3912.0,
      "trackPoints" : [ {
        "lat" : 49.8829100725,
        "lon" : 8.6682008619,
        "time" : "20141014T130922+0200"
      }, {
        "lat" : 49.8823001748,
        "lon" : 8.6659985599,
        "time" : "20141014T130942+0200"
      }, {
        "lat" : 49.8822946448,
        "lon" : 8.6659941223,
        "time" : "20141014T131002+0200"
      }, {
        "lat" : 49.8822886523,
        "lon" : 8.6659892701,
        "time" : "20141014T131020+0200"
      }, {
        "lat" : 49.8822831295,
        "lon" : 8.6659847702,
        "time" : "20141014T131050+0200"
      }, {
        "lat" : 49.8822784935,
        "lon" : 8.665980977,
        "time" : "20141014T131110+0200"
      }, {
        "lat" : 49.8822739725,
        "lon" : 8.6659773331,
        "time" : "20141014T131130+0200"
      }, {
        "lat" : 49.882264919,
        "lon" : 8.6659702206,
        "time" : "20141014T131151+0200"
      }, {
        "lat" : 49.8822587859,
        "lon" : 8.6659654124,
        "time" : "20141014T131211+0200"
      }, {
        "lat" : 49.8822503293,
        "lon" : 8.6659591046,
        "time" : "20141014T131231+0200"
      }, {
        "lat" : 49.8817994566,
        "lon" : 8.6656442339,
        "time" : "20141014T131259+0200"
      }, {
        "lat" : 49.8815919562,
        "lon" : 8.6654869105,
        "time" : "20141014T131318+0200"
      }, {
        "lat" : 49.880482959,
        "lon" : 8.6643583528,
        "time" : "20141014T131358+0200"
      }, {
        "lat" : 49.8797978823,
        "lon" : 8.6636501459,
        "time" : "20141014T131418+0200"
      }, {
        "lat" : 49.8785735609,
        "lon" : 8.6623562447,
        "time" : "20141014T131449+0200"
      }, {
        "lat" : 49.8783267939,
        "lon" : 8.662070503,
        "time" : "20141014T131509+0200"
      }, {
        "lat" : 49.8783267939,
        "lon" : 8.662070503,
        "time" : "20141014T131529+0200"
      }, {
        "lat" : 49.8783239225,
        "lon" : 8.6620671439,
        "time" : "20141014T131549+0200"
      }, {
        "lat" : 49.8783327306,
        "lon" : 8.6620717534,
        "time" : "20141014T131609+0200"
      }, {
        "lat" : 49.8758506325,
        "lon" : 8.66033488,
        "time" : "20141014T131703+0200"
      }, {
        "lat" : 49.8757052614,
        "lon" : 8.6601155684,
        "time" : "20141014T131723+0200"
      }, {
        "lat" : 49.8757038208,
        "lon" : 8.6601316355,
        "time" : "20141014T131743+0200"
      }, {
        "lat" : 49.8751507358,
        "lon" : 8.6584751641,
        "time" : "20141014T131808+0200"
      }, {
        "lat" : 49.8743969725,
        "lon" : 8.655351981,
        "time" : "20141014T131831+0200"
      }, {
        "lat" : 49.8743829443,
        "lon" : 8.6548715302,
        "time" : "20141014T131851+0200"
      }, {
        "lat" : 49.8743431761,
        "lon" : 8.6551060513,
        "time" : "20141014T131911+0200"
      }, {
        "lat" : 49.8733693341,
        "lon" : 8.6565833891,
        "time" : "20141014T131940+0200"
      }, {
        "lat" : 49.8732285453,
        "lon" : 8.6563661294,
        "time" : "20141014T131957+0200"
      }, {
        "lat" : 49.8730120024,
        "lon" : 8.6556099424,
        "time" : "20141014T132032+0200"
      }, {
        "lat" : 49.8730717622,
        "lon" : 8.6537143888,
        "time" : "20141014T132053+0200"
      }, {
        "lat" : 49.8730494594,
        "lon" : 8.6519988196,
        "time" : "20141014T132130+0200"
      }, {
        "lat" : 49.8730518447,
        "lon" : 8.6516684081,
        "time" : "20141014T132150+0200"
      }, {
        "lat" : 49.8731387273,
        "lon" : 8.650379263,
        "time" : "20141014T132216+0200"
      }, {
        "lat" : 49.8730326234,
        "lon" : 8.6503875413,
        "time" : "20141014T132241+0200"
      }, {
        "lat" : 49.8730260625,
        "lon" : 8.6503624602,
        "time" : "20141014T132301+0200"
      }, {
        "lat" : 49.8730235298,
        "lon" : 8.650353249,
        "time" : "20141014T132322+0200"
      }, {
        "lat" : 49.8730219817,
        "lon" : 8.6503477004,
        "time" : "20141014T132341+0200"
      }, {
        "lat" : 49.8730195612,
        "lon" : 8.6503384133,
        "time" : "20141014T132408+0200"
      }, {
        "lat" : 49.8727635515,
        "lon" : 8.649306406,
        "time" : "20141014T132440+0200"
      }, {
        "lat" : 49.8726599668,
        "lon" : 8.6489817462,
        "time" : "20141014T132459+0200"
      }, {
        "lat" : 49.8717570505,
        "lon" : 8.6435794241,
        "time" : "20141014T132530+0200"
      }, {
        "lat" : 49.871694187,
        "lon" : 8.6430488453,
        "time" : "20141014T132550+0200"
      }, {
        "lat" : 49.8716608741,
        "lon" : 8.6427999845,
        "time" : "20141014T132610+0200"
      }, {
        "lat" : 49.8716526493,
        "lon" : 8.6427426832,
        "time" : "20141014T132627+0200"
      }, {
        "lat" : 49.8716494818,
        "lon" : 8.6427198754,
        "time" : "20141014T132647+0200"
      }, {
        "lat" : 49.871526652,
        "lon" : 8.6418240454,
        "time" : "20141014T132717+0200"
      }, {
        "lat" : 49.8714850357,
        "lon" : 8.6415153249,
        "time" : "20141014T132738+0200"
      }, {
        "lat" : 49.8708060304,
        "lon" : 8.6361461193,
        "time" : "20141014T132802+0200"
      }, {
        "lat" : 49.8703707652,
        "lon" : 8.6333543519,
        "time" : "20141014T132817+0200"
      }, {
        "lat" : 49.8704946403,
        "lon" : 8.6332712689,
        "time" : "20141014T132837+0200"
      }, {
        "lat" : 49.870556258,
        "lon" : 8.6333691358,
        "time" : "20141014T132858+0200"
      }, {
        "lat" : 49.8715075433,
        "lon" : 8.6333161719,
        "time" : "20141014T132924+0200"
      } ]
    }, {
      "activity" : "walking",
      "group" : "walking",
      "manual" : false,
      "startTime" : "20141014T132924+0200",
      "endTime" : "20141014T133246+0200",
      "duration" : 202.0,
      "distance" : 335.0,
      "steps" : 348,
      "trackPoints" : [ {
        "lat" : 49.8715075433,
        "lon" : 8.6333161719,
        "time" : "20141014T132924+0200"
      }, {
        "lat" : 49.8716685066,
        "lon" : 8.6331404518,
        "time" : "20141014T132949+0200"
      }, {
        "lat" : 49.8719650031,
        "lon" : 8.6327679995,
        "time" : "20141014T133023+0200"
      }, {
        "lat" : 49.8721616858,
        "lon" : 8.6324813749,
        "time" : "20141014T133039+0200"
      }, {
        "lat" : 49.8724045357,
        "lon" : 8.6321111496,
        "time" : "20141014T133054+0200"
      }, {
        "lat" : 49.872786037,
        "lon" : 8.6315152612,
        "time" : "20141014T133111+0200"
      }, {
        "lat" : 49.8730284665,
        "lon" : 8.631157407,
        "time" : "20141014T133131+0200"
      }, {
        "lat" : 49.8731068333,
        "lon" : 8.6312129243,
        "time" : "20141014T133202+0200"
      }, {
        "lat" : 49.8731913513,
        "lon" : 8.6312940268,
        "time" : "20141014T133223+0200"
      }, {
        "lat" : 49.8736879569,
        "lon" : 8.6317414267,
        "time" : "20141014T133246+0200"
      } ]
    } ],
    "lastUpdate" : "20141014T131946Z"
  }, {
    "type" : "place",
    "startTime" : "20141014T133246+0200",
    "endTime" : "20141014T133451+0200",
    "place" : {
      "id" : 268096833,
      "type" : "unknown",
      "location" : {
        "lat" : 49.8736879569,
        "lon" : 8.6317414267
      }
    },
    "activities" : [ {
      "activity" : "walking",
      "group" : "walking",
      "manual" : false,
      "startTime" : "20141014T133246+0200",
      "endTime" : "20141014T133349+0200",
      "duration" : 63.0,
      "distance" : 45.0,
      "steps" : 90,
      "trackPoints" : [ ]
    } ],
    "lastUpdate" : "20141014T131946Z"
  }, {
    "type" : "move",
    "startTime" : "20141014T133451+0200",
    "endTime" : "20141014T133939+0200",
    "activities" : [ {
      "activity" : "walking",
      "group" : "walking",
      "manual" : false,
      "startTime" : "20141014T133451+0200",
      "endTime" : "20141014T133939+0200",
      "duration" : 288.0,
      "distance" : 356.0,
      "steps" : 468,
      "trackPoints" : [ {
        "lat" : 49.8736879569,
        "lon" : 8.6317414267,
        "time" : "20141014T133451+0200"
      }, {
        "lat" : 49.8736913905,
        "lon" : 8.6317427903,
        "time" : "20141014T133512+0200"
      }, {
        "lat" : 49.8737155471,
        "lon" : 8.6317187096,
        "time" : "20141014T133528+0200"
      }, {
        "lat" : 49.8734282425,
        "lon" : 8.6320010367,
        "time" : "20141014T133605+0200"
      }, {
        "lat" : 49.8730390613,
        "lon" : 8.6323472848,
        "time" : "20141014T133647+0200"
      }, {
        "lat" : 49.8730156831,
        "lon" : 8.6324489298,
        "time" : "20141014T133705+0200"
      }, {
        "lat" : 49.8727521994,
        "lon" : 8.6331458388,
        "time" : "20141014T133748+0200"
      }, {
        "lat" : 49.8726514147,
        "lon" : 8.6334305995,
        "time" : "20141014T133808+0200"
      }, {
        "lat" : 49.872635706,
        "lon" : 8.6338225912,
        "time" : "20141014T133832+0200"
      }, {
        "lat" : 49.8727071725,
        "lon" : 8.6344748328,
        "time" : "20141014T133902+0200"
      }, {
        "lat" : 49.8727446068,
        "lon" : 8.6348455811,
        "time" : "20141014T133922+0200"
      }, {
        "lat" : 49.8727826445,
        "lon" : 8.6354125494,
        "time" : "20141014T133939+0200"
      } ]
    } ],
    "lastUpdate" : "20141014T131946Z"
  }, {
    "type" : "place",
    "startTime" : "20141014T133939+0200",
    "endTime" : "20141014T152544+0200",
    "place" : {
      "id" : 268096834,
      "type" : "unknown",
      "location" : {
        "lat" : 49.8727826445,
        "lon" : 8.6354125494
      }
    },
    "activities" : [ {
      "activity" : "walking",
      "group" : "walking",
      "manual" : false,
      "startTime" : "20141014T133939+0200",
      "endTime" : "20141014T134020+0200",
      "duration" : 41.0,
      "distance" : 28.0,
      "steps" : 56,
      "trackPoints" : [ ]
    }, {
      "activity" : "walking",
      "group" : "walking",
      "manual" : false,
      "startTime" : "20141014T144847+0200",
      "endTime" : "20141014T145041+0200",
      "duration" : 114.0,
      "distance" : 79.0,
      "steps" : 158,
      "trackPoints" : [ ]
    }, {
      "activity" : "walking",
      "group" : "walking",
      "manual" : false,
      "startTime" : "20141014T150040+0200",
      "endTime" : "20141014T150153+0200",
      "duration" : 73.0,
      "distance" : 45.0,
      "steps" : 89,
      "trackPoints" : [ ]
    } ],
    "lastUpdate" : "20141014T144333Z"
  }, {
    "type" : "move",
    "startTime" : "20141014T152544+0200",
    "endTime" : "20141014T153959+0200",
    "activities" : [ {
      "activity" : "walking",
      "group" : "walking",
      "manual" : false,
      "startTime" : "20141014T152544+0200",
      "endTime" : "20141014T153123+0200",
      "duration" : 339.0,
      "distance" : 366.0,
      "steps" : 495,
      "trackPoints" : [ {
        "lat" : 49.8727826445,
        "lon" : 8.6354125494,
        "time" : "20141014T152544+0200"
      }, {
        "lat" : 49.8727632483,
        "lon" : 8.6357568635,
        "time" : "20141014T152604+0200"
      }, {
        "lat" : 49.8727719153,
        "lon" : 8.6356611614,
        "time" : "20141014T152633+0200"
      }, {
        "lat" : 49.8727414577,
        "lon" : 8.6354811352,
        "time" : "20141014T152650+0200"
      }, {
        "lat" : 49.872668582,
        "lon" : 8.6352345952,
        "time" : "20141014T152710+0200"
      }, {
        "lat" : 49.8724929578,
        "lon" : 8.6347894564,
        "time" : "20141014T152733+0200"
      }, {
        "lat" : 49.8723177406,
        "lon" : 8.6343196927,
        "time" : "20141014T152751+0200"
      }, {
        "lat" : 49.872370901,
        "lon" : 8.6346803992,
        "time" : "20141014T152811+0200"
      }, {
        "lat" : 49.8722556522,
        "lon" : 8.6348052542,
        "time" : "20141014T152828+0200"
      }, {
        "lat" : 49.8720447984,
        "lon" : 8.634800791,
        "time" : "20141014T152902+0200"
      }, {
        "lat" : 49.8719239092,
        "lon" : 8.6348017296,
        "time" : "20141014T152923+0200"
      }, {
        "lat" : 49.8718808447,
        "lon" : 8.634815239,
        "time" : "20141014T152943+0200"
      }, {
        "lat" : 49.8718595449,
        "lon" : 8.6348337397,
        "time" : "20141014T153003+0200"
      }, {
        "lat" : 49.8718038671,
        "lon" : 8.6348810823,
        "time" : "20141014T153024+0200"
      }, {
        "lat" : 49.8716310181,
        "lon" : 8.6350912676,
        "time" : "20141014T153044+0200"
      }, {
        "lat" : 49.871101653,
        "lon" : 8.635773523,
        "time" : "20141014T153104+0200"
      }, {
        "lat" : 49.87096524,
        "lon" : 8.6360196333,
        "time" : "20141014T153123+0200"
      } ]
    }, {
      "activity" : "transport",
      "group" : "transport",
      "manual" : false,
      "startTime" : "20141014T153123+0200",
      "endTime" : "20141014T153749+0200",
      "duration" : 386.0,
      "distance" : 1285.0,
      "trackPoints" : [ {
        "lat" : 49.87096524,
        "lon" : 8.6360196333,
        "time" : "20141014T153123+0200"
      }, {
        "lat" : 49.8708311989,
        "lon" : 8.636458637,
        "time" : "20141014T153146+0200"
      }, {
        "lat" : 49.8708339411,
        "lon" : 8.636606706,
        "time" : "20141014T153202+0200"
      }, {
        "lat" : 49.8708442659,
        "lon" : 8.6366264891,
        "time" : "20141014T153232+0200"
      }, {
        "lat" : 49.8708442054,
        "lon" : 8.6366263396,
        "time" : "20141014T153302+0200"
      }, {
        "lat" : 49.8708440309,
        "lon" : 8.6366258384,
        "time" : "20141014T153322+0200"
      }, {
        "lat" : 49.87084386,
        "lon" : 8.6366249364,
        "time" : "20141014T153353+0200"
      }, {
        "lat" : 49.8708448395,
        "lon" : 8.6366273678,
        "time" : "20141014T153413+0200"
      }, {
        "lat" : 49.8708452257,
        "lon" : 8.6366284421,
        "time" : "20141014T153432+0200"
      }, {
        "lat" : 49.8708449354,
        "lon" : 8.6366262322,
        "time" : "20141014T153452+0200"
      }, {
        "lat" : 49.8722809282,
        "lon" : 8.6473395909,
        "time" : "20141014T153607+0200"
      }, {
        "lat" : 49.8724346934,
        "lon" : 8.6483306229,
        "time" : "20141014T153637+0200"
      }, {
        "lat" : 49.8729273388,
        "lon" : 8.6500614822,
        "time" : "20141014T153655+0200"
      }, {
        "lat" : 49.8728272489,
        "lon" : 8.6507843912,
        "time" : "20141014T153725+0200"
      }, {
        "lat" : 49.8727083228,
        "lon" : 8.651052572,
        "time" : "20141014T153749+0200"
      } ]
    }, {
      "activity" : "walking",
      "group" : "walking",
      "manual" : false,
      "startTime" : "20141014T153749+0200",
      "endTime" : "20141014T153959+0200",
      "duration" : 130.0,
      "distance" : 209.0,
      "steps" : 174,
      "trackPoints" : [ {
        "lat" : 49.8727083228,
        "lon" : 8.651052572,
        "time" : "20141014T153749+0200"
      }, {
        "lat" : 49.8726695953,
        "lon" : 8.6510954142,
        "time" : "20141014T153805+0200"
      }, {
        "lat" : 49.8726912323,
        "lon" : 8.6510006024,
        "time" : "20141014T153826+0200"
      }, {
        "lat" : 49.8726514047,
        "lon" : 8.6507958895,
        "time" : "20141014T153858+0200"
      }, {
        "lat" : 49.8726323178,
        "lon" : 8.6507403446,
        "time" : "20141014T153918+0200"
      }, {
        "lat" : 49.8726186487,
        "lon" : 8.6507324265,
        "time" : "20141014T153939+0200"
      }, {
        "lat" : 49.873520488,
        "lon" : 8.6540199876,
        "time" : "20141014T153959+0200"
      } ]
    } ],
    "lastUpdate" : "20141014T144333Z"
  }, {
    "type" : "place",
    "startTime" : "20141014T153959+0200",
    "endTime" : "20141014T155117+0200",
    "place" : {
      "id" : 227596613,
      "type" : "unknown",
      "location" : {
        "lat" : 49.873520488,
        "lon" : 8.6540199876
      }
    },
    "activities" : [ {
      "activity" : "walking",
      "group" : "walking",
      "manual" : false,
      "startTime" : "20141014T153959+0200",
      "endTime" : "20141014T154526+0200",
      "duration" : 327.0,
      "distance" : 354.0,
      "steps" : 473,
      "trackPoints" : [ ]
    } ],
    "lastUpdate" : "20141014T144333Z"
  }, {
    "type" : "move",
    "startTime" : "20141014T155117+0200",
    "endTime" : "20141014T160753+0200",
    "activities" : [ {
      "activity" : "walking",
      "group" : "walking",
      "manual" : false,
      "startTime" : "20141014T155117+0200",
      "endTime" : "20141014T160753+0200",
      "duration" : 996.0,
      "distance" : 1212.0,
      "steps" : 1392,
      "trackPoints" : [ {
        "lat" : 49.873520488,
        "lon" : 8.6540199876,
        "time" : "20141014T155117+0200"
      }, {
        "lat" : 49.8726561392,
        "lon" : 8.6507052239,
        "time" : "20141014T155147+0200"
      }, {
        "lat" : 49.8726588536,
        "lon" : 8.6507138651,
        "time" : "20141014T155208+0200"
      }, {
        "lat" : 49.8726635529,
        "lon" : 8.6507254925,
        "time" : "20141014T155228+0200"
      }, {
        "lat" : 49.8726728462,
        "lon" : 8.6507398651,
        "time" : "20141014T155249+0200"
      }, {
        "lat" : 49.8726870398,
        "lon" : 8.6507551721,
        "time" : "20141014T155309+0200"
      }, {
        "lat" : 49.8727078627,
        "lon" : 8.6507729471,
        "time" : "20141014T155328+0200"
      }, {
        "lat" : 49.8727374543,
        "lon" : 8.6507955014,
        "time" : "20141014T155348+0200"
      }, {
        "lat" : 49.8727774214,
        "lon" : 8.6508260817,
        "time" : "20141014T155410+0200"
      }, {
        "lat" : 49.8728346633,
        "lon" : 8.6508505399,
        "time" : "20141014T155435+0200"
      }, {
        "lat" : 49.8729375077,
        "lon" : 8.6510052932,
        "time" : "20141014T155500+0200"
      }, {
        "lat" : 49.8729830078,
        "lon" : 8.6510871154,
        "time" : "20141014T155520+0200"
      }, {
        "lat" : 49.8730045569,
        "lon" : 8.6512174052,
        "time" : "20141014T155540+0200"
      }, {
        "lat" : 49.8729983719,
        "lon" : 8.6524476112,
        "time" : "20141014T155615+0200"
      }, {
        "lat" : 49.8729602422,
        "lon" : 8.6531279818,
        "time" : "20141014T155637+0200"
      }, {
        "lat" : 49.8728651364,
        "lon" : 8.6537618639,
        "time" : "20141014T155700+0200"
      }, {
        "lat" : 49.8728001145,
        "lon" : 8.6541621714,
        "time" : "20141014T155717+0200"
      }, {
        "lat" : 49.8727327875,
        "lon" : 8.6546054757,
        "time" : "20141014T155737+0200"
      }, {
        "lat" : 49.8726996951,
        "lon" : 8.6548917024,
        "time" : "20141014T155758+0200"
      }, {
        "lat" : 49.8727183828,
        "lon" : 8.6550490052,
        "time" : "20141014T155818+0200"
      }, {
        "lat" : 49.8729680297,
        "lon" : 8.6555042062,
        "time" : "20141014T155850+0200"
      }, {
        "lat" : 49.8731767607,
        "lon" : 8.6557325068,
        "time" : "20141014T155912+0200"
      }, {
        "lat" : 49.8733542133,
        "lon" : 8.6559153616,
        "time" : "20141014T155934+0200"
      }, {
        "lat" : 49.8734442982,
        "lon" : 8.6560453839,
        "time" : "20141014T155952+0200"
      }, {
        "lat" : 49.8734525679,
        "lon" : 8.6561203021,
        "time" : "20141014T155959+0200"
      }, {
        "lat" : 49.8734525787,
        "lon" : 8.6561204,
        "time" : "20141014T160000+0200"
      }, {
        "lat" : 49.8737722034,
        "lon" : 8.6590159916,
        "time" : "20141014T160455+0200"
      }, {
        "lat" : 49.8737976098,
        "lon" : 8.6591666899,
        "time" : "20141014T160516+0200"
      }, {
        "lat" : 49.8739475366,
        "lon" : 8.6596504548,
        "time" : "20141014T160548+0200"
      }, {
        "lat" : 49.8741359409,
        "lon" : 8.6601627894,
        "time" : "20141014T160625+0200"
      }, {
        "lat" : 49.8743664673,
        "lon" : 8.6604167206,
        "time" : "20141014T160658+0200"
      }, {
        "lat" : 49.8744370989,
        "lon" : 8.6603328146,
        "time" : "20141014T160713+0200"
      }, {
        "lat" : 49.8745067374,
        "lon" : 8.6603054839,
        "time" : "20141014T160730+0200"
      }, {
        "lat" : 49.8742715717,
        "lon" : 8.6605648722,
        "time" : "20141014T160753+0200"
      } ]
    } ],
    "lastUpdate" : "20141014T144333Z"
  }, {
    "type" : "place",
    "startTime" : "20141014T160753+0200",
    "endTime" : "20141014T173918+0200",
    "place" : {
      "id" : 227329234,
      "name" : "KOM Lab",
      "type" : "work",
      "location" : {
        "lat" : 49.8742715717,
        "lon" : 8.6605648722
      }
    },
    "activities" : [ {
      "activity" : "walking",
      "group" : "walking",
      "manual" : false,
      "startTime" : "20141014T160826+0200",
      "endTime" : "20141014T160907+0200",
      "duration" : 41.0,
      "distance" : 23.0,
      "steps" : 45,
      "trackPoints" : [ ]
    }, {
      "activity" : "walking",
      "group" : "walking",
      "manual" : false,
      "startTime" : "20141014T171954+0200",
      "endTime" : "20141014T172140+0200",
      "duration" : 106.0,
      "distance" : 63.0,
      "steps" : 127,
      "trackPoints" : [ ]
    } ],
    "lastUpdate" : "20141014T161855Z"
  }, {
    "type" : "move",
    "startTime" : "20141014T173918+0200",
    "endTime" : "20141014T175234+0200",
    "activities" : [ {
      "activity" : "walking",
      "group" : "walking",
      "manual" : false,
      "startTime" : "20141014T173918+0200",
      "endTime" : "20141014T175234+0200",
      "duration" : 796.0,
      "distance" : 844.0,
      "steps" : 1306,
      "trackPoints" : [ {
        "lat" : 49.8742715717,
        "lon" : 8.6605648722,
        "time" : "20141014T173918+0200"
      }, {
        "lat" : 49.8744960427,
        "lon" : 8.6602802616,
        "time" : "20141014T173938+0200"
      }, {
        "lat" : 49.8744764542,
        "lon" : 8.6602641778,
        "time" : "20141014T173958+0200"
      }, {
        "lat" : 49.8744529697,
        "lon" : 8.6602560209,
        "time" : "20141014T174018+0200"
      }, {
        "lat" : 49.8744266719,
        "lon" : 8.66029948,
        "time" : "20141014T174049+0200"
      }, {
        "lat" : 49.8742536355,
        "lon" : 8.6600603009,
        "time" : "20141014T174114+0200"
      }, {
        "lat" : 49.8739526847,
        "lon" : 8.6593510361,
        "time" : "20141014T174145+0200"
      }, {
        "lat" : 49.8738261884,
        "lon" : 8.659008197,
        "time" : "20141014T174203+0200"
      }, {
        "lat" : 49.8737563706,
        "lon" : 8.6588033266,
        "time" : "20141014T174221+0200"
      }, {
        "lat" : 49.8736637504,
        "lon" : 8.6586073556,
        "time" : "20141014T174243+0200"
      }, {
        "lat" : 49.8734882096,
        "lon" : 8.6586140729,
        "time" : "20141014T174303+0200"
      }, {
        "lat" : 49.8733676003,
        "lon" : 8.6586518949,
        "time" : "20141014T174319+0200"
      }, {
        "lat" : 49.8733920868,
        "lon" : 8.6583691022,
        "time" : "20141014T174337+0200"
      }, {
        "lat" : 49.8733200785,
        "lon" : 8.6580202458,
        "time" : "20141014T174359+0200"
      }, {
        "lat" : 49.8732738274,
        "lon" : 8.6577577427,
        "time" : "20141014T174419+0200"
      }, {
        "lat" : 49.8732166295,
        "lon" : 8.657184599,
        "time" : "20141014T174449+0200"
      }, {
        "lat" : 49.8731848481,
        "lon" : 8.6566235446,
        "time" : "20141014T174519+0200"
      }, {
        "lat" : 49.8730779716,
        "lon" : 8.6562080852,
        "time" : "20141014T174553+0200"
      }, {
        "lat" : 49.8730106629,
        "lon" : 8.6559675312,
        "time" : "20141014T174615+0200"
      }, {
        "lat" : 49.8729626486,
        "lon" : 8.6558032548,
        "time" : "20141014T174631+0200"
      }, {
        "lat" : 49.8728863533,
        "lon" : 8.6555606963,
        "time" : "20141014T174649+0200"
      }, {
        "lat" : 49.8727384084,
        "lon" : 8.6553741929,
        "time" : "20141014T174707+0200"
      }, {
        "lat" : 49.8727968452,
        "lon" : 8.655439184,
        "time" : "20141014T174730+0200"
      }, {
        "lat" : 49.8727252623,
        "lon" : 8.6554128077,
        "time" : "20141014T174750+0200"
      }, {
        "lat" : 49.8724931595,
        "lon" : 8.6553717307,
        "time" : "20141014T174820+0200"
      }, {
        "lat" : 49.8723822886,
        "lon" : 8.6553470124,
        "time" : "20141014T174851+0200"
      }, {
        "lat" : 49.87229271,
        "lon" : 8.655319535,
        "time" : "20141014T174912+0200"
      }, {
        "lat" : 49.8721554962,
        "lon" : 8.6552705645,
        "time" : "20141014T174932+0200"
      }, {
        "lat" : 49.8718686503,
        "lon" : 8.655160344,
        "time" : "20141014T174952+0200"
      }, {
        "lat" : 49.8717177695,
        "lon" : 8.6550909525,
        "time" : "20141014T175009+0200"
      }, {
        "lat" : 49.8714836507,
        "lon" : 8.6548459999,
        "time" : "20141014T175034+0200"
      }, {
        "lat" : 49.8708725477,
        "lon" : 8.6538623231,
        "time" : "20141014T175114+0200"
      }, {
        "lat" : 49.8707320181,
        "lon" : 8.6536169678,
        "time" : "20141014T175134+0200"
      }, {
        "lat" : 49.8706894369,
        "lon" : 8.6535340831,
        "time" : "20141014T175154+0200"
      }, {
        "lat" : 49.8706752719,
        "lon" : 8.6535088341,
        "time" : "20141014T175215+0200"
      }, {
        "lat" : 49.8707852336,
        "lon" : 8.6532179149,
        "time" : "20141014T175234+0200"
      } ]
    } ],
    "lastUpdate" : "20141014T161855Z"
  }, {
    "type" : "place",
    "startTime" : "20141014T175234+0200",
    "endTime" : "20141014T180833+0200",
    "place" : {
      "id" : 225933586,
      "type" : "unknown",
      "location" : {
        "lat" : 49.8707852336,
        "lon" : 8.6532179149
      }
    },
    "activities" : [ {
      "activity" : "walking",
      "group" : "walking",
      "manual" : false,
      "startTime" : "20141014T175234+0200",
      "endTime" : "20141014T175344+0200",
      "duration" : 70.0,
      "distance" : 47.0,
      "steps" : 95,
      "trackPoints" : [ ]
    }, {
      "activity" : "walking",
      "group" : "walking",
      "manual" : false,
      "startTime" : "20141014T180349+0200",
      "endTime" : "20141014T180429+0200",
      "duration" : 40.0,
      "distance" : 27.0,
      "steps" : 53,
      "trackPoints" : [ ]
    } ],
    "lastUpdate" : "20141014T180548Z"
  }, {
    "type" : "move",
    "startTime" : "20141014T180833+0200",
    "endTime" : "20141014T181403+0200",
    "activities" : [ {
      "activity" : "walking",
      "group" : "walking",
      "manual" : false,
      "startTime" : "20141014T180833+0200",
      "endTime" : "20141014T181403+0200",
      "duration" : 330.0,
      "distance" : 341.0,
      "steps" : 552,
      "trackPoints" : [ {
        "lat" : 49.8707852336,
        "lon" : 8.6532179149,
        "time" : "20141014T180833+0200"
      }, {
        "lat" : 49.870714884,
        "lon" : 8.653522207,
        "time" : "20141014T180903+0200"
      }, {
        "lat" : 49.8707164691,
        "lon" : 8.6535473904,
        "time" : "20141014T180922+0200"
      }, {
        "lat" : 49.8707267979,
        "lon" : 8.6536029733,
        "time" : "20141014T180947+0200"
      }, {
        "lat" : 49.8708134872,
        "lon" : 8.6537853073,
        "time" : "20141014T181013+0200"
      }, {
        "lat" : 49.8711565117,
        "lon" : 8.6543949082,
        "time" : "20141014T181114+0200"
      }, {
        "lat" : 49.8714301179,
        "lon" : 8.6548503239,
        "time" : "20141014T181144+0200"
      }, {
        "lat" : 49.8715668286,
        "lon" : 8.6550190925,
        "time" : "20141014T181204+0200"
      }, {
        "lat" : 49.871613823,
        "lon" : 8.6550634776,
        "time" : "20141014T181222+0200"
      }, {
        "lat" : 49.8717628122,
        "lon" : 8.6551010401,
        "time" : "20141014T181245+0200"
      }, {
        "lat" : 49.8722419385,
        "lon" : 8.6551805805,
        "time" : "20141014T181313+0200"
      }, {
        "lat" : 49.8725611456,
        "lon" : 8.6552355095,
        "time" : "20141014T181343+0200"
      }, {
        "lat" : 49.8728606643,
        "lon" : 8.6555974209,
        "time" : "20141014T181403+0200"
      } ]
    } ],
    "lastUpdate" : "20141014T180548Z"
  }, {
    "type" : "place",
    "startTime" : "20141014T181403+0200",
    "endTime" : "20141014T182153+0200",
    "place" : {
      "id" : 258516169,
      "type" : "unknown",
      "location" : {
        "lat" : 49.8728606643,
        "lon" : 8.6555974209
      }
    },
    "activities" : [ {
      "activity" : "walking",
      "group" : "walking",
      "manual" : false,
      "startTime" : "20141014T181403+0200",
      "endTime" : "20141014T181418+0200",
      "duration" : 15.0,
      "distance" : 10.0,
      "steps" : 20,
      "trackPoints" : [ ]
    } ],
    "lastUpdate" : "20141014T180548Z"
  }, {
    "type" : "move",
    "startTime" : "20141014T182153+0200",
    "endTime" : "20141014T183308+0200",
    "activities" : [ {
      "activity" : "transport",
      "group" : "transport",
      "manual" : false,
      "startTime" : "20141014T182153+0200",
      "endTime" : "20141014T182800+0200",
      "duration" : 367.0,
      "distance" : 1129.0,
      "trackPoints" : [ {
        "lat" : 49.8728606643,
        "lon" : 8.6555974209,
        "time" : "20141014T182153+0200"
      }, {
        "lat" : 49.8731072766,
        "lon" : 8.6559797009,
        "time" : "20141014T182215+0200"
      }, {
        "lat" : 49.8733527364,
        "lon" : 8.6561068714,
        "time" : "20141014T182238+0200"
      }, {
        "lat" : 49.8739891114,
        "lon" : 8.6564141883,
        "time" : "20141014T182302+0200"
      }, {
        "lat" : 49.8756275797,
        "lon" : 8.6596112335,
        "time" : "20141014T182347+0200"
      }, {
        "lat" : 49.8757111339,
        "lon" : 8.6599087351,
        "time" : "20141014T182405+0200"
      }, {
        "lat" : 49.8757,
        "lon" : 8.6598916932,
        "time" : "20141014T182424+0200"
      }, {
        "lat" : 49.8758707312,
        "lon" : 8.6603476479,
        "time" : "20141014T182444+0200"
      }, {
        "lat" : 49.8761750341,
        "lon" : 8.6607988301,
        "time" : "20141014T182515+0200"
      }, {
        "lat" : 49.8767935126,
        "lon" : 8.6612862912,
        "time" : "20141014T182540+0200"
      }, {
        "lat" : 49.8778932187,
        "lon" : 8.6615876889,
        "time" : "20141014T182559+0200"
      }, {
        "lat" : 49.8781485232,
        "lon" : 8.6617454398,
        "time" : "20141014T182616+0200"
      }, {
        "lat" : 49.8783213505,
        "lon" : 8.6619852407,
        "time" : "20141014T182637+0200"
      }, {
        "lat" : 49.8785667927,
        "lon" : 8.6623249276,
        "time" : "20141014T182658+0200"
      }, {
        "lat" : 49.8787189369,
        "lon" : 8.6625325048,
        "time" : "20141014T182714+0200"
      }, {
        "lat" : 49.8789574786,
        "lon" : 8.6628430848,
        "time" : "20141014T182734+0200"
      }, {
        "lat" : 49.879604257,
        "lon" : 8.663632605,
        "time" : "20141014T182800+0200"
      } ]
    }, {
      "activity" : "walking",
      "group" : "walking",
      "manual" : false,
      "startTime" : "20141014T182800+0200",
      "endTime" : "20141014T183308+0200",
      "duration" : 308.0,
      "distance" : 615.0,
      "steps" : 512,
      "trackPoints" : [ {
        "lat" : 49.879604257,
        "lon" : 8.663632605,
        "time" : "20141014T182800+0200"
      }, {
        "lat" : 49.8821687048,
        "lon" : 8.6659058468,
        "time" : "20141014T182828+0200"
      }, {
        "lat" : 49.8821984396,
        "lon" : 8.6659255869,
        "time" : "20141014T182848+0200"
      }, {
        "lat" : 49.8822398446,
        "lon" : 8.6659517434,
        "time" : "20141014T182909+0200"
      }, {
        "lat" : 49.8822949559,
        "lon" : 8.665991867,
        "time" : "20141014T182929+0200"
      }, {
        "lat" : 49.8823866849,
        "lon" : 8.6660628003,
        "time" : "20141014T182949+0200"
      }, {
        "lat" : 49.8824236503,
        "lon" : 8.6661416748,
        "time" : "20141014T183009+0200"
      }, {
        "lat" : 49.8824867963,
        "lon" : 8.6670438035,
        "time" : "20141014T183045+0200"
      }, {
        "lat" : 49.8825276099,
        "lon" : 8.6674471068,
        "time" : "20141014T183105+0200"
      }, {
        "lat" : 49.8826639568,
        "lon" : 8.6679229632,
        "time" : "20141014T183155+0200"
      }, {
        "lat" : 49.882719779,
        "lon" : 8.6680861054,
        "time" : "20141014T183216+0200"
      }, {
        "lat" : 49.8827896693,
        "lon" : 8.6682712959,
        "time" : "20141014T183247+0200"
      }, {
        "lat" : 49.8819996044,
        "lon" : 8.6702592175,
        "time" : "20141014T183308+0200"
      } ]
    } ],
    "lastUpdate" : "20141014T180548Z"
  }, {
    "type" : "place",
    "startTime" : "20141014T183308+0200",
    "endTime" : "20141014T185321+0200",
    "place" : {
      "id" : 251291724,
      "name" : "Home",
      "type" : "home",
      "location" : {
        "lat" : 49.8819996044,
        "lon" : 8.6702592175
      }
    },
    "activities" : [ {
      "activity" : "walking",
      "group" : "walking",
      "manual" : false,
      "startTime" : "20141014T183308+0200",
      "endTime" : "20141014T183334+0200",
      "duration" : 26.0,
      "distance" : 18.0,
      "steps" : 35,
      "trackPoints" : [ ]
    } ],
    "lastUpdate" : "20141014T180548Z"
  }, {
    "type" : "move",
    "startTime" : "20141014T185321+0200",
    "endTime" : "20141014T185653+0200",
    "activities" : [ {
      "activity" : "walking",
      "group" : "walking",
      "manual" : false,
      "startTime" : "20141014T185321+0200",
      "endTime" : "20141014T185654+0200",
      "duration" : 213.0,
      "distance" : 344.0,
      "steps" : 315,
      "trackPoints" : [ {
        "lat" : 49.8819996044,
        "lon" : 8.6702592175,
        "time" : "20141014T185321+0200"
      }, {
        "lat" : 49.8828314831,
        "lon" : 8.6684252911,
        "time" : "20141014T185346+0200"
      }, {
        "lat" : 49.882832056,
        "lon" : 8.6684366572,
        "time" : "20141014T185411+0200"
      }, {
        "lat" : 49.88283053,
        "lon" : 8.6684559048,
        "time" : "20141014T185433+0200"
      }, {
        "lat" : 49.8828265797,
        "lon" : 8.6684792751,
        "time" : "20141014T185452+0200"
      }, {
        "lat" : 49.8828188652,
        "lon" : 8.6685129293,
        "time" : "20141014T185512+0200"
      }, {
        "lat" : 49.882807678,
        "lon" : 8.6685567887,
        "time" : "20141014T185532+0200"
      }, {
        "lat" : 49.8827945305,
        "lon" : 8.6686052232,
        "time" : "20141014T185552+0200"
      }, {
        "lat" : 49.882770111,
        "lon" : 8.6686785999,
        "time" : "20141014T185612+0200"
      }, {
        "lat" : 49.8819996044,
        "lon" : 8.6702592175,
        "time" : "20141014T185653+0200"
      } ]
    } ],
    "lastUpdate" : "20141014T180548Z"
  }, {
    "type" : "place",
    "startTime" : "20141014T185653+0200",
    "endTime" : "20141015T093954+0200",
    "place" : {
      "id" : 251291724,
      "name" : "Home",
      "type" : "home",
      "location" : {
        "lat" : 49.8819996044,
        "lon" : 8.6702592175
      }
    },
    "activities" : [ {
      "activity" : "walking",
      "group" : "walking",
      "manual" : false,
      "startTime" : "20141014T185653+0200",
      "endTime" : "20141014T185746+0200",
      "duration" : 53.0,
      "distance" : 35.0,
      "steps" : 70,
      "trackPoints" : [ ]
    }, {
      "activity" : "walking",
      "group" : "walking",
      "manual" : false,
      "startTime" : "20141014T190001+0200",
      "endTime" : "20141014T190014+0200",
      "duration" : 13.0,
      "distance" : 10.0,
      "steps" : 20,
      "trackPoints" : [ ]
    }, {
      "activity" : "walking",
      "group" : "walking",
      "manual" : false,
      "startTime" : "20141014T201237+0200",
      "endTime" : "20141014T201242+0200",
      "duration" : 5.0,
      "distance" : 3.0,
      "steps" : 6,
      "trackPoints" : [ ]
    }, {
      "activity" : "walking",
      "group" : "walking",
      "manual" : false,
      "startTime" : "20141014T210019+0200",
      "endTime" : "20141014T210021+0200",
      "duration" : 2.0,
      "distance" : 1.0,
      "steps" : 2,
      "trackPoints" : [ ]
    }, {
      "activity" : "walking",
      "group" : "walking",
      "manual" : false,
      "startTime" : "20141014T232659+0200",
      "endTime" : "20141014T233301+0200",
      "duration" : 362.0,
      "distance" : 376.0,
      "steps" : 501,
      "trackPoints" : [ ]
    } ],
    "lastUpdate" : "20141015T092742Z"
  } ],
  "lastUpdate" : "20141015T092742Z"
} ]