[ {
  "date" : "20140814",
  "summary" : [ {
    "activity" : "walking",
    "group" : "walking",
    "duration" : 813.0,
    "distance" : 810.0,
    "steps" : 1293
  }, {
    "activity" : "transport",
    "group" : "transport",
    "duration" : 423.0,
    "distance" : 1831.0
  } ],
  "segments" : [ {
    "type" : "place",
    "startTime" : "20140813T234743+0200",
    "endTime" : "20140814T003651+0200",
    "place" : {
      "id" : 243639455,
      "type" : "unknown",
      "location" : {
        "lat" : 49.8701663095,
        "lon" : 8.650944123
      }
    },
    "activities" : [ {
      "activity" : "walking",
      "group" : "walking",
      "manual" : false,
      "startTime" : "20140814T002007+0200",
      "endTime" : "20140814T002037+0200",
      "duration" : 30.0,
      "distance" : 15.0,
      "steps" : 20,
      "trackPoints" : [ ]
    } ],
    "lastUpdate" : "20140814T192956Z"
  }, {
    "type" : "move",
    "startTime" : "20140814T003651+0200",
    "endTime" : "20140814T005628+0200",
    "activities" : [ {
      "activity" : "walking",
      "group" : "walking",
      "manual" : false,
      "startTime" : "20140814T003651+0200",
      "endTime" : "20140814T004448+0200",
      "duration" : 477.0,
      "distance" : 359.0,
      "steps" : 718,
      "trackPoints" : [ {
        "lat" : 49.8701663095,
        "lon" : 8.650944123,
        "time" : "20140814T003651+0200"
      }, {
        "lat" : 49.8702368788,
        "lon" : 8.6508567231,
        "time" : "20140814T003759+0200"
      }, {
        "lat" : 49.8718882322,
        "lon" : 8.651181129,
        "time" : "20140814T004109+0200"
      }, {
        "lat" : 49.872256433,
        "lon" : 8.6510633298,
        "time" : "20140814T004132+0200"
      }, {
        "lat" : 49.8726553912,
        "lon" : 8.6514681176,
        "time" : "20140814T004448+0200"
      } ]
    }, {
      "activity" : "transport",
      "group" : "transport",
      "manual" : false,
      "startTime" : "20140814T004448+0200",
      "endTime" : "20140814T005151+0200",
      "duration" : 423.0,
      "distance" : 1831.0,
      "trackPoints" : [ {
        "lat" : 49.8726553912,
        "lon" : 8.6514681176,
        "time" : "20140814T004448+0200"
      }, {
        "lat" : 49.87275088,
        "lon" : 8.6515643465,
        "time" : "20140814T004523+0200"
      }, {
        "lat" : 49.8728749546,
        "lon" : 8.6533317331,
        "time" : "20140814T004622+0200"
      }, {
        "lat" : 49.8727725104,
        "lon" : 8.654466822,
        "time" : "20140814T004647+0200"
      }, {
        "lat" : 49.872757438,
        "lon" : 8.6551834781,
        "time" : "20140814T004713+0200"
      }, {
        "lat" : 49.87284277,
        "lon" : 8.6554257051,
        "time" : "20140814T004730+0200"
      }, {
        "lat" : 49.8728654269,
        "lon" : 8.655469406,
        "time" : "20140814T004750+0200"
      }, {
        "lat" : 49.8728723038,
        "lon" : 8.6554822084,
        "time" : "20140814T004807+0200"
      }, {
        "lat" : 49.8728801831,
        "lon" : 8.6554934758,
        "time" : "20140814T004828+0200"
      }, {
        "lat" : 49.8824124072,
        "lon" : 8.6658981068,
        "time" : "20140814T005151+0200"
      } ]
    }, {
      "activity" : "walking",
      "group" : "walking",
      "manual" : false,
      "startTime" : "20140814T005151+0200",
      "endTime" : "20140814T005628+0200",
      "duration" : 277.0,
      "distance" : 414.0,
      "steps" : 511,
      "trackPoints" : [ {
        "lat" : 49.8824124072,
        "lon" : 8.6658981068,
        "time" : "20140814T005151+0200"
      }, {
        "lat" : 49.8827926236,
        "lon" : 8.6664206459,
        "time" : "20140814T005241+0200"
      }, {
        "lat" : 49.8827993341,
        "lon" : 8.6666120818,
        "time" : "20140814T005303+0200"
      }, {
        "lat" : 49.8826989309,
        "lon" : 8.6678956675,
        "time" : "20140814T005412+0200"
      }, {
        "lat" : 49.8826548185,
        "lon" : 8.6682918091,
        "time" : "20140814T005440+0200"
      }, {
        "lat" : 49.8826029657,
        "lon" : 8.6685892025,
        "time" : "20140814T005500+0200"
      }, {
        "lat" : 49.8825092151,
        "lon" : 8.6689901304,
        "time" : "20140814T005521+0200"
      }, {
        "lat" : 49.8822943253,
        "lon" : 8.6698243879,
        "time" : "20140814T005544+0200"
      }, {
        "lat" : 49.8821063966,
        "lon" : 8.6705547693,
        "time" : "20140814T005608+0200"
      }, {
        "lat" : 49.8819681239,
        "lon" : 8.6703339401,
        "time" : "20140814T005628+0200"
      } ]
    } ],
    "lastUpdate" : "20140814T192956Z"
  }, {
    "type" : "place",
    "startTime" : "20140814T005628+0200",
    "endTime" : "20140814T010453+0200",
    "place" : {
      "id" : 222568631,
      "type" : "unknown",
      "location" : {
        "lat" : 49.8819681239,
        "lon" : 8.6703339401
      }
    },
    "activities" : [ {
      "activity" : "walking",
      "group" : "walking",
      "manual" : false,
      "startTime" : "20140814T005628+0200",
      "endTime" : "20140814T005657+0200",
      "duration" : 29.0,
      "distance" : 22.0,
      "steps" : 44,
      "trackPoints" : [ ]
    } ],
    "lastUpdate" : "20140814T192956Z"
  }, {
    "type" : "place",
    "startTime" : "20140814T193711+0200",
    "endTime" : "20140814T225832+0200",
    "place" : {
      "id" : 222568631,
      "type" : "unknown",
      "location" : {
        "lat" : 49.8819681239,
        "lon" : 8.6703339401
      }
    },
    "lastUpdate" : "20140815T171103Z"
  }, {
    "type" : "place",
    "startTime" : "20140814T232332+0200",
    "endTime" : "20140814T233019+0200",
    "place" : {
      "id" : 222568631,
      "type" : "unknown",
      "location" : {
        "lat" : 49.8819681239,
        "lon" : 8.6703339401
      }
    },
    "lastUpdate" : "20140815T171103Z"
  } ],
  "lastUpdate" : "20140815T171103Z"
} ]