[ {
  "date" : "20140805",
  "summary" : [ {
    "activity" : "walking",
    "group" : "walking",
    "duration" : 4560.0,
    "distance" : 4770.0,
    "steps" : 7305
  }, {
    "activity" : "transport",
    "group" : "transport",
    "duration" : 2412.0,
    "distance" : 6790.0
  }, {
    "activity" : "cycling",
    "group" : "cycling",
    "duration" : 2560.0,
    "distance" : 9322.0
  } ],
  "segments" : [ {
    "type" : "place",
    "startTime" : "20140804T140330+0200",
    "endTime" : "20140805T084026+0200",
    "place" : {
      "id" : 222568631,
      "type" : "unknown",
      "location" : {
        "lat" : 49.8819681239,
        "lon" : 8.6703339401
      }
    },
    "activities" : [ {
      "activity" : "walking",
      "group" : "walking",
      "manual" : false,
      "startTime" : "20140805T014058+0200",
      "endTime" : "20140805T014128+0200",
      "duration" : 30.0,
      "distance" : 15.0,
      "steps" : 30,
      "trackPoints" : [ ]
    }, {
      "activity" : "walking",
      "group" : "walking",
      "manual" : false,
      "startTime" : "20140805T075251+0200",
      "endTime" : "20140805T075311+0200",
      "duration" : 20.0,
      "distance" : 11.0,
      "steps" : 21,
      "trackPoints" : [ ]
    }, {
      "activity" : "walking",
      "group" : "walking",
      "manual" : false,
      "startTime" : "20140805T083954+0200",
      "endTime" : "20140805T083958+0200",
      "duration" : 4.0,
      "distance" : 3.0,
      "steps" : 5,
      "trackPoints" : [ ]
    } ],
    "lastUpdate" : "20140805T111825Z"
  }, {
    "type" : "move",
    "startTime" : "20140805T084026+0200",
    "endTime" : "20140805T091353+0200",
    "activities" : [ {
      "activity" : "walking",
      "group" : "walking",
      "manual" : false,
      "startTime" : "20140805T084026+0200",
      "endTime" : "20140805T084613+0200",
      "duration" : 347.0,
      "distance" : 317.0,
      "steps" : 558,
      "trackPoints" : [ {
        "lat" : 49.8819681239,
        "lon" : 8.6703339401,
        "time" : "20140805T084026+0200"
      }, {
        "lat" : 49.8819945002,
        "lon" : 8.6702241141,
        "time" : "20140805T084049+0200"
      }, {
        "lat" : 49.8819952311,
        "lon" : 8.6702235811,
        "time" : "20140805T084106+0200"
      }, {
        "lat" : 49.8819983478,
        "lon" : 8.6702172105,
        "time" : "20140805T084126+0200"
      }, {
        "lat" : 49.8820023256,
        "lon" : 8.6702086875,
        "time" : "20140805T084147+0200"
      }, {
        "lat" : 49.8820071826,
        "lon" : 8.6701979118,
        "time" : "20140805T084206+0200"
      }, {
        "lat" : 49.882015034,
        "lon" : 8.6701801545,
        "time" : "20140805T084230+0200"
      }, {
        "lat" : 49.882024086,
        "lon" : 8.6701585421,
        "time" : "20140805T084251+0200"
      }, {
        "lat" : 49.8820331416,
        "lon" : 8.6701342331,
        "time" : "20140805T084308+0200"
      }, {
        "lat" : 49.8820472706,
        "lon" : 8.6700927814,
        "time" : "20140805T084328+0200"
      }, {
        "lat" : 49.8820677105,
        "lon" : 8.6700268409,
        "time" : "20140805T084343+0200"
      }, {
        "lat" : 49.8823094451,
        "lon" : 8.6692090001,
        "time" : "20140805T084405+0200"
      }, {
        "lat" : 49.8825905037,
        "lon" : 8.6679112901,
        "time" : "20140805T084440+0200"
      }, {
        "lat" : 49.8827669302,
        "lon" : 8.6666330747,
        "time" : "20140805T084511+0200"
      }, {
        "lat" : 49.8827761556,
        "lon" : 8.6665568888,
        "time" : "20140805T084532+0200"
      }, {
        "lat" : 49.882775805,
        "lon" : 8.6665483828,
        "time" : "20140805T084553+0200"
      }, {
        "lat" : 49.8827700679,
        "lon" : 8.6665414308,
        "time" : "20140805T084614+0200"
      } ]
    }, {
      "activity" : "transport",
      "group" : "transport",
      "manual" : false,
      "startTime" : "20140805T084614+0200",
      "endTime" : "20140805T090640+0200",
      "duration" : 1226.0,
      "distance" : 3577.0,
      "trackPoints" : [ {
        "lat" : 49.8827700679,
        "lon" : 8.6665414308,
        "time" : "20140805T084614+0200"
      }, {
        "lat" : 49.8827475,
        "lon" : 8.6665166222,
        "time" : "20140805T084630+0200"
      }, {
        "lat" : 49.882747153,
        "lon" : 8.6665162293,
        "time" : "20140805T084648+0200"
      }, {
        "lat" : 49.882747153,
        "lon" : 8.6665162293,
        "time" : "20140805T084708+0200"
      }, {
        "lat" : 49.882747153,
        "lon" : 8.6665162293,
        "time" : "20140805T084738+0200"
      }, {
        "lat" : 49.8827472201,
        "lon" : 8.6665163024,
        "time" : "20140805T084758+0200"
      }, {
        "lat" : 49.8827469354,
        "lon" : 8.6665159918,
        "time" : "20140805T084818+0200"
      }, {
        "lat" : 49.8827467341,
        "lon" : 8.6665157722,
        "time" : "20140805T084839+0200"
      }, {
        "lat" : 49.8827465724,
        "lon" : 8.6665155959,
        "time" : "20140805T084859+0200"
      }, {
        "lat" : 49.8827464327,
        "lon" : 8.6665154434,
        "time" : "20140805T084919+0200"
      }, {
        "lat" : 49.8827445444,
        "lon" : 8.6665133864,
        "time" : "20140805T084953+0200"
      }, {
        "lat" : 49.8782755692,
        "lon" : 8.6616445003,
        "time" : "20140805T085444+0200"
      }, {
        "lat" : 49.8781667467,
        "lon" : 8.661537543,
        "time" : "20140805T085501+0200"
      }, {
        "lat" : 49.8781268844,
        "lon" : 8.6613942229,
        "time" : "20140805T085517+0200"
      }, {
        "lat" : 49.8771365041,
        "lon" : 8.6613905717,
        "time" : "20140805T085534+0200"
      }, {
        "lat" : 49.8766753709,
        "lon" : 8.6614258611,
        "time" : "20140805T085551+0200"
      }, {
        "lat" : 49.8765565953,
        "lon" : 8.6614484659,
        "time" : "20140805T085611+0200"
      }, {
        "lat" : 49.8760609192,
        "lon" : 8.6606411774,
        "time" : "20140805T085629+0200"
      }, {
        "lat" : 49.8730906944,
        "lon" : 8.6558959052,
        "time" : "20140805T085918+0200"
      }, {
        "lat" : 49.8729291255,
        "lon" : 8.6558059945,
        "time" : "20140805T085941+0200"
      }, {
        "lat" : 49.8729035669,
        "lon" : 8.6554910977,
        "time" : "20140805T085959+0200"
      }, {
        "lat" : 49.8729035531,
        "lon" : 8.6554909279,
        "time" : "20140805T090000+0200"
      }, {
        "lat" : 49.8728987935,
        "lon" : 8.655432286,
        "time" : "20140805T090003+0200"
      }, {
        "lat" : 49.8728458876,
        "lon" : 8.6553150073,
        "time" : "20140805T090024+0200"
      }, {
        "lat" : 49.8728261689,
        "lon" : 8.6551645717,
        "time" : "20140805T090047+0200"
      }, {
        "lat" : 49.8725941188,
        "lon" : 8.6506495791,
        "time" : "20140805T090140+0200"
      }, {
        "lat" : 49.8718356954,
        "lon" : 8.6444172638,
        "time" : "20140805T090304+0200"
      }, {
        "lat" : 49.8717547075,
        "lon" : 8.6431898326,
        "time" : "20140805T090320+0200"
      }, {
        "lat" : 49.8717593348,
        "lon" : 8.6311563983,
        "time" : "20140805T090640+0200"
      } ]
    }, {
      "activity" : "walking",
      "group" : "walking",
      "manual" : false,
      "startTime" : "20140805T090640+0200",
      "endTime" : "20140805T091353+0200",
      "duration" : 433.0,
      "distance" : 583.0,
      "steps" : 780,
      "trackPoints" : [ {
        "lat" : 49.8717593348,
        "lon" : 8.6311563983,
        "time" : "20140805T090640+0200"
      }, {
        "lat" : 49.87234877,
        "lon" : 8.6281891244,
        "time" : "20140805T091004+0200"
      }, {
        "lat" : 49.87236382,
        "lon" : 8.627912602,
        "time" : "20140805T091024+0200"
      }, {
        "lat" : 49.8709841107,
        "lon" : 8.6256139671,
        "time" : "20140805T091338+0200"
      }, {
        "lat" : 49.8707887592,
        "lon" : 8.6250159454,
        "time" : "20140805T091353+0200"
      } ]
    } ],
    "lastUpdate" : "20140805T111825Z"
  }, {
    "type" : "move",
    "startTime" : "20140805T091353+0200",
    "endTime" : "20140805T091452+0200",
    "activities" : [ {
      "activity" : "walking",
      "group" : "walking",
      "manual" : false,
      "startTime" : "20140805T091353+0200",
      "endTime" : "20140805T091453+0200",
      "duration" : 60.0,
      "distance" : 100.0,
      "steps" : 92,
      "trackPoints" : [ {
        "lat" : 49.8709226539,
        "lon" : 8.6253520062,
        "time" : "20140805T091353+0200"
      }, {
        "lat" : 49.8714705726,
        "lon" : 8.6262097913,
        "time" : "20140805T091452+0200"
      } ]
    } ],
    "lastUpdate" : "20140805T132535Z"
  }, {
    "type" : "place",
    "startTime" : "20140805T091453+0200",
    "endTime" : "20140805T131453+0200",
    "place" : {
      "id" : 239992082,
      "type" : "unknown",
      "location" : {
        "lat" : 49.8714705726,
        "lon" : 8.6262097913
      }
    },
    "activities" : [ {
      "activity" : "walking",
      "group" : "walking",
      "manual" : false,
      "startTime" : "20140805T091453+0200",
      "endTime" : "20140805T091457+0200",
      "duration" : 4.0,
      "distance" : 2.0,
      "steps" : 5,
      "trackPoints" : [ ]
    }, {
      "activity" : "walking",
      "group" : "walking",
      "manual" : false,
      "startTime" : "20140805T111258+0200",
      "endTime" : "20140805T111328+0200",
      "duration" : 30.0,
      "distance" : 15.0,
      "steps" : 30,
      "trackPoints" : [ ]
    }, {
      "activity" : "walking",
      "group" : "walking",
      "manual" : false,
      "startTime" : "20140805T131452+0200",
      "endTime" : "20140805T131453+0200",
      "duration" : 1.0,
      "distance" : 0.0,
      "steps" : 1,
      "trackPoints" : [ ]
    } ],
    "lastUpdate" : "20140805T132535Z"
  }, {
    "type" : "move",
    "startTime" : "20140805T131453+0200",
    "endTime" : "20140805T134924+0200",
    "activities" : [ {
      "activity" : "walking",
      "group" : "walking",
      "manual" : false,
      "startTime" : "20140805T131453+0200",
      "endTime" : "20140805T132133+0200",
      "duration" : 400.0,
      "distance" : 354.0,
      "steps" : 708,
      "trackPoints" : [ {
        "lat" : 49.8714705726,
        "lon" : 8.6262097913,
        "time" : "20140805T131453+0200"
      }, {
        "lat" : 49.8722119057,
        "lon" : 8.6273480456,
        "time" : "20140805T131843+0200"
      }, {
        "lat" : 49.872457995,
        "lon" : 8.6293275986,
        "time" : "20140805T132133+0200"
      } ]
    }, {
      "activity" : "transport",
      "group" : "transport",
      "manual" : false,
      "startTime" : "20140805T132133+0200",
      "endTime" : "20140805T133407+0200",
      "duration" : 754.0,
      "distance" : 2118.0,
      "trackPoints" : [ {
        "lat" : 49.872457995,
        "lon" : 8.6293275986,
        "time" : "20140805T132133+0200"
      }, {
        "lat" : 49.8725317317,
        "lon" : 8.6301341971,
        "time" : "20140805T132203+0200"
      }, {
        "lat" : 49.8721489411,
        "lon" : 8.6317872422,
        "time" : "20140805T132516+0200"
      }, {
        "lat" : 49.8718183988,
        "lon" : 8.6438597776,
        "time" : "20140805T132836+0200"
      }, {
        "lat" : 49.8726152063,
        "lon" : 8.6490070374,
        "time" : "20140805T133023+0200"
      }, {
        "lat" : 49.8728156316,
        "lon" : 8.6517924173,
        "time" : "20140805T133203+0200"
      }, {
        "lat" : 49.8727983737,
        "lon" : 8.6547410911,
        "time" : "20140805T133406+0200"
      } ]
    }, {
      "activity" : "walking",
      "group" : "walking",
      "manual" : false,
      "startTime" : "20140805T133406+0200",
      "endTime" : "20140805T134924+0200",
      "duration" : 918.0,
      "distance" : 722.0,
      "steps" : 1339,
      "trackPoints" : [ {
        "lat" : 49.8727983737,
        "lon" : 8.6547410911,
        "time" : "20140805T133406+0200"
      }, {
        "lat" : 49.8727966713,
        "lon" : 8.6551260173,
        "time" : "20140805T133434+0200"
      }, {
        "lat" : 49.8727968012,
        "lon" : 8.6552107087,
        "time" : "20140805T133450+0200"
      }, {
        "lat" : 49.8727967185,
        "lon" : 8.655218491,
        "time" : "20140805T133519+0200"
      }, {
        "lat" : 49.8727930257,
        "lon" : 8.6552151979,
        "time" : "20140805T133540+0200"
      }, {
        "lat" : 49.8727727823,
        "lon" : 8.6552367443,
        "time" : "20140805T133620+0200"
      }, {
        "lat" : 49.8727709172,
        "lon" : 8.6552410467,
        "time" : "20140805T133640+0200"
      }, {
        "lat" : 49.8727861921,
        "lon" : 8.6552705532,
        "time" : "20140805T133700+0200"
      }, {
        "lat" : 49.8728009726,
        "lon" : 8.6552890481,
        "time" : "20140805T133720+0200"
      }, {
        "lat" : 49.8735366775,
        "lon" : 8.6554016518,
        "time" : "20140805T133929+0200"
      }, {
        "lat" : 49.874603406,
        "lon" : 8.6555511164,
        "time" : "20140805T134226+0200"
      }, {
        "lat" : 49.8746792229,
        "lon" : 8.6555519027,
        "time" : "20140805T134246+0200"
      }, {
        "lat" : 49.87469909,
        "lon" : 8.6555948546,
        "time" : "20140805T134309+0200"
      }, {
        "lat" : 49.8746851349,
        "lon" : 8.6556495818,
        "time" : "20140805T134326+0200"
      }, {
        "lat" : 49.8746625352,
        "lon" : 8.6557504837,
        "time" : "20140805T134346+0200"
      }, {
        "lat" : 49.8746387834,
        "lon" : 8.6559944639,
        "time" : "20140805T134409+0200"
      }, {
        "lat" : 49.874635433,
        "lon" : 8.6560759135,
        "time" : "20140805T134424+0200"
      }, {
        "lat" : 49.8746382327,
        "lon" : 8.6562016679,
        "time" : "20140805T134448+0200"
      }, {
        "lat" : 49.8746051054,
        "lon" : 8.6572260338,
        "time" : "20140805T134523+0200"
      }, {
        "lat" : 49.874562128,
        "lon" : 8.6579225143,
        "time" : "20140805T134543+0200"
      }, {
        "lat" : 49.87428699,
        "lon" : 8.6589165023,
        "time" : "20140805T134618+0200"
      }, {
        "lat" : 49.8741441706,
        "lon" : 8.6593684629,
        "time" : "20140805T134642+0200"
      }, {
        "lat" : 49.8740851183,
        "lon" : 8.6595767144,
        "time" : "20140805T134657+0200"
      }, {
        "lat" : 49.8740482558,
        "lon" : 8.6598057186,
        "time" : "20140805T134722+0200"
      }, {
        "lat" : 49.8742134264,
        "lon" : 8.6601958203,
        "time" : "20140805T134827+0200"
      }, {
        "lat" : 49.8742709656,
        "lon" : 8.6602688745,
        "time" : "20140805T134843+0200"
      }, {
        "lat" : 49.8743691278,
        "lon" : 8.6603410524,
        "time" : "20140805T134903+0200"
      }, {
        "lat" : 49.8745376003,
        "lon" : 8.6604313156,
        "time" : "20140805T134924+0200"
      } ]
    } ],
    "lastUpdate" : "20140805T132535Z"
  }, {
    "type" : "place",
    "startTime" : "20140805T134924+0200",
    "endTime" : "20140805T135541+0200",
    "place" : {
      "id" : 239992083,
      "type" : "unknown",
      "location" : {
        "lat" : 49.8745376003,
        "lon" : 8.6604313156
      }
    },
    "activities" : [ {
      "activity" : "walking",
      "group" : "walking",
      "manual" : false,
      "startTime" : "20140805T135413+0200",
      "endTime" : "20140805T135451+0200",
      "duration" : 38.0,
      "distance" : 26.0,
      "steps" : 51,
      "trackPoints" : [ ]
    } ],
    "lastUpdate" : "20140805T132535Z"
  }, {
    "type" : "move",
    "startTime" : "20140805T135541+0200",
    "endTime" : "20140805T135924+0200",
    "activities" : [ {
      "activity" : "walking",
      "group" : "walking",
      "manual" : false,
      "startTime" : "20140805T135541+0200",
      "endTime" : "20140805T135924+0200",
      "duration" : 223.0,
      "distance" : 429.0,
      "steps" : 357,
      "trackPoints" : [ {
        "lat" : 49.8745376003,
        "lon" : 8.6604313156,
        "time" : "20140805T135541+0200"
      }, {
        "lat" : 49.8745445598,
        "lon" : 8.6604350864,
        "time" : "20140805T135601+0200"
      }, {
        "lat" : 49.8745400401,
        "lon" : 8.6604193673,
        "time" : "20140805T135626+0200"
      }, {
        "lat" : 49.8745356729,
        "lon" : 8.6604038479,
        "time" : "20140805T135643+0200"
      }, {
        "lat" : 49.8745324221,
        "lon" : 8.6603848656,
        "time" : "20140805T135659+0200"
      }, {
        "lat" : 49.8745277691,
        "lon" : 8.6603353692,
        "time" : "20140805T135723+0200"
      }, {
        "lat" : 49.8745055272,
        "lon" : 8.6593410921,
        "time" : "20140805T135809+0200"
      }, {
        "lat" : 49.8745224778,
        "lon" : 8.6589470115,
        "time" : "20140805T135829+0200"
      }, {
        "lat" : 49.8746315895,
        "lon" : 8.6586289859,
        "time" : "20140805T135849+0200"
      }, {
        "lat" : 49.8748047073,
        "lon" : 8.6584406825,
        "time" : "20140805T135904+0200"
      }, {
        "lat" : 49.8770449952,
        "lon" : 8.657750091,
        "time" : "20140805T135924+0200"
      } ]
    } ],
    "lastUpdate" : "20140805T132535Z"
  }, {
    "type" : "place",
    "startTime" : "20140805T135924+0200",
    "endTime" : "20140805T142552+0200",
    "place" : {
      "id" : 236799681,
      "type" : "unknown",
      "location" : {
        "lat" : 49.8770449952,
        "lon" : 8.657750091
      }
    },
    "activities" : [ {
      "activity" : "walking",
      "group" : "walking",
      "manual" : false,
      "startTime" : "20140805T135924+0200",
      "endTime" : "20140805T135938+0200",
      "duration" : 14.0,
      "distance" : 13.0,
      "steps" : 26,
      "trackPoints" : [ ]
    }, {
      "activity" : "walking",
      "group" : "walking",
      "manual" : false,
      "startTime" : "20140805T140008+0200",
      "endTime" : "20140805T140221+0200",
      "duration" : 133.0,
      "distance" : 180.0,
      "steps" : 240,
      "trackPoints" : [ ]
    } ],
    "lastUpdate" : "20140805T132535Z"
  }, {
    "type" : "move",
    "startTime" : "20140805T142552+0200",
    "endTime" : "20140805T143910+0200",
    "activities" : [ {
      "activity" : "transport",
      "group" : "transport",
      "manual" : false,
      "startTime" : "20140805T142552+0200",
      "endTime" : "20140805T143304+0200",
      "duration" : 432.0,
      "distance" : 1095.0,
      "trackPoints" : [ {
        "lat" : 49.8770449952,
        "lon" : 8.657750091,
        "time" : "20140805T142552+0200"
      }, {
        "lat" : 49.8770038946,
        "lon" : 8.6635272209,
        "time" : "20140805T143025+0200"
      }, {
        "lat" : 49.879974591,
        "lon" : 8.6694519047,
        "time" : "20140805T143304+0200"
      } ]
    }, {
      "activity" : "walking",
      "group" : "walking",
      "manual" : false,
      "startTime" : "20140805T143304+0200",
      "endTime" : "20140805T143910+0200",
      "duration" : 366.0,
      "distance" : 321.0,
      "steps" : 643,
      "trackPoints" : [ {
        "lat" : 49.879974591,
        "lon" : 8.6694519047,
        "time" : "20140805T143304+0200"
      }, {
        "lat" : 49.8802555893,
        "lon" : 8.6697428707,
        "time" : "20140805T143439+0200"
      }, {
        "lat" : 49.8802696546,
        "lon" : 8.6697941013,
        "time" : "20140805T143504+0200"
      }, {
        "lat" : 49.8802738506,
        "lon" : 8.6697995409,
        "time" : "20140805T143535+0200"
      }, {
        "lat" : 49.8802750759,
        "lon" : 8.6698001147,
        "time" : "20140805T143555+0200"
      }, {
        "lat" : 49.8802840792,
        "lon" : 8.6698021731,
        "time" : "20140805T143626+0200"
      }, {
        "lat" : 49.8803699083,
        "lon" : 8.6698208598,
        "time" : "20140805T143647+0200"
      }, {
        "lat" : 49.8817046561,
        "lon" : 8.6701171954,
        "time" : "20140805T143728+0200"
      }, {
        "lat" : 49.8819617063,
        "lon" : 8.6702027278,
        "time" : "20140805T143753+0200"
      }, {
        "lat" : 49.881988414,
        "lon" : 8.6702120636,
        "time" : "20140805T143809+0200"
      }, {
        "lat" : 49.8819903374,
        "lon" : 8.6702149695,
        "time" : "20140805T143824+0200"
      }, {
        "lat" : 49.8819864546,
        "lon" : 8.6702255896,
        "time" : "20140805T143845+0200"
      }, {
        "lat" : 49.8819681239,
        "lon" : 8.6703339401,
        "time" : "20140805T143910+0200"
      } ]
    } ],
    "lastUpdate" : "20140805T132535Z"
  }, {
    "type" : "place",
    "startTime" : "20140805T143910+0200",
    "endTime" : "20140805T185905+0200",
    "place" : {
      "id" : 222568631,
      "type" : "unknown",
      "location" : {
        "lat" : 49.8819681239,
        "lon" : 8.6703339401
      }
    },
    "activities" : [ {
      "activity" : "walking",
      "group" : "walking",
      "manual" : false,
      "startTime" : "20140805T143910+0200",
      "endTime" : "20140805T143914+0200",
      "duration" : 4.0,
      "distance" : 3.0,
      "steps" : 6,
      "trackPoints" : [ ]
    }, {
      "activity" : "walking",
      "group" : "walking",
      "manual" : false,
      "startTime" : "20140805T150851+0200",
      "endTime" : "20140805T150914+0200",
      "duration" : 23.0,
      "distance" : 11.0,
      "steps" : 23,
      "trackPoints" : [ ]
    }, {
      "activity" : "walking",
      "group" : "walking",
      "manual" : false,
      "startTime" : "20140805T172956+0200",
      "endTime" : "20140805T173026+0200",
      "duration" : 30.0,
      "distance" : 15.0,
      "steps" : 20,
      "trackPoints" : [ ]
    }, {
      "activity" : "walking",
      "group" : "walking",
      "manual" : false,
      "startTime" : "20140805T182342+0200",
      "endTime" : "20140805T182414+0200",
      "duration" : 32.0,
      "distance" : 25.0,
      "steps" : 50,
      "trackPoints" : [ ]
    } ],
    "lastUpdate" : "20140805T175205Z"
  }, {
    "type" : "move",
    "startTime" : "20140805T185905+0200",
    "endTime" : "20140805T190144+0200",
    "activities" : [ {
      "activity" : "walking",
      "group" : "walking",
      "manual" : false,
      "startTime" : "20140805T185905+0200",
      "endTime" : "20140805T190144+0200",
      "duration" : 159.0,
      "distance" : 224.0,
      "steps" : 306,
      "trackPoints" : [ {
        "lat" : 49.8819681239,
        "lon" : 8.6703339401,
        "time" : "20140805T185905+0200"
      }, {
        "lat" : 49.8820080638,
        "lon" : 8.6702059471,
        "time" : "20140805T185922+0200"
      }, {
        "lat" : 49.8820164919,
        "lon" : 8.6701879619,
        "time" : "20140805T185942+0200"
      }, {
        "lat" : 49.8820258212,
        "lon" : 8.6701679206,
        "time" : "20140805T185959+0200"
      }, {
        "lat" : 49.8820262787,
        "lon" : 8.6701668775,
        "time" : "20140805T185959+0200"
      }, {
        "lat" : 49.8820262871,
        "lon" : 8.6701668583,
        "time" : "20140805T190000+0200"
      }, {
        "lat" : 49.8820428219,
        "lon" : 8.6701291639,
        "time" : "20140805T190019+0200"
      }, {
        "lat" : 49.8822396463,
        "lon" : 8.6696349222,
        "time" : "20140805T190042+0200"
      }, {
        "lat" : 49.8823727456,
        "lon" : 8.6693069402,
        "time" : "20140805T190103+0200"
      }, {
        "lat" : 49.8824620985,
        "lon" : 8.6690975059,
        "time" : "20140805T190124+0200"
      }, {
        "lat" : 49.8829100725,
        "lon" : 8.6682008619,
        "time" : "20140805T190144+0200"
      } ]
    } ],
    "lastUpdate" : "20140805T175206Z"
  }, {
    "type" : "place",
    "startTime" : "20140805T190144+0200",
    "endTime" : "20140805T195938+0200",
    "place" : {
      "id" : 223509887,
      "type" : "unknown",
      "location" : {
        "lat" : 49.8829100725,
        "lon" : 8.6682008619
      }
    },
    "activities" : [ {
      "activity" : "walking",
      "group" : "walking",
      "manual" : false,
      "startTime" : "20140805T190144+0200",
      "endTime" : "20140805T190752+0200",
      "duration" : 368.0,
      "distance" : 395.0,
      "steps" : 526,
      "trackPoints" : [ ]
    } ],
    "lastUpdate" : "20140805T194130Z"
  }, {
    "type" : "move",
    "startTime" : "20140805T195938+0200",
    "endTime" : "20140805T204453+0200",
    "activities" : [ {
      "activity" : "cycling",
      "group" : "cycling",
      "manual" : false,
      "startTime" : "20140805T195938+0200",
      "endTime" : "20140805T200611+0200",
      "duration" : 393.0,
      "distance" : 1267.0,
      "trackPoints" : [ {
        "lat" : 49.8829100725,
        "lon" : 8.6682008619,
        "time" : "20140805T195938+0200"
      }, {
        "lat" : 49.8830699914,
        "lon" : 8.6687898099,
        "time" : "20140805T195959+0200"
      }, {
        "lat" : 49.8830700642,
        "lon" : 8.6687900778,
        "time" : "20140805T200000+0200"
      }, {
        "lat" : 49.8841610632,
        "lon" : 8.6728079999,
        "time" : "20140805T200229+0200"
      }, {
        "lat" : 49.8852068338,
        "lon" : 8.6736599188,
        "time" : "20140805T200252+0200"
      }, {
        "lat" : 49.8861723705,
        "lon" : 8.6823142786,
        "time" : "20140805T200611+0200"
      } ]
    }, {
      "activity" : "walking",
      "group" : "walking",
      "manual" : false,
      "startTime" : "20140805T200611+0200",
      "endTime" : "20140805T200846+0200",
      "duration" : 155.0,
      "distance" : 269.0,
      "steps" : 263,
      "trackPoints" : [ {
        "lat" : 49.8861723705,
        "lon" : 8.6823142786,
        "time" : "20140805T200611+0200"
      }, {
        "lat" : 49.8860268357,
        "lon" : 8.6830083769,
        "time" : "20140805T200639+0200"
      }, {
        "lat" : 49.885959725,
        "lon" : 8.6837427902,
        "time" : "20140805T200705+0200"
      }, {
        "lat" : 49.8860088933,
        "lon" : 8.6839797651,
        "time" : "20140805T200725+0200"
      }, {
        "lat" : 49.8860873534,
        "lon" : 8.6845191371,
        "time" : "20140805T200743+0200"
      }, {
        "lat" : 49.8861078804,
        "lon" : 8.6849416914,
        "time" : "20140805T200814+0200"
      }, {
        "lat" : 49.886092024,
        "lon" : 8.6857066734,
        "time" : "20140805T200846+0200"
      } ]
    }, {
      "activity" : "cycling",
      "group" : "cycling",
      "manual" : false,
      "startTime" : "20140805T200846+0200",
      "endTime" : "20140805T204453+0200",
      "duration" : 2167.0,
      "distance" : 8055.0,
      "trackPoints" : [ {
        "lat" : 49.886092024,
        "lon" : 8.6857066734,
        "time" : "20140805T200846+0200"
      }, {
        "lat" : 49.8860590801,
        "lon" : 8.6859375485,
        "time" : "20140805T200901+0200"
      }, {
        "lat" : 49.8849992505,
        "lon" : 8.6863366835,
        "time" : "20140805T200927+0200"
      }, {
        "lat" : 49.8852642845,
        "lon" : 8.6871148179,
        "time" : "20140805T200946+0200"
      }, {
        "lat" : 49.885661185,
        "lon" : 8.6880548119,
        "time" : "20140805T201011+0200"
      }, {
        "lat" : 49.8863259949,
        "lon" : 8.688996969,
        "time" : "20140805T201030+0200"
      }, {
        "lat" : 49.8869441975,
        "lon" : 8.6898967284,
        "time" : "20140805T201046+0200"
      }, {
        "lat" : 49.8881933484,
        "lon" : 8.69103624,
        "time" : "20140805T201116+0200"
      }, {
        "lat" : 49.888756856,
        "lon" : 8.6915699025,
        "time" : "20140805T201132+0200"
      }, {
        "lat" : 49.8894366692,
        "lon" : 8.6925944124,
        "time" : "20140805T201147+0200"
      }, {
        "lat" : 49.8904978497,
        "lon" : 8.693921784,
        "time" : "20140805T201208+0200"
      }, {
        "lat" : 49.8912953743,
        "lon" : 8.6926947404,
        "time" : "20140805T201234+0200"
      }, {
        "lat" : 49.8913731367,
        "lon" : 8.6918664419,
        "time" : "20140805T201252+0200"
      }, {
        "lat" : 49.891392327,
        "lon" : 8.6910597171,
        "time" : "20140805T201308+0200"
      }, {
        "lat" : 49.8913398283,
        "lon" : 8.6903805086,
        "time" : "20140805T201323+0200"
      }, {
        "lat" : 49.8913481248,
        "lon" : 8.6894816741,
        "time" : "20140805T201345+0200"
      }, {
        "lat" : 49.8912864878,
        "lon" : 8.6885113911,
        "time" : "20140805T201407+0200"
      }, {
        "lat" : 49.8916846295,
        "lon" : 8.688163883,
        "time" : "20140805T201425+0200"
      }, {
        "lat" : 49.8923022972,
        "lon" : 8.6878830519,
        "time" : "20140805T201444+0200"
      }, {
        "lat" : 49.8933795076,
        "lon" : 8.6874378211,
        "time" : "20140805T201505+0200"
      }, {
        "lat" : 49.8939094375,
        "lon" : 8.684999096,
        "time" : "20140805T201534+0200"
      }, {
        "lat" : 49.8939681298,
        "lon" : 8.6837360459,
        "time" : "20140805T201553+0200"
      }, {
        "lat" : 49.8939671462,
        "lon" : 8.6827949926,
        "time" : "20140805T201611+0200"
      }, {
        "lat" : 49.89422215,
        "lon" : 8.6815550424,
        "time" : "20140805T201630+0200"
      }, {
        "lat" : 49.895142882,
        "lon" : 8.6813978842,
        "time" : "20140805T201650+0200"
      }, {
        "lat" : 49.8951847823,
        "lon" : 8.6815803597,
        "time" : "20140805T201706+0200"
      }, {
        "lat" : 49.8952561898,
        "lon" : 8.6824603189,
        "time" : "20140805T201722+0200"
      }, {
        "lat" : 49.8954378057,
        "lon" : 8.6836981355,
        "time" : "20140805T201743+0200"
      }, {
        "lat" : 49.8955571603,
        "lon" : 8.6846147847,
        "time" : "20140805T201758+0200"
      }, {
        "lat" : 49.8956905907,
        "lon" : 8.6856384749,
        "time" : "20140805T201814+0200"
      }, {
        "lat" : 49.8957724821,
        "lon" : 8.686533209,
        "time" : "20140805T201832+0200"
      }, {
        "lat" : 49.8959148693,
        "lon" : 8.6877669971,
        "time" : "20140805T201853+0200"
      }, {
        "lat" : 49.8960084714,
        "lon" : 8.6889288163,
        "time" : "20140805T201912+0200"
      }, {
        "lat" : 49.8962857899,
        "lon" : 8.6895603744,
        "time" : "20140805T201927+0200"
      }, {
        "lat" : 49.8968370251,
        "lon" : 8.6909559486,
        "time" : "20140805T201957+0200"
      }, {
        "lat" : 49.897233892,
        "lon" : 8.6915885038,
        "time" : "20140805T202013+0200"
      }, {
        "lat" : 49.8975195974,
        "lon" : 8.6919754309,
        "time" : "20140805T202028+0200"
      }, {
        "lat" : 49.8978640614,
        "lon" : 8.691642785,
        "time" : "20140805T202050+0200"
      }, {
        "lat" : 49.8985257778,
        "lon" : 8.6911019827,
        "time" : "20140805T202105+0200"
      }, {
        "lat" : 49.8992048271,
        "lon" : 8.6904869134,
        "time" : "20140805T202121+0200"
      }, {
        "lat" : 49.8996042448,
        "lon" : 8.6892574081,
        "time" : "20140805T202142+0200"
      }, {
        "lat" : 49.8996216065,
        "lon" : 8.6881627788,
        "time" : "20140805T202159+0200"
      }, {
        "lat" : 49.89946806,
        "lon" : 8.6870102829,
        "time" : "20140805T202218+0200"
      }, {
        "lat" : 49.899668216,
        "lon" : 8.6856719991,
        "time" : "20140805T202240+0200"
      }, {
        "lat" : 49.8987142577,
        "lon" : 8.6853731286,
        "time" : "20140805T202305+0200"
      }, {
        "lat" : 49.8981943569,
        "lon" : 8.684796962,
        "time" : "20140805T202320+0200"
      }, {
        "lat" : 49.8981430174,
        "lon" : 8.6824894221,
        "time" : "20140805T202356+0200"
      }, {
        "lat" : 49.8980815247,
        "lon" : 8.6813801124,
        "time" : "20140805T202412+0200"
      }, {
        "lat" : 49.8986734225,
        "lon" : 8.681307742,
        "time" : "20140805T202438+0200"
      }, {
        "lat" : 49.899237991,
        "lon" : 8.6819607643,
        "time" : "20140805T202455+0200"
      }, {
        "lat" : 49.9001306905,
        "lon" : 8.682757091,
        "time" : "20140805T202519+0200"
      }, {
        "lat" : 49.9011049438,
        "lon" : 8.6827413134,
        "time" : "20140805T202544+0200"
      }, {
        "lat" : 49.9013391681,
        "lon" : 8.6826864842,
        "time" : "20140805T202616+0200"
      }, {
        "lat" : 49.9013535925,
        "lon" : 8.6826569185,
        "time" : "20140805T202633+0200"
      }, {
        "lat" : 49.9013152636,
        "lon" : 8.6824061113,
        "time" : "20140805T202649+0200"
      }, {
        "lat" : 49.9008242953,
        "lon" : 8.6823395492,
        "time" : "20140805T202706+0200"
      }, {
        "lat" : 49.8999442602,
        "lon" : 8.6822311204,
        "time" : "20140805T202727+0200"
      }, {
        "lat" : 49.89927371,
        "lon" : 8.6813745072,
        "time" : "20140805T202745+0200"
      }, {
        "lat" : 49.8987503184,
        "lon" : 8.6809211358,
        "time" : "20140805T202804+0200"
      }, {
        "lat" : 49.8981301433,
        "lon" : 8.6808814698,
        "time" : "20140805T202825+0200"
      }, {
        "lat" : 49.8970638348,
        "lon" : 8.6808208196,
        "time" : "20140805T202851+0200"
      }, {
        "lat" : 49.8964206498,
        "lon" : 8.6808074006,
        "time" : "20140805T202913+0200"
      }, {
        "lat" : 49.8963678627,
        "lon" : 8.6808375525,
        "time" : "20140805T202936+0200"
      }, {
        "lat" : 49.8962383647,
        "lon" : 8.6808793604,
        "time" : "20140805T203001+0200"
      }, {
        "lat" : 49.8957707806,
        "lon" : 8.6810323742,
        "time" : "20140805T203022+0200"
      }, {
        "lat" : 49.8954001933,
        "lon" : 8.6812371817,
        "time" : "20140805T203046+0200"
      }, {
        "lat" : 49.8948518758,
        "lon" : 8.6814705626,
        "time" : "20140805T203107+0200"
      }, {
        "lat" : 49.8941716638,
        "lon" : 8.6813536524,
        "time" : "20140805T203137+0200"
      }, {
        "lat" : 49.893880485,
        "lon" : 8.6818657415,
        "time" : "20140805T203156+0200"
      }, {
        "lat" : 49.8939526106,
        "lon" : 8.6824490722,
        "time" : "20140805T203216+0200"
      }, {
        "lat" : 49.8935831886,
        "lon" : 8.6820904572,
        "time" : "20140805T203238+0200"
      }, {
        "lat" : 49.8930031884,
        "lon" : 8.6821220807,
        "time" : "20140805T203306+0200"
      }, {
        "lat" : 49.892567472,
        "lon" : 8.6821156116,
        "time" : "20140805T203324+0200"
      }, {
        "lat" : 49.8919858673,
        "lon" : 8.6821351505,
        "time" : "20140805T203347+0200"
      }, {
        "lat" : 49.8915245638,
        "lon" : 8.6823165518,
        "time" : "20140805T203412+0200"
      }, {
        "lat" : 49.890940223,
        "lon" : 8.682361631,
        "time" : "20140805T203442+0200"
      }, {
        "lat" : 49.8905284505,
        "lon" : 8.6824083698,
        "time" : "20140805T203501+0200"
      }, {
        "lat" : 49.8899633432,
        "lon" : 8.6824926928,
        "time" : "20140805T203524+0200"
      }, {
        "lat" : 49.8891470814,
        "lon" : 8.6826376689,
        "time" : "20140805T203544+0200"
      }, {
        "lat" : 49.8886099424,
        "lon" : 8.6827387417,
        "time" : "20140805T203602+0200"
      }, {
        "lat" : 49.8878861322,
        "lon" : 8.6828752884,
        "time" : "20140805T203631+0200"
      }, {
        "lat" : 49.8875136825,
        "lon" : 8.6828852656,
        "time" : "20140805T203647+0200"
      }, {
        "lat" : 49.8870667095,
        "lon" : 8.6829979673,
        "time" : "20140805T203711+0200"
      }, {
        "lat" : 49.886803703,
        "lon" : 8.6830845647,
        "time" : "20140805T203726+0200"
      }, {
        "lat" : 49.8864176857,
        "lon" : 8.6831560295,
        "time" : "20140805T203748+0200"
      }, {
        "lat" : 49.8862375974,
        "lon" : 8.6831525533,
        "time" : "20140805T203803+0200"
      }, {
        "lat" : 49.8858662417,
        "lon" : 8.6832428587,
        "time" : "20140805T203828+0200"
      }, {
        "lat" : 49.8855394989,
        "lon" : 8.6838802797,
        "time" : "20140805T203903+0200"
      }, {
        "lat" : 49.8853810194,
        "lon" : 8.6841935086,
        "time" : "20140805T203926+0200"
      }, {
        "lat" : 49.8849161048,
        "lon" : 8.6854605582,
        "time" : "20140805T203945+0200"
      }, {
        "lat" : 49.884803569,
        "lon" : 8.6860308986,
        "time" : "20140805T204001+0200"
      }, {
        "lat" : 49.8846434373,
        "lon" : 8.6861147043,
        "time" : "20140805T204016+0200"
      }, {
        "lat" : 49.8836767656,
        "lon" : 8.6840493236,
        "time" : "20140805T204044+0200"
      }, {
        "lat" : 49.8830759018,
        "lon" : 8.6827675086,
        "time" : "20140805T204059+0200"
      }, {
        "lat" : 49.8826471008,
        "lon" : 8.6812479695,
        "time" : "20140805T204115+0200"
      }, {
        "lat" : 49.8823116414,
        "lon" : 8.6797279755,
        "time" : "20140805T204133+0200"
      }, {
        "lat" : 49.8819505374,
        "lon" : 8.6781534,
        "time" : "20140805T204151+0200"
      }, {
        "lat" : 49.8816282495,
        "lon" : 8.6768138314,
        "time" : "20140805T204214+0200"
      }, {
        "lat" : 49.881182904,
        "lon" : 8.6754488674,
        "time" : "20140805T204235+0200"
      }, {
        "lat" : 49.8807151755,
        "lon" : 8.6743086741,
        "time" : "20140805T204259+0200"
      }, {
        "lat" : 49.8803495984,
        "lon" : 8.6733356983,
        "time" : "20140805T204316+0200"
      }, {
        "lat" : 49.8799459062,
        "lon" : 8.6721232941,
        "time" : "20140805T204343+0200"
      }, {
        "lat" : 49.8796356368,
        "lon" : 8.6711807514,
        "time" : "20140805T204406+0200"
      }, {
        "lat" : 49.8807786602,
        "lon" : 8.6709067569,
        "time" : "20140805T204437+0200"
      }, {
        "lat" : 49.8819681239,
        "lon" : 8.6703339401,
        "time" : "20140805T204453+0200"
      } ]
    } ],
    "lastUpdate" : "20140805T194130Z"
  }, {
    "type" : "place",
    "startTime" : "20140805T204453+0200",
    "endTime" : "20140805T223519+0200",
    "place" : {
      "id" : 222568631,
      "type" : "unknown",
      "location" : {
        "lat" : 49.8819681239,
        "lon" : 8.6703339401
      }
    },
    "activities" : [ {
      "activity" : "walking",
      "group" : "walking",
      "manual" : false,
      "startTime" : "20140805T204453+0200",
      "endTime" : "20140805T204650+0200",
      "duration" : 117.0,
      "distance" : 79.0,
      "steps" : 157,
      "trackPoints" : [ ]
    }, {
      "activity" : "walking",
      "group" : "walking",
      "manual" : false,
      "startTime" : "20140805T213224+0200",
      "endTime" : "20140805T213730+0200",
      "duration" : 306.0,
      "distance" : 369.0,
      "steps" : 492,
      "trackPoints" : [ ]
    } ],
    "lastUpdate" : "20140805T223122Z"
  }, {
    "type" : "move",
    "startTime" : "20140805T223519+0200",
    "endTime" : "20140805T224003+0200",
    "activities" : [ {
      "activity" : "walking",
      "group" : "walking",
      "manual" : false,
      "startTime" : "20140805T223519+0200",
      "endTime" : "20140805T224003+0200",
      "duration" : 284.0,
      "distance" : 241.0,
      "steps" : 481,
      "trackPoints" : [ {
        "lat" : 49.8819681239,
        "lon" : 8.6703339401,
        "time" : "20140805T223519+0200"
      }, {
        "lat" : 49.8820918676,
        "lon" : 8.6703028504,
        "time" : "20140805T223655+0200"
      }, {
        "lat" : 49.8821034574,
        "lon" : 8.6703412962,
        "time" : "20140805T223716+0200"
      }, {
        "lat" : 49.88213174,
        "lon" : 8.6702796576,
        "time" : "20140805T223739+0200"
      }, {
        "lat" : 49.8821658978,
        "lon" : 8.6702041202,
        "time" : "20140805T223803+0200"
      }, {
        "lat" : 49.8821892039,
        "lon" : 8.6701596739,
        "time" : "20140805T223821+0200"
      }, {
        "lat" : 49.88221137,
        "lon" : 8.6701177519,
        "time" : "20140805T223841+0200"
      }, {
        "lat" : 49.882231513,
        "lon" : 8.6700747087,
        "time" : "20140805T223902+0200"
      }, {
        "lat" : 49.8822506856,
        "lon" : 8.6700309374,
        "time" : "20140805T223922+0200"
      }, {
        "lat" : 49.8823098486,
        "lon" : 8.6698784079,
        "time" : "20140805T223943+0200"
      }, {
        "lat" : 49.8829100725,
        "lon" : 8.6682008619,
        "time" : "20140805T224003+0200"
      } ]
    } ],
    "lastUpdate" : "20140805T223122Z"
  }, {
    "type" : "place",
    "startTime" : "20140805T224003+0200",
    "endTime" : "20140806T002857+0200",
    "place" : {
      "id" : 223509887,
      "type" : "unknown",
      "location" : {
        "lat" : 49.8829100725,
        "lon" : 8.6682008619
      }
    },
    "activities" : [ {
      "activity" : "walking",
      "group" : "walking",
      "manual" : false,
      "startTime" : "20140805T224158+0200",
      "endTime" : "20140805T224229+0200",
      "duration" : 31.0,
      "distance" : 31.0,
      "steps" : 61,
      "trackPoints" : [ ]
    }, {
      "activity" : "walking",
      "group" : "walking",
      "manual" : false,
      "startTime" : "20140805T231859+0200",
      "endTime" : "20140805T231929+0200",
      "duration" : 30.0,
      "distance" : 17.0,
      "steps" : 34,
      "trackPoints" : [ ]
    } ],
    "lastUpdate" : "20140806T000925Z"
  } ],
  "lastUpdate" : "20140806T000925Z"
} ]