[ {
  "date" : "20141023",
  "summary" : [ {
    "activity" : "walking",
    "group" : "walking",
    "duration" : 2743.0,
    "distance" : 3602.0,
    "steps" : 4302
  }, {
    "activity" : "transport",
    "group" : "transport",
    "duration" : 2071.0,
    "distance" : 8858.0
  }, {
    "activity" : "running",
    "group" : "running",
    "duration" : 119.0,
    "distance" : 304.0,
    "steps" : 203
  } ],
  "segments" : [ {
    "type" : "place",
    "startTime" : "20141022T210855+0200",
    "endTime" : "20141023T083134+0200",
    "place" : {
      "id" : 251291724,
      "name" : "Home",
      "type" : "home",
      "location" : {
        "lat" : 49.8819996044,
        "lon" : 8.6702592175
      }
    },
    "activities" : [ {
      "activity" : "walking",
      "group" : "walking",
      "manual" : false,
      "startTime" : "20141023T005652+0200",
      "endTime" : "20141023T005731+0200",
      "duration" : 39.0,
      "distance" : 19.0,
      "steps" : 39,
      "trackPoints" : [ ]
    }, {
      "activity" : "walking",
      "group" : "walking",
      "manual" : false,
      "startTime" : "20141023T010540+0200",
      "endTime" : "20141023T010558+0200",
      "duration" : 18.0,
      "distance" : 15.0,
      "steps" : 30,
      "trackPoints" : [ ]
    }, {
      "activity" : "walking",
      "group" : "walking",
      "manual" : false,
      "startTime" : "20141023T083100+0200",
      "endTime" : "20141023T083103+0200",
      "duration" : 3.0,
      "distance" : 2.0,
      "steps" : 4,
      "trackPoints" : [ ]
    } ],
    "lastUpdate" : "20141023T074305Z"
  }, {
    "type" : "move",
    "startTime" : "20141023T083134+0200",
    "endTime" : "20141023T090007+0200",
    "activities" : [ {
      "activity" : "walking",
      "group" : "walking",
      "manual" : false,
      "startTime" : "20141023T083134+0200",
      "endTime" : "20141023T083816+0200",
      "duration" : 402.0,
      "distance" : 364.0,
      "steps" : 533,
      "trackPoints" : [ {
        "lat" : 49.8819996044,
        "lon" : 8.6702592175,
        "time" : "20141023T083134+0200"
      }, {
        "lat" : 49.8820206436,
        "lon" : 8.6702365549,
        "time" : "20141023T083154+0200"
      }, {
        "lat" : 49.8820169963,
        "lon" : 8.6702449536,
        "time" : "20141023T083216+0200"
      }, {
        "lat" : 49.8820234118,
        "lon" : 8.6702354641,
        "time" : "20141023T083235+0200"
      }, {
        "lat" : 49.8820316915,
        "lon" : 8.670221007,
        "time" : "20141023T083253+0200"
      }, {
        "lat" : 49.8820471706,
        "lon" : 8.6701934351,
        "time" : "20141023T083314+0200"
      }, {
        "lat" : 49.8822620881,
        "lon" : 8.6698177772,
        "time" : "20141023T083340+0200"
      }, {
        "lat" : 49.8824770666,
        "lon" : 8.6691390339,
        "time" : "20141023T083425+0200"
      }, {
        "lat" : 49.8825209851,
        "lon" : 8.6688955421,
        "time" : "20141023T083445+0200"
      }, {
        "lat" : 49.8825273987,
        "lon" : 8.6687451401,
        "time" : "20141023T083504+0200"
      }, {
        "lat" : 49.8825093218,
        "lon" : 8.6685293966,
        "time" : "20141023T083525+0200"
      }, {
        "lat" : 49.8823435789,
        "lon" : 8.6664791904,
        "time" : "20141023T083615+0200"
      }, {
        "lat" : 49.8822903401,
        "lon" : 8.6661022042,
        "time" : "20141023T083635+0200"
      }, {
        "lat" : 49.882269203,
        "lon" : 8.6659928891,
        "time" : "20141023T083652+0200"
      }, {
        "lat" : 49.882253768,
        "lon" : 8.6659609807,
        "time" : "20141023T083725+0200"
      }, {
        "lat" : 49.882250947,
        "lon" : 8.6659543817,
        "time" : "20141023T083742+0200"
      }, {
        "lat" : 49.8822378772,
        "lon" : 8.6659356349,
        "time" : "20141023T083816+0200"
      } ]
    }, {
      "activity" : "transport",
      "group" : "transport",
      "manual" : false,
      "startTime" : "20141023T083816+0200",
      "endTime" : "20141023T085307+0200",
      "duration" : 891.0,
      "distance" : 3497.0,
      "trackPoints" : [ {
        "lat" : 49.8822378772,
        "lon" : 8.6659356349,
        "time" : "20141023T083816+0200"
      }, {
        "lat" : 49.8822100983,
        "lon" : 8.6659124907,
        "time" : "20141023T083835+0200"
      }, {
        "lat" : 49.8821751883,
        "lon" : 8.6658839639,
        "time" : "20141023T083855+0200"
      }, {
        "lat" : 49.8816590841,
        "lon" : 8.6655724258,
        "time" : "20141023T083934+0200"
      }, {
        "lat" : 49.8815427216,
        "lon" : 8.6654988221,
        "time" : "20141023T083950+0200"
      }, {
        "lat" : 49.8814303429,
        "lon" : 8.6653943478,
        "time" : "20141023T084020+0200"
      }, {
        "lat" : 49.8812157684,
        "lon" : 8.6651593514,
        "time" : "20141023T084044+0200"
      }, {
        "lat" : 49.8810125249,
        "lon" : 8.6649351882,
        "time" : "20141023T084100+0200"
      }, {
        "lat" : 49.8784883724,
        "lon" : 8.6621488805,
        "time" : "20141023T084134+0200"
      }, {
        "lat" : 49.8779942819,
        "lon" : 8.6615861283,
        "time" : "20141023T084200+0200"
      }, {
        "lat" : 49.8766660646,
        "lon" : 8.661498226,
        "time" : "20141023T084217+0200"
      }, {
        "lat" : 49.8763674646,
        "lon" : 8.6613796695,
        "time" : "20141023T084238+0200"
      }, {
        "lat" : 49.8763334646,
        "lon" : 8.6613595417,
        "time" : "20141023T084300+0200"
      }, {
        "lat" : 49.8754916551,
        "lon" : 8.6599628359,
        "time" : "20141023T084322+0200"
      }, {
        "lat" : 49.8750643958,
        "lon" : 8.6584459991,
        "time" : "20141023T084337+0200"
      }, {
        "lat" : 49.8745961297,
        "lon" : 8.6565370195,
        "time" : "20141023T084356+0200"
      }, {
        "lat" : 49.8745184928,
        "lon" : 8.6561157446,
        "time" : "20141023T084424+0200"
      }, {
        "lat" : 49.8732500594,
        "lon" : 8.6562547433,
        "time" : "20141023T084446+0200"
      }, {
        "lat" : 49.8729524488,
        "lon" : 8.6554797344,
        "time" : "20141023T084514+0200"
      }, {
        "lat" : 49.8728397005,
        "lon" : 8.6543729867,
        "time" : "20141023T084542+0200"
      }, {
        "lat" : 49.8729372081,
        "lon" : 8.6510152709,
        "time" : "20141023T084624+0200"
      }, {
        "lat" : 49.8729000992,
        "lon" : 8.6499472511,
        "time" : "20141023T084643+0200"
      }, {
        "lat" : 49.8729000992,
        "lon" : 8.6499472511,
        "time" : "20141023T084704+0200"
      }, {
        "lat" : 49.8729000992,
        "lon" : 8.6499472511,
        "time" : "20141023T084722+0200"
      }, {
        "lat" : 49.8729000992,
        "lon" : 8.6499472511,
        "time" : "20141023T084742+0200"
      }, {
        "lat" : 49.872884524,
        "lon" : 8.6498619196,
        "time" : "20141023T084802+0200"
      }, {
        "lat" : 49.8720945245,
        "lon" : 8.6457876099,
        "time" : "20141023T084854+0200"
      }, {
        "lat" : 49.8720718365,
        "lon" : 8.6452017627,
        "time" : "20141023T084910+0200"
      }, {
        "lat" : 49.8719490784,
        "lon" : 8.6446650509,
        "time" : "20141023T084934+0200"
      }, {
        "lat" : 49.8717040359,
        "lon" : 8.6431256333,
        "time" : "20141023T085015+0200"
      }, {
        "lat" : 49.8716890974,
        "lon" : 8.6429263417,
        "time" : "20141023T085035+0200"
      }, {
        "lat" : 49.8716796527,
        "lon" : 8.6427296217,
        "time" : "20141023T085106+0200"
      }, {
        "lat" : 49.8707513724,
        "lon" : 8.632738991,
        "time" : "20141023T085224+0200"
      }, {
        "lat" : 49.8712263988,
        "lon" : 8.6322343738,
        "time" : "20141023T085241+0200"
      }, {
        "lat" : 49.871338075,
        "lon" : 8.6322163798,
        "time" : "20141023T085308+0200"
      } ]
    }, {
      "activity" : "walking",
      "group" : "walking",
      "manual" : false,
      "startTime" : "20141023T085308+0200",
      "endTime" : "20141023T090008+0200",
      "duration" : 420.0,
      "distance" : 628.0,
      "steps" : 737,
      "trackPoints" : [ {
        "lat" : 49.871338075,
        "lon" : 8.6322163798,
        "time" : "20141023T085308+0200"
      }, {
        "lat" : 49.8714062372,
        "lon" : 8.6322688973,
        "time" : "20141023T085332+0200"
      }, {
        "lat" : 49.8715047172,
        "lon" : 8.6322827662,
        "time" : "20141023T085403+0200"
      }, {
        "lat" : 49.8715652246,
        "lon" : 8.6321303214,
        "time" : "20141023T085423+0200"
      }, {
        "lat" : 49.8716562417,
        "lon" : 8.6317187562,
        "time" : "20141023T085448+0200"
      }, {
        "lat" : 49.8720617701,
        "lon" : 8.6294873876,
        "time" : "20141023T085615+0200"
      }, {
        "lat" : 49.8721213414,
        "lon" : 8.6291847459,
        "time" : "20141023T085645+0200"
      }, {
        "lat" : 49.8721471663,
        "lon" : 8.6290517543,
        "time" : "20141023T085705+0200"
      }, {
        "lat" : 49.872155271,
        "lon" : 8.6288452595,
        "time" : "20141023T085722+0200"
      }, {
        "lat" : 49.8721499434,
        "lon" : 8.6283607712,
        "time" : "20141023T085743+0200"
      }, {
        "lat" : 49.8721467246,
        "lon" : 8.6275525901,
        "time" : "20141023T085806+0200"
      }, {
        "lat" : 49.8721110719,
        "lon" : 8.6268709813,
        "time" : "20141023T085829+0200"
      }, {
        "lat" : 49.8720721499,
        "lon" : 8.62653662,
        "time" : "20141023T085848+0200"
      }, {
        "lat" : 49.8720360686,
        "lon" : 8.6263941128,
        "time" : "20141023T085906+0200"
      }, {
        "lat" : 49.8717235433,
        "lon" : 8.6259320278,
        "time" : "20141023T085944+0200"
      }, {
        "lat" : 49.8714382583,
        "lon" : 8.6253054201,
        "time" : "20141023T085959+0200"
      }, {
        "lat" : 49.8714380691,
        "lon" : 8.6253050045,
        "time" : "20141023T090000+0200"
      }, {
        "lat" : 49.8712952279,
        "lon" : 8.6249912643,
        "time" : "20141023T090007+0200"
      } ]
    } ],
    "lastUpdate" : "20141023T074305Z"
  }, {
    "type" : "move",
    "startTime" : "20141023T090007+0200",
    "endTime" : "20141023T090117+0200",
    "activities" : [ {
      "activity" : "walking",
      "group" : "walking",
      "manual" : false,
      "startTime" : "20141023T090007+0200",
      "endTime" : "20141023T090118+0200",
      "duration" : 71.0,
      "distance" : 65.0,
      "steps" : 129,
      "trackPoints" : [ {
        "lat" : 49.8715504494,
        "lon" : 8.6257006934,
        "time" : "20141023T090007+0200"
      }, {
        "lat" : 49.8714234727,
        "lon" : 8.6255334452,
        "time" : "20141023T090028+0200"
      }, {
        "lat" : 49.8713414872,
        "lon" : 8.6252830641,
        "time" : "20141023T090057+0200"
      }, {
        "lat" : 49.8712952279,
        "lon" : 8.6249912643,
        "time" : "20141023T090117+0200"
      } ]
    } ],
    "lastUpdate" : "20141023T092820Z"
  }, {
    "type" : "place",
    "startTime" : "20141023T090117+0200",
    "endTime" : "20141023T125931+0200",
    "place" : {
      "id" : 249718361,
      "name" : "Consetto",
      "type" : "work",
      "location" : {
        "lat" : 49.8712952279,
        "lon" : 8.6249912643
      }
    },
    "activities" : [ {
      "activity" : "walking",
      "group" : "walking",
      "manual" : false,
      "startTime" : "20141023T090117+0200",
      "endTime" : "20141023T090138+0200",
      "duration" : 21.0,
      "distance" : 14.0,
      "steps" : 29,
      "trackPoints" : [ ]
    }, {
      "activity" : "walking",
      "group" : "walking",
      "manual" : false,
      "startTime" : "20141023T125910+0200",
      "endTime" : "20141023T125923+0200",
      "duration" : 13.0,
      "distance" : 8.0,
      "steps" : 17,
      "trackPoints" : [ ]
    } ],
    "lastUpdate" : "20141023T120914Z"
  }, {
    "type" : "move",
    "startTime" : "20141023T125931+0200",
    "endTime" : "20141023T133246+0200",
    "activities" : [ {
      "activity" : "walking",
      "group" : "walking",
      "manual" : false,
      "startTime" : "20141023T125931+0200",
      "endTime" : "20141023T130757+0200",
      "duration" : 506.0,
      "distance" : 546.0,
      "steps" : 859,
      "trackPoints" : [ {
        "lat" : 49.8712952279,
        "lon" : 8.6249912643,
        "time" : "20141023T125931+0200"
      }, {
        "lat" : 49.8713107712,
        "lon" : 8.625151055,
        "time" : "20141023T125953+0200"
      }, {
        "lat" : 49.8713084916,
        "lon" : 8.6251528358,
        "time" : "20141023T125959+0200"
      }, {
        "lat" : 49.8713084882,
        "lon" : 8.6251528385,
        "time" : "20141023T130000+0200"
      }, {
        "lat" : 49.8713046265,
        "lon" : 8.6251558553,
        "time" : "20141023T130011+0200"
      }, {
        "lat" : 49.8712929998,
        "lon" : 8.6251665394,
        "time" : "20141023T130031+0200"
      }, {
        "lat" : 49.8712581836,
        "lon" : 8.6252227357,
        "time" : "20141023T130052+0200"
      }, {
        "lat" : 49.8711692145,
        "lon" : 8.6255696395,
        "time" : "20141023T130115+0200"
      }, {
        "lat" : 49.8711453016,
        "lon" : 8.6259410959,
        "time" : "20141023T130135+0200"
      }, {
        "lat" : 49.8712756033,
        "lon" : 8.626617612,
        "time" : "20141023T130206+0200"
      }, {
        "lat" : 49.8716616329,
        "lon" : 8.6268104727,
        "time" : "20141023T130245+0200"
      }, {
        "lat" : 49.871818787,
        "lon" : 8.626806172,
        "time" : "20141023T130301+0200"
      }, {
        "lat" : 49.8719188093,
        "lon" : 8.6268006664,
        "time" : "20141023T130320+0200"
      }, {
        "lat" : 49.871933824,
        "lon" : 8.6270385619,
        "time" : "20141023T130341+0200"
      }, {
        "lat" : 49.8719502132,
        "lon" : 8.6272422156,
        "time" : "20141023T130401+0200"
      }, {
        "lat" : 49.8720478306,
        "lon" : 8.6280483384,
        "time" : "20141023T130441+0200"
      }, {
        "lat" : 49.8720961496,
        "lon" : 8.6284963062,
        "time" : "20141023T130503+0200"
      }, {
        "lat" : 49.8721095528,
        "lon" : 8.6288474412,
        "time" : "20141023T130525+0200"
      }, {
        "lat" : 49.8720037141,
        "lon" : 8.6292235066,
        "time" : "20141023T130555+0200"
      }, {
        "lat" : 49.8714804,
        "lon" : 8.6304646151,
        "time" : "20141023T130757+0200"
      } ]
    }, {
      "activity" : "transport",
      "group" : "transport",
      "manual" : false,
      "startTime" : "20141023T130757+0200",
      "endTime" : "20141023T132034+0200",
      "duration" : 757.0,
      "distance" : 3308.0,
      "trackPoints" : [ {
        "lat" : 49.8714804,
        "lon" : 8.6304646151,
        "time" : "20141023T130757+0200"
      }, {
        "lat" : 49.8705167261,
        "lon" : 8.6327092008,
        "time" : "20141023T130921+0200"
      }, {
        "lat" : 49.8703896869,
        "lon" : 8.6328922641,
        "time" : "20141023T130941+0200"
      }, {
        "lat" : 49.8703237889,
        "lon" : 8.6329011663,
        "time" : "20141023T131001+0200"
      }, {
        "lat" : 49.8701753837,
        "lon" : 8.6326796543,
        "time" : "20141023T131031+0200"
      }, {
        "lat" : 49.8700981659,
        "lon" : 8.6325333884,
        "time" : "20141023T131051+0200"
      }, {
        "lat" : 49.870064799,
        "lon" : 8.632462798,
        "time" : "20141023T131115+0200"
      }, {
        "lat" : 49.8700299993,
        "lon" : 8.6323920209,
        "time" : "20141023T131131+0200"
      }, {
        "lat" : 49.8698583326,
        "lon" : 8.6320450797,
        "time" : "20141023T131151+0200"
      }, {
        "lat" : 49.8688264928,
        "lon" : 8.6299071793,
        "time" : "20141023T131211+0200"
      }, {
        "lat" : 49.8686979724,
        "lon" : 8.6296688457,
        "time" : "20141023T131231+0200"
      }, {
        "lat" : 49.8621644221,
        "lon" : 8.6258144702,
        "time" : "20141023T131452+0200"
      }, {
        "lat" : 49.8620178739,
        "lon" : 8.6244573142,
        "time" : "20141023T131510+0200"
      }, {
        "lat" : 49.8621950452,
        "lon" : 8.6238905448,
        "time" : "20141023T131526+0200"
      }, {
        "lat" : 49.8625547687,
        "lon" : 8.623150692,
        "time" : "20141023T131604+0200"
      }, {
        "lat" : 49.8625608125,
        "lon" : 8.6231341716,
        "time" : "20141023T131624+0200"
      }, {
        "lat" : 49.8625492701,
        "lon" : 8.6231582084,
        "time" : "20141023T131644+0200"
      }, {
        "lat" : 49.8625521179,
        "lon" : 8.6231511407,
        "time" : "20141023T131704+0200"
      }, {
        "lat" : 49.8624309973,
        "lon" : 8.6237250969,
        "time" : "20141023T131735+0200"
      }, {
        "lat" : 49.8671174466,
        "lon" : 8.6274269183,
        "time" : "20141023T131859+0200"
      }, {
        "lat" : 49.8673094281,
        "lon" : 8.6291159336,
        "time" : "20141023T131914+0200"
      }, {
        "lat" : 49.8663164015,
        "lon" : 8.6264385434,
        "time" : "20141023T131942+0200"
      }, {
        "lat" : 49.8694427489,
        "lon" : 8.6292202028,
        "time" : "20141023T132015+0200"
      }, {
        "lat" : 49.8696572371,
        "lon" : 8.6300225935,
        "time" : "20141023T132034+0200"
      } ]
    }, {
      "activity" : "running",
      "group" : "running",
      "manual" : false,
      "startTime" : "20141023T132034+0200",
      "endTime" : "20141023T132233+0200",
      "duration" : 119.0,
      "distance" : 304.0,
      "steps" : 203,
      "trackPoints" : [ {
        "lat" : 49.8696572371,
        "lon" : 8.6300225935,
        "time" : "20141023T132034+0200"
      }, {
        "lat" : 49.8701405556,
        "lon" : 8.6320299049,
        "time" : "20141023T132103+0200"
      }, {
        "lat" : 49.8702109873,
        "lon" : 8.6323543681,
        "time" : "20141023T132123+0200"
      }, {
        "lat" : 49.8703808684,
        "lon" : 8.6333922125,
        "time" : "20141023T132153+0200"
      }, {
        "lat" : 49.8704219592,
        "lon" : 8.6336368976,
        "time" : "20141023T132212+0200"
      }, {
        "lat" : 49.8704891397,
        "lon" : 8.6340190749,
        "time" : "20141023T132233+0200"
      } ]
    }, {
      "activity" : "transport",
      "group" : "transport",
      "manual" : false,
      "startTime" : "20141023T132233+0200",
      "endTime" : "20141023T132936+0200",
      "duration" : 423.0,
      "distance" : 2053.0,
      "trackPoints" : [ {
        "lat" : 49.8704891397,
        "lon" : 8.6340190749,
        "time" : "20141023T132233+0200"
      }, {
        "lat" : 49.8705301253,
        "lon" : 8.6342804557,
        "time" : "20141023T132253+0200"
      }, {
        "lat" : 49.8716671019,
        "lon" : 8.6427135428,
        "time" : "20141023T132434+0200"
      }, {
        "lat" : 49.8717336542,
        "lon" : 8.6430264296,
        "time" : "20141023T132454+0200"
      }, {
        "lat" : 49.8717584134,
        "lon" : 8.643116808,
        "time" : "20141023T132515+0200"
      }, {
        "lat" : 49.8718898914,
        "lon" : 8.6439029378,
        "time" : "20141023T132534+0200"
      }, {
        "lat" : 49.871972259,
        "lon" : 8.6446475939,
        "time" : "20141023T132555+0200"
      }, {
        "lat" : 49.8717053368,
        "lon" : 8.6430336133,
        "time" : "20141023T132617+0200"
      }, {
        "lat" : 49.8718450141,
        "lon" : 8.6442720308,
        "time" : "20141023T132648+0200"
      }, {
        "lat" : 49.8721755199,
        "lon" : 8.6469714295,
        "time" : "20141023T132718+0200"
      }, {
        "lat" : 49.8723387707,
        "lon" : 8.6476653919,
        "time" : "20141023T132738+0200"
      }, {
        "lat" : 49.8730733611,
        "lon" : 8.6502713153,
        "time" : "20141023T132800+0200"
      }, {
        "lat" : 49.8759075404,
        "lon" : 8.6507211156,
        "time" : "20141023T132905+0200"
      }, {
        "lat" : 49.8764034377,
        "lon" : 8.6505201966,
        "time" : "20141023T132936+0200"
      } ]
    }, {
      "activity" : "walking",
      "group" : "walking",
      "manual" : false,
      "startTime" : "20141023T132936+0200",
      "endTime" : "20141023T133247+0200",
      "duration" : 191.0,
      "distance" : 405.0,
      "steps" : 354,
      "trackPoints" : [ {
        "lat" : 49.8764034377,
        "lon" : 8.6505201966,
        "time" : "20141023T132936+0200"
      }, {
        "lat" : 49.8764377671,
        "lon" : 8.6504011894,
        "time" : "20141023T133007+0200"
      }, {
        "lat" : 49.8763664089,
        "lon" : 8.6504433979,
        "time" : "20141023T133027+0200"
      }, {
        "lat" : 49.8763323294,
        "lon" : 8.6505423137,
        "time" : "20141023T133048+0200"
      }, {
        "lat" : 49.8763702644,
        "lon" : 8.6508446975,
        "time" : "20141023T133109+0200"
      }, {
        "lat" : 49.8768052137,
        "lon" : 8.6530352759,
        "time" : "20141023T133150+0200"
      }, {
        "lat" : 49.8769480754,
        "lon" : 8.6536800248,
        "time" : "20141023T133210+0200"
      }, {
        "lat" : 49.877662904,
        "lon" : 8.654577692,
        "time" : "20141023T133246+0200"
      } ]
    } ],
    "lastUpdate" : "20141023T120914Z"
  }, {
    "type" : "place",
    "startTime" : "20141023T133246+0200",
    "endTime" : "20141023T140415+0200",
    "place" : {
      "id" : 223098012,
      "type" : "unknown",
      "location" : {
        "lat" : 49.877662904,
        "lon" : 8.654577692
      }
    },
    "activities" : [ {
      "activity" : "walking",
      "group" : "walking",
      "manual" : false,
      "startTime" : "20141023T133252+0200",
      "endTime" : "20141023T133439+0200",
      "duration" : 107.0,
      "distance" : 85.0,
      "steps" : 170,
      "trackPoints" : [ ]
    }, {
      "activity" : "walking",
      "group" : "walking",
      "manual" : false,
      "startTime" : "20141023T140321+0200",
      "endTime" : "20141023T140328+0200",
      "duration" : 7.0,
      "distance" : 5.0,
      "steps" : 9,
      "trackPoints" : [ ]
    } ],
    "lastUpdate" : "20141023T181212Z"
  }, {
    "type" : "move",
    "startTime" : "20141023T140415+0200",
    "endTime" : "20141023T140752+0200",
    "activities" : [ {
      "activity" : "walking",
      "group" : "walking",
      "manual" : false,
      "startTime" : "20141023T140415+0200",
      "endTime" : "20141023T140751+0200",
      "duration" : 216.0,
      "distance" : 309.0,
      "steps" : 344,
      "trackPoints" : [ {
        "lat" : 49.877662904,
        "lon" : 8.654577692,
        "time" : "20141023T140415+0200"
      }, {
        "lat" : 49.8774842715,
        "lon" : 8.6550402784,
        "time" : "20141023T140435+0200"
      }, {
        "lat" : 49.8772182624,
        "lon" : 8.6552204781,
        "time" : "20141023T140507+0200"
      }, {
        "lat" : 49.8770837737,
        "lon" : 8.6553506898,
        "time" : "20141023T140528+0200"
      }, {
        "lat" : 49.8770905396,
        "lon" : 8.6555662889,
        "time" : "20141023T140550+0200"
      }, {
        "lat" : 49.8771654203,
        "lon" : 8.6558196323,
        "time" : "20141023T140613+0200"
      }, {
        "lat" : 49.8771994894,
        "lon" : 8.6559184451,
        "time" : "20141023T140633+0200"
      }, {
        "lat" : 49.8772333193,
        "lon" : 8.6560431806,
        "time" : "20141023T140655+0200"
      }, {
        "lat" : 49.8774137408,
        "lon" : 8.6569620847,
        "time" : "20141023T140724+0200"
      }, {
        "lat" : 49.8776087749,
        "lon" : 8.6582282669,
        "time" : "20141023T140752+0200"
      } ]
    } ],
    "lastUpdate" : "20141023T181212Z"
  }, {
    "type" : "place",
    "startTime" : "20141023T140752+0200",
    "endTime" : "20141023T142040+0200",
    "place" : {
      "id" : 271227991,
      "type" : "unknown",
      "location" : {
        "lat" : 49.8776087749,
        "lon" : 8.6582282669
      }
    },
    "activities" : [ {
      "activity" : "walking",
      "group" : "walking",
      "manual" : false,
      "startTime" : "20141023T140752+0200",
      "endTime" : "20141023T140759+0200",
      "duration" : 7.0,
      "distance" : 5.0,
      "steps" : 9,
      "trackPoints" : [ ]
    } ],
    "lastUpdate" : "20141023T181212Z"
  }, {
    "type" : "move",
    "startTime" : "20141023T142040+0200",
    "endTime" : "20141023T143020+0200",
    "activities" : [ {
      "activity" : "walking",
      "group" : "walking",
      "manual" : false,
      "startTime" : "20141023T142040+0200",
      "endTime" : "20141023T143019+0200",
      "duration" : 579.0,
      "distance" : 1048.0,
      "steps" : 873,
      "trackPoints" : [ {
        "lat" : 49.8776087749,
        "lon" : 8.6582282669,
        "time" : "20141023T142040+0200"
      }, {
        "lat" : 49.8776129066,
        "lon" : 8.6582801362,
        "time" : "20141023T142101+0200"
      }, {
        "lat" : 49.877634588,
        "lon" : 8.6585960118,
        "time" : "20141023T142132+0200"
      }, {
        "lat" : 49.8776077362,
        "lon" : 8.6587317014,
        "time" : "20141023T142152+0200"
      }, {
        "lat" : 49.8776227999,
        "lon" : 8.6588393415,
        "time" : "20141023T142212+0200"
      }, {
        "lat" : 49.8776607608,
        "lon" : 8.6589808593,
        "time" : "20141023T142230+0200"
      }, {
        "lat" : 49.8777043032,
        "lon" : 8.6591425306,
        "time" : "20141023T142250+0200"
      }, {
        "lat" : 49.8778675663,
        "lon" : 8.6598113649,
        "time" : "20141023T142318+0200"
      }, {
        "lat" : 49.8779825607,
        "lon" : 8.6602702677,
        "time" : "20141023T142338+0200"
      }, {
        "lat" : 49.8781982854,
        "lon" : 8.6610736272,
        "time" : "20141023T142401+0200"
      }, {
        "lat" : 49.8784676547,
        "lon" : 8.6618763102,
        "time" : "20141023T142421+0200"
      }, {
        "lat" : 49.8788819676,
        "lon" : 8.6626270518,
        "time" : "20141023T142438+0200"
      }, {
        "lat" : 49.8791839913,
        "lon" : 8.6631122894,
        "time" : "20141023T142458+0200"
      }, {
        "lat" : 49.8792713119,
        "lon" : 8.6632258292,
        "time" : "20141023T142514+0200"
      }, {
        "lat" : 49.8793718542,
        "lon" : 8.6633750537,
        "time" : "20141023T142533+0200"
      }, {
        "lat" : 49.8794504222,
        "lon" : 8.6634734096,
        "time" : "20141023T142554+0200"
      }, {
        "lat" : 49.8796199407,
        "lon" : 8.6636419533,
        "time" : "20141023T142613+0200"
      }, {
        "lat" : 49.8813546457,
        "lon" : 8.6651780554,
        "time" : "20141023T142631+0200"
      }, {
        "lat" : 49.882100585,
        "lon" : 8.6659097667,
        "time" : "20141023T142646+0200"
      }, {
        "lat" : 49.8826363314,
        "lon" : 8.6695862079,
        "time" : "20141023T142727+0200"
      }, {
        "lat" : 49.8826720947,
        "lon" : 8.6695219345,
        "time" : "20141023T142747+0200"
      }, {
        "lat" : 49.8826150266,
        "lon" : 8.6693951372,
        "time" : "20141023T142808+0200"
      }, {
        "lat" : 49.8825467003,
        "lon" : 8.6693371575,
        "time" : "20141023T142827+0200"
      }, {
        "lat" : 49.8824710666,
        "lon" : 8.6694097818,
        "time" : "20141023T142847+0200"
      }, {
        "lat" : 49.88240482,
        "lon" : 8.6695806996,
        "time" : "20141023T142908+0200"
      }, {
        "lat" : 49.8822399154,
        "lon" : 8.6699740125,
        "time" : "20141023T142941+0200"
      }, {
        "lat" : 49.8821397178,
        "lon" : 8.6701377627,
        "time" : "20141023T143002+0200"
      }, {
        "lat" : 49.8819996044,
        "lon" : 8.6702592175,
        "time" : "20141023T143020+0200"
      } ]
    } ],
    "lastUpdate" : "20141023T181212Z"
  }, {
    "type" : "place",
    "startTime" : "20141023T143020+0200",
    "endTime" : "20141024T083338+0200",
    "place" : {
      "id" : 251291724,
      "name" : "Home",
      "type" : "home",
      "location" : {
        "lat" : 49.8819996044,
        "lon" : 8.6702592175
      }
    },
    "activities" : [ {
      "activity" : "walking",
      "group" : "walking",
      "manual" : false,
      "startTime" : "20141023T143020+0200",
      "endTime" : "20141023T143054+0200",
      "duration" : 34.0,
      "distance" : 24.0,
      "steps" : 48,
      "trackPoints" : [ ]
    }, {
      "activity" : "walking",
      "group" : "walking",
      "manual" : false,
      "startTime" : "20141023T181704+0200",
      "endTime" : "20141023T181706+0200",
      "duration" : 2.0,
      "distance" : 1.0,
      "steps" : 2,
      "trackPoints" : [ ]
    }, {
      "activity" : "walking",
      "group" : "walking",
      "manual" : false,
      "startTime" : "20141023T191510+0200",
      "endTime" : "20141023T191540+0200",
      "duration" : 30.0,
      "distance" : 15.0,
      "steps" : 30,
      "trackPoints" : [ ]
    }, {
      "activity" : "walking",
      "group" : "walking",
      "manual" : false,
      "startTime" : "20141023T205649+0200",
      "endTime" : "20141023T205651+0200",
      "duration" : 2.0,
      "distance" : 1.0,
      "steps" : 2,
      "trackPoints" : [ ]
    }, {
      "activity" : "walking",
      "group" : "walking",
      "manual" : false,
      "startTime" : "20141023T214842+0200",
      "endTime" : "20141023T214844+0200",
      "duration" : 2.0,
      "distance" : 2.0,
      "steps" : 3,
      "trackPoints" : [ ]
    }, {
      "activity" : "walking",
      "group" : "walking",
      "manual" : false,
      "startTime" : "20141023T221617+0200",
      "endTime" : "20141023T221709+0200",
      "duration" : 52.0,
      "distance" : 30.0,
      "steps" : 59,
      "trackPoints" : [ ]
    }, {
      "activity" : "walking",
      "group" : "walking",
      "manual" : false,
      "startTime" : "20141023T230026+0200",
      "endTime" : "20141023T230047+0200",
      "duration" : 21.0,
      "distance" : 11.0,
      "steps" : 22,
      "trackPoints" : [ ]
    } ],
    "lastUpdate" : "20141024T074211Z"
  } ],
  "lastUpdate" : "20141024T074211Z"
} ]