[ {
  "date" : "20140722",
  "summary" : [ {
    "activity" : "walking",
    "group" : "walking",
    "duration" : 2418.0,
    "distance" : 2224.0,
    "steps" : 3735
  }, {
    "activity" : "transport",
    "group" : "transport",
    "duration" : 1584.0,
    "distance" : 5068.0
  } ],
  "segments" : [ {
    "type" : "place",
    "startTime" : "20140721T215657+0200",
    "endTime" : "20140722T002534+0200",
    "place" : {
      "id" : 223509887,
      "type" : "unknown",
      "location" : {
        "lat" : 49.8829100725,
        "lon" : 8.6682008619
      }
    },
    "activities" : [ {
      "activity" : "walking",
      "group" : "walking",
      "manual" : false,
      "startTime" : "20140722T000905+0200",
      "endTime" : "20140722T001000+0200",
      "duration" : 55.0,
      "distance" : 38.0,
      "steps" : 75,
      "trackPoints" : [ ]
    } ],
    "lastUpdate" : "20140722T002339Z"
  }, {
    "type" : "move",
    "startTime" : "20140722T002534+0200",
    "endTime" : "20140722T002816+0200",
    "activities" : [ {
      "activity" : "walking",
      "group" : "walking",
      "manual" : false,
      "startTime" : "20140722T002534+0200",
      "endTime" : "20140722T002816+0200",
      "duration" : 162.0,
      "distance" : 209.0,
      "steps" : 285,
      "trackPoints" : [ {
        "lat" : 49.8829100725,
        "lon" : 8.6682008619,
        "time" : "20140722T002534+0200"
      }, {
        "lat" : 49.8828824741,
        "lon" : 8.6683758879,
        "time" : "20140722T002554+0200"
      }, {
        "lat" : 49.8828792279,
        "lon" : 8.6683871554,
        "time" : "20140722T002614+0200"
      }, {
        "lat" : 49.8823274129,
        "lon" : 8.6698656769,
        "time" : "20140722T002715+0200"
      }, {
        "lat" : 49.8822035181,
        "lon" : 8.6701390104,
        "time" : "20140722T002731+0200"
      }, {
        "lat" : 49.8821650818,
        "lon" : 8.67019941,
        "time" : "20140722T002751+0200"
      }, {
        "lat" : 49.8819681239,
        "lon" : 8.6703339401,
        "time" : "20140722T002816+0200"
      } ]
    } ],
    "lastUpdate" : "20140722T002339Z"
  }, {
    "type" : "place",
    "startTime" : "20140722T002816+0200",
    "endTime" : "20140722T102555+0200",
    "place" : {
      "id" : 222568631,
      "type" : "unknown",
      "location" : {
        "lat" : 49.8819681239,
        "lon" : 8.6703339401
      }
    },
    "activities" : [ {
      "activity" : "walking",
      "group" : "walking",
      "manual" : false,
      "startTime" : "20140722T002816+0200",
      "endTime" : "20140722T002850+0200",
      "duration" : 34.0,
      "distance" : 24.0,
      "steps" : 47,
      "trackPoints" : [ ]
    }, {
      "activity" : "walking",
      "group" : "walking",
      "manual" : false,
      "startTime" : "20140722T075952+0200",
      "endTime" : "20140722T080022+0200",
      "duration" : 30.0,
      "distance" : 15.0,
      "steps" : 30,
      "trackPoints" : [ ]
    }, {
      "activity" : "walking",
      "group" : "walking",
      "manual" : false,
      "startTime" : "20140722T101953+0200",
      "endTime" : "20140722T101955+0200",
      "duration" : 2.0,
      "distance" : 2.0,
      "steps" : 3,
      "trackPoints" : [ ]
    } ],
    "lastUpdate" : "20140722T103008Z"
  }, {
    "type" : "move",
    "startTime" : "20140722T102555+0200",
    "endTime" : "20140722T105703+0200",
    "activities" : [ {
      "activity" : "walking",
      "group" : "walking",
      "manual" : false,
      "startTime" : "20140722T102555+0200",
      "endTime" : "20140722T103157+0200",
      "duration" : 362.0,
      "distance" : 317.0,
      "steps" : 634,
      "trackPoints" : [ {
        "lat" : 49.8819681239,
        "lon" : 8.6703339401,
        "time" : "20140722T102555+0200"
      }, {
        "lat" : 49.8819583441,
        "lon" : 8.6701682771,
        "time" : "20140722T102637+0200"
      }, {
        "lat" : 49.8819548916,
        "lon" : 8.6702000958,
        "time" : "20140722T102652+0200"
      }, {
        "lat" : 49.8819564599,
        "lon" : 8.6701903468,
        "time" : "20140722T102713+0200"
      }, {
        "lat" : 49.881958312,
        "lon" : 8.6701736412,
        "time" : "20140722T102738+0200"
      }, {
        "lat" : 49.8819602585,
        "lon" : 8.6701569128,
        "time" : "20140722T102754+0200"
      }, {
        "lat" : 49.8819635641,
        "lon" : 8.6701300642,
        "time" : "20140722T102815+0200"
      }, {
        "lat" : 49.8824377716,
        "lon" : 8.6672338677,
        "time" : "20140722T103024+0200"
      }, {
        "lat" : 49.88245323,
        "lon" : 8.667182243,
        "time" : "20140722T103044+0200"
      }, {
        "lat" : 49.8824545918,
        "lon" : 8.6671776315,
        "time" : "20140722T103105+0200"
      }, {
        "lat" : 49.8824544887,
        "lon" : 8.6671770912,
        "time" : "20140722T103120+0200"
      }, {
        "lat" : 49.8824540557,
        "lon" : 8.6671764624,
        "time" : "20140722T103140+0200"
      }, {
        "lat" : 49.8824530322,
        "lon" : 8.6671751621,
        "time" : "20140722T103157+0200"
      } ]
    }, {
      "activity" : "transport",
      "group" : "transport",
      "manual" : false,
      "startTime" : "20140722T103157+0200",
      "endTime" : "20140722T104827+0200",
      "duration" : 990.0,
      "distance" : 2635.0,
      "trackPoints" : [ {
        "lat" : 49.8824530322,
        "lon" : 8.6671751621,
        "time" : "20140722T103157+0200"
      }, {
        "lat" : 49.882450503,
        "lon" : 8.6671719925,
        "time" : "20140722T103214+0200"
      }, {
        "lat" : 49.8824507237,
        "lon" : 8.6671722657,
        "time" : "20140722T103231+0200"
      }, {
        "lat" : 49.8824509728,
        "lon" : 8.6671725723,
        "time" : "20140722T103247+0200"
      }, {
        "lat" : 49.8824508406,
        "lon" : 8.6671723972,
        "time" : "20140722T103312+0200"
      }, {
        "lat" : 49.8824488172,
        "lon" : 8.6671698404,
        "time" : "20140722T103332+0200"
      }, {
        "lat" : 49.8824455715,
        "lon" : 8.6671657429,
        "time" : "20140722T103354+0200"
      }, {
        "lat" : 49.8824407131,
        "lon" : 8.6671596124,
        "time" : "20140722T103417+0200"
      }, {
        "lat" : 49.8824344279,
        "lon" : 8.6671516837,
        "time" : "20140722T103434+0200"
      }, {
        "lat" : 49.8824268879,
        "lon" : 8.6671421727,
        "time" : "20140722T103454+0200"
      }, {
        "lat" : 49.8824210403,
        "lon" : 8.6671347969,
        "time" : "20140722T103514+0200"
      }, {
        "lat" : 49.8824163703,
        "lon" : 8.6671289067,
        "time" : "20140722T103534+0200"
      }, {
        "lat" : 49.8824132133,
        "lon" : 8.6671249249,
        "time" : "20140722T103557+0200"
      }, {
        "lat" : 49.8824115535,
        "lon" : 8.6671228314,
        "time" : "20140722T103617+0200"
      }, {
        "lat" : 49.8824106146,
        "lon" : 8.6671216472,
        "time" : "20140722T103637+0200"
      }, {
        "lat" : 49.8824102839,
        "lon" : 8.6671212301,
        "time" : "20140722T103657+0200"
      }, {
        "lat" : 49.8796286395,
        "lon" : 8.6636193941,
        "time" : "20140722T103818+0200"
      }, {
        "lat" : 49.8796255459,
        "lon" : 8.6636169877,
        "time" : "20140722T103838+0200"
      }, {
        "lat" : 49.8796233175,
        "lon" : 8.6636153093,
        "time" : "20140722T103858+0200"
      }, {
        "lat" : 49.876155431,
        "lon" : 8.6610425694,
        "time" : "20140722T104130+0200"
      }, {
        "lat" : 49.8759869495,
        "lon" : 8.6608945488,
        "time" : "20140722T104151+0200"
      }, {
        "lat" : 49.8759617094,
        "lon" : 8.6608741923,
        "time" : "20140722T104211+0200"
      }, {
        "lat" : 49.8731475527,
        "lon" : 8.6562785514,
        "time" : "20140722T104243+0200"
      }, {
        "lat" : 49.8730638336,
        "lon" : 8.6556579543,
        "time" : "20140722T104302+0200"
      }, {
        "lat" : 49.8730646863,
        "lon" : 8.6556050673,
        "time" : "20140722T104328+0200"
      }, {
        "lat" : 49.8730642503,
        "lon" : 8.6555759689,
        "time" : "20140722T104345+0200"
      }, {
        "lat" : 49.8730637827,
        "lon" : 8.6555554612,
        "time" : "20140722T104405+0200"
      }, {
        "lat" : 49.8727463217,
        "lon" : 8.6508376112,
        "time" : "20140722T104613+0200"
      }, {
        "lat" : 49.8727004523,
        "lon" : 8.6498409758,
        "time" : "20140722T104632+0200"
      }, {
        "lat" : 49.8717105871,
        "lon" : 8.6425739851,
        "time" : "20140722T104827+0200"
      } ]
    }, {
      "activity" : "walking",
      "group" : "walking",
      "manual" : false,
      "startTime" : "20140722T104827+0200",
      "endTime" : "20140722T105703+0200",
      "duration" : 516.0,
      "distance" : 485.0,
      "steps" : 854,
      "trackPoints" : [ {
        "lat" : 49.8717105871,
        "lon" : 8.6425739851,
        "time" : "20140722T104827+0200"
      }, {
        "lat" : 49.8716265895,
        "lon" : 8.6419516764,
        "time" : "20140722T104932+0200"
      }, {
        "lat" : 49.8713024384,
        "lon" : 8.6390212139,
        "time" : "20140722T105241+0200"
      }, {
        "lat" : 49.8712370722,
        "lon" : 8.6386929353,
        "time" : "20140722T105256+0200"
      }, {
        "lat" : 49.8707986622,
        "lon" : 8.6368304911,
        "time" : "20140722T105703+0200"
      } ]
    } ],
    "lastUpdate" : "20140722T103008Z"
  }, {
    "type" : "place",
    "startTime" : "20140722T105704+0200",
    "endTime" : "20140722T110204+0200",
    "place" : {
      "id" : 233776121,
      "type" : "unknown",
      "location" : {
        "lat" : 49.8707986622,
        "lon" : 8.6368304911
      }
    },
    "activities" : [ {
      "activity" : "walking",
      "group" : "walking",
      "manual" : false,
      "startTime" : "20140722T105855+0200",
      "endTime" : "20140722T105921+0200",
      "duration" : 26.0,
      "distance" : 20.0,
      "steps" : 41,
      "trackPoints" : [ ]
    }, {
      "activity" : "walking",
      "group" : "walking",
      "manual" : false,
      "startTime" : "20140722T110010+0200",
      "endTime" : "20140722T110027+0200",
      "duration" : 17.0,
      "distance" : 12.0,
      "steps" : 23,
      "trackPoints" : [ ]
    } ],
    "lastUpdate" : "20140722T103008Z"
  }, {
    "type" : "move",
    "startTime" : "20140722T110204+0200",
    "endTime" : "20140722T112955+0200",
    "activities" : [ {
      "activity" : "walking",
      "group" : "walking",
      "manual" : false,
      "startTime" : "20140722T110204+0200",
      "endTime" : "20140722T111427+0200",
      "duration" : 743.0,
      "distance" : 640.0,
      "steps" : 1076,
      "trackPoints" : [ {
        "lat" : 49.8707986622,
        "lon" : 8.6368304911,
        "time" : "20140722T110204+0200"
      }, {
        "lat" : 49.8708045906,
        "lon" : 8.6366957144,
        "time" : "20140722T110647+0200"
      }, {
        "lat" : 49.8707395991,
        "lon" : 8.6367739449,
        "time" : "20140722T110708+0200"
      }, {
        "lat" : 49.8709815556,
        "lon" : 8.6396692094,
        "time" : "20140722T111027+0200"
      }, {
        "lat" : 49.8715055551,
        "lon" : 8.6437990642,
        "time" : "20140722T111354+0200"
      }, {
        "lat" : 49.8715977417,
        "lon" : 8.6440510784,
        "time" : "20140722T111411+0200"
      }, {
        "lat" : 49.8716420497,
        "lon" : 8.6441735827,
        "time" : "20140722T111427+0200"
      } ]
    }, {
      "activity" : "transport",
      "group" : "transport",
      "manual" : false,
      "startTime" : "20140722T111427+0200",
      "endTime" : "20140722T112421+0200",
      "duration" : 594.0,
      "distance" : 2433.0,
      "trackPoints" : [ {
        "lat" : 49.8716420497,
        "lon" : 8.6441735827,
        "time" : "20140722T111427+0200"
      }, {
        "lat" : 49.873011023,
        "lon" : 8.6536853147,
        "time" : "20140722T111736+0200"
      }, {
        "lat" : 49.8727760579,
        "lon" : 8.6547100039,
        "time" : "20140722T111753+0200"
      }, {
        "lat" : 49.8756260423,
        "lon" : 8.6599733974,
        "time" : "20140722T112015+0200"
      }, {
        "lat" : 49.8757047492,
        "lon" : 8.6600967768,
        "time" : "20140722T112035+0200"
      }, {
        "lat" : 49.875730608,
        "lon" : 8.6601322967,
        "time" : "20140722T112053+0200"
      }, {
        "lat" : 49.8757366083,
        "lon" : 8.6601390003,
        "time" : "20140722T112113+0200"
      }, {
        "lat" : 49.8757433223,
        "lon" : 8.6601441298,
        "time" : "20140722T112133+0200"
      }, {
        "lat" : 49.8782041313,
        "lon" : 8.6615328748,
        "time" : "20140722T112231+0200"
      }, {
        "lat" : 49.8818112847,
        "lon" : 8.6656486599,
        "time" : "20140722T112400+0200"
      }, {
        "lat" : 49.8822963925,
        "lon" : 8.6660044831,
        "time" : "20140722T112420+0200"
      } ]
    }, {
      "activity" : "walking",
      "group" : "walking",
      "manual" : false,
      "startTime" : "20140722T112420+0200",
      "endTime" : "20140722T112954+0200",
      "duration" : 334.0,
      "distance" : 390.0,
      "steps" : 538,
      "trackPoints" : [ {
        "lat" : 49.8822963925,
        "lon" : 8.6660044831,
        "time" : "20140722T112420+0200"
      }, {
        "lat" : 49.8829305218,
        "lon" : 8.6681579162,
        "time" : "20140722T112655+0200"
      }, {
        "lat" : 49.8829615431,
        "lon" : 8.6682767993,
        "time" : "20140722T112715+0200"
      }, {
        "lat" : 49.8829650107,
        "lon" : 8.6683254679,
        "time" : "20140722T112734+0200"
      }, {
        "lat" : 49.8829393429,
        "lon" : 8.6683959977,
        "time" : "20140722T112754+0200"
      }, {
        "lat" : 49.8828044263,
        "lon" : 8.668687633,
        "time" : "20140722T112818+0200"
      }, {
        "lat" : 49.8823235453,
        "lon" : 8.6697100498,
        "time" : "20140722T112838+0200"
      }, {
        "lat" : 49.8821207032,
        "lon" : 8.6701054261,
        "time" : "20140722T112855+0200"
      }, {
        "lat" : 49.8820575732,
        "lon" : 8.6701966215,
        "time" : "20140722T112915+0200"
      }, {
        "lat" : 49.8820271102,
        "lon" : 8.6702084375,
        "time" : "20140722T112935+0200"
      }, {
        "lat" : 49.8819681239,
        "lon" : 8.6703339401,
        "time" : "20140722T112955+0200"
      } ]
    } ],
    "lastUpdate" : "20140722T103008Z"
  }, {
    "type" : "place",
    "startTime" : "20140722T112955+0200",
    "endTime" : "20140723T154632+0200",
    "place" : {
      "id" : 222568631,
      "type" : "unknown",
      "location" : {
        "lat" : 49.8819681239,
        "lon" : 8.6703339401
      }
    },
    "activities" : [ {
      "activity" : "walking",
      "group" : "walking",
      "manual" : false,
      "startTime" : "20140722T135044+0200",
      "endTime" : "20140722T135056+0200",
      "duration" : 12.0,
      "distance" : 8.0,
      "steps" : 16,
      "trackPoints" : [ ]
    }, {
      "activity" : "walking",
      "group" : "walking",
      "manual" : false,
      "startTime" : "20140722T143043+0200",
      "endTime" : "20140722T143113+0200",
      "duration" : 30.0,
      "distance" : 15.0,
      "steps" : 20,
      "trackPoints" : [ ]
    }, {
      "activity" : "walking",
      "group" : "walking",
      "manual" : false,
      "startTime" : "20140722T163405+0200",
      "endTime" : "20140722T163505+0200",
      "duration" : 60.0,
      "distance" : 30.0,
      "steps" : 56,
      "trackPoints" : [ ]
    }, {
      "activity" : "walking",
      "group" : "walking",
      "manual" : false,
      "startTime" : "20140722T213629+0200",
      "endTime" : "20140722T213659+0200",
      "duration" : 30.0,
      "distance" : 15.0,
      "steps" : 30,
      "trackPoints" : [ ]
    }, {
      "activity" : "walking",
      "group" : "walking",
      "manual" : false,
      "startTime" : "20140722T221721+0200",
      "endTime" : "20140722T221726+0200",
      "duration" : 5.0,
      "distance" : 4.0,
      "steps" : 7,
      "trackPoints" : [ ]
    } ],
    "lastUpdate" : "20140723T164239Z"
  } ],
  "lastUpdate" : "20140723T164239Z"
} ]