[ {
  "date" : "20140812",
  "summary" : [ {
    "activity" : "walking",
    "group" : "walking",
    "duration" : 4587.0,
    "distance" : 5708.0,
    "steps" : 7986
  }, {
    "activity" : "transport",
    "group" : "transport",
    "duration" : 1631.0,
    "distance" : 7537.0
  } ],
  "segments" : [ {
    "type" : "place",
    "startTime" : "20140811T195932+0200",
    "endTime" : "20140812T084859+0200",
    "place" : {
      "id" : 222568631,
      "type" : "unknown",
      "location" : {
        "lat" : 49.8819681239,
        "lon" : 8.6703339401
      }
    },
    "activities" : [ {
      "activity" : "walking",
      "group" : "walking",
      "manual" : false,
      "startTime" : "20140812T015815+0200",
      "endTime" : "20140812T015845+0200",
      "duration" : 30.0,
      "distance" : 15.0,
      "steps" : 30,
      "trackPoints" : [ ]
    }, {
      "activity" : "walking",
      "group" : "walking",
      "manual" : false,
      "startTime" : "20140812T084030+0200",
      "endTime" : "20140812T084046+0200",
      "duration" : 16.0,
      "distance" : 11.0,
      "steps" : 21,
      "trackPoints" : [ ]
    } ],
    "lastUpdate" : "20140812T072119Z"
  }, {
    "type" : "move",
    "startTime" : "20140812T084859+0200",
    "endTime" : "20140812T085354+0200",
    "activities" : [ {
      "activity" : "walking",
      "group" : "walking",
      "manual" : false,
      "startTime" : "20140812T084859+0200",
      "endTime" : "20140812T085354+0200",
      "duration" : 295.0,
      "distance" : 366.0,
      "steps" : 535,
      "trackPoints" : [ {
        "lat" : 49.8819681239,
        "lon" : 8.6703339401,
        "time" : "20140812T084859+0200"
      }, {
        "lat" : 49.8821019098,
        "lon" : 8.6701364665,
        "time" : "20140812T084931+0200"
      }, {
        "lat" : 49.8821024181,
        "lon" : 8.6701399102,
        "time" : "20140812T084952+0200"
      }, {
        "lat" : 49.8822249567,
        "lon" : 8.6699517812,
        "time" : "20140812T085026+0200"
      }, {
        "lat" : 49.8823778882,
        "lon" : 8.6693779611,
        "time" : "20140812T085051+0200"
      }, {
        "lat" : 49.8824670613,
        "lon" : 8.669030876,
        "time" : "20140812T085107+0200"
      }, {
        "lat" : 49.8825594259,
        "lon" : 8.668626676,
        "time" : "20140812T085131+0200"
      }, {
        "lat" : 49.8825748491,
        "lon" : 8.6685449783,
        "time" : "20140812T085151+0200"
      }, {
        "lat" : 49.8825719159,
        "lon" : 8.6685438869,
        "time" : "20140812T085211+0200"
      }, {
        "lat" : 49.8825660878,
        "lon" : 8.6685477659,
        "time" : "20140812T085231+0200"
      }, {
        "lat" : 49.8825581655,
        "lon" : 8.6684695487,
        "time" : "20140812T085255+0200"
      }, {
        "lat" : 49.8822491921,
        "lon" : 8.6660203318,
        "time" : "20140812T085354+0200"
      } ]
    } ],
    "lastUpdate" : "20140812T072119Z"
  }, {
    "type" : "place",
    "startTime" : "20140812T085355+0200",
    "endTime" : "20140812T091217+0200",
    "place" : {
      "id" : 224354608,
      "type" : "unknown",
      "location" : {
        "lat" : 49.8822491921,
        "lon" : 8.6660203318
      }
    },
    "activities" : [ {
      "activity" : "walking",
      "group" : "walking",
      "manual" : false,
      "startTime" : "20140812T085355+0200",
      "endTime" : "20140812T085415+0200",
      "duration" : 20.0,
      "distance" : 13.0,
      "steps" : 27,
      "trackPoints" : [ ]
    }, {
      "activity" : "walking",
      "group" : "walking",
      "manual" : false,
      "startTime" : "20140812T090017+0200",
      "endTime" : "20140812T090036+0200",
      "duration" : 19.0,
      "distance" : 10.0,
      "steps" : 17,
      "trackPoints" : [ ]
    } ],
    "lastUpdate" : "20140812T103903Z"
  }, {
    "type" : "move",
    "startTime" : "20140812T091217+0200",
    "endTime" : "20140812T093317+0200",
    "activities" : [ {
      "activity" : "transport",
      "group" : "transport",
      "manual" : false,
      "startTime" : "20140812T091217+0200",
      "endTime" : "20140812T092636+0200",
      "duration" : 859.0,
      "distance" : 3586.0,
      "trackPoints" : [ {
        "lat" : 49.8822491921,
        "lon" : 8.6660203318,
        "time" : "20140812T091217+0200"
      }, {
        "lat" : 49.881166786,
        "lon" : 8.6652219263,
        "time" : "20140812T091246+0200"
      }, {
        "lat" : 49.881121453,
        "lon" : 8.6651941529,
        "time" : "20140812T091306+0200"
      }, {
        "lat" : 49.8811139637,
        "lon" : 8.6651887239,
        "time" : "20140812T091326+0200"
      }, {
        "lat" : 49.8811135938,
        "lon" : 8.6651884946,
        "time" : "20140812T091346+0200"
      }, {
        "lat" : 49.8759296717,
        "lon" : 8.6612432629,
        "time" : "20140812T091516+0200"
      }, {
        "lat" : 49.8756615228,
        "lon" : 8.6604205494,
        "time" : "20140812T091537+0200"
      }, {
        "lat" : 49.875668495,
        "lon" : 8.6603324632,
        "time" : "20140812T091558+0200"
      }, {
        "lat" : 49.8756736358,
        "lon" : 8.660257723,
        "time" : "20140812T091621+0200"
      }, {
        "lat" : 49.8756778206,
        "lon" : 8.6601898636,
        "time" : "20140812T091652+0200"
      }, {
        "lat" : 49.8756799254,
        "lon" : 8.6601593157,
        "time" : "20140812T091707+0200"
      }, {
        "lat" : 49.8756826318,
        "lon" : 8.6601267305,
        "time" : "20140812T091728+0200"
      }, {
        "lat" : 49.8756842549,
        "lon" : 8.6601075078,
        "time" : "20140812T091743+0200"
      }, {
        "lat" : 49.8756851338,
        "lon" : 8.6600952534,
        "time" : "20140812T091803+0200"
      }, {
        "lat" : 49.8730571022,
        "lon" : 8.6533593656,
        "time" : "20140812T091910+0200"
      }, {
        "lat" : 49.8715967127,
        "lon" : 8.6432812514,
        "time" : "20140812T092240+0200"
      }, {
        "lat" : 49.871316432,
        "lon" : 8.631223497,
        "time" : "20140812T092600+0200"
      }, {
        "lat" : 49.8719284283,
        "lon" : 8.6312495002,
        "time" : "20140812T092615+0200"
      }, {
        "lat" : 49.8717989127,
        "lon" : 8.6306083347,
        "time" : "20140812T092637+0200"
      } ]
    }, {
      "activity" : "walking",
      "group" : "walking",
      "manual" : false,
      "startTime" : "20140812T092637+0200",
      "endTime" : "20140812T093318+0200",
      "duration" : 401.0,
      "distance" : 444.0,
      "steps" : 748,
      "trackPoints" : [ {
        "lat" : 49.8717989127,
        "lon" : 8.6306083347,
        "time" : "20140812T092637+0200"
      }, {
        "lat" : 49.870956168,
        "lon" : 8.625379529,
        "time" : "20140812T093317+0200"
      } ]
    } ],
    "lastUpdate" : "20140812T103903Z"
  }, {
    "type" : "move",
    "startTime" : "20140812T093317+0200",
    "endTime" : "20140812T093416+0200",
    "activities" : [ {
      "activity" : "walking",
      "group" : "walking",
      "manual" : false,
      "startTime" : "20140812T093317+0200",
      "endTime" : "20140812T093417+0200",
      "duration" : 60.0,
      "distance" : 69.0,
      "steps" : 107,
      "trackPoints" : [ {
        "lat" : 49.8709577302,
        "lon" : 8.6253956784,
        "time" : "20140812T093317+0200"
      }, {
        "lat" : 49.8710644442,
        "lon" : 8.6262135,
        "time" : "20140812T093416+0200"
      } ]
    } ],
    "lastUpdate" : "20140812T115412Z"
  }, {
    "type" : "place",
    "startTime" : "20140812T093417+0200",
    "endTime" : "20140812T123117+0200",
    "place" : {
      "id" : 242563577,
      "type" : "unknown",
      "location" : {
        "lat" : 49.8710644442,
        "lon" : 8.6262135
      }
    },
    "activities" : [ {
      "activity" : "walking",
      "group" : "walking",
      "manual" : false,
      "startTime" : "20140812T093417+0200",
      "endTime" : "20140812T093424+0200",
      "duration" : 7.0,
      "distance" : 5.0,
      "steps" : 10,
      "trackPoints" : [ ]
    } ],
    "lastUpdate" : "20140812T115412Z"
  }, {
    "type" : "move",
    "startTime" : "20140812T123117+0200",
    "endTime" : "20140812T123658+0200",
    "activities" : [ {
      "activity" : "walking",
      "group" : "walking",
      "manual" : false,
      "startTime" : "20140812T123117+0200",
      "endTime" : "20140812T123659+0200",
      "duration" : 342.0,
      "distance" : 301.0,
      "steps" : 602,
      "trackPoints" : [ {
        "lat" : 49.8710644442,
        "lon" : 8.6262135,
        "time" : "20140812T123117+0200"
      }, {
        "lat" : 49.8710230799,
        "lon" : 8.6262730488,
        "time" : "20140812T123353+0200"
      }, {
        "lat" : 49.872322656,
        "lon" : 8.628248116,
        "time" : "20140812T123658+0200"
      } ]
    } ],
    "lastUpdate" : "20140812T115412Z"
  }, {
    "type" : "place",
    "startTime" : "20140812T123659+0200",
    "endTime" : "20140812T124915+0200",
    "place" : {
      "id" : 243008096,
      "type" : "unknown",
      "location" : {
        "lat" : 49.872322656,
        "lon" : 8.628248116
      }
    },
    "activities" : [ {
      "activity" : "walking",
      "group" : "walking",
      "manual" : false,
      "startTime" : "20140812T123712+0200",
      "endTime" : "20140812T123748+0200",
      "duration" : 36.0,
      "distance" : 24.0,
      "steps" : 48,
      "trackPoints" : [ ]
    } ],
    "lastUpdate" : "20140812T115412Z"
  }, {
    "type" : "move",
    "startTime" : "20140812T124915+0200",
    "endTime" : "20140812T130207+0200",
    "activities" : [ {
      "activity" : "transport",
      "group" : "transport",
      "manual" : false,
      "startTime" : "20140812T124915+0200",
      "endTime" : "20140812T130207+0200",
      "duration" : 772.0,
      "distance" : 3951.0,
      "trackPoints" : [ {
        "lat" : 49.872322656,
        "lon" : 8.628248116,
        "time" : "20140812T124915+0200"
      }, {
        "lat" : 49.8699123447,
        "lon" : 8.6284940856,
        "time" : "20140812T125040+0200"
      }, {
        "lat" : 49.8699227329,
        "lon" : 8.6285879456,
        "time" : "20140812T125057+0200"
      }, {
        "lat" : 49.8716230068,
        "lon" : 8.6441036015,
        "time" : "20140812T125412+0200"
      }, {
        "lat" : 49.8718158743,
        "lon" : 8.644841069,
        "time" : "20140812T125430+0200"
      }, {
        "lat" : 49.8729618122,
        "lon" : 8.6561562667,
        "time" : "20140812T125739+0200"
      }, {
        "lat" : 49.8731079335,
        "lon" : 8.6563499622,
        "time" : "20140812T125757+0200"
      }, {
        "lat" : 49.8732490656,
        "lon" : 8.6564524463,
        "time" : "20140812T125825+0200"
      }, {
        "lat" : 49.8732601926,
        "lon" : 8.6564630423,
        "time" : "20140812T125850+0200"
      }, {
        "lat" : 49.8755808615,
        "lon" : 8.6599619585,
        "time" : "20140812T125911+0200"
      }, {
        "lat" : 49.8757176514,
        "lon" : 8.6601747527,
        "time" : "20140812T125932+0200"
      }, {
        "lat" : 49.875719547,
        "lon" : 8.6601780219,
        "time" : "20140812T125952+0200"
      }, {
        "lat" : 49.8760075534,
        "lon" : 8.6608603552,
        "time" : "20140812T125959+0200"
      }, {
        "lat" : 49.8760079228,
        "lon" : 8.6608612304,
        "time" : "20140812T130000+0200"
      }, {
        "lat" : 49.8786958097,
        "lon" : 8.6672292664,
        "time" : "20140812T130112+0200"
      }, {
        "lat" : 49.8787159976,
        "lon" : 8.6682933111,
        "time" : "20140812T130128+0200"
      }, {
        "lat" : 49.8788668545,
        "lon" : 8.6691371934,
        "time" : "20140812T130146+0200"
      }, {
        "lat" : 49.8790864404,
        "lon" : 8.6691945542,
        "time" : "20140812T130207+0200"
      } ]
    } ],
    "lastUpdate" : "20140812T115412Z"
  }, {
    "type" : "place",
    "startTime" : "20140812T130207+0200",
    "endTime" : "20140812T130922+0200",
    "place" : {
      "id" : 229023728,
      "type" : "unknown",
      "location" : {
        "lat" : 49.8790864404,
        "lon" : 8.6691945542
      }
    },
    "activities" : [ {
      "activity" : "walking",
      "group" : "walking",
      "manual" : false,
      "startTime" : "20140812T130220+0200",
      "endTime" : "20140812T130319+0200",
      "duration" : 59.0,
      "distance" : 52.0,
      "steps" : 103,
      "trackPoints" : [ ]
    } ],
    "lastUpdate" : "20140812T115412Z"
  }, {
    "type" : "move",
    "startTime" : "20140812T130922+0200",
    "endTime" : "20140812T131523+0200",
    "activities" : [ {
      "activity" : "walking",
      "group" : "walking",
      "manual" : false,
      "startTime" : "20140812T130922+0200",
      "endTime" : "20140812T131523+0200",
      "duration" : 361.0,
      "distance" : 450.0,
      "steps" : 649,
      "trackPoints" : [ {
        "lat" : 49.8790864404,
        "lon" : 8.6691945542,
        "time" : "20140812T130922+0200"
      }, {
        "lat" : 49.8788793804,
        "lon" : 8.6691623574,
        "time" : "20140812T130942+0200"
      }, {
        "lat" : 49.8788758643,
        "lon" : 8.6691611366,
        "time" : "20140812T131003+0200"
      }, {
        "lat" : 49.878872211,
        "lon" : 8.6691599268,
        "time" : "20140812T131023+0200"
      }, {
        "lat" : 49.8788719758,
        "lon" : 8.6691598801,
        "time" : "20140812T131040+0200"
      }, {
        "lat" : 49.8788720084,
        "lon" : 8.6691599118,
        "time" : "20140812T131100+0200"
      }, {
        "lat" : 49.8788720907,
        "lon" : 8.669159954,
        "time" : "20140812T131132+0200"
      }, {
        "lat" : 49.8788722108,
        "lon" : 8.669159998,
        "time" : "20140812T131152+0200"
      }, {
        "lat" : 49.878872577,
        "lon" : 8.6691601224,
        "time" : "20140812T131222+0200"
      }, {
        "lat" : 49.878873156,
        "lon" : 8.6691603151,
        "time" : "20140812T131242+0200"
      }, {
        "lat" : 49.8788744441,
        "lon" : 8.6691607425,
        "time" : "20140812T131307+0200"
      }, {
        "lat" : 49.8788761531,
        "lon" : 8.669161309,
        "time" : "20140812T131323+0200"
      }, {
        "lat" : 49.8788791306,
        "lon" : 8.6691622957,
        "time" : "20140812T131340+0200"
      }, {
        "lat" : 49.8820343506,
        "lon" : 8.6702168842,
        "time" : "20140812T131421+0200"
      }, {
        "lat" : 49.8820391527,
        "lon" : 8.6702186949,
        "time" : "20140812T131441+0200"
      }, {
        "lat" : 49.8820381181,
        "lon" : 8.670220116,
        "time" : "20140812T131502+0200"
      }, {
        "lat" : 49.8819681239,
        "lon" : 8.6703339401,
        "time" : "20140812T131523+0200"
      } ]
    } ],
    "lastUpdate" : "20140812T115412Z"
  }, {
    "type" : "place",
    "startTime" : "20140812T131523+0200",
    "endTime" : "20140812T135233+0200",
    "place" : {
      "id" : 222568631,
      "type" : "unknown",
      "location" : {
        "lat" : 49.8819681239,
        "lon" : 8.6703339401
      }
    },
    "activities" : [ {
      "activity" : "walking",
      "group" : "walking",
      "manual" : false,
      "startTime" : "20140812T131532+0200",
      "endTime" : "20140812T131557+0200",
      "duration" : 25.0,
      "distance" : 14.0,
      "steps" : 28,
      "trackPoints" : [ ]
    } ],
    "lastUpdate" : "20140812T131847Z"
  }, {
    "type" : "move",
    "startTime" : "20140812T135233+0200",
    "endTime" : "20140812T141018+0200",
    "activities" : [ {
      "activity" : "walking",
      "group" : "walking",
      "manual" : false,
      "startTime" : "20140812T135233+0200",
      "endTime" : "20140812T141018+0200",
      "duration" : 1065.0,
      "distance" : 1661.0,
      "steps" : 2071,
      "trackPoints" : [ {
        "lat" : 49.8819681239,
        "lon" : 8.6703339401,
        "time" : "20140812T135233+0200"
      }, {
        "lat" : 49.8820583661,
        "lon" : 8.6702084627,
        "time" : "20140812T135253+0200"
      }, {
        "lat" : 49.8820648532,
        "lon" : 8.6701993168,
        "time" : "20140812T135313+0200"
      }, {
        "lat" : 49.8820706482,
        "lon" : 8.6701898126,
        "time" : "20140812T135329+0200"
      }, {
        "lat" : 49.8820794695,
        "lon" : 8.6701731058,
        "time" : "20140812T135349+0200"
      }, {
        "lat" : 49.8820916409,
        "lon" : 8.6701515584,
        "time" : "20140812T135408+0200"
      }, {
        "lat" : 49.8821091577,
        "lon" : 8.6701237705,
        "time" : "20140812T135428+0200"
      }, {
        "lat" : 49.8821084336,
        "lon" : 8.670142635,
        "time" : "20140812T135443+0200"
      }, {
        "lat" : 49.8823566412,
        "lon" : 8.6694877514,
        "time" : "20140812T135508+0200"
      }, {
        "lat" : 49.8825940653,
        "lon" : 8.6688534628,
        "time" : "20140812T135530+0200"
      }, {
        "lat" : 49.8826821447,
        "lon" : 8.6685718417,
        "time" : "20140812T135546+0200"
      }, {
        "lat" : 49.8826947705,
        "lon" : 8.6684996562,
        "time" : "20140812T135602+0200"
      }, {
        "lat" : 49.8826845505,
        "lon" : 8.6684913702,
        "time" : "20140812T135617+0200"
      }, {
        "lat" : 49.8826396935,
        "lon" : 8.6684724616,
        "time" : "20140812T135642+0200"
      }, {
        "lat" : 49.8802722818,
        "lon" : 8.6644832596,
        "time" : "20140812T135959+0200"
      }, {
        "lat" : 49.8802721617,
        "lon" : 8.6644830572,
        "time" : "20140812T140000+0200"
      }, {
        "lat" : 49.8802618578,
        "lon" : 8.6644656947,
        "time" : "20140812T140000+0200"
      }, {
        "lat" : 49.8800976179,
        "lon" : 8.664304912,
        "time" : "20140812T140025+0200"
      }, {
        "lat" : 49.880077451,
        "lon" : 8.6642776535,
        "time" : "20140812T140040+0200"
      }, {
        "lat" : 49.8800488902,
        "lon" : 8.6642324705,
        "time" : "20140812T140056+0200"
      }, {
        "lat" : 49.8781605771,
        "lon" : 8.6611589883,
        "time" : "20140812T140340+0200"
      }, {
        "lat" : 49.8781147556,
        "lon" : 8.6609325654,
        "time" : "20140812T140401+0200"
      }, {
        "lat" : 49.8775817829,
        "lon" : 8.6576037151,
        "time" : "20140812T140625+0200"
      }, {
        "lat" : 49.8775492259,
        "lon" : 8.6572739235,
        "time" : "20140812T140641+0200"
      }, {
        "lat" : 49.877545606,
        "lon" : 8.657093625,
        "time" : "20140812T140656+0200"
      }, {
        "lat" : 49.8775313697,
        "lon" : 8.6570051034,
        "time" : "20140812T140712+0200"
      }, {
        "lat" : 49.8774474081,
        "lon" : 8.6567331924,
        "time" : "20140812T140732+0200"
      }, {
        "lat" : 49.8771031302,
        "lon" : 8.6556618795,
        "time" : "20140812T140758+0200"
      }, {
        "lat" : 49.8770528879,
        "lon" : 8.6555004514,
        "time" : "20140812T140818+0200"
      }, {
        "lat" : 49.8770459369,
        "lon" : 8.6554593965,
        "time" : "20140812T140838+0200"
      }, {
        "lat" : 49.8770462551,
        "lon" : 8.6553938499,
        "time" : "20140812T140911+0200"
      }, {
        "lat" : 49.8770509365,
        "lon" : 8.6553735355,
        "time" : "20140812T140931+0200"
      }, {
        "lat" : 49.8770449952,
        "lon" : 8.657750091,
        "time" : "20140812T141018+0200"
      } ]
    } ],
    "lastUpdate" : "20140812T131847Z"
  }, {
    "type" : "place",
    "startTime" : "20140812T141018+0200",
    "endTime" : "20140812T154224+0200",
    "place" : {
      "id" : 236799681,
      "type" : "unknown",
      "location" : {
        "lat" : 49.8770449952,
        "lon" : 8.657750091
      }
    },
    "activities" : [ {
      "activity" : "walking",
      "group" : "walking",
      "manual" : false,
      "startTime" : "20140812T141024+0200",
      "endTime" : "20140812T141545+0200",
      "duration" : 321.0,
      "distance" : 370.0,
      "steps" : 493,
      "trackPoints" : [ ]
    }, {
      "activity" : "walking",
      "group" : "walking",
      "manual" : false,
      "startTime" : "20140812T154213+0200",
      "endTime" : "20140812T154225+0200",
      "duration" : 12.0,
      "distance" : 9.0,
      "steps" : 18,
      "trackPoints" : [ ]
    } ],
    "lastUpdate" : "20140812T145746Z"
  }, {
    "type" : "move",
    "startTime" : "20140812T154224+0200",
    "endTime" : "20140812T155130+0200",
    "activities" : [ {
      "activity" : "walking",
      "group" : "walking",
      "manual" : false,
      "startTime" : "20140812T154224+0200",
      "endTime" : "20140812T155130+0200",
      "duration" : 546.0,
      "distance" : 740.0,
      "steps" : 916,
      "trackPoints" : [ {
        "lat" : 49.8770449952,
        "lon" : 8.657750091,
        "time" : "20140812T154224+0200"
      }, {
        "lat" : 49.8771714702,
        "lon" : 8.654990544,
        "time" : "20140812T154246+0200"
      }, {
        "lat" : 49.8771664395,
        "lon" : 8.655004827,
        "time" : "20140812T154305+0200"
      }, {
        "lat" : 49.8771598552,
        "lon" : 8.6550479552,
        "time" : "20140812T154335+0200"
      }, {
        "lat" : 49.8771544613,
        "lon" : 8.655127605,
        "time" : "20140812T154418+0200"
      }, {
        "lat" : 49.8771610216,
        "lon" : 8.6551163511,
        "time" : "20140812T154434+0200"
      }, {
        "lat" : 49.8771315519,
        "lon" : 8.6551649607,
        "time" : "20140812T154451+0200"
      }, {
        "lat" : 49.8770936315,
        "lon" : 8.6552490592,
        "time" : "20140812T154508+0200"
      }, {
        "lat" : 49.877080597,
        "lon" : 8.6553111428,
        "time" : "20140812T154528+0200"
      }, {
        "lat" : 49.8770884385,
        "lon" : 8.6553670965,
        "time" : "20140812T154552+0200"
      }, {
        "lat" : 49.877117745,
        "lon" : 8.6554906592,
        "time" : "20140812T154612+0200"
      }, {
        "lat" : 49.8771496117,
        "lon" : 8.6556267028,
        "time" : "20140812T154629+0200"
      }, {
        "lat" : 49.8771721112,
        "lon" : 8.6557344476,
        "time" : "20140812T154644+0200"
      }, {
        "lat" : 49.8772557321,
        "lon" : 8.656633817,
        "time" : "20140812T154729+0200"
      }, {
        "lat" : 49.8776408539,
        "lon" : 8.6611042225,
        "time" : "20140812T155046+0200"
      }, {
        "lat" : 49.8776880058,
        "lon" : 8.6611857575,
        "time" : "20140812T155110+0200"
      }, {
        "lat" : 49.8775237139,
        "lon" : 8.6614601496,
        "time" : "20140812T155130+0200"
      } ]
    } ],
    "lastUpdate" : "20140812T145746Z"
  }, {
    "type" : "place",
    "startTime" : "20140812T155130+0200",
    "endTime" : "20140812T155511+0200",
    "place" : {
      "id" : 228151899,
      "type" : "unknown",
      "location" : {
        "lat" : 49.8775237139,
        "lon" : 8.6614601496
      }
    },
    "lastUpdate" : "20140812T145746Z"
  }, {
    "type" : "move",
    "startTime" : "20140812T155511+0200",
    "endTime" : "20140812T160125+0200",
    "activities" : [ {
      "activity" : "walking",
      "group" : "walking",
      "manual" : false,
      "startTime" : "20140812T155511+0200",
      "endTime" : "20140812T160126+0200",
      "duration" : 375.0,
      "distance" : 666.0,
      "steps" : 641,
      "trackPoints" : [ {
        "lat" : 49.8775237139,
        "lon" : 8.6614601496,
        "time" : "20140812T155511+0200"
      }, {
        "lat" : 49.8777355765,
        "lon" : 8.6612649911,
        "time" : "20140812T155531+0200"
      }, {
        "lat" : 49.8777426301,
        "lon" : 8.6612795346,
        "time" : "20140812T155551+0200"
      }, {
        "lat" : 49.8777555617,
        "lon" : 8.6613062291,
        "time" : "20140812T155614+0200"
      }, {
        "lat" : 49.8777696587,
        "lon" : 8.661335345,
        "time" : "20140812T155634+0200"
      }, {
        "lat" : 49.877813595,
        "lon" : 8.6614261622,
        "time" : "20140812T155654+0200"
      }, {
        "lat" : 49.8819476895,
        "lon" : 8.669975086,
        "time" : "20140812T155959+0200"
      }, {
        "lat" : 49.8819479124,
        "lon" : 8.669975547,
        "time" : "20140812T160000+0200"
      }, {
        "lat" : 49.8819828659,
        "lon" : 8.6700478275,
        "time" : "20140812T160001+0200"
      }, {
        "lat" : 49.8820254311,
        "lon" : 8.670180018,
        "time" : "20140812T160021+0200"
      }, {
        "lat" : 49.8820216615,
        "lon" : 8.6701855592,
        "time" : "20140812T160041+0200"
      }, {
        "lat" : 49.8820201038,
        "lon" : 8.6702006921,
        "time" : "20140812T160101+0200"
      }, {
        "lat" : 49.8819681239,
        "lon" : 8.6703339401,
        "time" : "20140812T160125+0200"
      } ]
    } ],
    "lastUpdate" : "20140812T145746Z"
  }, {
    "type" : "place",
    "startTime" : "20140812T160125+0200",
    "endTime" : "20140812T211511+0200",
    "place" : {
      "id" : 222568631,
      "type" : "unknown",
      "location" : {
        "lat" : 49.8819681239,
        "lon" : 8.6703339401
      }
    },
    "activities" : [ {
      "activity" : "walking",
      "group" : "walking",
      "manual" : false,
      "startTime" : "20140812T210145+0200",
      "endTime" : "20140812T210249+0200",
      "duration" : 64.0,
      "distance" : 38.0,
      "steps" : 75,
      "trackPoints" : [ ]
    } ],
    "lastUpdate" : "20140812T211447Z"
  }, {
    "type" : "move",
    "startTime" : "20140812T211511+0200",
    "endTime" : "20140812T212019+0200",
    "activities" : [ {
      "activity" : "walking",
      "group" : "walking",
      "manual" : false,
      "startTime" : "20140812T211511+0200",
      "endTime" : "20140812T212019+0200",
      "duration" : 308.0,
      "distance" : 249.0,
      "steps" : 498,
      "trackPoints" : [ {
        "lat" : 49.8819681239,
        "lon" : 8.6703339401,
        "time" : "20140812T211511+0200"
      }, {
        "lat" : 49.8820378154,
        "lon" : 8.6701553419,
        "time" : "20140812T211646+0200"
      }, {
        "lat" : 49.8820080267,
        "lon" : 8.6702334148,
        "time" : "20140812T211705+0200"
      }, {
        "lat" : 49.8820126524,
        "lon" : 8.6702235874,
        "time" : "20140812T211722+0200"
      }, {
        "lat" : 49.8820464405,
        "lon" : 8.6701331971,
        "time" : "20140812T211748+0200"
      }, {
        "lat" : 49.882489696,
        "lon" : 8.6691516026,
        "time" : "20140812T211905+0200"
      }, {
        "lat" : 49.8825614166,
        "lon" : 8.6690051343,
        "time" : "20140812T211920+0200"
      }, {
        "lat" : 49.8826852249,
        "lon" : 8.6688546976,
        "time" : "20140812T212019+0200"
      } ]
    } ],
    "lastUpdate" : "20140812T211447Z"
  }, {
    "type" : "place",
    "startTime" : "20140812T212020+0200",
    "endTime" : "20140812T221356+0200",
    "place" : {
      "id" : 229496202,
      "type" : "unknown",
      "location" : {
        "lat" : 49.8826852249,
        "lon" : 8.6688546976
      }
    },
    "activities" : [ {
      "activity" : "walking",
      "group" : "walking",
      "manual" : false,
      "startTime" : "20140812T212034+0200",
      "endTime" : "20140812T212038+0200",
      "duration" : 4.0,
      "distance" : 3.0,
      "steps" : 5,
      "trackPoints" : [ ]
    }, {
      "activity" : "walking",
      "group" : "walking",
      "manual" : false,
      "startTime" : "20140812T221209+0200",
      "endTime" : "20140812T221233+0200",
      "duration" : 24.0,
      "distance" : 16.0,
      "steps" : 32,
      "trackPoints" : [ ]
    } ],
    "lastUpdate" : "20140812T211447Z"
  }, {
    "type" : "move",
    "startTime" : "20140812T221356+0200",
    "endTime" : "20140812T221633+0200",
    "activities" : [ {
      "activity" : "walking",
      "group" : "walking",
      "manual" : false,
      "startTime" : "20140812T221356+0200",
      "endTime" : "20140812T221633+0200",
      "duration" : 157.0,
      "distance" : 154.0,
      "steps" : 256,
      "trackPoints" : [ {
        "lat" : 49.8826852249,
        "lon" : 8.6688546976,
        "time" : "20140812T221356+0200"
      }, {
        "lat" : 49.8827049584,
        "lon" : 8.6688533443,
        "time" : "20140812T221541+0200"
      }, {
        "lat" : 49.882277858,
        "lon" : 8.6700244131,
        "time" : "20140812T221618+0200"
      }, {
        "lat" : 49.8819681239,
        "lon" : 8.6703339401,
        "time" : "20140812T221633+0200"
      } ]
    } ],
    "lastUpdate" : "20140812T211447Z"
  }, {
    "type" : "place",
    "startTime" : "20140812T221633+0200",
    "endTime" : "20140813T081743+0200",
    "place" : {
      "id" : 222568631,
      "type" : "unknown",
      "location" : {
        "lat" : 49.8819681239,
        "lon" : 8.6703339401
      }
    },
    "activities" : [ {
      "activity" : "walking",
      "group" : "walking",
      "manual" : false,
      "startTime" : "20140812T221633+0200",
      "endTime" : "20140812T221713+0200",
      "duration" : 40.0,
      "distance" : 28.0,
      "steps" : 56,
      "trackPoints" : [ ]
    } ],
    "lastUpdate" : "20140813T071722Z"
  } ],
  "lastUpdate" : "20140813T071722Z"
} ]