[ {
  "date" : "20140905",
  "summary" : [ {
    "activity" : "walking",
    "group" : "walking",
    "duration" : 3833.0,
    "distance" : 4634.0,
    "steps" : 6646
  }, {
    "activity" : "transport",
    "group" : "transport",
    "duration" : 2035.0,
    "distance" : 6280.0
  } ],
  "segments" : [ {
    "type" : "place",
    "startTime" : "20140904T222636+0200",
    "endTime" : "20140905T084656+0200",
    "place" : {
      "id" : 251291724,
      "name" : "Home",
      "type" : "home",
      "location" : {
        "lat" : 49.8819996044,
        "lon" : 8.6702592175
      }
    },
    "lastUpdate" : "20140905T082810Z"
  }, {
    "type" : "move",
    "startTime" : "20140905T084656+0200",
    "endTime" : "20140905T090250+0200",
    "activities" : [ {
      "activity" : "walking",
      "group" : "walking",
      "manual" : false,
      "startTime" : "20140905T084656+0200",
      "endTime" : "20140905T085132+0200",
      "duration" : 276.0,
      "distance" : 268.0,
      "steps" : 535,
      "trackPoints" : [ {
        "lat" : 49.8819996044,
        "lon" : 8.6702592175,
        "time" : "20140905T084656+0200"
      }, {
        "lat" : 49.8822682092,
        "lon" : 8.6701992576,
        "time" : "20140905T084836+0200"
      }, {
        "lat" : 49.8823372958,
        "lon" : 8.6697026191,
        "time" : "20140905T084859+0200"
      }, {
        "lat" : 49.8824375538,
        "lon" : 8.669184929,
        "time" : "20140905T084929+0200"
      }, {
        "lat" : 49.8825360794,
        "lon" : 8.6687796728,
        "time" : "20140905T084950+0200"
      }, {
        "lat" : 49.8826023848,
        "lon" : 8.6685261168,
        "time" : "20140905T085007+0200"
      }, {
        "lat" : 49.8826454445,
        "lon" : 8.6683721178,
        "time" : "20140905T085027+0200"
      }, {
        "lat" : 49.8826795558,
        "lon" : 8.6682568446,
        "time" : "20140905T085047+0200"
      }, {
        "lat" : 49.8826975402,
        "lon" : 8.6681779711,
        "time" : "20140905T085107+0200"
      }, {
        "lat" : 49.8826829188,
        "lon" : 8.6680484574,
        "time" : "20140905T085132+0200"
      } ]
    }, {
      "activity" : "transport",
      "group" : "transport",
      "manual" : false,
      "startTime" : "20140905T085132+0200",
      "endTime" : "20140905T085811+0200",
      "duration" : 399.0,
      "distance" : 1078.0,
      "trackPoints" : [ {
        "lat" : 49.8826829188,
        "lon" : 8.6680484574,
        "time" : "20140905T085132+0200"
      }, {
        "lat" : 49.8823245137,
        "lon" : 8.6663557314,
        "time" : "20140905T085210+0200"
      }, {
        "lat" : 49.8822329135,
        "lon" : 8.6660678168,
        "time" : "20140905T085230+0200"
      }, {
        "lat" : 49.882076848,
        "lon" : 8.6658886396,
        "time" : "20140905T085250+0200"
      }, {
        "lat" : 49.8817665863,
        "lon" : 8.6656362512,
        "time" : "20140905T085314+0200"
      }, {
        "lat" : 49.8806462385,
        "lon" : 8.6647519889,
        "time" : "20140905T085341+0200"
      }, {
        "lat" : 49.880444441,
        "lon" : 8.6645681458,
        "time" : "20140905T085401+0200"
      }, {
        "lat" : 49.8802771217,
        "lon" : 8.6644202389,
        "time" : "20140905T085418+0200"
      }, {
        "lat" : 49.8801736359,
        "lon" : 8.6643238991,
        "time" : "20140905T085437+0200"
      }, {
        "lat" : 49.880120479,
        "lon" : 8.664272367,
        "time" : "20140905T085457+0200"
      }, {
        "lat" : 49.8800802661,
        "lon" : 8.6642324265,
        "time" : "20140905T085517+0200"
      }, {
        "lat" : 49.8800487949,
        "lon" : 8.6642047995,
        "time" : "20140905T085540+0200"
      }, {
        "lat" : 49.878135831,
        "lon" : 8.6617370171,
        "time" : "20140905T085617+0200"
      }, {
        "lat" : 49.8776910987,
        "lon" : 8.6614019357,
        "time" : "20140905T085647+0200"
      }, {
        "lat" : 49.8775145353,
        "lon" : 8.6613494808,
        "time" : "20140905T085707+0200"
      }, {
        "lat" : 49.8775145353,
        "lon" : 8.6613494808,
        "time" : "20140905T085737+0200"
      }, {
        "lat" : 49.877505792,
        "lon" : 8.6613468998,
        "time" : "20140905T085755+0200"
      }, {
        "lat" : 49.8758064347,
        "lon" : 8.6604995826,
        "time" : "20140905T085811+0200"
      } ]
    }, {
      "activity" : "walking",
      "group" : "walking",
      "manual" : false,
      "startTime" : "20140905T085811+0200",
      "endTime" : "20140905T090250+0200",
      "duration" : 279.0,
      "distance" : 429.0,
      "steps" : 512,
      "trackPoints" : [ {
        "lat" : 49.8758064347,
        "lon" : 8.6604995826,
        "time" : "20140905T085811+0200"
      }, {
        "lat" : 49.8757699803,
        "lon" : 8.660342844,
        "time" : "20140905T085832+0200"
      }, {
        "lat" : 49.8756971841,
        "lon" : 8.6600751653,
        "time" : "20140905T085849+0200"
      }, {
        "lat" : 49.8756686627,
        "lon" : 8.6599814176,
        "time" : "20140905T085909+0200"
      }, {
        "lat" : 49.8756556961,
        "lon" : 8.6599460137,
        "time" : "20140905T085929+0200"
      }, {
        "lat" : 49.8756178959,
        "lon" : 8.6598404256,
        "time" : "20140905T085951+0200"
      }, {
        "lat" : 49.8755068375,
        "lon" : 8.6595263037,
        "time" : "20140905T085959+0200"
      }, {
        "lat" : 49.8755066996,
        "lon" : 8.6595259137,
        "time" : "20140905T090000+0200"
      }, {
        "lat" : 49.8753580243,
        "lon" : 8.6591053945,
        "time" : "20140905T090010+0200"
      }, {
        "lat" : 49.8751418731,
        "lon" : 8.6585090576,
        "time" : "20140905T090030+0200"
      }, {
        "lat" : 49.8750691742,
        "lon" : 8.6583615562,
        "time" : "20140905T090050+0200"
      }, {
        "lat" : 49.8749458941,
        "lon" : 8.6585215928,
        "time" : "20140905T090114+0200"
      }, {
        "lat" : 49.8744926915,
        "lon" : 8.6592459056,
        "time" : "20140905T090134+0200"
      }, {
        "lat" : 49.8742893476,
        "lon" : 8.6597672695,
        "time" : "20140905T090149+0200"
      }, {
        "lat" : 49.8741924004,
        "lon" : 8.66046817,
        "time" : "20140905T090210+0200"
      }, {
        "lat" : 49.8741520851,
        "lon" : 8.6607686496,
        "time" : "20140905T090231+0200"
      }, {
        "lat" : 49.8742715717,
        "lon" : 8.6605648722,
        "time" : "20140905T090250+0200"
      } ]
    } ],
    "lastUpdate" : "20140905T082810Z"
  }, {
    "type" : "place",
    "startTime" : "20140905T090250+0200",
    "endTime" : "20140905T102206+0200",
    "place" : {
      "id" : 227329234,
      "name" : "KOM Lab",
      "type" : "work",
      "location" : {
        "lat" : 49.8742715717,
        "lon" : 8.6605648722
      }
    },
    "activities" : [ {
      "activity" : "walking",
      "group" : "walking",
      "manual" : false,
      "startTime" : "20140905T090250+0200",
      "endTime" : "20140905T090338+0200",
      "duration" : 48.0,
      "distance" : 32.0,
      "steps" : 64,
      "trackPoints" : [ ]
    }, {
      "activity" : "walking",
      "group" : "walking",
      "manual" : false,
      "startTime" : "20140905T100033+0200",
      "endTime" : "20140905T100041+0200",
      "duration" : 8.0,
      "distance" : 6.0,
      "steps" : 11,
      "trackPoints" : [ ]
    } ],
    "lastUpdate" : "20140907T092402Z"
  }, {
    "type" : "move",
    "startTime" : "20140905T102206+0200",
    "endTime" : "20140905T104845+0200",
    "activities" : [ {
      "activity" : "walking",
      "group" : "walking",
      "manual" : false,
      "startTime" : "20140905T102206+0200",
      "endTime" : "20140905T103342+0200",
      "duration" : 696.0,
      "distance" : 857.0,
      "steps" : 1203,
      "trackPoints" : [ {
        "lat" : 49.8742715717,
        "lon" : 8.6605648722,
        "time" : "20140905T102206+0200"
      }, {
        "lat" : 49.8741058253,
        "lon" : 8.6602443243,
        "time" : "20140905T102321+0200"
      }, {
        "lat" : 49.8740296275,
        "lon" : 8.6603203811,
        "time" : "20140905T102402+0200"
      }, {
        "lat" : 49.8740188685,
        "lon" : 8.660267029,
        "time" : "20140905T102418+0200"
      }, {
        "lat" : 49.874084758,
        "lon" : 8.6602160028,
        "time" : "20140905T102445+0200"
      }, {
        "lat" : 49.8741015393,
        "lon" : 8.6600975018,
        "time" : "20140905T102515+0200"
      }, {
        "lat" : 49.8739935914,
        "lon" : 8.6598348878,
        "time" : "20140905T102538+0200"
      }, {
        "lat" : 49.8738909968,
        "lon" : 8.6596425557,
        "time" : "20140905T102559+0200"
      }, {
        "lat" : 49.8738194537,
        "lon" : 8.6595295072,
        "time" : "20140905T102615+0200"
      }, {
        "lat" : 49.8737617116,
        "lon" : 8.6594414361,
        "time" : "20140905T102635+0200"
      }, {
        "lat" : 49.8737259004,
        "lon" : 8.6593858095,
        "time" : "20140905T102655+0200"
      }, {
        "lat" : 49.8736841539,
        "lon" : 8.6593195659,
        "time" : "20140905T102722+0200"
      }, {
        "lat" : 49.8736119084,
        "lon" : 8.659195026,
        "time" : "20140905T102752+0200"
      }, {
        "lat" : 49.8735533453,
        "lon" : 8.6590573442,
        "time" : "20140905T102815+0200"
      }, {
        "lat" : 49.8728788901,
        "lon" : 8.6555131591,
        "time" : "20140905T103032+0200"
      }, {
        "lat" : 49.8728113365,
        "lon" : 8.6551020889,
        "time" : "20140905T103056+0200"
      }, {
        "lat" : 49.8728006431,
        "lon" : 8.6546736268,
        "time" : "20140905T103116+0200"
      }, {
        "lat" : 49.8728408573,
        "lon" : 8.6530782562,
        "time" : "20140905T103156+0200"
      }, {
        "lat" : 49.8728310908,
        "lon" : 8.651088262,
        "time" : "20140905T103303+0200"
      }, {
        "lat" : 49.8728307584,
        "lon" : 8.6507719009,
        "time" : "20140905T103323+0200"
      }, {
        "lat" : 49.8728327562,
        "lon" : 8.6506689052,
        "time" : "20140905T103342+0200"
      } ]
    }, {
      "activity" : "transport",
      "group" : "transport",
      "manual" : false,
      "startTime" : "20140905T103342+0200",
      "endTime" : "20140905T104445+0200",
      "duration" : 663.0,
      "distance" : 1422.0,
      "trackPoints" : [ {
        "lat" : 49.8728327562,
        "lon" : 8.6506689052,
        "time" : "20140905T103342+0200"
      }, {
        "lat" : 49.8728400833,
        "lon" : 8.6506219054,
        "time" : "20140905T103403+0200"
      }, {
        "lat" : 49.8728412361,
        "lon" : 8.6505999419,
        "time" : "20140905T103423+0200"
      }, {
        "lat" : 49.8728409086,
        "lon" : 8.6505824182,
        "time" : "20140905T103441+0200"
      }, {
        "lat" : 49.8728401891,
        "lon" : 8.6505623814,
        "time" : "20140905T103501+0200"
      }, {
        "lat" : 49.8728392984,
        "lon" : 8.6505447389,
        "time" : "20140905T103521+0200"
      }, {
        "lat" : 49.8728382578,
        "lon" : 8.6505279367,
        "time" : "20140905T103541+0200"
      }, {
        "lat" : 49.8728373264,
        "lon" : 8.6505141321,
        "time" : "20140905T103604+0200"
      }, {
        "lat" : 49.8728365885,
        "lon" : 8.65050421,
        "time" : "20140905T103624+0200"
      }, {
        "lat" : 49.8728360925,
        "lon" : 8.6504977543,
        "time" : "20140905T103645+0200"
      }, {
        "lat" : 49.8728356929,
        "lon" : 8.6504930238,
        "time" : "20140905T103703+0200"
      }, {
        "lat" : 49.8728353465,
        "lon" : 8.6504892086,
        "time" : "20140905T103723+0200"
      }, {
        "lat" : 49.8728351091,
        "lon" : 8.6504865835,
        "time" : "20140905T103745+0200"
      }, {
        "lat" : 49.8728346066,
        "lon" : 8.6504821496,
        "time" : "20140905T103803+0200"
      }, {
        "lat" : 49.8728338743,
        "lon" : 8.6504757225,
        "time" : "20140905T103836+0200"
      }, {
        "lat" : 49.8728326048,
        "lon" : 8.6504660223,
        "time" : "20140905T103856+0200"
      }, {
        "lat" : 49.8728304721,
        "lon" : 8.650451064,
        "time" : "20140905T103916+0200"
      }, {
        "lat" : 49.8728275475,
        "lon" : 8.6504316902,
        "time" : "20140905T103936+0200"
      }, {
        "lat" : 49.8728241197,
        "lon" : 8.6504096143,
        "time" : "20140905T103957+0200"
      }, {
        "lat" : 49.872376919,
        "lon" : 8.6482019356,
        "time" : "20140905T104033+0200"
      }, {
        "lat" : 49.8723515698,
        "lon" : 8.6480679325,
        "time" : "20140905T104056+0200"
      }, {
        "lat" : 49.8707965163,
        "lon" : 8.6360768996,
        "time" : "20140905T104236+0200"
      }, {
        "lat" : 49.8707583231,
        "lon" : 8.6357852858,
        "time" : "20140905T104256+0200"
      }, {
        "lat" : 49.8707677526,
        "lon" : 8.6358570091,
        "time" : "20140905T104317+0200"
      }, {
        "lat" : 49.870556154,
        "lon" : 8.6342428422,
        "time" : "20140905T104348+0200"
      }, {
        "lat" : 49.8705266383,
        "lon" : 8.6340130134,
        "time" : "20140905T104408+0200"
      }, {
        "lat" : 49.870516093,
        "lon" : 8.6339100928,
        "time" : "20140905T104428+0200"
      }, {
        "lat" : 49.8705139888,
        "lon" : 8.6338887196,
        "time" : "20140905T104444+0200"
      } ]
    }, {
      "activity" : "walking",
      "group" : "walking",
      "manual" : false,
      "startTime" : "20140905T104444+0200",
      "endTime" : "20140905T104844+0200",
      "duration" : 240.0,
      "distance" : 551.0,
      "steps" : 460,
      "trackPoints" : [ {
        "lat" : 49.8705139888,
        "lon" : 8.6338887196,
        "time" : "20140905T104444+0200"
      }, {
        "lat" : 49.8705119232,
        "lon" : 8.6338687045,
        "time" : "20140905T104509+0200"
      }, {
        "lat" : 49.8705100904,
        "lon" : 8.6338470207,
        "time" : "20140905T104525+0200"
      }, {
        "lat" : 49.8705066983,
        "lon" : 8.6337930595,
        "time" : "20140905T104549+0200"
      }, {
        "lat" : 49.8704701935,
        "lon" : 8.6254468282,
        "time" : "20140905T104825+0200"
      }, {
        "lat" : 49.8712952279,
        "lon" : 8.6249912643,
        "time" : "20140905T104845+0200"
      } ]
    } ],
    "lastUpdate" : "20140905T113456Z"
  }, {
    "type" : "place",
    "startTime" : "20140905T104845+0200",
    "endTime" : "20140905T121519+0200",
    "place" : {
      "id" : 249718361,
      "name" : "Consetto",
      "type" : "work",
      "location" : {
        "lat" : 49.8712952279,
        "lon" : 8.6249912643
      }
    },
    "activities" : [ {
      "activity" : "walking",
      "group" : "walking",
      "manual" : false,
      "startTime" : "20140905T104845+0200",
      "endTime" : "20140905T104853+0200",
      "duration" : 8.0,
      "distance" : 5.0,
      "steps" : 11,
      "trackPoints" : [ ]
    } ],
    "lastUpdate" : "20140905T113456Z"
  }, {
    "type" : "move",
    "startTime" : "20140905T121519+0200",
    "endTime" : "20140905T122308+0200",
    "activities" : [ {
      "activity" : "walking",
      "group" : "walking",
      "manual" : false,
      "startTime" : "20140905T121519+0200",
      "endTime" : "20140905T122309+0200",
      "duration" : 470.0,
      "distance" : 409.0,
      "steps" : 795,
      "trackPoints" : [ {
        "lat" : 49.8712952279,
        "lon" : 8.6249912643,
        "time" : "20140905T121519+0200"
      }, {
        "lat" : 49.871408607,
        "lon" : 8.6250669983,
        "time" : "20140905T121544+0200"
      }, {
        "lat" : 49.8714107054,
        "lon" : 8.6250513709,
        "time" : "20140905T121602+0200"
      }, {
        "lat" : 49.8714076485,
        "lon" : 8.6250724538,
        "time" : "20140905T121626+0200"
      }, {
        "lat" : 49.871408111,
        "lon" : 8.6250936452,
        "time" : "20140905T121647+0200"
      }, {
        "lat" : 49.8714068101,
        "lon" : 8.6250960076,
        "time" : "20140905T121705+0200"
      }, {
        "lat" : 49.8716330397,
        "lon" : 8.6256872574,
        "time" : "20140905T121745+0200"
      }, {
        "lat" : 49.8717145105,
        "lon" : 8.6259215885,
        "time" : "20140905T121806+0200"
      }, {
        "lat" : 49.8717465506,
        "lon" : 8.6260209112,
        "time" : "20140905T121826+0200"
      }, {
        "lat" : 49.8717688176,
        "lon" : 8.6260698101,
        "time" : "20140905T121846+0200"
      }, {
        "lat" : 49.8717832677,
        "lon" : 8.6260995523,
        "time" : "20140905T121905+0200"
      }, {
        "lat" : 49.8717961706,
        "lon" : 8.6261758616,
        "time" : "20140905T121930+0200"
      }, {
        "lat" : 49.8718040666,
        "lon" : 8.6262420589,
        "time" : "20140905T121945+0200"
      }, {
        "lat" : 49.8718139084,
        "lon" : 8.6263127662,
        "time" : "20140905T122005+0200"
      }, {
        "lat" : 49.8718404578,
        "lon" : 8.6264099861,
        "time" : "20140905T122037+0200"
      }, {
        "lat" : 49.8718649779,
        "lon" : 8.6264646078,
        "time" : "20140905T122055+0200"
      }, {
        "lat" : 49.871955154,
        "lon" : 8.6265427387,
        "time" : "20140905T122120+0200"
      }, {
        "lat" : 49.8731733278,
        "lon" : 8.6273263511,
        "time" : "20140905T122156+0200"
      }, {
        "lat" : 49.8736837538,
        "lon" : 8.6276497704,
        "time" : "20140905T122225+0200"
      }, {
        "lat" : 49.8737961175,
        "lon" : 8.6277010441,
        "time" : "20140905T122245+0200"
      }, {
        "lat" : 49.8739398551,
        "lon" : 8.6276221598,
        "time" : "20140905T122308+0200"
      } ]
    } ],
    "lastUpdate" : "20140905T113456Z"
  }, {
    "type" : "place",
    "startTime" : "20140905T122308+0200",
    "endTime" : "20140905T124547+0200",
    "place" : {
      "id" : 253038823,
      "type" : "unknown",
      "location" : {
        "lat" : 49.8739398551,
        "lon" : 8.6276221598
      }
    },
    "activities" : [ {
      "activity" : "walking",
      "group" : "walking",
      "manual" : false,
      "startTime" : "20140905T122316+0200",
      "endTime" : "20140905T122350+0200",
      "duration" : 34.0,
      "distance" : 20.0,
      "steps" : 40,
      "trackPoints" : [ ]
    } ],
    "lastUpdate" : "20140905T113456Z"
  }, {
    "type" : "move",
    "startTime" : "20140905T124547+0200",
    "endTime" : "20140905T125331+0200",
    "activities" : [ {
      "activity" : "walking",
      "group" : "walking",
      "manual" : false,
      "startTime" : "20140905T124547+0200",
      "endTime" : "20140905T125330+0200",
      "duration" : 463.0,
      "distance" : 460.0,
      "steps" : 816,
      "trackPoints" : [ {
        "lat" : 49.8739398551,
        "lon" : 8.6276221598,
        "time" : "20140905T124547+0200"
      }, {
        "lat" : 49.8739438692,
        "lon" : 8.6276168189,
        "time" : "20140905T124618+0200"
      }, {
        "lat" : 49.873921615,
        "lon" : 8.6276227729,
        "time" : "20140905T124638+0200"
      }, {
        "lat" : 49.8738917064,
        "lon" : 8.6276342684,
        "time" : "20140905T124659+0200"
      }, {
        "lat" : 49.87386167,
        "lon" : 8.6276469877,
        "time" : "20140905T124716+0200"
      }, {
        "lat" : 49.8738232146,
        "lon" : 8.6276641437,
        "time" : "20140905T124736+0200"
      }, {
        "lat" : 49.8737932674,
        "lon" : 8.6276774855,
        "time" : "20140905T124759+0200"
      }, {
        "lat" : 49.8736466059,
        "lon" : 8.6277513301,
        "time" : "20140905T124822+0200"
      }, {
        "lat" : 49.8730146588,
        "lon" : 8.6280789922,
        "time" : "20140905T124838+0200"
      }, {
        "lat" : 49.872604063,
        "lon" : 8.6281244391,
        "time" : "20140905T124858+0200"
      }, {
        "lat" : 49.8722581905,
        "lon" : 8.6276205557,
        "time" : "20140905T124918+0200"
      }, {
        "lat" : 49.8720965751,
        "lon" : 8.6272618981,
        "time" : "20140905T124939+0200"
      }, {
        "lat" : 49.8720562698,
        "lon" : 8.6271011215,
        "time" : "20140905T125000+0200"
      }, {
        "lat" : 49.8720503326,
        "lon" : 8.6270245803,
        "time" : "20140905T125017+0200"
      }, {
        "lat" : 49.8720262121,
        "lon" : 8.6269057215,
        "time" : "20140905T125037+0200"
      }, {
        "lat" : 49.87142138,
        "lon" : 8.6250050257,
        "time" : "20140905T125247+0200"
      }, {
        "lat" : 49.8713899068,
        "lon" : 8.6249140355,
        "time" : "20140905T125307+0200"
      }, {
        "lat" : 49.8712952279,
        "lon" : 8.6249912643,
        "time" : "20140905T125331+0200"
      } ]
    } ],
    "lastUpdate" : "20140905T113456Z"
  }, {
    "type" : "place",
    "startTime" : "20140905T125331+0200",
    "endTime" : "20140905T155112+0200",
    "place" : {
      "id" : 249718361,
      "name" : "Consetto",
      "type" : "work",
      "location" : {
        "lat" : 49.8712952279,
        "lon" : 8.6249912643
      }
    },
    "lastUpdate" : "20140905T160126Z"
  }, {
    "type" : "move",
    "startTime" : "20140905T155112+0200",
    "endTime" : "20140905T155653+0200",
    "activities" : [ {
      "activity" : "walking",
      "group" : "walking",
      "manual" : false,
      "startTime" : "20140905T155112+0200",
      "endTime" : "20140905T155654+0200",
      "duration" : 342.0,
      "distance" : 505.0,
      "steps" : 631,
      "trackPoints" : [ {
        "lat" : 49.8712952279,
        "lon" : 8.6249912643,
        "time" : "20140905T155112+0200"
      }, {
        "lat" : 49.8713374581,
        "lon" : 8.6249166328,
        "time" : "20140905T155136+0200"
      }, {
        "lat" : 49.8713296305,
        "lon" : 8.624926683,
        "time" : "20140905T155157+0200"
      }, {
        "lat" : 49.8713195604,
        "lon" : 8.624939249,
        "time" : "20140905T155213+0200"
      }, {
        "lat" : 49.8713038877,
        "lon" : 8.6249589115,
        "time" : "20140905T155234+0200"
      }, {
        "lat" : 49.8712807436,
        "lon" : 8.6249904489,
        "time" : "20140905T155255+0200"
      }, {
        "lat" : 49.8709107241,
        "lon" : 8.6256357169,
        "time" : "20140905T155334+0200"
      }, {
        "lat" : 49.8708633559,
        "lon" : 8.6260740093,
        "time" : "20140905T155358+0200"
      }, {
        "lat" : 49.8709134908,
        "lon" : 8.6277940746,
        "time" : "20140905T155443+0200"
      }, {
        "lat" : 49.8709124767,
        "lon" : 8.6281334321,
        "time" : "20140905T155503+0200"
      }, {
        "lat" : 49.8709088613,
        "lon" : 8.6282604947,
        "time" : "20140905T155523+0200"
      }, {
        "lat" : 49.8709185068,
        "lon" : 8.6282968658,
        "time" : "20140905T155544+0200"
      }, {
        "lat" : 49.8710207874,
        "lon" : 8.6282477377,
        "time" : "20140905T155606+0200"
      }, {
        "lat" : 49.8725029818,
        "lon" : 8.6276204882,
        "time" : "20140905T155653+0200"
      } ]
    } ],
    "lastUpdate" : "20140905T160126Z"
  }, {
    "type" : "place",
    "startTime" : "20140905T155653+0200",
    "endTime" : "20140905T160106+0200",
    "place" : {
      "id" : 224851777,
      "type" : "unknown",
      "location" : {
        "lat" : 49.8725029818,
        "lon" : 8.6276204882
      }
    },
    "activities" : [ {
      "activity" : "walking",
      "group" : "walking",
      "manual" : false,
      "startTime" : "20140905T160103+0200",
      "endTime" : "20140905T160106+0200",
      "duration" : 3.0,
      "distance" : 2.0,
      "steps" : 4,
      "trackPoints" : [ ]
    } ],
    "lastUpdate" : "20140905T160126Z"
  }, {
    "type" : "move",
    "startTime" : "20140905T160106+0200",
    "endTime" : "20140905T162211+0200",
    "activities" : [ {
      "activity" : "transport",
      "group" : "transport",
      "manual" : false,
      "startTime" : "20140905T160106+0200",
      "endTime" : "20140905T161719+0200",
      "duration" : 973.0,
      "distance" : 3780.0,
      "trackPoints" : [ {
        "lat" : 49.8725029818,
        "lon" : 8.6276204882,
        "time" : "20140905T160106+0200"
      }, {
        "lat" : 49.8719303066,
        "lon" : 8.6274073718,
        "time" : "20140905T160154+0200"
      }, {
        "lat" : 49.8718892952,
        "lon" : 8.6274392543,
        "time" : "20140905T160217+0200"
      }, {
        "lat" : 49.8704650693,
        "lon" : 8.633641477,
        "time" : "20140905T160344+0200"
      }, {
        "lat" : 49.8704447039,
        "lon" : 8.6338388417,
        "time" : "20140905T160404+0200"
      }, {
        "lat" : 49.8707275586,
        "lon" : 8.6359693743,
        "time" : "20140905T160434+0200"
      }, {
        "lat" : 49.8708073044,
        "lon" : 8.6365274842,
        "time" : "20140905T160456+0200"
      }, {
        "lat" : 49.870821181,
        "lon" : 8.6366220395,
        "time" : "20140905T160514+0200"
      }, {
        "lat" : 49.8716604157,
        "lon" : 8.6431053977,
        "time" : "20140905T160634+0200"
      }, {
        "lat" : 49.871662205,
        "lon" : 8.6431259241,
        "time" : "20140905T160657+0200"
      }, {
        "lat" : 49.872942293,
        "lon" : 8.6505690508,
        "time" : "20140905T160824+0200"
      }, {
        "lat" : 49.8729458035,
        "lon" : 8.6506155271,
        "time" : "20140905T160843+0200"
      }, {
        "lat" : 49.8729485779,
        "lon" : 8.6506341582,
        "time" : "20140905T160907+0200"
      }, {
        "lat" : 49.8729478397,
        "lon" : 8.6506312448,
        "time" : "20140905T160926+0200"
      }, {
        "lat" : 49.8729474179,
        "lon" : 8.6506304267,
        "time" : "20140905T160943+0200"
      }, {
        "lat" : 49.8729490085,
        "lon" : 8.6506393984,
        "time" : "20140905T161005+0200"
      }, {
        "lat" : 49.8729522852,
        "lon" : 8.6506539919,
        "time" : "20140905T161022+0200"
      }, {
        "lat" : 49.8747847558,
        "lon" : 8.6565657669,
        "time" : "20140905T161201+0200"
      }, {
        "lat" : 49.8783247111,
        "lon" : 8.6663786402,
        "time" : "20140905T161455+0200"
      }, {
        "lat" : 49.8783247111,
        "lon" : 8.6663786402,
        "time" : "20140905T161519+0200"
      }, {
        "lat" : 49.8783247111,
        "lon" : 8.6663786402,
        "time" : "20140905T161549+0200"
      }, {
        "lat" : 49.8785188794,
        "lon" : 8.6671082573,
        "time" : "20140905T161649+0200"
      }, {
        "lat" : 49.8791341386,
        "lon" : 8.6691333601,
        "time" : "20140905T161718+0200"
      } ]
    }, {
      "activity" : "walking",
      "group" : "walking",
      "manual" : false,
      "startTime" : "20140905T161718+0200",
      "endTime" : "20140905T162211+0200",
      "duration" : 293.0,
      "distance" : 358.0,
      "steps" : 546,
      "trackPoints" : [ {
        "lat" : 49.8791341386,
        "lon" : 8.6691333601,
        "time" : "20140905T161718+0200"
      }, {
        "lat" : 49.8794527054,
        "lon" : 8.6691080663,
        "time" : "20140905T161742+0200"
      }, {
        "lat" : 49.8799484685,
        "lon" : 8.6690889728,
        "time" : "20140905T161813+0200"
      }, {
        "lat" : 49.8802462389,
        "lon" : 8.6691224119,
        "time" : "20140905T161833+0200"
      }, {
        "lat" : 49.8804462442,
        "lon" : 8.6691376709,
        "time" : "20140905T161851+0200"
      }, {
        "lat" : 49.8805448295,
        "lon" : 8.6691381813,
        "time" : "20140905T161911+0200"
      }, {
        "lat" : 49.8805621562,
        "lon" : 8.6691166955,
        "time" : "20140905T161929+0200"
      }, {
        "lat" : 49.8805623314,
        "lon" : 8.6690853035,
        "time" : "20140905T162000+0200"
      }, {
        "lat" : 49.8805632125,
        "lon" : 8.6690741255,
        "time" : "20140905T162021+0200"
      }, {
        "lat" : 49.8805856792,
        "lon" : 8.669098794,
        "time" : "20140905T162043+0200"
      }, {
        "lat" : 49.8806386075,
        "lon" : 8.6691541778,
        "time" : "20140905T162104+0200"
      }, {
        "lat" : 49.8812089692,
        "lon" : 8.66964428,
        "time" : "20140905T162133+0200"
      }, {
        "lat" : 49.8815741816,
        "lon" : 8.6699570586,
        "time" : "20140905T162151+0200"
      }, {
        "lat" : 49.8819996044,
        "lon" : 8.6702592175,
        "time" : "20140905T162211+0200"
      } ]
    } ],
    "lastUpdate" : "20140905T160126Z"
  }, {
    "type" : "place",
    "startTime" : "20140905T162212+0200",
    "endTime" : "20140906T091115+0200",
    "place" : {
      "id" : 251291724,
      "name" : "Home",
      "type" : "home",
      "location" : {
        "lat" : 49.8819996044,
        "lon" : 8.6702592175
      }
    },
    "activities" : [ {
      "activity" : "walking",
      "group" : "walking",
      "manual" : false,
      "startTime" : "20140905T162212+0200",
      "endTime" : "20140905T162228+0200",
      "duration" : 16.0,
      "distance" : 11.0,
      "steps" : 21,
      "trackPoints" : [ ]
    }, {
      "activity" : "walking",
      "group" : "walking",
      "manual" : false,
      "startTime" : "20140905T170924+0200",
      "endTime" : "20140905T171822+0200",
      "duration" : 538.0,
      "distance" : 650.0,
      "steps" : 867,
      "trackPoints" : [ ]
    }, {
      "activity" : "walking",
      "group" : "walking",
      "manual" : false,
      "startTime" : "20140905T180000+0200",
      "endTime" : "20140905T180053+0200",
      "duration" : 53.0,
      "distance" : 36.0,
      "steps" : 72,
      "trackPoints" : [ ]
    }, {
      "activity" : "walking",
      "group" : "walking",
      "manual" : false,
      "startTime" : "20140905T215729+0200",
      "endTime" : "20140905T215759+0200",
      "duration" : 30.0,
      "distance" : 15.0,
      "steps" : 20,
      "trackPoints" : [ ]
    }, {
      "activity" : "walking",
      "group" : "walking",
      "manual" : false,
      "startTime" : "20140905T221823+0200",
      "endTime" : "20140905T221824+0200",
      "duration" : 1.0,
      "distance" : 1.0,
      "steps" : 1,
      "trackPoints" : [ ]
    }, {
      "activity" : "walking",
      "group" : "walking",
      "manual" : false,
      "startTime" : "20140905T231656+0200",
      "endTime" : "20140905T231731+0200",
      "duration" : 35.0,
      "distance" : 19.0,
      "steps" : 37,
      "trackPoints" : [ ]
    } ],
    "lastUpdate" : "20140906T100028Z"
  } ],
  "lastUpdate" : "20140907T092402Z"
} ]