[ {
  "date" : "20140701",
  "summary" : [ {
    "activity" : "walking",
    "group" : "walking",
    "duration" : 8598.0,
    "distance" : 9836.0,
    "steps" : 13234
  }, {
    "activity" : "transport",
    "group" : "transport",
    "duration" : 1467.0,
    "distance" : 4408.0
  } ],
  "segments" : [ {
    "type" : "place",
    "startTime" : "20140630T185214+0200",
    "endTime" : "20140701T084319+0200",
    "place" : {
      "id" : 222568631,
      "type" : "unknown",
      "location" : {
        "lat" : 49.8819681239,
        "lon" : 8.6703339401
      }
    },
    "activities" : [ {
      "activity" : "walking",
      "group" : "walking",
      "manual" : false,
      "startTime" : "20140701T000426+0200",
      "endTime" : "20140701T000456+0200",
      "duration" : 30.0,
      "distance" : 15.0,
      "steps" : 30,
      "trackPoints" : [ ]
    }, {
      "activity" : "walking",
      "group" : "walking",
      "manual" : false,
      "startTime" : "20140701T083254+0200",
      "endTime" : "20140701T083734+0200",
      "duration" : 280.0,
      "distance" : 348.0,
      "steps" : 464,
      "trackPoints" : [ ]
    } ],
    "lastUpdate" : "20140701T071613Z"
  }, {
    "type" : "move",
    "startTime" : "20140701T084319+0200",
    "endTime" : "20140701T085015+0200",
    "activities" : [ {
      "activity" : "walking",
      "group" : "walking",
      "manual" : false,
      "startTime" : "20140701T084319+0200",
      "endTime" : "20140701T085015+0200",
      "duration" : 416.0,
      "distance" : 825.0,
      "steps" : 688,
      "trackPoints" : [ {
        "lat" : 49.8819681239,
        "lon" : 8.6703339401,
        "time" : "20140701T084319+0200"
      }, {
        "lat" : 49.8829184626,
        "lon" : 8.6680230171,
        "time" : "20140701T084339+0200"
      }, {
        "lat" : 49.8828665267,
        "lon" : 8.6679230982,
        "time" : "20140701T084359+0200"
      }, {
        "lat" : 49.8776796368,
        "lon" : 8.6579453839,
        "time" : "20140701T084717+0200"
      }, {
        "lat" : 49.8775939038,
        "lon" : 8.6577035404,
        "time" : "20140701T084742+0200"
      }, {
        "lat" : 49.877599235,
        "lon" : 8.6577029361,
        "time" : "20140701T084806+0200"
      }, {
        "lat" : 49.8775885869,
        "lon" : 8.6575838553,
        "time" : "20140701T084822+0200"
      }, {
        "lat" : 49.8775685927,
        "lon" : 8.6573779027,
        "time" : "20140701T084841+0200"
      }, {
        "lat" : 49.877529497,
        "lon" : 8.6571106278,
        "time" : "20140701T084916+0200"
      }, {
        "lat" : 49.8774109092,
        "lon" : 8.6570424767,
        "time" : "20140701T084948+0200"
      }, {
        "lat" : 49.877662904,
        "lon" : 8.654577692,
        "time" : "20140701T085015+0200"
      } ]
    } ],
    "lastUpdate" : "20140701T071613Z"
  }, {
    "type" : "place",
    "startTime" : "20140701T085015+0200",
    "endTime" : "20140701T130659+0200",
    "place" : {
      "id" : 223098012,
      "type" : "unknown",
      "location" : {
        "lat" : 49.877662904,
        "lon" : 8.654577692
      }
    },
    "activities" : [ {
      "activity" : "walking",
      "group" : "walking",
      "manual" : false,
      "startTime" : "20140701T085015+0200",
      "endTime" : "20140701T085106+0200",
      "duration" : 51.0,
      "distance" : 37.0,
      "steps" : 74,
      "trackPoints" : [ ]
    }, {
      "activity" : "walking",
      "group" : "walking",
      "manual" : false,
      "startTime" : "20140701T101704+0200",
      "endTime" : "20140701T101827+0200",
      "duration" : 83.0,
      "distance" : 56.0,
      "steps" : 112,
      "trackPoints" : [ ]
    }, {
      "activity" : "walking",
      "group" : "walking",
      "manual" : false,
      "startTime" : "20140701T110251+0200",
      "endTime" : "20140701T110254+0200",
      "duration" : 3.0,
      "distance" : 2.0,
      "steps" : 3,
      "trackPoints" : [ ]
    }, {
      "activity" : "walking",
      "group" : "walking",
      "manual" : false,
      "startTime" : "20140701T122749+0200",
      "endTime" : "20140701T123435+0200",
      "duration" : 406.0,
      "distance" : 482.0,
      "steps" : 643,
      "trackPoints" : [ ]
    }, {
      "activity" : "walking",
      "group" : "walking",
      "manual" : false,
      "startTime" : "20140701T130000+0200",
      "endTime" : "20140701T130141+0200",
      "duration" : 101.0,
      "distance" : 75.0,
      "steps" : 151,
      "trackPoints" : [ ]
    } ],
    "lastUpdate" : "20140701T131503Z"
  }, {
    "type" : "move",
    "startTime" : "20140701T130659+0200",
    "endTime" : "20140701T131302+0200",
    "activities" : [ {
      "activity" : "walking",
      "group" : "walking",
      "manual" : false,
      "startTime" : "20140701T130659+0200",
      "endTime" : "20140701T131303+0200",
      "duration" : 364.0,
      "distance" : 500.0,
      "steps" : 538,
      "trackPoints" : [ {
        "lat" : 49.877662904,
        "lon" : 8.654577692,
        "time" : "20140701T130659+0200"
      }, {
        "lat" : 49.8762295837,
        "lon" : 8.6571465638,
        "time" : "20140701T130719+0200"
      }, {
        "lat" : 49.8762553826,
        "lon" : 8.657112572,
        "time" : "20140701T130750+0200"
      }, {
        "lat" : 49.8762717658,
        "lon" : 8.6570882497,
        "time" : "20140701T130810+0200"
      }, {
        "lat" : 49.876285664,
        "lon" : 8.6570653112,
        "time" : "20140701T130829+0200"
      }, {
        "lat" : 49.8762965264,
        "lon" : 8.6570346842,
        "time" : "20140701T130854+0200"
      }, {
        "lat" : 49.876311037,
        "lon" : 8.6569969044,
        "time" : "20140701T130918+0200"
      }, {
        "lat" : 49.8763328171,
        "lon" : 8.6569573957,
        "time" : "20140701T130941+0200"
      }, {
        "lat" : 49.8763472094,
        "lon" : 8.6569336034,
        "time" : "20140701T130957+0200"
      }, {
        "lat" : 49.8763617615,
        "lon" : 8.6569210341,
        "time" : "20140701T131016+0200"
      }, {
        "lat" : 49.876385337,
        "lon" : 8.6569063701,
        "time" : "20140701T131032+0200"
      }, {
        "lat" : 49.8764012843,
        "lon" : 8.6568786349,
        "time" : "20140701T131048+0200"
      }, {
        "lat" : 49.8765303009,
        "lon" : 8.6565685563,
        "time" : "20140701T131107+0200"
      }, {
        "lat" : 49.8769565239,
        "lon" : 8.6556150005,
        "time" : "20140701T131129+0200"
      }, {
        "lat" : 49.8770915232,
        "lon" : 8.6554388635,
        "time" : "20140701T131150+0200"
      }, {
        "lat" : 49.8771432916,
        "lon" : 8.6554722848,
        "time" : "20140701T131209+0200"
      }, {
        "lat" : 49.8772046761,
        "lon" : 8.6555319466,
        "time" : "20140701T131235+0200"
      }, {
        "lat" : 49.877662904,
        "lon" : 8.654577692,
        "time" : "20140701T131302+0200"
      } ]
    } ],
    "lastUpdate" : "20140701T131503Z"
  }, {
    "type" : "place",
    "startTime" : "20140701T131302+0200",
    "endTime" : "20140701T151509+0200",
    "place" : {
      "id" : 223098012,
      "type" : "unknown",
      "location" : {
        "lat" : 49.877662904,
        "lon" : 8.654577692
      }
    },
    "activities" : [ {
      "activity" : "walking",
      "group" : "walking",
      "manual" : false,
      "startTime" : "20140701T131649+0200",
      "endTime" : "20140701T131651+0200",
      "duration" : 2.0,
      "distance" : 1.0,
      "steps" : 2,
      "trackPoints" : [ ]
    }, {
      "activity" : "walking",
      "group" : "walking",
      "manual" : false,
      "startTime" : "20140701T150445+0200",
      "endTime" : "20140701T150648+0200",
      "duration" : 123.0,
      "distance" : 122.0,
      "steps" : 162,
      "trackPoints" : [ ]
    } ],
    "lastUpdate" : "20140701T150148Z"
  }, {
    "type" : "move",
    "startTime" : "20140701T151509+0200",
    "endTime" : "20140701T151905+0200",
    "activities" : [ {
      "activity" : "walking",
      "group" : "walking",
      "manual" : false,
      "startTime" : "20140701T151509+0200",
      "endTime" : "20140701T151906+0200",
      "duration" : 237.0,
      "distance" : 430.0,
      "steps" : 359,
      "trackPoints" : [ {
        "lat" : 49.877662904,
        "lon" : 8.654577692,
        "time" : "20140701T151509+0200"
      }, {
        "lat" : 49.8772533584,
        "lon" : 8.6557388326,
        "time" : "20140701T151529+0200"
      }, {
        "lat" : 49.8772305345,
        "lon" : 8.6557359168,
        "time" : "20140701T151551+0200"
      }, {
        "lat" : 49.8772076261,
        "lon" : 8.655734302,
        "time" : "20140701T151607+0200"
      }, {
        "lat" : 49.8771737828,
        "lon" : 8.6557305989,
        "time" : "20140701T151635+0200"
      }, {
        "lat" : 49.8766474839,
        "lon" : 8.6558263699,
        "time" : "20140701T151701+0200"
      }, {
        "lat" : 49.8763525891,
        "lon" : 8.655990733,
        "time" : "20140701T151721+0200"
      }, {
        "lat" : 49.8763148394,
        "lon" : 8.6563336079,
        "time" : "20140701T151739+0200"
      }, {
        "lat" : 49.8763391538,
        "lon" : 8.6565920491,
        "time" : "20140701T151755+0200"
      }, {
        "lat" : 49.8763622047,
        "lon" : 8.6567086376,
        "time" : "20140701T151815+0200"
      }, {
        "lat" : 49.8763642038,
        "lon" : 8.6567779277,
        "time" : "20140701T151846+0200"
      }, {
        "lat" : 49.877662904,
        "lon" : 8.654577692,
        "time" : "20140701T151905+0200"
      } ]
    } ],
    "lastUpdate" : "20140701T150148Z"
  }, {
    "type" : "place",
    "startTime" : "20140701T151905+0200",
    "endTime" : "20140701T152810+0200",
    "place" : {
      "id" : 223098012,
      "type" : "unknown",
      "location" : {
        "lat" : 49.877662904,
        "lon" : 8.654577692
      }
    },
    "activities" : [ {
      "activity" : "walking",
      "group" : "walking",
      "manual" : false,
      "startTime" : "20140701T151905+0200",
      "endTime" : "20140701T152629+0200",
      "duration" : 444.0,
      "distance" : 576.0,
      "steps" : 767,
      "trackPoints" : [ ]
    } ],
    "lastUpdate" : "20140701T150148Z"
  }, {
    "type" : "move",
    "startTime" : "20140701T152810+0200",
    "endTime" : "20140701T154620+0200",
    "activities" : [ {
      "activity" : "transport",
      "group" : "transport",
      "manual" : false,
      "startTime" : "20140701T152810+0200",
      "endTime" : "20140701T153736+0200",
      "duration" : 566.0,
      "distance" : 2010.0,
      "trackPoints" : [ {
        "lat" : 49.877662904,
        "lon" : 8.654577692,
        "time" : "20140701T152810+0200"
      }, {
        "lat" : 49.8725289166,
        "lon" : 8.6315287039,
        "time" : "20140701T153736+0200"
      } ]
    }, {
      "activity" : "walking",
      "group" : "walking",
      "manual" : false,
      "startTime" : "20140701T153736+0200",
      "endTime" : "20140701T154620+0200",
      "duration" : 524.0,
      "distance" : 430.0,
      "steps" : 779,
      "trackPoints" : [ {
        "lat" : 49.8725289166,
        "lon" : 8.6315287039,
        "time" : "20140701T153736+0200"
      }, {
        "lat" : 49.8725421925,
        "lon" : 8.6312872958,
        "time" : "20140701T153809+0200"
      }, {
        "lat" : 49.872121548,
        "lon" : 8.6311140803,
        "time" : "20140701T154142+0200"
      }, {
        "lat" : 49.8720461419,
        "lon" : 8.6313997873,
        "time" : "20140701T154223+0200"
      }, {
        "lat" : 49.8720601371,
        "lon" : 8.6313980661,
        "time" : "20140701T154239+0200"
      }, {
        "lat" : 49.8720681674,
        "lon" : 8.6313457397,
        "time" : "20140701T154259+0200"
      }, {
        "lat" : 49.8726329165,
        "lon" : 8.6293380704,
        "time" : "20140701T154518+0200"
      }, {
        "lat" : 49.8725029818,
        "lon" : 8.6276204882,
        "time" : "20140701T154620+0200"
      } ]
    } ],
    "lastUpdate" : "20140701T150148Z"
  }, {
    "type" : "place",
    "startTime" : "20140701T154621+0200",
    "endTime" : "20140701T155021+0200",
    "place" : {
      "id" : 224851777,
      "type" : "unknown",
      "location" : {
        "lat" : 49.8725029818,
        "lon" : 8.6276204882
      }
    },
    "activities" : [ {
      "activity" : "walking",
      "group" : "walking",
      "manual" : false,
      "startTime" : "20140701T154621+0200",
      "endTime" : "20140701T154622+0200",
      "duration" : 1.0,
      "distance" : 1.0,
      "steps" : 2,
      "trackPoints" : [ ]
    } ],
    "lastUpdate" : "20140701T150148Z"
  }, {
    "type" : "move",
    "startTime" : "20140701T155021+0200",
    "endTime" : "20140701T162542+0200",
    "activities" : [ {
      "activity" : "walking",
      "group" : "walking",
      "manual" : false,
      "startTime" : "20140701T155021+0200",
      "endTime" : "20140701T162542+0200",
      "duration" : 2121.0,
      "distance" : 2224.0,
      "steps" : 3267,
      "trackPoints" : [ {
        "lat" : 49.8725029818,
        "lon" : 8.6276204882,
        "time" : "20140701T155021+0200"
      }, {
        "lat" : 49.87248734,
        "lon" : 8.6274625041,
        "time" : "20140701T155125+0200"
      }, {
        "lat" : 49.8723819552,
        "lon" : 8.6270447986,
        "time" : "20140701T155156+0200"
      }, {
        "lat" : 49.872318778,
        "lon" : 8.6272108108,
        "time" : "20140701T155217+0200"
      }, {
        "lat" : 49.8712938532,
        "lon" : 8.6278714255,
        "time" : "20140701T155404+0200"
      }, {
        "lat" : 49.8711729368,
        "lon" : 8.6272753526,
        "time" : "20140701T155447+0200"
      }, {
        "lat" : 49.8710768417,
        "lon" : 8.6271316158,
        "time" : "20140701T155535+0200"
      }, {
        "lat" : 49.8709560727,
        "lon" : 8.6254042582,
        "time" : "20140701T155750+0200"
      }, {
        "lat" : 49.8702227447,
        "lon" : 8.6241997972,
        "time" : "20140701T155959+0200"
      }, {
        "lat" : 49.8702226881,
        "lon" : 8.6241997043,
        "time" : "20140701T160000+0200"
      }, {
        "lat" : 49.8697622617,
        "lon" : 8.623443473,
        "time" : "20140701T160121+0200"
      }, {
        "lat" : 49.8695145273,
        "lon" : 8.62309335,
        "time" : "20140701T160451+0200"
      }, {
        "lat" : 49.8691650787,
        "lon" : 8.6228455336,
        "time" : "20140701T160551+0200"
      }, {
        "lat" : 49.8691720962,
        "lon" : 8.6226947729,
        "time" : "20140701T160608+0200"
      }, {
        "lat" : 49.8689918108,
        "lon" : 8.6214048894,
        "time" : "20140701T160738+0200"
      }, {
        "lat" : 49.8703719531,
        "lon" : 8.6210154341,
        "time" : "20140701T160952+0200"
      }, {
        "lat" : 49.8709870169,
        "lon" : 8.6199620618,
        "time" : "20140701T161121+0200"
      }, {
        "lat" : 49.8710019175,
        "lon" : 8.6197397577,
        "time" : "20140701T161149+0200"
      }, {
        "lat" : 49.870948589,
        "lon" : 8.6193749243,
        "time" : "20140701T161211+0200"
      }, {
        "lat" : 49.8716365308,
        "lon" : 8.6180944807,
        "time" : "20140701T161447+0200"
      }, {
        "lat" : 49.8717701986,
        "lon" : 8.618120816,
        "time" : "20140701T161502+0200"
      }, {
        "lat" : 49.8719469837,
        "lon" : 8.6181304336,
        "time" : "20140701T161522+0200"
      }, {
        "lat" : 49.8721713379,
        "lon" : 8.6181642101,
        "time" : "20140701T161537+0200"
      }, {
        "lat" : 49.8726977944,
        "lon" : 8.6183204627,
        "time" : "20140701T161638+0200"
      }, {
        "lat" : 49.8727437672,
        "lon" : 8.6183363023,
        "time" : "20140701T161656+0200"
      }, {
        "lat" : 49.8733814148,
        "lon" : 8.619034853,
        "time" : "20140701T161826+0200"
      }, {
        "lat" : 49.8733372769,
        "lon" : 8.619768177,
        "time" : "20140701T161902+0200"
      }, {
        "lat" : 49.8733080403,
        "lon" : 8.6200188982,
        "time" : "20140701T161917+0200"
      }, {
        "lat" : 49.8717320713,
        "lon" : 8.62120996,
        "time" : "20140701T162156+0200"
      }, {
        "lat" : 49.8715417078,
        "lon" : 8.6212741614,
        "time" : "20140701T162211+0200"
      }, {
        "lat" : 49.8707081225,
        "lon" : 8.6217156612,
        "time" : "20140701T162316+0200"
      }, {
        "lat" : 49.870683262,
        "lon" : 8.6238991863,
        "time" : "20140701T162519+0200"
      }, {
        "lat" : 49.8708470565,
        "lon" : 8.6244740046,
        "time" : "20140701T162542+0200"
      } ]
    } ],
    "lastUpdate" : "20140701T150148Z"
  }, {
    "type" : "move",
    "startTime" : "20140701T162542+0200",
    "endTime" : "20140701T162641+0200",
    "activities" : [ {
      "activity" : "walking",
      "group" : "walking",
      "manual" : false,
      "startTime" : "20140701T162542+0200",
      "endTime" : "20140701T162642+0200",
      "duration" : 60.0,
      "distance" : 46.0,
      "steps" : 92,
      "trackPoints" : [ {
        "lat" : 49.8708456991,
        "lon" : 8.6244869838,
        "time" : "20140701T162542+0200"
      }, {
        "lat" : 49.8707887592,
        "lon" : 8.6250159454,
        "time" : "20140701T162641+0200"
      } ]
    } ],
    "lastUpdate" : "20140701T161616Z"
  }, {
    "type" : "place",
    "startTime" : "20140701T162642+0200",
    "endTime" : "20140701T165942+0200",
    "place" : {
      "id" : 224879886,
      "type" : "unknown",
      "location" : {
        "lat" : 49.8707887592,
        "lon" : 8.6250159454
      }
    },
    "activities" : [ {
      "activity" : "walking",
      "group" : "walking",
      "manual" : false,
      "startTime" : "20140701T162715+0200",
      "endTime" : "20140701T163025+0200",
      "duration" : 190.0,
      "distance" : 202.0,
      "steps" : 269,
      "trackPoints" : [ ]
    } ],
    "lastUpdate" : "20140701T161616Z"
  }, {
    "type" : "move",
    "startTime" : "20140701T165942+0200",
    "endTime" : "20140701T171039+0200",
    "activities" : [ {
      "activity" : "walking",
      "group" : "walking",
      "manual" : false,
      "startTime" : "20140701T165942+0200",
      "endTime" : "20140701T171040+0200",
      "duration" : 658.0,
      "distance" : 641.0,
      "steps" : 947,
      "trackPoints" : [ {
        "lat" : 49.8707887592,
        "lon" : 8.6250159454,
        "time" : "20140701T165942+0200"
      }, {
        "lat" : 49.8707852221,
        "lon" : 8.6250144772,
        "time" : "20140701T165959+0200"
      }, {
        "lat" : 49.8707852201,
        "lon" : 8.6250144764,
        "time" : "20140701T170000+0200"
      }, {
        "lat" : 49.8707676995,
        "lon" : 8.625007204,
        "time" : "20140701T170129+0200"
      }, {
        "lat" : 49.8723167406,
        "lon" : 8.6277664527,
        "time" : "20140701T170500+0200"
      }, {
        "lat" : 49.8723781086,
        "lon" : 8.6313760102,
        "time" : "20140701T170830+0200"
      }, {
        "lat" : 49.8722318034,
        "lon" : 8.6316007022,
        "time" : "20140701T171039+0200"
      } ]
    } ],
    "lastUpdate" : "20140701T161616Z"
  }, {
    "type" : "place",
    "startTime" : "20140701T171040+0200",
    "endTime" : "20140701T171554+0200",
    "place" : {
      "id" : 224879887,
      "type" : "unknown",
      "location" : {
        "lat" : 49.8722318034,
        "lon" : 8.6316007022
      }
    },
    "activities" : [ {
      "activity" : "walking",
      "group" : "walking",
      "manual" : false,
      "startTime" : "20140701T171121+0200",
      "endTime" : "20140701T171152+0200",
      "duration" : 31.0,
      "distance" : 21.0,
      "steps" : 41,
      "trackPoints" : [ ]
    } ],
    "lastUpdate" : "20140701T161616Z"
  }, {
    "type" : "move",
    "startTime" : "20140701T171554+0200",
    "endTime" : "20140701T173546+0200",
    "activities" : [ {
      "activity" : "transport",
      "group" : "transport",
      "manual" : false,
      "startTime" : "20140701T171554+0200",
      "endTime" : "20140701T172224+0200",
      "duration" : 390.0,
      "distance" : 1687.0,
      "trackPoints" : [ {
        "lat" : 49.8722318034,
        "lon" : 8.6316007022,
        "time" : "20140701T171554+0200"
      }, {
        "lat" : 49.8715961396,
        "lon" : 8.6420703561,
        "time" : "20140701T171925+0200"
      }, {
        "lat" : 49.872863835,
        "lon" : 8.6518251007,
        "time" : "20140701T172223+0200"
      } ]
    }, {
      "activity" : "walking",
      "group" : "walking",
      "manual" : false,
      "startTime" : "20140701T172223+0200",
      "endTime" : "20140701T173545+0200",
      "duration" : 802.0,
      "distance" : 884.0,
      "steps" : 1159,
      "trackPoints" : [ {
        "lat" : 49.872863835,
        "lon" : 8.6518251007,
        "time" : "20140701T172223+0200"
      }, {
        "lat" : 49.8728493838,
        "lon" : 8.6520395653,
        "time" : "20140701T172258+0200"
      }, {
        "lat" : 49.8728439704,
        "lon" : 8.6520537208,
        "time" : "20140701T172509+0200"
      }, {
        "lat" : 49.872844821,
        "lon" : 8.6520549994,
        "time" : "20140701T172524+0200"
      }, {
        "lat" : 49.8728461886,
        "lon" : 8.6520570777,
        "time" : "20140701T172549+0200"
      }, {
        "lat" : 49.8728474045,
        "lon" : 8.6520589074,
        "time" : "20140701T172604+0200"
      }, {
        "lat" : 49.872849729,
        "lon" : 8.6520623763,
        "time" : "20140701T172624+0200"
      }, {
        "lat" : 49.8728532046,
        "lon" : 8.6520675408,
        "time" : "20140701T172644+0200"
      }, {
        "lat" : 49.8728606593,
        "lon" : 8.6520785905,
        "time" : "20140701T172707+0200"
      }, {
        "lat" : 49.8760892615,
        "lon" : 8.6567998198,
        "time" : "20140701T173027+0200"
      }, {
        "lat" : 49.8762251276,
        "lon" : 8.6569628076,
        "time" : "20140701T173044+0200"
      }, {
        "lat" : 49.8763019895,
        "lon" : 8.6570245008,
        "time" : "20140701T173107+0200"
      }, {
        "lat" : 49.8763185854,
        "lon" : 8.6570106055,
        "time" : "20140701T173127+0200"
      }, {
        "lat" : 49.8763129659,
        "lon" : 8.6570045297,
        "time" : "20140701T173148+0200"
      }, {
        "lat" : 49.8762986281,
        "lon" : 8.6570036388,
        "time" : "20140701T173207+0200"
      }, {
        "lat" : 49.8762906254,
        "lon" : 8.6570037021,
        "time" : "20140701T173228+0200"
      }, {
        "lat" : 49.8762901521,
        "lon" : 8.6569999137,
        "time" : "20140701T173248+0200"
      }, {
        "lat" : 49.8762914334,
        "lon" : 8.6570000251,
        "time" : "20140701T173308+0200"
      }, {
        "lat" : 49.8762913604,
        "lon" : 8.6570154166,
        "time" : "20140701T173328+0200"
      }, {
        "lat" : 49.8762887031,
        "lon" : 8.6570344416,
        "time" : "20140701T173348+0200"
      }, {
        "lat" : 49.8762748325,
        "lon" : 8.6570461075,
        "time" : "20140701T173409+0200"
      }, {
        "lat" : 49.8762677158,
        "lon" : 8.6570538469,
        "time" : "20140701T173447+0200"
      }, {
        "lat" : 49.876240593,
        "lon" : 8.6570813781,
        "time" : "20140701T173513+0200"
      }, {
        "lat" : 49.876193534,
        "lon" : 8.6571312003,
        "time" : "20140701T173530+0200"
      }, {
        "lat" : 49.877662904,
        "lon" : 8.654577692,
        "time" : "20140701T173546+0200"
      } ]
    } ],
    "lastUpdate" : "20140701T161616Z"
  }, {
    "type" : "place",
    "startTime" : "20140701T173546+0200",
    "endTime" : "20140701T183342+0200",
    "place" : {
      "id" : 223098012,
      "type" : "unknown",
      "location" : {
        "lat" : 49.877662904,
        "lon" : 8.654577692
      }
    },
    "activities" : [ {
      "activity" : "walking",
      "group" : "walking",
      "manual" : false,
      "startTime" : "20140701T181849+0200",
      "endTime" : "20140701T182422+0200",
      "duration" : 333.0,
      "distance" : 379.0,
      "steps" : 505,
      "trackPoints" : [ ]
    } ],
    "lastUpdate" : "20140701T181817Z"
  }, {
    "type" : "move",
    "startTime" : "20140701T183342+0200",
    "endTime" : "20140701T185535+0200",
    "activities" : [ {
      "activity" : "walking",
      "group" : "walking",
      "manual" : false,
      "startTime" : "20140701T183342+0200",
      "endTime" : "20140701T184159+0200",
      "duration" : 497.0,
      "distance" : 519.0,
      "steps" : 688,
      "trackPoints" : [ {
        "lat" : 49.877662904,
        "lon" : 8.654577692,
        "time" : "20140701T183342+0200"
      }, {
        "lat" : 49.8763947142,
        "lon" : 8.6569607583,
        "time" : "20140701T183415+0200"
      }, {
        "lat" : 49.8764151841,
        "lon" : 8.65697407,
        "time" : "20140701T183433+0200"
      }, {
        "lat" : 49.876444075,
        "lon" : 8.6569926287,
        "time" : "20140701T183453+0200"
      }, {
        "lat" : 49.8764720186,
        "lon" : 8.6570076379,
        "time" : "20140701T183510+0200"
      }, {
        "lat" : 49.8765037735,
        "lon" : 8.6569887873,
        "time" : "20140701T183529+0200"
      }, {
        "lat" : 49.8766400915,
        "lon" : 8.657150629,
        "time" : "20140701T183616+0200"
      }, {
        "lat" : 49.8766783992,
        "lon" : 8.6572983214,
        "time" : "20140701T183632+0200"
      }, {
        "lat" : 49.8767162034,
        "lon" : 8.6573727407,
        "time" : "20140701T183652+0200"
      }, {
        "lat" : 49.8768514168,
        "lon" : 8.657377507,
        "time" : "20140701T183713+0200"
      }, {
        "lat" : 49.8773931255,
        "lon" : 8.6573708098,
        "time" : "20140701T183737+0200"
      }, {
        "lat" : 49.8775774308,
        "lon" : 8.6574346445,
        "time" : "20140701T183801+0200"
      }, {
        "lat" : 49.8776254551,
        "lon" : 8.657860353,
        "time" : "20140701T183836+0200"
      }, {
        "lat" : 49.8776413368,
        "lon" : 8.6580518039,
        "time" : "20140701T183857+0200"
      }, {
        "lat" : 49.877653817,
        "lon" : 8.6581888391,
        "time" : "20140701T183922+0200"
      }, {
        "lat" : 49.8776615725,
        "lon" : 8.6582580139,
        "time" : "20140701T183943+0200"
      }, {
        "lat" : 49.8776692781,
        "lon" : 8.6583060387,
        "time" : "20140701T184004+0200"
      }, {
        "lat" : 49.8776784334,
        "lon" : 8.658343125,
        "time" : "20140701T184024+0200"
      }, {
        "lat" : 49.8776960054,
        "lon" : 8.65839275,
        "time" : "20140701T184049+0200"
      }, {
        "lat" : 49.8777209934,
        "lon" : 8.6584524713,
        "time" : "20140701T184111+0200"
      }, {
        "lat" : 49.8777622659,
        "lon" : 8.6585442708,
        "time" : "20140701T184132+0200"
      }, {
        "lat" : 49.8778491983,
        "lon" : 8.6587325271,
        "time" : "20140701T184159+0200"
      } ]
    }, {
      "activity" : "transport",
      "group" : "transport",
      "manual" : false,
      "startTime" : "20140701T184159+0200",
      "endTime" : "20140701T185030+0200",
      "duration" : 511.0,
      "distance" : 711.0,
      "trackPoints" : [ {
        "lat" : 49.8778491983,
        "lon" : 8.6587325271,
        "time" : "20140701T184159+0200"
      }, {
        "lat" : 49.8805020858,
        "lon" : 8.6645722323,
        "time" : "20140701T184911+0200"
      }, {
        "lat" : 49.8810643413,
        "lon" : 8.6650707042,
        "time" : "20140701T184931+0200"
      }, {
        "lat" : 49.8812913083,
        "lon" : 8.6653871193,
        "time" : "20140701T185030+0200"
      } ]
    }, {
      "activity" : "walking",
      "group" : "walking",
      "manual" : false,
      "startTime" : "20140701T185030+0200",
      "endTime" : "20140701T185535+0200",
      "duration" : 305.0,
      "distance" : 477.0,
      "steps" : 540,
      "trackPoints" : [ {
        "lat" : 49.8812913083,
        "lon" : 8.6653871193,
        "time" : "20140701T185030+0200"
      }, {
        "lat" : 49.8812651455,
        "lon" : 8.6653275774,
        "time" : "20140701T185052+0200"
      }, {
        "lat" : 49.8812568559,
        "lon" : 8.6653067919,
        "time" : "20140701T185112+0200"
      }, {
        "lat" : 49.8813100515,
        "lon" : 8.6654156667,
        "time" : "20140701T185133+0200"
      }, {
        "lat" : 49.8814310775,
        "lon" : 8.6656680625,
        "time" : "20140701T185154+0200"
      }, {
        "lat" : 49.8816591889,
        "lon" : 8.6661458595,
        "time" : "20140701T185214+0200"
      }, {
        "lat" : 49.8824423211,
        "lon" : 8.6677903447,
        "time" : "20140701T185241+0200"
      }, {
        "lat" : 49.8825366954,
        "lon" : 8.668175955,
        "time" : "20140701T185257+0200"
      }, {
        "lat" : 49.8825555893,
        "lon" : 8.6682138645,
        "time" : "20140701T185315+0200"
      }, {
        "lat" : 49.882562181,
        "lon" : 8.668222453,
        "time" : "20140701T185336+0200"
      }, {
        "lat" : 49.8825614696,
        "lon" : 8.6682345079,
        "time" : "20140701T185357+0200"
      }, {
        "lat" : 49.8825399666,
        "lon" : 8.6683333557,
        "time" : "20140701T185416+0200"
      }, {
        "lat" : 49.8821594759,
        "lon" : 8.6699593549,
        "time" : "20140701T185455+0200"
      }, {
        "lat" : 49.8820732763,
        "lon" : 8.6701740385,
        "time" : "20140701T185510+0200"
      }, {
        "lat" : 49.8819681239,
        "lon" : 8.6703339401,
        "time" : "20140701T185535+0200"
      } ]
    } ],
    "lastUpdate" : "20140701T181817Z"
  }, {
    "type" : "place",
    "startTime" : "20140701T185535+0200",
    "endTime" : "20140701T224147+0200",
    "place" : {
      "id" : 222568631,
      "type" : "unknown",
      "location" : {
        "lat" : 49.8819681239,
        "lon" : 8.6703339401
      }
    },
    "activities" : [ {
      "activity" : "walking",
      "group" : "walking",
      "manual" : false,
      "startTime" : "20140701T185535+0200",
      "endTime" : "20140701T185605+0200",
      "duration" : 30.0,
      "distance" : 25.0,
      "steps" : 50,
      "trackPoints" : [ ]
    }, {
      "activity" : "walking",
      "group" : "walking",
      "manual" : false,
      "startTime" : "20140701T192246+0200",
      "endTime" : "20140701T192257+0200",
      "duration" : 11.0,
      "distance" : 8.0,
      "steps" : 15,
      "trackPoints" : [ ]
    }, {
      "activity" : "walking",
      "group" : "walking",
      "manual" : false,
      "startTime" : "20140701T213142+0200",
      "endTime" : "20140701T213205+0200",
      "duration" : 23.0,
      "distance" : 14.0,
      "steps" : 29,
      "trackPoints" : [ ]
    } ],
    "lastUpdate" : "20140701T222615Z"
  }, {
    "type" : "move",
    "startTime" : "20140701T224147+0200",
    "endTime" : "20140701T224517+0200",
    "activities" : [ {
      "activity" : "walking",
      "group" : "walking",
      "manual" : false,
      "startTime" : "20140701T224147+0200",
      "endTime" : "20140701T224517+0200",
      "duration" : 210.0,
      "distance" : 211.0,
      "steps" : 423,
      "trackPoints" : [ {
        "lat" : 49.8819681239,
        "lon" : 8.6703339401,
        "time" : "20140701T224147+0200"
      }, {
        "lat" : 49.882200523,
        "lon" : 8.6700259886,
        "time" : "20140701T224324+0200"
      }, {
        "lat" : 49.88225973,
        "lon" : 8.6700517453,
        "time" : "20140701T224342+0200"
      }, {
        "lat" : 49.882268779,
        "lon" : 8.6700624602,
        "time" : "20140701T224359+0200"
      }, {
        "lat" : 49.8823043979,
        "lon" : 8.6699668595,
        "time" : "20140701T224420+0200"
      }, {
        "lat" : 49.882730792,
        "lon" : 8.6687309467,
        "time" : "20140701T224449+0200"
      }, {
        "lat" : 49.8829100725,
        "lon" : 8.6682008619,
        "time" : "20140701T224517+0200"
      } ]
    } ],
    "lastUpdate" : "20140701T222615Z"
  }, {
    "type" : "place",
    "startTime" : "20140701T224517+0200",
    "endTime" : "20140701T232605+0200",
    "place" : {
      "id" : 223509887,
      "type" : "unknown",
      "location" : {
        "lat" : 49.8829100725,
        "lon" : 8.6682008619
      }
    },
    "activities" : [ {
      "activity" : "walking",
      "group" : "walking",
      "manual" : false,
      "startTime" : "20140701T224517+0200",
      "endTime" : "20140701T224534+0200",
      "duration" : 17.0,
      "distance" : 15.0,
      "steps" : 30,
      "trackPoints" : [ ]
    }, {
      "activity" : "walking",
      "group" : "walking",
      "manual" : false,
      "startTime" : "20140701T232513+0200",
      "endTime" : "20140701T232552+0200",
      "duration" : 39.0,
      "distance" : 30.0,
      "steps" : 59,
      "trackPoints" : [ ]
    } ],
    "lastUpdate" : "20140701T222615Z"
  }, {
    "type" : "move",
    "startTime" : "20140701T232605+0200",
    "endTime" : "20140701T232843+0200",
    "activities" : [ {
      "activity" : "walking",
      "group" : "walking",
      "manual" : false,
      "startTime" : "20140701T232605+0200",
      "endTime" : "20140701T232843+0200",
      "duration" : 158.0,
      "distance" : 209.0,
      "steps" : 284,
      "trackPoints" : [ {
        "lat" : 49.8829100725,
        "lon" : 8.6682008619,
        "time" : "20140701T232605+0200"
      }, {
        "lat" : 49.8828796779,
        "lon" : 8.6682868466,
        "time" : "20140701T232621+0200"
      }, {
        "lat" : 49.8828698667,
        "lon" : 8.6683151224,
        "time" : "20140701T232641+0200"
      }, {
        "lat" : 49.8828560663,
        "lon" : 8.668354233,
        "time" : "20140701T232700+0200"
      }, {
        "lat" : 49.8827726304,
        "lon" : 8.6685832898,
        "time" : "20140701T232734+0200"
      }, {
        "lat" : 49.8822004397,
        "lon" : 8.670064306,
        "time" : "20140701T232804+0200"
      }, {
        "lat" : 49.8820887724,
        "lon" : 8.6702290662,
        "time" : "20140701T232823+0200"
      }, {
        "lat" : 49.8819681239,
        "lon" : 8.6703339401,
        "time" : "20140701T232843+0200"
      } ]
    } ],
    "lastUpdate" : "20140701T222615Z"
  }, {
    "type" : "place",
    "startTime" : "20140701T232843+0200",
    "endTime" : "20140702T135846+0200",
    "place" : {
      "id" : 222568631,
      "type" : "unknown",
      "location" : {
        "lat" : 49.8819681239,
        "lon" : 8.6703339401
      }
    },
    "activities" : [ {
      "activity" : "walking",
      "group" : "walking",
      "manual" : false,
      "startTime" : "20140701T232843+0200",
      "endTime" : "20140701T232931+0200",
      "duration" : 48.0,
      "distance" : 31.0,
      "steps" : 62,
      "trackPoints" : [ ]
    } ],
    "lastUpdate" : "20140702T131440Z"
  } ],
  "lastUpdate" : "20140702T131440Z"
} ]