[ {
  "date" : "20140918",
  "summary" : [ {
    "activity" : "walking",
    "group" : "walking",
    "duration" : 6050.0,
    "distance" : 6706.0,
    "steps" : 8935
  }, {
    "activity" : "transport",
    "group" : "transport",
    "duration" : 523.0,
    "distance" : 2692.0
  } ],
  "segments" : [ {
    "type" : "place",
    "startTime" : "20140917T232226+0200",
    "endTime" : "20140918T172125+0200",
    "place" : {
      "id" : 251291724,
      "name" : "Home",
      "type" : "home",
      "location" : {
        "lat" : 49.8819996044,
        "lon" : 8.6702592175
      }
    },
    "activities" : [ {
      "activity" : "walking",
      "group" : "walking",
      "manual" : false,
      "startTime" : "20140918T000656+0200",
      "endTime" : "20140918T000753+0200",
      "duration" : 57.0,
      "distance" : 31.0,
      "steps" : 61,
      "trackPoints" : [ ]
    }, {
      "activity" : "walking",
      "group" : "walking",
      "manual" : false,
      "startTime" : "20140918T091651+0200",
      "endTime" : "20140918T091722+0200",
      "duration" : 31.0,
      "distance" : 15.0,
      "steps" : 27,
      "trackPoints" : [ ]
    }, {
      "activity" : "walking",
      "group" : "walking",
      "manual" : false,
      "startTime" : "20140918T114446+0200",
      "endTime" : "20140918T114519+0200",
      "duration" : 33.0,
      "distance" : 35.0,
      "steps" : 70,
      "trackPoints" : [ ]
    }, {
      "activity" : "walking",
      "group" : "walking",
      "manual" : false,
      "startTime" : "20140918T121321+0200",
      "endTime" : "20140918T121342+0200",
      "duration" : 21.0,
      "distance" : 14.0,
      "steps" : 28,
      "trackPoints" : [ ]
    }, {
      "activity" : "walking",
      "group" : "walking",
      "manual" : false,
      "startTime" : "20140918T131109+0200",
      "endTime" : "20140918T132435+0200",
      "duration" : 806.0,
      "distance" : 907.0,
      "steps" : 1210,
      "trackPoints" : [ ]
    }, {
      "activity" : "walking",
      "group" : "walking",
      "manual" : false,
      "startTime" : "20140918T140006+0200",
      "endTime" : "20140918T140228+0200",
      "duration" : 142.0,
      "distance" : 140.0,
      "steps" : 187,
      "trackPoints" : [ ]
    }, {
      "activity" : "walking",
      "group" : "walking",
      "manual" : false,
      "startTime" : "20140918T150543+0200",
      "endTime" : "20140918T150546+0200",
      "duration" : 3.0,
      "distance" : 2.0,
      "steps" : 4,
      "trackPoints" : [ ]
    }, {
      "activity" : "walking",
      "group" : "walking",
      "manual" : false,
      "startTime" : "20140918T164651+0200",
      "endTime" : "20140918T164654+0200",
      "duration" : 3.0,
      "distance" : 2.0,
      "steps" : 4,
      "trackPoints" : [ ]
    }, {
      "activity" : "walking",
      "group" : "walking",
      "manual" : false,
      "startTime" : "20140918T170844+0200",
      "endTime" : "20140918T170933+0200",
      "duration" : 49.0,
      "distance" : 28.0,
      "steps" : 57,
      "trackPoints" : [ ]
    } ],
    "lastUpdate" : "20140918T173521Z"
  }, {
    "type" : "move",
    "startTime" : "20140918T172125+0200",
    "endTime" : "20140918T172534+0200",
    "activities" : [ {
      "activity" : "walking",
      "group" : "walking",
      "manual" : false,
      "startTime" : "20140918T172125+0200",
      "endTime" : "20140918T172534+0200",
      "duration" : 249.0,
      "distance" : 378.0,
      "steps" : 462,
      "trackPoints" : [ {
        "lat" : 49.8819996044,
        "lon" : 8.6702592175,
        "time" : "20140918T172125+0200"
      }, {
        "lat" : 49.8820328141,
        "lon" : 8.670241571,
        "time" : "20140918T172201+0200"
      }, {
        "lat" : 49.8820380211,
        "lon" : 8.6702292581,
        "time" : "20140918T172218+0200"
      }, {
        "lat" : 49.8820459821,
        "lon" : 8.6702074902,
        "time" : "20140918T172238+0200"
      }, {
        "lat" : 49.8820561132,
        "lon" : 8.6701771487,
        "time" : "20140918T172258+0200"
      }, {
        "lat" : 49.8820701699,
        "lon" : 8.6701316636,
        "time" : "20140918T172321+0200"
      }, {
        "lat" : 49.8820907334,
        "lon" : 8.6700518568,
        "time" : "20140918T172342+0200"
      }, {
        "lat" : 49.8827258889,
        "lon" : 8.6670300478,
        "time" : "20140918T172514+0200"
      }, {
        "lat" : 49.882194,
        "lon" : 8.665967,
        "time" : "20140918T172534+0200"
      } ]
    } ],
    "lastUpdate" : "20140918T173521Z"
  }, {
    "type" : "place",
    "startTime" : "20140918T172534+0200",
    "endTime" : "20140918T174024+0200",
    "place" : {
      "id" : 251292369,
      "name" : "H Karlshof",
      "type" : "foursquare",
      "foursquareId" : "4d31931eb60937045413eddf",
      "location" : {
        "lat" : 49.882194,
        "lon" : 8.665967
      }
    },
    "activities" : [ {
      "activity" : "walking",
      "group" : "walking",
      "manual" : false,
      "startTime" : "20140918T172534+0200",
      "endTime" : "20140918T172644+0200",
      "duration" : 70.0,
      "distance" : 53.0,
      "steps" : 106,
      "trackPoints" : [ ]
    } ],
    "lastUpdate" : "20140918T173521Z"
  }, {
    "type" : "move",
    "startTime" : "20140918T174024+0200",
    "endTime" : "20140918T174728+0200",
    "activities" : [ {
      "activity" : "transport",
      "group" : "transport",
      "manual" : false,
      "startTime" : "20140918T174024+0200",
      "endTime" : "20140918T174729+0200",
      "duration" : 425.0,
      "distance" : 2035.0,
      "trackPoints" : [ {
        "lat" : 49.882194,
        "lon" : 8.665967,
        "time" : "20140918T174024+0200"
      }, {
        "lat" : 49.8781710382,
        "lon" : 8.6618190056,
        "time" : "20140918T174114+0200"
      }, {
        "lat" : 49.8781421433,
        "lon" : 8.6616945117,
        "time" : "20140918T174135+0200"
      }, {
        "lat" : 49.8781340002,
        "lon" : 8.6616757811,
        "time" : "20140918T174154+0200"
      }, {
        "lat" : 49.8781310635,
        "lon" : 8.661668694,
        "time" : "20140918T174214+0200"
      }, {
        "lat" : 49.8731565035,
        "lon" : 8.656313451,
        "time" : "20140918T174348+0200"
      }, {
        "lat" : 49.8729926433,
        "lon" : 8.6556409407,
        "time" : "20140918T174426+0200"
      }, {
        "lat" : 49.8729974771,
        "lon" : 8.655431522,
        "time" : "20140918T174449+0200"
      }, {
        "lat" : 49.8729954549,
        "lon" : 8.6549010957,
        "time" : "20140918T174510+0200"
      }, {
        "lat" : 49.8729544854,
        "lon" : 8.6516446969,
        "time" : "20140918T174527+0200"
      }, {
        "lat" : 49.8729469783,
        "lon" : 8.6506980342,
        "time" : "20140918T174551+0200"
      }, {
        "lat" : 49.8729310261,
        "lon" : 8.6506010876,
        "time" : "20140918T174608+0200"
      }, {
        "lat" : 49.8729321779,
        "lon" : 8.6505958686,
        "time" : "20140918T174628+0200"
      }, {
        "lat" : 49.8729327827,
        "lon" : 8.6505936031,
        "time" : "20140918T174648+0200"
      }, {
        "lat" : 49.8729306007,
        "lon" : 8.6505928004,
        "time" : "20140918T174706+0200"
      }, {
        "lat" : 49.8715956646,
        "lon" : 8.6512721523,
        "time" : "20140918T174728+0200"
      } ]
    } ],
    "lastUpdate" : "20140918T173521Z"
  }, {
    "type" : "place",
    "startTime" : "20140918T174728+0200",
    "endTime" : "20140918T184015+0200",
    "place" : {
      "id" : 258463475,
      "type" : "unknown",
      "location" : {
        "lat" : 49.8715956646,
        "lon" : 8.6512721523
      }
    },
    "activities" : [ {
      "activity" : "walking",
      "group" : "walking",
      "manual" : false,
      "startTime" : "20140918T174735+0200",
      "endTime" : "20140918T175127+0200",
      "duration" : 232.0,
      "distance" : 288.0,
      "steps" : 384,
      "trackPoints" : [ ]
    }, {
      "activity" : "walking",
      "group" : "walking",
      "manual" : false,
      "startTime" : "20140918T180008+0200",
      "endTime" : "20140918T180828+0200",
      "duration" : 500.0,
      "distance" : 576.0,
      "steps" : 767,
      "trackPoints" : [ ]
    } ],
    "lastUpdate" : "20140918T173521Z"
  }, {
    "type" : "move",
    "startTime" : "20140918T184015+0200",
    "endTime" : "20140918T184619+0200",
    "activities" : [ {
      "activity" : "walking",
      "group" : "walking",
      "manual" : false,
      "startTime" : "20140918T184015+0200",
      "endTime" : "20140918T184619+0200",
      "duration" : 364.0,
      "distance" : 500.0,
      "steps" : 552,
      "trackPoints" : [ {
        "lat" : 49.8715956646,
        "lon" : 8.6512721523,
        "time" : "20140918T184015+0200"
      }, {
        "lat" : 49.8704308308,
        "lon" : 8.6512209405,
        "time" : "20140918T184045+0200"
      }, {
        "lat" : 49.8704166353,
        "lon" : 8.6512246131,
        "time" : "20140918T184105+0200"
      }, {
        "lat" : 49.8704199986,
        "lon" : 8.6512317382,
        "time" : "20140918T184125+0200"
      }, {
        "lat" : 49.8704314968,
        "lon" : 8.6512374053,
        "time" : "20140918T184145+0200"
      }, {
        "lat" : 49.8704540861,
        "lon" : 8.6512418078,
        "time" : "20140918T184208+0200"
      }, {
        "lat" : 49.8704813113,
        "lon" : 8.6512438347,
        "time" : "20140918T184229+0200"
      }, {
        "lat" : 49.8705108105,
        "lon" : 8.6512436865,
        "time" : "20140918T184246+0200"
      }, {
        "lat" : 49.870524978,
        "lon" : 8.6512504079,
        "time" : "20140918T184306+0200"
      }, {
        "lat" : 49.8713987988,
        "lon" : 8.6510065003,
        "time" : "20140918T184357+0200"
      }, {
        "lat" : 49.8717817515,
        "lon" : 8.6508943275,
        "time" : "20140918T184417+0200"
      }, {
        "lat" : 49.8721023091,
        "lon" : 8.650795451,
        "time" : "20140918T184435+0200"
      }, {
        "lat" : 49.872451377,
        "lon" : 8.6506748097,
        "time" : "20140918T184459+0200"
      }, {
        "lat" : 49.8726051286,
        "lon" : 8.650615902,
        "time" : "20140918T184516+0200"
      }, {
        "lat" : 49.8726662207,
        "lon" : 8.6505929584,
        "time" : "20140918T184536+0200"
      }, {
        "lat" : 49.8726765982,
        "lon" : 8.6505973111,
        "time" : "20140918T184556+0200"
      }, {
        "lat" : 49.8721352336,
        "lon" : 8.6506784424,
        "time" : "20140918T184619+0200"
      } ]
    } ],
    "lastUpdate" : "20140918T173521Z"
  }, {
    "type" : "place",
    "startTime" : "20140918T184619+0200",
    "endTime" : "20140918T192723+0200",
    "place" : {
      "id" : 255635054,
      "type" : "unknown",
      "location" : {
        "lat" : 49.8721352336,
        "lon" : 8.6506784424
      }
    },
    "activities" : [ {
      "activity" : "walking",
      "group" : "walking",
      "manual" : false,
      "startTime" : "20140918T184621+0200",
      "endTime" : "20140918T184829+0200",
      "duration" : 128.0,
      "distance" : 123.0,
      "steps" : 164,
      "trackPoints" : [ ]
    }, {
      "activity" : "walking",
      "group" : "walking",
      "manual" : false,
      "startTime" : "20140918T190000+0200",
      "endTime" : "20140918T190714+0200",
      "duration" : 434.0,
      "distance" : 471.0,
      "steps" : 629,
      "trackPoints" : [ ]
    } ],
    "lastUpdate" : "20140918T202102Z"
  }, {
    "type" : "move",
    "startTime" : "20140918T192723+0200",
    "endTime" : "20140918T193105+0200",
    "activities" : [ {
      "activity" : "walking",
      "group" : "walking",
      "manual" : false,
      "startTime" : "20140918T192723+0200",
      "endTime" : "20140918T193105+0200",
      "duration" : 222.0,
      "distance" : 176.0,
      "steps" : 252,
      "trackPoints" : [ {
        "lat" : 49.8721352336,
        "lon" : 8.6506784424,
        "time" : "20140918T192723+0200"
      }, {
        "lat" : 49.8720695213,
        "lon" : 8.6512610531,
        "time" : "20140918T192744+0200"
      }, {
        "lat" : 49.8720614022,
        "lon" : 8.6512604753,
        "time" : "20140918T192801+0200"
      }, {
        "lat" : 49.8720522534,
        "lon" : 8.6512594616,
        "time" : "20140918T192821+0200"
      }, {
        "lat" : 49.8720432306,
        "lon" : 8.6512584277,
        "time" : "20140918T192841+0200"
      }, {
        "lat" : 49.872033868,
        "lon" : 8.6512574071,
        "time" : "20140918T192901+0200"
      }, {
        "lat" : 49.8720222857,
        "lon" : 8.6512562444,
        "time" : "20140918T192924+0200"
      }, {
        "lat" : 49.8720120785,
        "lon" : 8.6512553247,
        "time" : "20140918T192941+0200"
      }, {
        "lat" : 49.8719969723,
        "lon" : 8.6512541147,
        "time" : "20140918T193003+0200"
      }, {
        "lat" : 49.8719799593,
        "lon" : 8.6512529123,
        "time" : "20140918T193023+0200"
      }, {
        "lat" : 49.8719591181,
        "lon" : 8.6512516248,
        "time" : "20140918T193042+0200"
      }, {
        "lat" : 49.8708730029,
        "lon" : 8.6514451525,
        "time" : "20140918T193105+0200"
      } ]
    } ],
    "lastUpdate" : "20140918T202102Z"
  }, {
    "type" : "place",
    "startTime" : "20140918T193105+0200",
    "endTime" : "20140918T200026+0200",
    "place" : {
      "id" : 258516168,
      "type" : "unknown",
      "location" : {
        "lat" : 49.8708730029,
        "lon" : 8.6514451525
      }
    },
    "activities" : [ {
      "activity" : "walking",
      "group" : "walking",
      "manual" : false,
      "startTime" : "20140918T193112+0200",
      "endTime" : "20140918T193835+0200",
      "duration" : 443.0,
      "distance" : 443.0,
      "steps" : 591,
      "trackPoints" : [ ]
    }, {
      "activity" : "walking",
      "group" : "walking",
      "manual" : false,
      "startTime" : "20140918T200000+0200",
      "endTime" : "20140918T200025+0200",
      "duration" : 25.0,
      "distance" : 16.0,
      "steps" : 33,
      "trackPoints" : [ ]
    } ],
    "lastUpdate" : "20140918T202102Z"
  }, {
    "type" : "move",
    "startTime" : "20140918T200026+0200",
    "endTime" : "20140918T200906+0200",
    "activities" : [ {
      "activity" : "walking",
      "group" : "walking",
      "manual" : false,
      "startTime" : "20140918T200026+0200",
      "endTime" : "20140918T200906+0200",
      "duration" : 520.0,
      "distance" : 492.0,
      "steps" : 865,
      "trackPoints" : [ {
        "lat" : 49.8708730029,
        "lon" : 8.6514451525,
        "time" : "20140918T200026+0200"
      }, {
        "lat" : 49.8707859297,
        "lon" : 8.6515399985,
        "time" : "20140918T200046+0200"
      }, {
        "lat" : 49.8707793284,
        "lon" : 8.6515601359,
        "time" : "20140918T200105+0200"
      }, {
        "lat" : 49.8707731763,
        "lon" : 8.6515792181,
        "time" : "20140918T200124+0200"
      }, {
        "lat" : 49.8705500152,
        "lon" : 8.6522039116,
        "time" : "20140918T200206+0200"
      }, {
        "lat" : 49.8705082794,
        "lon" : 8.6524546139,
        "time" : "20140918T200226+0200"
      }, {
        "lat" : 49.8705378981,
        "lon" : 8.6527983546,
        "time" : "20140918T200246+0200"
      }, {
        "lat" : 49.8705697593,
        "lon" : 8.6530153707,
        "time" : "20140918T200306+0200"
      }, {
        "lat" : 49.8706217959,
        "lon" : 8.6532274778,
        "time" : "20140918T200340+0200"
      }, {
        "lat" : 49.8708629678,
        "lon" : 8.6539263145,
        "time" : "20140918T200359+0200"
      }, {
        "lat" : 49.8710838117,
        "lon" : 8.6544474226,
        "time" : "20140918T200419+0200"
      }, {
        "lat" : 49.871168775,
        "lon" : 8.6545952945,
        "time" : "20140918T200439+0200"
      }, {
        "lat" : 49.8712149965,
        "lon" : 8.6546489575,
        "time" : "20140918T200459+0200"
      }, {
        "lat" : 49.8712448313,
        "lon" : 8.6546787517,
        "time" : "20140918T200518+0200"
      }, {
        "lat" : 49.8712698822,
        "lon" : 8.654705629,
        "time" : "20140918T200540+0200"
      }, {
        "lat" : 49.8712897792,
        "lon" : 8.6547278642,
        "time" : "20140918T200559+0200"
      }, {
        "lat" : 49.8713073347,
        "lon" : 8.6547459458,
        "time" : "20140918T200617+0200"
      }, {
        "lat" : 49.8713242669,
        "lon" : 8.6547615669,
        "time" : "20140918T200638+0200"
      }, {
        "lat" : 49.8713349988,
        "lon" : 8.6547704329,
        "time" : "20140918T200658+0200"
      }, {
        "lat" : 49.8713506277,
        "lon" : 8.6547804369,
        "time" : "20140918T200719+0200"
      }, {
        "lat" : 49.8714444547,
        "lon" : 8.6548225598,
        "time" : "20140918T200746+0200"
      }, {
        "lat" : 49.8723479599,
        "lon" : 8.6551894122,
        "time" : "20140918T200816+0200"
      }, {
        "lat" : 49.8726149303,
        "lon" : 8.6552968189,
        "time" : "20140918T200846+0200"
      }, {
        "lat" : 49.8728606643,
        "lon" : 8.6555974209,
        "time" : "20140918T200906+0200"
      } ]
    } ],
    "lastUpdate" : "20140918T202102Z"
  }, {
    "type" : "place",
    "startTime" : "20140918T200906+0200",
    "endTime" : "20140918T202008+0200",
    "place" : {
      "id" : 258516169,
      "type" : "unknown",
      "location" : {
        "lat" : 49.8728606643,
        "lon" : 8.6555974209
      }
    },
    "activities" : [ {
      "activity" : "walking",
      "group" : "walking",
      "manual" : false,
      "startTime" : "20140918T200906+0200",
      "endTime" : "20140918T200931+0200",
      "duration" : 25.0,
      "distance" : 17.0,
      "steps" : 34,
      "trackPoints" : [ ]
    } ],
    "lastUpdate" : "20140918T202102Z"
  }, {
    "type" : "move",
    "startTime" : "20140918T202008+0200",
    "endTime" : "20140918T202348+0200",
    "activities" : [ {
      "activity" : "transport",
      "group" : "transport",
      "manual" : false,
      "startTime" : "20140918T202008+0200",
      "endTime" : "20140918T202146+0200",
      "duration" : 98.0,
      "distance" : 657.0,
      "trackPoints" : [ {
        "lat" : 49.8728606643,
        "lon" : 8.6555974209,
        "time" : "20140918T202008+0200"
      }, {
        "lat" : 49.8745518973,
        "lon" : 8.6567889149,
        "time" : "20140918T202027+0200"
      }, {
        "lat" : 49.8756917265,
        "lon" : 8.659989717,
        "time" : "20140918T202047+0200"
      }, {
        "lat" : 49.8758829001,
        "lon" : 8.6604963556,
        "time" : "20140918T202108+0200"
      }, {
        "lat" : 49.8761551228,
        "lon" : 8.6608172247,
        "time" : "20140918T202128+0200"
      }, {
        "lat" : 49.8763504407,
        "lon" : 8.6608950864,
        "time" : "20140918T202146+0200"
      } ]
    }, {
      "activity" : "walking",
      "group" : "walking",
      "manual" : false,
      "startTime" : "20140918T202146+0200",
      "endTime" : "20140918T202348+0200",
      "duration" : 122.0,
      "distance" : 227.0,
      "steps" : 201,
      "trackPoints" : [ {
        "lat" : 49.8763504407,
        "lon" : 8.6608950864,
        "time" : "20140918T202146+0200"
      }, {
        "lat" : 49.8773322822,
        "lon" : 8.6612014002,
        "time" : "20140918T202206+0200"
      }, {
        "lat" : 49.8777292795,
        "lon" : 8.6613292912,
        "time" : "20140918T202227+0200"
      }, {
        "lat" : 49.8778575753,
        "lon" : 8.661372812,
        "time" : "20140918T202250+0200"
      }, {
        "lat" : 49.8778653352,
        "lon" : 8.6613790009,
        "time" : "20140918T202308+0200"
      }, {
        "lat" : 49.8778390288,
        "lon" : 8.6613798988,
        "time" : "20140918T202328+0200"
      }, {
        "lat" : 49.8775237139,
        "lon" : 8.6614601496,
        "time" : "20140918T202348+0200"
      } ]
    } ],
    "lastUpdate" : "20140918T202102Z"
  }, {
    "type" : "place",
    "startTime" : "20140918T202348+0200",
    "endTime" : "20140918T203738+0200",
    "place" : {
      "id" : 228151899,
      "type" : "unknown",
      "location" : {
        "lat" : 49.8775237139,
        "lon" : 8.6614601496
      }
    },
    "activities" : [ {
      "activity" : "walking",
      "group" : "walking",
      "manual" : false,
      "startTime" : "20140918T202358+0200",
      "endTime" : "20140918T202814+0200",
      "duration" : 256.0,
      "distance" : 296.0,
      "steps" : 394,
      "trackPoints" : [ ]
    } ],
    "lastUpdate" : "20140918T202102Z"
  }, {
    "type" : "move",
    "startTime" : "20140918T203738+0200",
    "endTime" : "20140918T204127+0200",
    "activities" : [ {
      "activity" : "walking",
      "group" : "walking",
      "manual" : false,
      "startTime" : "20140918T203738+0200",
      "endTime" : "20140918T204127+0200",
      "duration" : 229.0,
      "distance" : 465.0,
      "steps" : 388,
      "trackPoints" : [ {
        "lat" : 49.8775237139,
        "lon" : 8.6614601496,
        "time" : "20140918T203738+0200"
      }, {
        "lat" : 49.8779808318,
        "lon" : 8.6615804963,
        "time" : "20140918T203758+0200"
      }, {
        "lat" : 49.879537786,
        "lon" : 8.66360114,
        "time" : "20140918T203818+0200"
      }, {
        "lat" : 49.8800217066,
        "lon" : 8.6640848799,
        "time" : "20140918T203841+0200"
      }, {
        "lat" : 49.8825480816,
        "lon" : 8.6662678277,
        "time" : "20140918T203911+0200"
      }, {
        "lat" : 49.8825434482,
        "lon" : 8.6662952863,
        "time" : "20140918T203929+0200"
      }, {
        "lat" : 49.8824480207,
        "lon" : 8.666455271,
        "time" : "20140918T203948+0200"
      }, {
        "lat" : 49.8824194752,
        "lon" : 8.666579932,
        "time" : "20140918T204008+0200"
      }, {
        "lat" : 49.8825782716,
        "lon" : 8.6678031885,
        "time" : "20140918T204046+0200"
      }, {
        "lat" : 49.8826348373,
        "lon" : 8.668164797,
        "time" : "20140918T204110+0200"
      }, {
        "lat" : 49.8826852249,
        "lon" : 8.6688546976,
        "time" : "20140918T204127+0200"
      } ]
    } ],
    "lastUpdate" : "20140918T202102Z"
  }, {
    "type" : "place",
    "startTime" : "20140918T204127+0200",
    "endTime" : "20140918T223445+0200",
    "place" : {
      "id" : 229496202,
      "type" : "unknown",
      "location" : {
        "lat" : 49.8826852249,
        "lon" : 8.6688546976
      }
    },
    "activities" : [ {
      "activity" : "walking",
      "group" : "walking",
      "manual" : false,
      "startTime" : "20140918T204127+0200",
      "endTime" : "20140918T204632+0200",
      "duration" : 305.0,
      "distance" : 386.0,
      "steps" : 515,
      "trackPoints" : [ ]
    }, {
      "activity" : "walking",
      "group" : "walking",
      "manual" : false,
      "startTime" : "20140918T211730+0200",
      "endTime" : "20140918T211739+0200",
      "duration" : 9.0,
      "distance" : 6.0,
      "steps" : 12,
      "trackPoints" : [ ]
    }, {
      "activity" : "walking",
      "group" : "walking",
      "manual" : false,
      "startTime" : "20140918T221213+0200",
      "endTime" : "20140918T221436+0200",
      "duration" : 143.0,
      "distance" : 144.0,
      "steps" : 192,
      "trackPoints" : [ ]
    } ],
    "lastUpdate" : "20140918T220813Z"
  }, {
    "type" : "move",
    "startTime" : "20140918T223445+0200",
    "endTime" : "20140918T223900+0200",
    "activities" : [ {
      "activity" : "walking",
      "group" : "walking",
      "manual" : false,
      "startTime" : "20140918T223445+0200",
      "endTime" : "20140918T223900+0200",
      "duration" : 255.0,
      "distance" : 252.0,
      "steps" : 303,
      "trackPoints" : [ {
        "lat" : 49.8826852249,
        "lon" : 8.6688546976,
        "time" : "20140918T223445+0200"
      }, {
        "lat" : 49.882049554,
        "lon" : 8.6702268408,
        "time" : "20140918T223506+0200"
      }, {
        "lat" : 49.882058996,
        "lon" : 8.6702187106,
        "time" : "20140918T223522+0200"
      }, {
        "lat" : 49.8820754117,
        "lon" : 8.6702045201,
        "time" : "20140918T223542+0200"
      }, {
        "lat" : 49.8820946751,
        "lon" : 8.6701878583,
        "time" : "20140918T223600+0200"
      }, {
        "lat" : 49.8821090537,
        "lon" : 8.6701764598,
        "time" : "20140918T223623+0200"
      }, {
        "lat" : 49.8826183068,
        "lon" : 8.6697472521,
        "time" : "20140918T223651+0200"
      }, {
        "lat" : 49.8827118442,
        "lon" : 8.669652328,
        "time" : "20140918T223711+0200"
      }, {
        "lat" : 49.8827217149,
        "lon" : 8.6696692187,
        "time" : "20140918T223741+0200"
      }, {
        "lat" : 49.8827210892,
        "lon" : 8.6696708236,
        "time" : "20140918T223802+0200"
      }, {
        "lat" : 49.8827285618,
        "lon" : 8.6696729683,
        "time" : "20140918T223822+0200"
      }, {
        "lat" : 49.8827658658,
        "lon" : 8.6696682503,
        "time" : "20140918T223843+0200"
      }, {
        "lat" : 49.8831093675,
        "lon" : 8.6697840805,
        "time" : "20140918T223900+0200"
      } ]
    } ],
    "lastUpdate" : "20140918T220813Z"
  }, {
    "type" : "place",
    "startTime" : "20140918T223900+0200",
    "endTime" : "20140918T231003+0200",
    "place" : {
      "id" : 251721107,
      "type" : "unknown",
      "location" : {
        "lat" : 49.8831093675,
        "lon" : 8.6697840805
      }
    },
    "activities" : [ {
      "activity" : "walking",
      "group" : "walking",
      "manual" : false,
      "startTime" : "20140918T223900+0200",
      "endTime" : "20140918T223924+0200",
      "duration" : 24.0,
      "distance" : 17.0,
      "steps" : 33,
      "trackPoints" : [ ]
    }, {
      "activity" : "walking",
      "group" : "walking",
      "manual" : false,
      "startTime" : "20140918T230951+0200",
      "endTime" : "20140918T230954+0200",
      "duration" : 3.0,
      "distance" : 2.0,
      "steps" : 4,
      "trackPoints" : [ ]
    } ],
    "lastUpdate" : "20140918T220813Z"
  }, {
    "type" : "move",
    "startTime" : "20140918T231003+0200",
    "endTime" : "20140918T231548+0200",
    "activities" : [ {
      "activity" : "walking",
      "group" : "walking",
      "manual" : false,
      "startTime" : "20140918T231003+0200",
      "endTime" : "20140918T231549+0200",
      "duration" : 346.0,
      "distance" : 203.0,
      "steps" : 405,
      "trackPoints" : [ {
        "lat" : 49.8831093675,
        "lon" : 8.6697840805,
        "time" : "20140918T231003+0200"
      }, {
        "lat" : 49.8831053062,
        "lon" : 8.6697927334,
        "time" : "20140918T231032+0200"
      }, {
        "lat" : 49.8831062714,
        "lon" : 8.6697968478,
        "time" : "20140918T231052+0200"
      }, {
        "lat" : 49.8831027948,
        "lon" : 8.6698007781,
        "time" : "20140918T231117+0200"
      }, {
        "lat" : 49.8830980428,
        "lon" : 8.6698027329,
        "time" : "20140918T231134+0200"
      }, {
        "lat" : 49.8830896858,
        "lon" : 8.6698053069,
        "time" : "20140918T231154+0200"
      }, {
        "lat" : 49.8830774439,
        "lon" : 8.6698093164,
        "time" : "20140918T231214+0200"
      }, {
        "lat" : 49.8830588175,
        "lon" : 8.6698159493,
        "time" : "20140918T231237+0200"
      }, {
        "lat" : 49.8830377115,
        "lon" : 8.6698235483,
        "time" : "20140918T231257+0200"
      }, {
        "lat" : 49.8830142956,
        "lon" : 8.6698322433,
        "time" : "20140918T231315+0200"
      }, {
        "lat" : 49.8829875824,
        "lon" : 8.6698426597,
        "time" : "20140918T231332+0200"
      }, {
        "lat" : 49.882931714,
        "lon" : 8.6698657967,
        "time" : "20140918T231357+0200"
      }, {
        "lat" : 49.882585173,
        "lon" : 8.6700202257,
        "time" : "20140918T231413+0200"
      }, {
        "lat" : 49.8821950367,
        "lon" : 8.6701935831,
        "time" : "20140918T231446+0200"
      }, {
        "lat" : 49.8821142644,
        "lon" : 8.6702302631,
        "time" : "20140918T231504+0200"
      }, {
        "lat" : 49.8820644844,
        "lon" : 8.6702540797,
        "time" : "20140918T231524+0200"
      }, {
        "lat" : 49.8819996044,
        "lon" : 8.6702592175,
        "time" : "20140918T231548+0200"
      } ]
    } ],
    "lastUpdate" : "20140918T220813Z"
  }, {
    "type" : "place",
    "startTime" : "20140918T231548+0200",
    "endTime" : "20140920T132650+0200",
    "place" : {
      "id" : 251291724,
      "name" : "Home",
      "type" : "home",
      "location" : {
        "lat" : 49.8819996044,
        "lon" : 8.6702592175
      }
    },
    "activities" : [ {
      "activity" : "walking",
      "group" : "walking",
      "manual" : false,
      "startTime" : "20140918T231603+0200",
      "endTime" : "20140918T231604+0200",
      "duration" : 1.0,
      "distance" : 1.0,
      "steps" : 1,
      "trackPoints" : [ ]
    } ],
    "lastUpdate" : "20140920T141553Z"
  } ],
  "lastUpdate" : "20140920T141553Z"
} ]