[ {
  "date" : "20140804",
  "summary" : [ {
    "activity" : "walking",
    "group" : "walking",
    "duration" : 5257.0,
    "distance" : 5131.0,
    "steps" : 7270
  }, {
    "activity" : "transport",
    "group" : "transport",
    "duration" : 11417.0,
    "distance" : 70418.0
  } ],
  "segments" : [ {
    "type" : "place",
    "startTime" : "20140803T185823+0200",
    "endTime" : "20140804T071517+0200",
    "place" : {
      "id" : 223284010,
      "type" : "unknown",
      "location" : {
        "lat" : 49.8821677347,
        "lon" : 8.6695544869
      }
    },
    "activities" : [ {
      "activity" : "walking",
      "group" : "walking",
      "manual" : false,
      "startTime" : "20140804T000109+0200",
      "endTime" : "20140804T000139+0200",
      "duration" : 30.0,
      "distance" : 15.0,
      "steps" : 30,
      "trackPoints" : [ ]
    }, {
      "activity" : "walking",
      "group" : "walking",
      "manual" : false,
      "startTime" : "20140804T064215+0200",
      "endTime" : "20140804T064216+0200",
      "duration" : 1.0,
      "distance" : 1.0,
      "steps" : 1,
      "trackPoints" : [ ]
    }, {
      "activity" : "walking",
      "group" : "walking",
      "manual" : false,
      "startTime" : "20140804T071505+0200",
      "endTime" : "20140804T071517+0200",
      "duration" : 12.0,
      "distance" : 8.0,
      "steps" : 16,
      "trackPoints" : [ ]
    } ],
    "lastUpdate" : "20140804T072133Z"
  }, {
    "type" : "move",
    "startTime" : "20140804T071517+0200",
    "endTime" : "20140804T073754+0200",
    "activities" : [ {
      "activity" : "walking",
      "group" : "walking",
      "manual" : false,
      "startTime" : "20140804T071517+0200",
      "endTime" : "20140804T072020+0200",
      "duration" : 303.0,
      "distance" : 258.0,
      "steps" : 516,
      "trackPoints" : [ {
        "lat" : 49.8821677347,
        "lon" : 8.6695544869,
        "time" : "20140804T071517+0200"
      }, {
        "lat" : 49.8819834657,
        "lon" : 8.6702389497,
        "time" : "20140804T071532+0200"
      }, {
        "lat" : 49.8819837942,
        "lon" : 8.6702278362,
        "time" : "20140804T071552+0200"
      }, {
        "lat" : 49.8819845435,
        "lon" : 8.6702140096,
        "time" : "20140804T071608+0200"
      }, {
        "lat" : 49.8819849503,
        "lon" : 8.6701914422,
        "time" : "20140804T071628+0200"
      }, {
        "lat" : 49.8819841209,
        "lon" : 8.6701662994,
        "time" : "20140804T071646+0200"
      }, {
        "lat" : 49.8820034782,
        "lon" : 8.6701601242,
        "time" : "20140804T071712+0200"
      }, {
        "lat" : 49.8812045599,
        "lon" : 8.6686846415,
        "time" : "20140804T072020+0200"
      } ]
    }, {
      "activity" : "transport",
      "group" : "transport",
      "manual" : false,
      "startTime" : "20140804T072020+0200",
      "endTime" : "20140804T072944+0200",
      "duration" : 564.0,
      "distance" : 1864.0,
      "trackPoints" : [ {
        "lat" : 49.8812045599,
        "lon" : 8.6686846415,
        "time" : "20140804T072020+0200"
      }, {
        "lat" : 49.8745040139,
        "lon" : 8.6562728323,
        "time" : "20140804T072727+0200"
      }, {
        "lat" : 49.8732361976,
        "lon" : 8.6557996799,
        "time" : "20140804T072807+0200"
      }, {
        "lat" : 49.8730271914,
        "lon" : 8.6555997708,
        "time" : "20140804T072827+0200"
      }, {
        "lat" : 49.8730003889,
        "lon" : 8.6555488418,
        "time" : "20140804T072843+0200"
      }, {
        "lat" : 49.8729957946,
        "lon" : 8.6555382358,
        "time" : "20140804T072902+0200"
      }, {
        "lat" : 49.872260394,
        "lon" : 8.6516954492,
        "time" : "20140804T072944+0200"
      } ]
    }, {
      "activity" : "walking",
      "group" : "walking",
      "manual" : false,
      "startTime" : "20140804T072944+0200",
      "endTime" : "20140804T073754+0200",
      "duration" : 490.0,
      "distance" : 372.0,
      "steps" : 744,
      "trackPoints" : [ {
        "lat" : 49.872260394,
        "lon" : 8.6516954492,
        "time" : "20140804T072944+0200"
      }, {
        "lat" : 49.8720449674,
        "lon" : 8.6502758468,
        "time" : "20140804T073131+0200"
      }, {
        "lat" : 49.8706456023,
        "lon" : 8.6497123703,
        "time" : "20140804T073754+0200"
      } ]
    } ],
    "lastUpdate" : "20140804T072133Z"
  }, {
    "type" : "place",
    "startTime" : "20140804T073755+0200",
    "endTime" : "20140804T085244+0200",
    "place" : {
      "id" : 239489565,
      "type" : "unknown",
      "location" : {
        "lat" : 49.8706456023,
        "lon" : 8.6497123703
      }
    },
    "activities" : [ {
      "activity" : "walking",
      "group" : "walking",
      "manual" : false,
      "startTime" : "20140804T080351+0200",
      "endTime" : "20140804T080924+0200",
      "duration" : 333.0,
      "distance" : 364.0,
      "steps" : 485,
      "trackPoints" : [ ]
    } ],
    "lastUpdate" : "20140804T072133Z"
  }, {
    "type" : "move",
    "startTime" : "20140804T085244+0200",
    "endTime" : "20140804T085808+0200",
    "activities" : [ {
      "activity" : "walking",
      "group" : "walking",
      "manual" : false,
      "startTime" : "20140804T085244+0200",
      "endTime" : "20140804T085809+0200",
      "duration" : 325.0,
      "distance" : 528.0,
      "steps" : 536,
      "trackPoints" : [ {
        "lat" : 49.8706456023,
        "lon" : 8.6497123703,
        "time" : "20140804T085244+0200"
      }, {
        "lat" : 49.8709704642,
        "lon" : 8.6498260946,
        "time" : "20140804T085319+0200"
      }, {
        "lat" : 49.8710741215,
        "lon" : 8.6497731744,
        "time" : "20140804T085336+0200"
      }, {
        "lat" : 49.8722372645,
        "lon" : 8.6510933257,
        "time" : "20140804T085653+0200"
      }, {
        "lat" : 49.8723580684,
        "lon" : 8.6513058094,
        "time" : "20140804T085709+0200"
      }, {
        "lat" : 49.873520488,
        "lon" : 8.6540199876,
        "time" : "20140804T085808+0200"
      } ]
    } ],
    "lastUpdate" : "20140804T072133Z"
  }, {
    "type" : "place",
    "startTime" : "20140804T085809+0200",
    "endTime" : "20140804T094047+0200",
    "place" : {
      "id" : 227596613,
      "type" : "unknown",
      "location" : {
        "lat" : 49.873520488,
        "lon" : 8.6540199876
      }
    },
    "activities" : [ {
      "activity" : "walking",
      "group" : "walking",
      "manual" : false,
      "startTime" : "20140804T085850+0200",
      "endTime" : "20140804T085917+0200",
      "duration" : 27.0,
      "distance" : 19.0,
      "steps" : 39,
      "trackPoints" : [ ]
    }, {
      "activity" : "walking",
      "group" : "walking",
      "manual" : false,
      "startTime" : "20140804T090000+0200",
      "endTime" : "20140804T090843+0200",
      "duration" : 523.0,
      "distance" : 570.0,
      "steps" : 760,
      "trackPoints" : [ ]
    } ],
    "lastUpdate" : "20140804T134754Z"
  }, {
    "type" : "move",
    "startTime" : "20140804T094047+0200",
    "endTime" : "20140804T095433+0200",
    "activities" : [ {
      "activity" : "transport",
      "group" : "transport",
      "manual" : false,
      "startTime" : "20140804T094047+0200",
      "endTime" : "20140804T094957+0200",
      "duration" : 550.0,
      "distance" : 2300.0,
      "trackPoints" : [ {
        "lat" : 49.873520488,
        "lon" : 8.6540199876,
        "time" : "20140804T094047+0200"
      }, {
        "lat" : 49.8716834587,
        "lon" : 8.6424828569,
        "time" : "20140804T094400+0200"
      }, {
        "lat" : 49.8715097094,
        "lon" : 8.6411026786,
        "time" : "20140804T094418+0200"
      }, {
        "lat" : 49.8704003051,
        "lon" : 8.6335685903,
        "time" : "20140804T094703+0200"
      }, {
        "lat" : 49.8704003051,
        "lon" : 8.6335685903,
        "time" : "20140804T094728+0200"
      }, {
        "lat" : 49.8704002356,
        "lon" : 8.6335680799,
        "time" : "20140804T094748+0200"
      }, {
        "lat" : 49.8701048666,
        "lon" : 8.6307966156,
        "time" : "20140804T094813+0200"
      }, {
        "lat" : 49.8702661349,
        "lon" : 8.628882152,
        "time" : "20140804T094835+0200"
      }, {
        "lat" : 49.8720378187,
        "lon" : 8.629964755,
        "time" : "20140804T094957+0200"
      } ]
    }, {
      "activity" : "walking",
      "group" : "walking",
      "manual" : false,
      "startTime" : "20140804T094957+0200",
      "endTime" : "20140804T095433+0200",
      "duration" : 276.0,
      "distance" : 153.0,
      "steps" : 306,
      "trackPoints" : [ {
        "lat" : 49.8720378187,
        "lon" : 8.629964755,
        "time" : "20140804T094957+0200"
      }, {
        "lat" : 49.8724256215,
        "lon" : 8.6300892414,
        "time" : "20140804T095130+0200"
      }, {
        "lat" : 49.8730148629,
        "lon" : 8.630045961,
        "time" : "20140804T095433+0200"
      } ]
    } ],
    "lastUpdate" : "20140804T134754Z"
  }, {
    "type" : "place",
    "startTime" : "20140804T095434+0200",
    "endTime" : "20140804T100316+0200",
    "place" : {
      "id" : 239511235,
      "type" : "unknown",
      "location" : {
        "lat" : 49.8730148629,
        "lon" : 8.630045961
      }
    },
    "activities" : [ {
      "activity" : "walking",
      "group" : "walking",
      "manual" : false,
      "startTime" : "20140804T095501+0200",
      "endTime" : "20140804T095518+0200",
      "duration" : 17.0,
      "distance" : 12.0,
      "steps" : 23,
      "trackPoints" : [ ]
    } ],
    "lastUpdate" : "20140804T134754Z"
  }, {
    "type" : "move",
    "startTime" : "20140804T100316+0200",
    "endTime" : "20140804T114514+0200",
    "activities" : [ {
      "activity" : "transport",
      "group" : "transport",
      "manual" : false,
      "startTime" : "20140804T100316+0200",
      "endTime" : "20140804T114515+0200",
      "duration" : 6119.0,
      "distance" : 31888.0,
      "trackPoints" : [ {
        "lat" : 49.8730148629,
        "lon" : 8.630045961,
        "time" : "20140804T100316+0200"
      }, {
        "lat" : 49.8777269459,
        "lon" : 8.629049423,
        "time" : "20140804T100543+0200"
      }, {
        "lat" : 49.9212309287,
        "lon" : 8.6465670106,
        "time" : "20140804T101012+0200"
      }, {
        "lat" : 49.9510325551,
        "lon" : 8.6510664448,
        "time" : "20140804T101329+0200"
      }, {
        "lat" : 49.9517387711,
        "lon" : 8.6512219822,
        "time" : "20140804T101349+0200"
      }, {
        "lat" : 49.9785357163,
        "lon" : 8.6546583126,
        "time" : "20140804T101713+0200"
      }, {
        "lat" : 50.0030589507,
        "lon" : 8.6581146405,
        "time" : "20140804T102033+0200"
      }, {
        "lat" : 50.0053769134,
        "lon" : 8.6584767489,
        "time" : "20140804T102053+0200"
      }, {
        "lat" : 50.0234401526,
        "lon" : 8.6612120786,
        "time" : "20140804T102423+0200"
      }, {
        "lat" : 50.0540322756,
        "lon" : 8.6656550387,
        "time" : "20140804T102742+0200"
      }, {
        "lat" : 50.089809611,
        "lon" : 8.6682382634,
        "time" : "20140804T103116+0200"
      }, {
        "lat" : 50.1000484681,
        "lon" : 8.6875944849,
        "time" : "20140804T103439+0200"
      }, {
        "lat" : 50.1052206342,
        "lon" : 8.6857250144,
        "time" : "20140804T105959+0200"
      }, {
        "lat" : 50.1052206682,
        "lon" : 8.6857250021,
        "time" : "20140804T110000+0200"
      }, {
        "lat" : 50.1144566513,
        "lon" : 8.6823866721,
        "time" : "20140804T114514+0200"
      } ]
    } ],
    "lastUpdate" : "20140804T134754Z"
  }, {
    "type" : "place",
    "startTime" : "20140804T114515+0200",
    "endTime" : "20140804T115757+0200",
    "place" : {
      "id" : 239531661,
      "type" : "unknown",
      "location" : {
        "lat" : 50.1144566513,
        "lon" : 8.6823866721
      }
    },
    "activities" : [ {
      "activity" : "walking",
      "group" : "walking",
      "manual" : false,
      "startTime" : "20140804T114610+0200",
      "endTime" : "20140804T114946+0200",
      "duration" : 216.0,
      "distance" : 238.0,
      "steps" : 317,
      "trackPoints" : [ ]
    } ],
    "lastUpdate" : "20140804T134754Z"
  }, {
    "type" : "move",
    "startTime" : "20140804T115757+0200",
    "endTime" : "20140804T120428+0200",
    "activities" : [ {
      "activity" : "walking",
      "group" : "walking",
      "manual" : false,
      "startTime" : "20140804T115757+0200",
      "endTime" : "20140804T120429+0200",
      "duration" : 392.0,
      "distance" : 325.0,
      "steps" : 564,
      "trackPoints" : [ {
        "lat" : 50.1144566513,
        "lon" : 8.6823866721,
        "time" : "20140804T115757+0200"
      }, {
        "lat" : 50.1140985064,
        "lon" : 8.6808913294,
        "time" : "20140804T115959+0200"
      }, {
        "lat" : 50.1140984773,
        "lon" : 8.6808912078,
        "time" : "20140804T120000+0200"
      }, {
        "lat" : 50.1140412784,
        "lon" : 8.6806523883,
        "time" : "20140804T120019+0200"
      }, {
        "lat" : 50.1145911186,
        "lon" : 8.6796540891,
        "time" : "20140804T120428+0200"
      } ]
    } ],
    "lastUpdate" : "20140804T134754Z"
  }, {
    "type" : "place",
    "startTime" : "20140804T120429+0200",
    "endTime" : "20140804T121638+0200",
    "place" : {
      "id" : 239531662,
      "type" : "unknown",
      "location" : {
        "lat" : 50.1145911186,
        "lon" : 8.6796540891
      }
    },
    "activities" : [ {
      "activity" : "walking",
      "group" : "walking",
      "manual" : false,
      "startTime" : "20140804T120433+0200",
      "endTime" : "20140804T120746+0200",
      "duration" : 193.0,
      "distance" : 232.0,
      "steps" : 309,
      "trackPoints" : [ ]
    } ],
    "lastUpdate" : "20140804T134754Z"
  }, {
    "type" : "move",
    "startTime" : "20140804T121638+0200",
    "endTime" : "20140804T124717+0200",
    "activities" : [ {
      "activity" : "walking",
      "group" : "walking",
      "manual" : false,
      "startTime" : "20140804T121638+0200",
      "endTime" : "20140804T123711+0200",
      "duration" : 1233.0,
      "distance" : 1207.0,
      "steps" : 1401,
      "trackPoints" : [ {
        "lat" : 50.1145911186,
        "lon" : 8.6796540891,
        "time" : "20140804T121638+0200"
      }, {
        "lat" : 50.1107702033,
        "lon" : 8.675218956,
        "time" : "20140804T122537+0200"
      }, {
        "lat" : 50.1120475932,
        "lon" : 8.6768985238,
        "time" : "20140804T122814+0200"
      }, {
        "lat" : 50.1120415816,
        "lon" : 8.6769043153,
        "time" : "20140804T122835+0200"
      }, {
        "lat" : 50.1118895261,
        "lon" : 8.6768776833,
        "time" : "20140804T122857+0200"
      }, {
        "lat" : 50.1107028303,
        "lon" : 8.6755148683,
        "time" : "20140804T123115+0200"
      }, {
        "lat" : 50.110649844,
        "lon" : 8.6753444316,
        "time" : "20140804T123130+0200"
      }, {
        "lat" : 50.1100743797,
        "lon" : 8.6735755375,
        "time" : "20140804T123711+0200"
      } ]
    }, {
      "activity" : "transport",
      "group" : "transport",
      "manual" : false,
      "startTime" : "20140804T123711+0200",
      "endTime" : "20140804T124216+0200",
      "duration" : 305.0,
      "distance" : 774.0,
      "trackPoints" : [ {
        "lat" : 50.1100743797,
        "lon" : 8.6735755375,
        "time" : "20140804T123711+0200"
      }, {
        "lat" : 50.107334854,
        "lon" : 8.6651614206,
        "time" : "20140804T124216+0200"
      } ]
    }, {
      "activity" : "walking",
      "group" : "walking",
      "manual" : false,
      "startTime" : "20140804T124216+0200",
      "endTime" : "20140804T124717+0200",
      "duration" : 301.0,
      "distance" : 241.0,
      "steps" : 380,
      "trackPoints" : [ {
        "lat" : 50.107334854,
        "lon" : 8.6651614206,
        "time" : "20140804T124216+0200"
      }, {
        "lat" : 50.1064923099,
        "lon" : 8.6625896097,
        "time" : "20140804T124701+0200"
      }, {
        "lat" : 50.106483741,
        "lon" : 8.6625383805,
        "time" : "20140804T124717+0200"
      } ]
    } ],
    "lastUpdate" : "20140804T134754Z"
  }, {
    "type" : "place",
    "startTime" : "20140804T124717+0200",
    "endTime" : "20140804T124953+0200",
    "place" : {
      "id" : 239568907,
      "type" : "unknown",
      "location" : {
        "lat" : 50.106483741,
        "lon" : 8.6625383805
      }
    },
    "activities" : [ {
      "activity" : "walking",
      "group" : "walking",
      "manual" : false,
      "startTime" : "20140804T124726+0200",
      "endTime" : "20140804T124732+0200",
      "duration" : 6.0,
      "distance" : 4.0,
      "steps" : 8,
      "trackPoints" : [ ]
    } ],
    "lastUpdate" : "20140804T134754Z"
  }, {
    "type" : "move",
    "startTime" : "20140804T124953+0200",
    "endTime" : "20140804T140330+0200",
    "activities" : [ {
      "activity" : "walking",
      "group" : "walking",
      "manual" : false,
      "startTime" : "20140804T124953+0200",
      "endTime" : "20140804T125143+0200",
      "duration" : 110.0,
      "distance" : 101.0,
      "steps" : 74,
      "trackPoints" : [ {
        "lat" : 50.106483741,
        "lon" : 8.6625383805,
        "time" : "20140804T124953+0200"
      }, {
        "lat" : 50.1064849791,
        "lon" : 8.6625380253,
        "time" : "20140804T125032+0200"
      }, {
        "lat" : 50.105698775,
        "lon" : 8.6624329874,
        "time" : "20140804T125143+0200"
      } ]
    }, {
      "activity" : "transport",
      "group" : "transport",
      "manual" : false,
      "startTime" : "20140804T125143+0200",
      "endTime" : "20140804T133157+0200",
      "duration" : 2414.0,
      "distance" : 29870.0,
      "trackPoints" : [ {
        "lat" : 50.105698775,
        "lon" : 8.6624329874,
        "time" : "20140804T125143+0200"
      }, {
        "lat" : 50.057832434,
        "lon" : 8.6559384672,
        "time" : "20140804T125959+0200"
      }, {
        "lat" : 50.0578314699,
        "lon" : 8.6559383364,
        "time" : "20140804T130000+0200"
      }, {
        "lat" : 49.8729932573,
        "lon" : 8.6308594298,
        "time" : "20140804T133157+0200"
      } ]
    }, {
      "activity" : "walking",
      "group" : "walking",
      "manual" : false,
      "startTime" : "20140804T133157+0200",
      "endTime" : "20140804T133359+0200",
      "duration" : 122.0,
      "distance" : 104.0,
      "steps" : 208,
      "trackPoints" : [ {
        "lat" : 49.8729932573,
        "lon" : 8.6308594298,
        "time" : "20140804T133157+0200"
      }, {
        "lat" : 49.8726026619,
        "lon" : 8.6308064337,
        "time" : "20140804T133227+0200"
      }, {
        "lat" : 49.8724151606,
        "lon" : 8.6311355347,
        "time" : "20140804T133359+0200"
      } ]
    }, {
      "activity" : "transport",
      "group" : "transport",
      "manual" : false,
      "startTime" : "20140804T133359+0200",
      "endTime" : "20140804T135824+0200",
      "duration" : 1465.0,
      "distance" : 3722.0,
      "trackPoints" : [ {
        "lat" : 49.8724151606,
        "lon" : 8.6311355347,
        "time" : "20140804T133359+0200"
      }, {
        "lat" : 49.8722790355,
        "lon" : 8.6313823649,
        "time" : "20140804T133813+0200"
      }, {
        "lat" : 49.8722689726,
        "lon" : 8.6313849354,
        "time" : "20140804T134016+0200"
      }, {
        "lat" : 49.8704801577,
        "lon" : 8.6329220647,
        "time" : "20140804T134356+0200"
      }, {
        "lat" : 49.8724312011,
        "lon" : 8.6480936505,
        "time" : "20140804T134830+0200"
      }, {
        "lat" : 49.872436712,
        "lon" : 8.6489838615,
        "time" : "20140804T134846+0200"
      }, {
        "lat" : 49.8730733572,
        "lon" : 8.6527223389,
        "time" : "20140804T135214+0200"
      }, {
        "lat" : 49.8728321952,
        "lon" : 8.6548989351,
        "time" : "20140804T135339+0200"
      }, {
        "lat" : 49.8728102124,
        "lon" : 8.6550909766,
        "time" : "20140804T135359+0200"
      }, {
        "lat" : 49.8728432907,
        "lon" : 8.655184788,
        "time" : "20140804T135423+0200"
      }, {
        "lat" : 49.8779664387,
        "lon" : 8.6619374906,
        "time" : "20140804T135606+0200"
      }, {
        "lat" : 49.8780775167,
        "lon" : 8.6618485509,
        "time" : "20140804T135626+0200"
      }, {
        "lat" : 49.8825352752,
        "lon" : 8.6664830858,
        "time" : "20140804T135824+0200"
      } ]
    }, {
      "activity" : "walking",
      "group" : "walking",
      "manual" : false,
      "startTime" : "20140804T135824+0200",
      "endTime" : "20140804T140330+0200",
      "duration" : 306.0,
      "distance" : 355.0,
      "steps" : 504,
      "trackPoints" : [ {
        "lat" : 49.8825352752,
        "lon" : 8.6664830858,
        "time" : "20140804T135824+0200"
      }, {
        "lat" : 49.8829232946,
        "lon" : 8.6668869679,
        "time" : "20140804T135934+0200"
      }, {
        "lat" : 49.8826303848,
        "lon" : 8.6671402829,
        "time" : "20140804T135952+0200"
      }, {
        "lat" : 49.8826002153,
        "lon" : 8.667171891,
        "time" : "20140804T135959+0200"
      }, {
        "lat" : 49.8826001736,
        "lon" : 8.6671719347,
        "time" : "20140804T140000+0200"
      }, {
        "lat" : 49.8825665629,
        "lon" : 8.6672071481,
        "time" : "20140804T140008+0200"
      }, {
        "lat" : 49.8826064839,
        "lon" : 8.6679161471,
        "time" : "20140804T140048+0200"
      }, {
        "lat" : 49.882614425,
        "lon" : 8.6680844632,
        "time" : "20140804T140108+0200"
      }, {
        "lat" : 49.8826152954,
        "lon" : 8.6681759498,
        "time" : "20140804T140128+0200"
      }, {
        "lat" : 49.8826117848,
        "lon" : 8.6682422017,
        "time" : "20140804T140149+0200"
      }, {
        "lat" : 49.8825964965,
        "lon" : 8.6683551796,
        "time" : "20140804T140219+0200"
      }, {
        "lat" : 49.8825765526,
        "lon" : 8.6684559393,
        "time" : "20140804T140240+0200"
      }, {
        "lat" : 49.8825332827,
        "lon" : 8.6686102973,
        "time" : "20140804T140301+0200"
      }, {
        "lat" : 49.8819681239,
        "lon" : 8.6703339401,
        "time" : "20140804T140330+0200"
      } ]
    } ],
    "lastUpdate" : "20140804T134754Z"
  }, {
    "type" : "place",
    "startTime" : "20140804T140330+0200",
    "endTime" : "20140805T084026+0200",
    "place" : {
      "id" : 222568631,
      "type" : "unknown",
      "location" : {
        "lat" : 49.8819681239,
        "lon" : 8.6703339401
      }
    },
    "activities" : [ {
      "activity" : "walking",
      "group" : "walking",
      "manual" : false,
      "startTime" : "20140804T140333+0200",
      "endTime" : "20140804T140336+0200",
      "duration" : 3.0,
      "distance" : 2.0,
      "steps" : 4,
      "trackPoints" : [ ]
    }, {
      "activity" : "walking",
      "group" : "walking",
      "manual" : false,
      "startTime" : "20140804T161039+0200",
      "endTime" : "20140804T161109+0200",
      "duration" : 30.0,
      "distance" : 17.0,
      "steps" : 35,
      "trackPoints" : [ ]
    }, {
      "activity" : "walking",
      "group" : "walking",
      "manual" : false,
      "startTime" : "20140804T195329+0200",
      "endTime" : "20140804T195337+0200",
      "duration" : 8.0,
      "distance" : 5.0,
      "steps" : 10,
      "trackPoints" : [ ]
    } ],
    "lastUpdate" : "20140805T111825Z"
  } ],
  "lastUpdate" : "20140805T111825Z"
} ]