[ {
  "date" : "20141013",
  "summary" : [ {
    "activity" : "walking",
    "group" : "walking",
    "duration" : 3608.0,
    "distance" : 4515.0,
    "steps" : 6047
  }, {
    "activity" : "transport",
    "group" : "transport",
    "duration" : 2549.0,
    "distance" : 9510.0
  } ],
  "segments" : [ {
    "type" : "place",
    "startTime" : "20141011T184711+0200",
    "endTime" : "20141013T091324+0200",
    "place" : {
      "id" : 251291724,
      "name" : "Home",
      "type" : "home",
      "location" : {
        "lat" : 49.8819996044,
        "lon" : 8.6702592175
      }
    },
    "activities" : [ {
      "activity" : "walking",
      "group" : "walking",
      "manual" : false,
      "startTime" : "20141013T091258+0200",
      "endTime" : "20141013T091323+0200",
      "duration" : 25.0,
      "distance" : 17.0,
      "steps" : 34,
      "trackPoints" : [ ]
    } ],
    "lastUpdate" : "20141013T085909Z"
  }, {
    "type" : "move",
    "startTime" : "20141013T091324+0200",
    "endTime" : "20141013T091821+0200",
    "activities" : [ {
      "activity" : "walking",
      "group" : "walking",
      "manual" : false,
      "startTime" : "20141013T091324+0200",
      "endTime" : "20141013T091821+0200",
      "duration" : 297.0,
      "distance" : 362.0,
      "steps" : 526,
      "trackPoints" : [ {
        "lat" : 49.8819996044,
        "lon" : 8.6702592175,
        "time" : "20141013T091324+0200"
      }, {
        "lat" : 49.8820539051,
        "lon" : 8.6700990749,
        "time" : "20141013T091341+0200"
      }, {
        "lat" : 49.8820693009,
        "lon" : 8.6700785836,
        "time" : "20141013T091402+0200"
      }, {
        "lat" : 49.882091286,
        "lon" : 8.6700495912,
        "time" : "20141013T091422+0200"
      }, {
        "lat" : 49.8821135025,
        "lon" : 8.6700198616,
        "time" : "20141013T091443+0200"
      }, {
        "lat" : 49.8821388671,
        "lon" : 8.6699772309,
        "time" : "20141013T091504+0200"
      }, {
        "lat" : 49.882162897,
        "lon" : 8.6699322124,
        "time" : "20141013T091524+0200"
      }, {
        "lat" : 49.8821986324,
        "lon" : 8.6698568261,
        "time" : "20141013T091557+0200"
      }, {
        "lat" : 49.8826448146,
        "lon" : 8.6684640955,
        "time" : "20141013T091638+0200"
      }, {
        "lat" : 49.8827223077,
        "lon" : 8.6681779125,
        "time" : "20141013T091658+0200"
      }, {
        "lat" : 49.8826849641,
        "lon" : 8.6677891563,
        "time" : "20141013T091738+0200"
      }, {
        "lat" : 49.8825807667,
        "lon" : 8.6673096782,
        "time" : "20141013T091758+0200"
      }, {
        "lat" : 49.882194,
        "lon" : 8.665967,
        "time" : "20141013T091821+0200"
      } ]
    } ],
    "lastUpdate" : "20141013T085909Z"
  }, {
    "type" : "place",
    "startTime" : "20141013T091821+0200",
    "endTime" : "20141013T092321+0200",
    "place" : {
      "id" : 251292369,
      "name" : "H Karlshof",
      "type" : "foursquare",
      "foursquareId" : "4d31931eb60937045413eddf",
      "location" : {
        "lat" : 49.882194,
        "lon" : 8.665967
      }
    },
    "activities" : [ {
      "activity" : "walking",
      "group" : "walking",
      "manual" : false,
      "startTime" : "20141013T091821+0200",
      "endTime" : "20141013T091844+0200",
      "duration" : 23.0,
      "distance" : 17.0,
      "steps" : 33,
      "trackPoints" : [ ]
    } ],
    "lastUpdate" : "20141013T085909Z"
  }, {
    "type" : "move",
    "startTime" : "20141013T092321+0200",
    "endTime" : "20141013T094542+0200",
    "activities" : [ {
      "activity" : "transport",
      "group" : "transport",
      "manual" : false,
      "startTime" : "20141013T092321+0200",
      "endTime" : "20141013T093837+0200",
      "duration" : 916.0,
      "distance" : 3535.0,
      "trackPoints" : [ {
        "lat" : 49.882194,
        "lon" : 8.665967,
        "time" : "20141013T092321+0200"
      }, {
        "lat" : 49.8822225384,
        "lon" : 8.6659093921,
        "time" : "20141013T092341+0200"
      }, {
        "lat" : 49.8822129096,
        "lon" : 8.665900619,
        "time" : "20141013T092359+0200"
      }, {
        "lat" : 49.882187642,
        "lon" : 8.6658783098,
        "time" : "20141013T092419+0200"
      }, {
        "lat" : 49.8821681269,
        "lon" : 8.665863882,
        "time" : "20141013T092440+0200"
      }, {
        "lat" : 49.8785503462,
        "lon" : 8.6618769217,
        "time" : "20141013T092555+0200"
      }, {
        "lat" : 49.8782276365,
        "lon" : 8.6614752633,
        "time" : "20141013T092612+0200"
      }, {
        "lat" : 49.8767726394,
        "lon" : 8.6614784956,
        "time" : "20141013T092637+0200"
      }, {
        "lat" : 49.8760297744,
        "lon" : 8.660790428,
        "time" : "20141013T092657+0200"
      }, {
        "lat" : 49.8758732016,
        "lon" : 8.6605304582,
        "time" : "20141013T092719+0200"
      }, {
        "lat" : 49.8757339345,
        "lon" : 8.6601846348,
        "time" : "20141013T092751+0200"
      }, {
        "lat" : 49.8740668101,
        "lon" : 8.6545891762,
        "time" : "20141013T092841+0200"
      }, {
        "lat" : 49.8741550209,
        "lon" : 8.6544841673,
        "time" : "20141013T092921+0200"
      }, {
        "lat" : 49.8728909785,
        "lon" : 8.6548042043,
        "time" : "20141013T092951+0200"
      }, {
        "lat" : 49.8728909785,
        "lon" : 8.6548042043,
        "time" : "20141013T093014+0200"
      }, {
        "lat" : 49.872886275,
        "lon" : 8.6548173535,
        "time" : "20141013T093031+0200"
      }, {
        "lat" : 49.8732034215,
        "lon" : 8.6526926391,
        "time" : "20141013T093053+0200"
      }, {
        "lat" : 49.872998419,
        "lon" : 8.6517772983,
        "time" : "20141013T093108+0200"
      }, {
        "lat" : 49.8730524328,
        "lon" : 8.6516825117,
        "time" : "20141013T093136+0200"
      }, {
        "lat" : 49.8730524328,
        "lon" : 8.6516825117,
        "time" : "20141013T093153+0200"
      }, {
        "lat" : 49.873036646,
        "lon" : 8.6504685621,
        "time" : "20141013T093214+0200"
      }, {
        "lat" : 49.8728939001,
        "lon" : 8.649584061,
        "time" : "20141013T093233+0200"
      }, {
        "lat" : 49.8722296485,
        "lon" : 8.646632622,
        "time" : "20141013T093255+0200"
      }, {
        "lat" : 49.8721040911,
        "lon" : 8.6459513843,
        "time" : "20141013T093316+0200"
      }, {
        "lat" : 49.8720527382,
        "lon" : 8.645674638,
        "time" : "20141013T093336+0200"
      }, {
        "lat" : 49.8720319074,
        "lon" : 8.6455675854,
        "time" : "20141013T093356+0200"
      }, {
        "lat" : 49.8720324043,
        "lon" : 8.6455694678,
        "time" : "20141013T093413+0200"
      }, {
        "lat" : 49.8717883312,
        "lon" : 8.6438062322,
        "time" : "20141013T093435+0200"
      }, {
        "lat" : 49.8708336721,
        "lon" : 8.637377307,
        "time" : "20141013T093620+0200"
      }, {
        "lat" : 49.8707670964,
        "lon" : 8.6363010725,
        "time" : "20141013T093651+0200"
      }, {
        "lat" : 49.870785268,
        "lon" : 8.6361472138,
        "time" : "20141013T093714+0200"
      }, {
        "lat" : 49.8714199925,
        "lon" : 8.6342093551,
        "time" : "20141013T093758+0200"
      }, {
        "lat" : 49.8721463048,
        "lon" : 8.6326125047,
        "time" : "20141013T093837+0200"
      } ]
    }, {
      "activity" : "walking",
      "group" : "walking",
      "manual" : false,
      "startTime" : "20141013T093837+0200",
      "endTime" : "20141013T094541+0200",
      "duration" : 424.0,
      "distance" : 732.0,
      "steps" : 781,
      "trackPoints" : [ {
        "lat" : 49.8721463048,
        "lon" : 8.6326125047,
        "time" : "20141013T093837+0200"
      }, {
        "lat" : 49.8726903261,
        "lon" : 8.6308096387,
        "time" : "20141013T093915+0200"
      }, {
        "lat" : 49.8727205862,
        "lon" : 8.6307093773,
        "time" : "20141013T093935+0200"
      }, {
        "lat" : 49.8727244365,
        "lon" : 8.6307082739,
        "time" : "20141013T093953+0200"
      }, {
        "lat" : 49.8727191957,
        "lon" : 8.6307066687,
        "time" : "20141013T094014+0200"
      }, {
        "lat" : 49.8725591002,
        "lon" : 8.6302215525,
        "time" : "20141013T094048+0200"
      }, {
        "lat" : 49.8724052747,
        "lon" : 8.6295927591,
        "time" : "20141013T094122+0200"
      }, {
        "lat" : 49.8723002683,
        "lon" : 8.6290183165,
        "time" : "20141013T094148+0200"
      }, {
        "lat" : 49.8722078841,
        "lon" : 8.6282748277,
        "time" : "20141013T094211+0200"
      }, {
        "lat" : 49.8720456678,
        "lon" : 8.6272156,
        "time" : "20141013T094251+0200"
      }, {
        "lat" : 49.8719696434,
        "lon" : 8.6270399243,
        "time" : "20141013T094311+0200"
      }, {
        "lat" : 49.8718827066,
        "lon" : 8.6269813179,
        "time" : "20141013T094331+0200"
      }, {
        "lat" : 49.8717417638,
        "lon" : 8.6268351692,
        "time" : "20141013T094353+0200"
      }, {
        "lat" : 49.8713091447,
        "lon" : 8.6263442502,
        "time" : "20141013T094421+0200"
      }, {
        "lat" : 49.8710691727,
        "lon" : 8.6260384947,
        "time" : "20141013T094441+0200"
      }, {
        "lat" : 49.870897783,
        "lon" : 8.625786377,
        "time" : "20141013T094503+0200"
      }, {
        "lat" : 49.8707710226,
        "lon" : 8.6256001451,
        "time" : "20141013T094522+0200"
      }, {
        "lat" : 49.8712952279,
        "lon" : 8.6249912643,
        "time" : "20141013T094542+0200"
      } ]
    } ],
    "lastUpdate" : "20141013T085909Z"
  }, {
    "type" : "place",
    "startTime" : "20141013T094542+0200",
    "endTime" : "20141013T175246+0200",
    "place" : {
      "id" : 249718361,
      "name" : "Consetto",
      "type" : "work",
      "location" : {
        "lat" : 49.8712952279,
        "lon" : 8.6249912643
      }
    },
    "activities" : [ {
      "activity" : "walking",
      "group" : "walking",
      "manual" : false,
      "startTime" : "20141013T094542+0200",
      "endTime" : "20141013T094559+0200",
      "duration" : 17.0,
      "distance" : 12.0,
      "steps" : 25,
      "trackPoints" : [ ]
    }, {
      "activity" : "walking",
      "group" : "walking",
      "manual" : false,
      "startTime" : "20141013T122947+0200",
      "endTime" : "20141013T123113+0200",
      "duration" : 86.0,
      "distance" : 59.0,
      "steps" : 118,
      "trackPoints" : [ ]
    }, {
      "activity" : "walking",
      "group" : "walking",
      "manual" : false,
      "startTime" : "20141013T150600+0200",
      "endTime" : "20141013T150730+0200",
      "duration" : 90.0,
      "distance" : 62.0,
      "steps" : 124,
      "trackPoints" : [ ]
    } ],
    "lastUpdate" : "20141013T175037Z"
  }, {
    "type" : "move",
    "startTime" : "20141013T175246+0200",
    "endTime" : "20141013T182420+0200",
    "activities" : [ {
      "activity" : "walking",
      "group" : "walking",
      "manual" : false,
      "startTime" : "20141013T175246+0200",
      "endTime" : "20141013T175827+0200",
      "duration" : 341.0,
      "distance" : 344.0,
      "steps" : 623,
      "trackPoints" : [ {
        "lat" : 49.8712952279,
        "lon" : 8.6249912643,
        "time" : "20141013T175246+0200"
      }, {
        "lat" : 49.8711314933,
        "lon" : 8.6252798158,
        "time" : "20141013T175348+0200"
      }, {
        "lat" : 49.8710304239,
        "lon" : 8.625379729,
        "time" : "20141013T175411+0200"
      }, {
        "lat" : 49.8709941014,
        "lon" : 8.625533651,
        "time" : "20141013T175435+0200"
      }, {
        "lat" : 49.8709872794,
        "lon" : 8.6258641273,
        "time" : "20141013T175459+0200"
      }, {
        "lat" : 49.8710834999,
        "lon" : 8.626839174,
        "time" : "20141013T175550+0200"
      }, {
        "lat" : 49.8710964174,
        "lon" : 8.6271193101,
        "time" : "20141013T175609+0200"
      }, {
        "lat" : 49.871082957,
        "lon" : 8.627516677,
        "time" : "20141013T175641+0200"
      }, {
        "lat" : 49.8711484174,
        "lon" : 8.6276811993,
        "time" : "20141013T175701+0200"
      }, {
        "lat" : 49.8715054957,
        "lon" : 8.6279015466,
        "time" : "20141013T175732+0200"
      }, {
        "lat" : 49.8718480863,
        "lon" : 8.6280592622,
        "time" : "20141013T175752+0200"
      }, {
        "lat" : 49.8719944769,
        "lon" : 8.6281365529,
        "time" : "20141013T175826+0200"
      } ]
    }, {
      "activity" : "transport",
      "group" : "transport",
      "manual" : false,
      "startTime" : "20141013T175826+0200",
      "endTime" : "20141013T181909+0200",
      "duration" : 1243.0,
      "distance" : 4218.0,
      "trackPoints" : [ {
        "lat" : 49.8719944769,
        "lon" : 8.6281365529,
        "time" : "20141013T175826+0200"
      }, {
        "lat" : 49.8723689075,
        "lon" : 8.6287338255,
        "time" : "20141013T175927+0200"
      }, {
        "lat" : 49.8724671104,
        "lon" : 8.6288365412,
        "time" : "20141013T175959+0200"
      }, {
        "lat" : 49.872461305,
        "lon" : 8.6288781421,
        "time" : "20141013T175959+0200"
      }, {
        "lat" : 49.8724611522,
        "lon" : 8.6288792368,
        "time" : "20141013T180000+0200"
      }, {
        "lat" : 49.8718813872,
        "lon" : 8.6330337432,
        "time" : "20141013T180037+0200"
      }, {
        "lat" : 49.8702604807,
        "lon" : 8.62871461,
        "time" : "20141013T180456+0200"
      }, {
        "lat" : 49.870261508,
        "lon" : 8.6287295091,
        "time" : "20141013T180520+0200"
      }, {
        "lat" : 49.8702618838,
        "lon" : 8.6287320097,
        "time" : "20141013T180537+0200"
      }, {
        "lat" : 49.8708018628,
        "lon" : 8.6312153181,
        "time" : "20141013T180613+0200"
      }, {
        "lat" : 49.8707247531,
        "lon" : 8.6313600202,
        "time" : "20141013T180633+0200"
      }, {
        "lat" : 49.8700636424,
        "lon" : 8.6309522888,
        "time" : "20141013T180651+0200"
      }, {
        "lat" : 49.8701603322,
        "lon" : 8.6316582869,
        "time" : "20141013T180714+0200"
      }, {
        "lat" : 49.8711015136,
        "lon" : 8.6388505657,
        "time" : "20141013T180734+0200"
      }, {
        "lat" : 49.8714752056,
        "lon" : 8.6409901038,
        "time" : "20141013T180834+0200"
      }, {
        "lat" : 49.8715397415,
        "lon" : 8.6420265842,
        "time" : "20141013T180918+0200"
      }, {
        "lat" : 49.8717441476,
        "lon" : 8.6432147051,
        "time" : "20141013T180941+0200"
      }, {
        "lat" : 49.8718001897,
        "lon" : 8.6436435923,
        "time" : "20141013T181001+0200"
      }, {
        "lat" : 49.8718000452,
        "lon" : 8.6437871543,
        "time" : "20141013T181021+0200"
      }, {
        "lat" : 49.8722076422,
        "lon" : 8.6462450172,
        "time" : "20141013T181103+0200"
      }, {
        "lat" : 49.8728056142,
        "lon" : 8.649233908,
        "time" : "20141013T181123+0200"
      }, {
        "lat" : 49.8730038101,
        "lon" : 8.6503775854,
        "time" : "20141013T181142+0200"
      }, {
        "lat" : 49.8728476646,
        "lon" : 8.6518603039,
        "time" : "20141013T181201+0200"
      }, {
        "lat" : 49.8729521939,
        "lon" : 8.652211929,
        "time" : "20141013T181236+0200"
      }, {
        "lat" : 49.872965003,
        "lon" : 8.6529303042,
        "time" : "20141013T181258+0200"
      }, {
        "lat" : 49.8729645036,
        "lon" : 8.6553353532,
        "time" : "20141013T181337+0200"
      }, {
        "lat" : 49.8731096387,
        "lon" : 8.6560699873,
        "time" : "20141013T181407+0200"
      }, {
        "lat" : 49.8732607364,
        "lon" : 8.6565492234,
        "time" : "20141013T181427+0200"
      }, {
        "lat" : 49.8732809663,
        "lon" : 8.6566362952,
        "time" : "20141013T181448+0200"
      }, {
        "lat" : 49.8746741824,
        "lon" : 8.6580355118,
        "time" : "20141013T181517+0200"
      }, {
        "lat" : 49.8753884785,
        "lon" : 8.6591678865,
        "time" : "20141013T181539+0200"
      }, {
        "lat" : 49.8755714358,
        "lon" : 8.6594699497,
        "time" : "20141013T181559+0200"
      }, {
        "lat" : 49.8756377526,
        "lon" : 8.6597402142,
        "time" : "20141013T181617+0200"
      }, {
        "lat" : 49.8757932862,
        "lon" : 8.6603216397,
        "time" : "20141013T181648+0200"
      }, {
        "lat" : 49.8758448667,
        "lon" : 8.6604451431,
        "time" : "20141013T181706+0200"
      }, {
        "lat" : 49.875878407,
        "lon" : 8.6605217241,
        "time" : "20141013T181727+0200"
      }, {
        "lat" : 49.8759256977,
        "lon" : 8.6606316228,
        "time" : "20141013T181748+0200"
      }, {
        "lat" : 49.8773313233,
        "lon" : 8.6638761102,
        "time" : "20141013T181819+0200"
      }, {
        "lat" : 49.8775900046,
        "lon" : 8.6646420981,
        "time" : "20141013T181838+0200"
      }, {
        "lat" : 49.8775900046,
        "lon" : 8.6646420981,
        "time" : "20141013T181909+0200"
      } ]
    }, {
      "activity" : "walking",
      "group" : "walking",
      "manual" : false,
      "startTime" : "20141013T181909+0200",
      "endTime" : "20141013T182420+0200",
      "duration" : 311.0,
      "distance" : 754.0,
      "steps" : 628,
      "trackPoints" : [ {
        "lat" : 49.8775900046,
        "lon" : 8.6646420981,
        "time" : "20141013T181909+0200"
      }, {
        "lat" : 49.8776926459,
        "lon" : 8.6649406234,
        "time" : "20141013T181927+0200"
      }, {
        "lat" : 49.8778804172,
        "lon" : 8.6654388868,
        "time" : "20141013T181947+0200"
      }, {
        "lat" : 49.8787938761,
        "lon" : 8.6675371456,
        "time" : "20141013T182010+0200"
      }, {
        "lat" : 49.8796564126,
        "lon" : 8.6695098513,
        "time" : "20141013T182031+0200"
      }, {
        "lat" : 49.880349456,
        "lon" : 8.670408571,
        "time" : "20141013T182108+0200"
      }, {
        "lat" : 49.8809028085,
        "lon" : 8.6707937748,
        "time" : "20141013T182133+0200"
      }, {
        "lat" : 49.8811937438,
        "lon" : 8.6709598478,
        "time" : "20141013T182210+0200"
      }, {
        "lat" : 49.8816435666,
        "lon" : 8.6711315689,
        "time" : "20141013T182242+0200"
      }, {
        "lat" : 49.881847645,
        "lon" : 8.6710987548,
        "time" : "20141013T182302+0200"
      }, {
        "lat" : 49.882028424,
        "lon" : 8.6707486606,
        "time" : "20141013T182339+0200"
      }, {
        "lat" : 49.8820606642,
        "lon" : 8.670619199,
        "time" : "20141013T182359+0200"
      }, {
        "lat" : 49.8819996044,
        "lon" : 8.6702592175,
        "time" : "20141013T182420+0200"
      } ]
    } ],
    "lastUpdate" : "20141013T175037Z"
  }, {
    "type" : "place",
    "startTime" : "20141013T182420+0200",
    "endTime" : "20141013T184337+0200",
    "place" : {
      "id" : 251291724,
      "name" : "Home",
      "type" : "home",
      "location" : {
        "lat" : 49.8819996044,
        "lon" : 8.6702592175
      }
    },
    "activities" : [ {
      "activity" : "walking",
      "group" : "walking",
      "manual" : false,
      "startTime" : "20141013T182420+0200",
      "endTime" : "20141013T182508+0200",
      "duration" : 48.0,
      "distance" : 36.0,
      "steps" : 72,
      "trackPoints" : [ ]
    } ],
    "lastUpdate" : "20141013T175037Z"
  }, {
    "type" : "move",
    "startTime" : "20141013T184337+0200",
    "endTime" : "20141013T184808+0200",
    "activities" : [ {
      "activity" : "walking",
      "group" : "walking",
      "manual" : false,
      "startTime" : "20141013T184337+0200",
      "endTime" : "20141013T184808+0200",
      "duration" : 271.0,
      "distance" : 408.0,
      "steps" : 490,
      "trackPoints" : [ {
        "lat" : 49.8819996044,
        "lon" : 8.6702592175,
        "time" : "20141013T184337+0200"
      }, {
        "lat" : 49.8820896122,
        "lon" : 8.6700721323,
        "time" : "20141013T184356+0200"
      }, {
        "lat" : 49.8821201847,
        "lon" : 8.6700283836,
        "time" : "20141013T184416+0200"
      }, {
        "lat" : 49.8821458622,
        "lon" : 8.6700146336,
        "time" : "20141013T184436+0200"
      }, {
        "lat" : 49.8822064963,
        "lon" : 8.6698665433,
        "time" : "20141013T184456+0200"
      }, {
        "lat" : 49.8822925901,
        "lon" : 8.669535934,
        "time" : "20141013T184516+0200"
      }, {
        "lat" : 49.8826557331,
        "lon" : 8.6676541593,
        "time" : "20141013T184606+0200"
      }, {
        "lat" : 49.882671488,
        "lon" : 8.6677615341,
        "time" : "20141013T184628+0200"
      }, {
        "lat" : 49.8827570853,
        "lon" : 8.6675387055,
        "time" : "20141013T184648+0200"
      }, {
        "lat" : 49.8828462642,
        "lon" : 8.6667499984,
        "time" : "20141013T184709+0200"
      }, {
        "lat" : 49.8827614537,
        "lon" : 8.6663812718,
        "time" : "20141013T184729+0200"
      }, {
        "lat" : 49.8826513642,
        "lon" : 8.6662035941,
        "time" : "20141013T184749+0200"
      }, {
        "lat" : 49.882194,
        "lon" : 8.665967,
        "time" : "20141013T184808+0200"
      } ]
    } ],
    "lastUpdate" : "20141013T175037Z"
  }, {
    "type" : "place",
    "startTime" : "20141013T184808+0200",
    "endTime" : "20141013T185402+0200",
    "place" : {
      "id" : 251292369,
      "name" : "H Karlshof",
      "type" : "foursquare",
      "foursquareId" : "4d31931eb60937045413eddf",
      "location" : {
        "lat" : 49.882194,
        "lon" : 8.665967
      }
    },
    "activities" : [ {
      "activity" : "walking",
      "group" : "walking",
      "manual" : false,
      "startTime" : "20141013T185106+0200",
      "endTime" : "20141013T185130+0200",
      "duration" : 24.0,
      "distance" : 17.0,
      "steps" : 33,
      "trackPoints" : [ ]
    } ],
    "lastUpdate" : "20141013T175037Z"
  }, {
    "type" : "move",
    "startTime" : "20141013T185402+0200",
    "endTime" : "20141013T190153+0200",
    "activities" : [ {
      "activity" : "transport",
      "group" : "transport",
      "manual" : false,
      "startTime" : "20141013T185402+0200",
      "endTime" : "20141013T185635+0200",
      "duration" : 153.0,
      "distance" : 862.0,
      "trackPoints" : [ {
        "lat" : 49.882194,
        "lon" : 8.665967,
        "time" : "20141013T185402+0200"
      }, {
        "lat" : 49.882143325,
        "lon" : 8.6658715404,
        "time" : "20141013T185420+0200"
      }, {
        "lat" : 49.8812271887,
        "lon" : 8.6653620228,
        "time" : "20141013T185450+0200"
      }, {
        "lat" : 49.881129066,
        "lon" : 8.6653104643,
        "time" : "20141013T185510+0200"
      }, {
        "lat" : 49.8810767217,
        "lon" : 8.6652765013,
        "time" : "20141013T185531+0200"
      }, {
        "lat" : 49.8810629469,
        "lon" : 8.6652658004,
        "time" : "20141013T185553+0200"
      }, {
        "lat" : 49.8763883635,
        "lon" : 8.6607127202,
        "time" : "20141013T185635+0200"
      } ]
    }, {
      "activity" : "walking",
      "group" : "walking",
      "manual" : false,
      "startTime" : "20141013T185635+0200",
      "endTime" : "20141013T190154+0200",
      "duration" : 319.0,
      "distance" : 425.0,
      "steps" : 550,
      "trackPoints" : [ {
        "lat" : 49.8763883635,
        "lon" : 8.6607127202,
        "time" : "20141013T185635+0200"
      }, {
        "lat" : 49.8757153875,
        "lon" : 8.6598263579,
        "time" : "20141013T185713+0200"
      }, {
        "lat" : 49.8757088462,
        "lon" : 8.6597826325,
        "time" : "20141013T185734+0200"
      }, {
        "lat" : 49.8758587092,
        "lon" : 8.6592840992,
        "time" : "20141013T185813+0200"
      }, {
        "lat" : 49.8759289441,
        "lon" : 8.6591056818,
        "time" : "20141013T185836+0200"
      }, {
        "lat" : 49.8760019642,
        "lon" : 8.6590124681,
        "time" : "20141013T185852+0200"
      }, {
        "lat" : 49.8762475718,
        "lon" : 8.6588204651,
        "time" : "20141013T185915+0200"
      }, {
        "lat" : 49.8763656114,
        "lon" : 8.6586313508,
        "time" : "20141013T185936+0200"
      }, {
        "lat" : 49.8762597618,
        "lon" : 8.6581305266,
        "time" : "20141013T185959+0200"
      }, {
        "lat" : 49.8762597173,
        "lon" : 8.6581303162,
        "time" : "20141013T190000+0200"
      }, {
        "lat" : 49.8762503767,
        "lon" : 8.6580861215,
        "time" : "20141013T190002+0200"
      }, {
        "lat" : 49.8762068584,
        "lon" : 8.6578759189,
        "time" : "20141013T190017+0200"
      }, {
        "lat" : 49.8762040506,
        "lon" : 8.6576397216,
        "time" : "20141013T190045+0200"
      }, {
        "lat" : 49.8770449952,
        "lon" : 8.657750091,
        "time" : "20141013T190153+0200"
      } ]
    } ],
    "lastUpdate" : "20141013T175037Z"
  }, {
    "type" : "place",
    "startTime" : "20141013T190153+0200",
    "endTime" : "20141013T203213+0200",
    "place" : {
      "id" : 236799681,
      "type" : "unknown",
      "location" : {
        "lat" : 49.8770449952,
        "lon" : 8.657750091
      }
    },
    "activities" : [ {
      "activity" : "walking",
      "group" : "walking",
      "manual" : false,
      "startTime" : "20141013T190209+0200",
      "endTime" : "20141013T190247+0200",
      "duration" : 38.0,
      "distance" : 25.0,
      "steps" : 49,
      "trackPoints" : [ ]
    }, {
      "activity" : "walking",
      "group" : "walking",
      "manual" : false,
      "startTime" : "20141013T203040+0200",
      "endTime" : "20141013T203110+0200",
      "duration" : 30.0,
      "distance" : 15.0,
      "steps" : 30,
      "trackPoints" : [ ]
    } ],
    "lastUpdate" : "20141013T192907Z"
  }, {
    "type" : "move",
    "startTime" : "20141013T203214+0200",
    "endTime" : "20141013T203950+0200",
    "activities" : [ {
      "activity" : "walking",
      "group" : "walking",
      "manual" : false,
      "startTime" : "20141013T203214+0200",
      "endTime" : "20141013T203950+0200",
      "duration" : 456.0,
      "distance" : 436.0,
      "steps" : 705,
      "trackPoints" : [ {
        "lat" : 49.8770449952,
        "lon" : 8.657750091,
        "time" : "20141013T203214+0200"
      }, {
        "lat" : 49.8772272013,
        "lon" : 8.656969569,
        "time" : "20141013T203233+0200"
      }, {
        "lat" : 49.8772216475,
        "lon" : 8.6569663956,
        "time" : "20141013T203254+0200"
      }, {
        "lat" : 49.8772121486,
        "lon" : 8.656966768,
        "time" : "20141013T203314+0200"
      }, {
        "lat" : 49.8771971316,
        "lon" : 8.6569702985,
        "time" : "20141013T203335+0200"
      }, {
        "lat" : 49.8771925871,
        "lon" : 8.6569699975,
        "time" : "20141013T203351+0200"
      }, {
        "lat" : 49.876736982,
        "lon" : 8.6571746065,
        "time" : "20141013T203428+0200"
      }, {
        "lat" : 49.8763619879,
        "lon" : 8.6574057415,
        "time" : "20141013T203448+0200"
      }, {
        "lat" : 49.8761687836,
        "lon" : 8.6575248212,
        "time" : "20141013T203508+0200"
      }, {
        "lat" : 49.8761640828,
        "lon" : 8.657555059,
        "time" : "20141013T203538+0200"
      }, {
        "lat" : 49.876192947,
        "lon" : 8.6577892661,
        "time" : "20141013T203613+0200"
      }, {
        "lat" : 49.8762406836,
        "lon" : 8.6580702384,
        "time" : "20141013T203635+0200"
      }, {
        "lat" : 49.8762288244,
        "lon" : 8.6583974797,
        "time" : "20141013T203657+0200"
      }, {
        "lat" : 49.8761968982,
        "lon" : 8.6585671381,
        "time" : "20141013T203712+0200"
      }, {
        "lat" : 49.8761394206,
        "lon" : 8.6587736698,
        "time" : "20141013T203733+0200"
      }, {
        "lat" : 49.876032474,
        "lon" : 8.6590218895,
        "time" : "20141013T203800+0200"
      }, {
        "lat" : 49.8759305752,
        "lon" : 8.6591718853,
        "time" : "20141013T203819+0200"
      }, {
        "lat" : 49.8757540591,
        "lon" : 8.6594336289,
        "time" : "20141013T203849+0200"
      }, {
        "lat" : 49.8757112134,
        "lon" : 8.6595347644,
        "time" : "20141013T203909+0200"
      }, {
        "lat" : 49.87574567,
        "lon" : 8.6603071569,
        "time" : "20141013T203950+0200"
      } ]
    } ],
    "lastUpdate" : "20141013T192907Z"
  }, {
    "type" : "place",
    "startTime" : "20141013T203950+0200",
    "endTime" : "20141013T204423+0200",
    "place" : {
      "id" : 223218885,
      "type" : "unknown",
      "location" : {
        "lat" : 49.87574567,
        "lon" : 8.6603071569
      }
    },
    "activities" : [ {
      "activity" : "walking",
      "group" : "walking",
      "manual" : false,
      "startTime" : "20141013T203959+0200",
      "endTime" : "20141013T204011+0200",
      "duration" : 12.0,
      "distance" : 8.0,
      "steps" : 16,
      "trackPoints" : [ ]
    } ],
    "lastUpdate" : "20141013T192907Z"
  }, {
    "type" : "move",
    "startTime" : "20141013T204423+0200",
    "endTime" : "20141013T205331+0200",
    "activities" : [ {
      "activity" : "transport",
      "group" : "transport",
      "manual" : false,
      "startTime" : "20141013T204423+0200",
      "endTime" : "20141013T204820+0200",
      "duration" : 237.0,
      "distance" : 895.0,
      "trackPoints" : [ {
        "lat" : 49.87574567,
        "lon" : 8.6603071569,
        "time" : "20141013T204423+0200"
      }, {
        "lat" : 49.8758182229,
        "lon" : 8.660361947,
        "time" : "20141013T204439+0200"
      }, {
        "lat" : 49.8773069935,
        "lon" : 8.6637211162,
        "time" : "20141013T204548+0200"
      }, {
        "lat" : 49.8774690245,
        "lon" : 8.6640996574,
        "time" : "20141013T204607+0200"
      }, {
        "lat" : 49.8783587556,
        "lon" : 8.6665624496,
        "time" : "20141013T204633+0200"
      }, {
        "lat" : 49.8784676042,
        "lon" : 8.6668932308,
        "time" : "20141013T204649+0200"
      }, {
        "lat" : 49.8791284015,
        "lon" : 8.6694419404,
        "time" : "20141013T204743+0200"
      }, {
        "lat" : 49.8792486866,
        "lon" : 8.6697964216,
        "time" : "20141013T204802+0200"
      }, {
        "lat" : 49.8794118178,
        "lon" : 8.6699459017,
        "time" : "20141013T204820+0200"
      } ]
    }, {
      "activity" : "walking",
      "group" : "walking",
      "manual" : false,
      "startTime" : "20141013T204820+0200",
      "endTime" : "20141013T205330+0200",
      "duration" : 310.0,
      "distance" : 404.0,
      "steps" : 492,
      "trackPoints" : [ {
        "lat" : 49.8794118178,
        "lon" : 8.6699459017,
        "time" : "20141013T204820+0200"
      }, {
        "lat" : 49.8794817836,
        "lon" : 8.670019633,
        "time" : "20141013T204852+0200"
      }, {
        "lat" : 49.8795630623,
        "lon" : 8.6701045257,
        "time" : "20141013T204912+0200"
      }, {
        "lat" : 49.8796395092,
        "lon" : 8.6701521898,
        "time" : "20141013T204931+0200"
      }, {
        "lat" : 49.8798725098,
        "lon" : 8.6702322591,
        "time" : "20141013T204951+0200"
      }, {
        "lat" : 49.8804696352,
        "lon" : 8.6704791109,
        "time" : "20141013T205011+0200"
      }, {
        "lat" : 49.8812628484,
        "lon" : 8.6713556774,
        "time" : "20141013T205101+0200"
      }, {
        "lat" : 49.8814773965,
        "lon" : 8.6715093466,
        "time" : "20141013T205121+0200"
      }, {
        "lat" : 49.8816273816,
        "lon" : 8.6714572984,
        "time" : "20141013T205142+0200"
      }, {
        "lat" : 49.8818603841,
        "lon" : 8.6709625371,
        "time" : "20141013T205221+0200"
      }, {
        "lat" : 49.8819395927,
        "lon" : 8.6707437853,
        "time" : "20141013T205239+0200"
      }, {
        "lat" : 49.8820012392,
        "lon" : 8.67051363,
        "time" : "20141013T205302+0200"
      }, {
        "lat" : 49.8819996044,
        "lon" : 8.6702592175,
        "time" : "20141013T205331+0200"
      } ]
    } ],
    "lastUpdate" : "20141013T192907Z"
  }, {
    "type" : "place",
    "startTime" : "20141013T205331+0200",
    "endTime" : "20141013T225235+0200",
    "place" : {
      "id" : 251291724,
      "name" : "Home",
      "type" : "home",
      "location" : {
        "lat" : 49.8819996044,
        "lon" : 8.6702592175
      }
    },
    "activities" : [ {
      "activity" : "walking",
      "group" : "walking",
      "manual" : false,
      "startTime" : "20141013T205344+0200",
      "endTime" : "20141013T205522+0200",
      "duration" : 98.0,
      "distance" : 78.0,
      "steps" : 156,
      "trackPoints" : [ ]
    }, {
      "activity" : "walking",
      "group" : "walking",
      "manual" : false,
      "startTime" : "20141013T210220+0200",
      "endTime" : "20141013T210355+0200",
      "duration" : 95.0,
      "distance" : 63.0,
      "steps" : 126,
      "trackPoints" : [ ]
    } ],
    "lastUpdate" : "20141013T221913Z"
  }, {
    "type" : "move",
    "startTime" : "20141013T225235+0200",
    "endTime" : "20141013T225607+0200",
    "activities" : [ {
      "activity" : "walking",
      "group" : "walking",
      "manual" : false,
      "startTime" : "20141013T225235+0200",
      "endTime" : "20141013T225607+0200",
      "duration" : 212.0,
      "distance" : 194.0,
      "steps" : 342,
      "trackPoints" : [ {
        "lat" : 49.8819996044,
        "lon" : 8.6702592175,
        "time" : "20141013T225235+0200"
      }, {
        "lat" : 49.882061534,
        "lon" : 8.6702012487,
        "time" : "20141013T225306+0200"
      }, {
        "lat" : 49.88207831,
        "lon" : 8.6701971711,
        "time" : "20141013T225329+0200"
      }, {
        "lat" : 49.8821116978,
        "lon" : 8.6701906507,
        "time" : "20141013T225351+0200"
      }, {
        "lat" : 49.8823547704,
        "lon" : 8.6699776706,
        "time" : "20141013T225421+0200"
      }, {
        "lat" : 49.8825735366,
        "lon" : 8.6696741865,
        "time" : "20141013T225454+0200"
      }, {
        "lat" : 49.8827640337,
        "lon" : 8.6692451334,
        "time" : "20141013T225526+0200"
      }, {
        "lat" : 49.8831093675,
        "lon" : 8.6697840805,
        "time" : "20141013T225607+0200"
      } ]
    } ],
    "lastUpdate" : "20141013T221913Z"
  }, {
    "type" : "place",
    "startTime" : "20141013T225607+0200",
    "endTime" : "20141014T011824+0200",
    "place" : {
      "id" : 251721107,
      "type" : "unknown",
      "location" : {
        "lat" : 49.8831093675,
        "lon" : 8.6697840805
      }
    },
    "activities" : [ {
      "activity" : "walking",
      "group" : "walking",
      "manual" : false,
      "startTime" : "20141013T225607+0200",
      "endTime" : "20141013T225616+0200",
      "duration" : 9.0,
      "distance" : 6.0,
      "steps" : 12,
      "trackPoints" : [ ]
    }, {
      "activity" : "walking",
      "group" : "walking",
      "manual" : false,
      "startTime" : "20141013T231830+0200",
      "endTime" : "20141013T231942+0200",
      "duration" : 72.0,
      "distance" : 41.0,
      "steps" : 82,
      "trackPoints" : [ ]
    } ],
    "lastUpdate" : "20141013T235159Z"
  } ],
  "lastUpdate" : "20141013T235159Z"
} ]