[ {
  "date" : "20140705",
  "summary" : [ {
    "activity" : "walking",
    "group" : "walking",
    "duration" : 1750.0,
    "distance" : 1905.0,
    "steps" : 2560
  }, {
    "activity" : "cycling",
    "group" : "cycling",
    "duration" : 1733.0,
    "distance" : 6832.0
  } ],
  "segments" : [ {
    "type" : "move",
    "startTime" : "20140704T235640+0200",
    "endTime" : "20140705T000048+0200",
    "activities" : [ {
      "activity" : "walking",
      "group" : "walking",
      "manual" : false,
      "startTime" : "20140705T000000+0200",
      "endTime" : "20140705T000049+0200",
      "duration" : 49.0,
      "distance" : 74.0,
      "steps" : 62,
      "trackPoints" : [ {
        "lat" : 49.8826458258,
        "lon" : 8.6695867695,
        "time" : "20140705T000000+0200"
      }, {
        "lat" : 49.882616794,
        "lon" : 8.6697494851,
        "time" : "20140705T000014+0200"
      }, {
        "lat" : 49.882505517,
        "lon" : 8.6699284979,
        "time" : "20140705T000030+0200"
      }, {
        "lat" : 49.8821677347,
        "lon" : 8.6695544869,
        "time" : "20140705T000048+0200"
      } ]
    } ],
    "lastUpdate" : "20140704T223220Z"
  }, {
    "type" : "place",
    "startTime" : "20140705T000048+0200",
    "endTime" : "20140705T110247+0200",
    "place" : {
      "id" : 222568631,
      "type" : "unknown",
      "location" : {
        "lat" : 49.8819681239,
        "lon" : 8.6703339401
      }
    },
    "activities" : [ {
      "activity" : "walking",
      "group" : "walking",
      "manual" : false,
      "startTime" : "20140705T000103+0200",
      "endTime" : "20140705T000405+0200",
      "duration" : 182.0,
      "distance" : 228.0,
      "steps" : 304,
      "trackPoints" : [ ]
    }, {
      "activity" : "walking",
      "group" : "walking",
      "manual" : false,
      "startTime" : "20140705T010021+0200",
      "endTime" : "20140705T010024+0200",
      "duration" : 3.0,
      "distance" : 2.0,
      "steps" : 4,
      "trackPoints" : [ ]
    }, {
      "activity" : "walking",
      "group" : "walking",
      "manual" : false,
      "startTime" : "20140705T095242+0200",
      "endTime" : "20140705T095245+0200",
      "duration" : 3.0,
      "distance" : 2.0,
      "steps" : 4,
      "trackPoints" : [ ]
    }, {
      "activity" : "walking",
      "group" : "walking",
      "manual" : false,
      "startTime" : "20140705T110034+0200",
      "endTime" : "20140705T110139+0200",
      "duration" : 65.0,
      "distance" : 46.0,
      "steps" : 92,
      "trackPoints" : [ ]
    } ],
    "lastUpdate" : "20140705T111018Z"
  }, {
    "type" : "move",
    "startTime" : "20140705T110247+0200",
    "endTime" : "20140705T110905+0200",
    "activities" : [ {
      "activity" : "cycling",
      "group" : "cycling",
      "manual" : false,
      "startTime" : "20140705T110247+0200",
      "endTime" : "20140705T110905+0200",
      "duration" : 378.0,
      "distance" : 1531.0,
      "trackPoints" : [ {
        "lat" : 49.8819681239,
        "lon" : 8.6703339401,
        "time" : "20140705T110247+0200"
      }, {
        "lat" : 49.8827683869,
        "lon" : 8.6686587209,
        "time" : "20140705T110307+0200"
      }, {
        "lat" : 49.8829616634,
        "lon" : 8.6682154172,
        "time" : "20140705T110322+0200"
      }, {
        "lat" : 49.8829903159,
        "lon" : 8.6681334254,
        "time" : "20140705T110346+0200"
      }, {
        "lat" : 49.8829928504,
        "lon" : 8.6681308223,
        "time" : "20140705T110404+0200"
      }, {
        "lat" : 49.8829939446,
        "lon" : 8.6681288866,
        "time" : "20140705T110424+0200"
      }, {
        "lat" : 49.8829899162,
        "lon" : 8.6681169418,
        "time" : "20140705T110444+0200"
      }, {
        "lat" : 49.8829848367,
        "lon" : 8.6681045997,
        "time" : "20140705T110504+0200"
      }, {
        "lat" : 49.8829804977,
        "lon" : 8.6680949088,
        "time" : "20140705T110527+0200"
      }, {
        "lat" : 49.877662904,
        "lon" : 8.654577692,
        "time" : "20140705T110905+0200"
      } ]
    } ],
    "lastUpdate" : "20140705T111018Z"
  }, {
    "type" : "place",
    "startTime" : "20140705T110905+0200",
    "endTime" : "20140705T112001+0200",
    "place" : {
      "id" : 223098012,
      "type" : "unknown",
      "location" : {
        "lat" : 49.877662904,
        "lon" : 8.654577692
      }
    },
    "activities" : [ {
      "activity" : "walking",
      "group" : "walking",
      "manual" : false,
      "startTime" : "20140705T110905+0200",
      "endTime" : "20140705T111339+0200",
      "duration" : 274.0,
      "distance" : 281.0,
      "steps" : 374,
      "trackPoints" : [ ]
    } ],
    "lastUpdate" : "20140705T111018Z"
  }, {
    "type" : "move",
    "startTime" : "20140705T112001+0200",
    "endTime" : "20140705T112730+0200",
    "activities" : [ {
      "activity" : "cycling",
      "group" : "cycling",
      "manual" : false,
      "startTime" : "20140705T112001+0200",
      "endTime" : "20140705T112730+0200",
      "duration" : 449.0,
      "distance" : 1930.0,
      "trackPoints" : [ {
        "lat" : 49.877662904,
        "lon" : 8.654577692,
        "time" : "20140705T112001+0200"
      }, {
        "lat" : 49.8765974879,
        "lon" : 8.6582847582,
        "time" : "20140705T112020+0200"
      }, {
        "lat" : 49.8773785943,
        "lon" : 8.6577346652,
        "time" : "20140705T112046+0200"
      }, {
        "lat" : 49.8775020872,
        "lon" : 8.6566055106,
        "time" : "20140705T112106+0200"
      }, {
        "lat" : 49.8770666919,
        "lon" : 8.6553255017,
        "time" : "20140705T112125+0200"
      }, {
        "lat" : 49.8768089707,
        "lon" : 8.6541304082,
        "time" : "20140705T112142+0200"
      }, {
        "lat" : 49.8775258867,
        "lon" : 8.653391188,
        "time" : "20140705T112200+0200"
      }, {
        "lat" : 49.8780750435,
        "lon" : 8.6531282278,
        "time" : "20140705T112215+0200"
      }, {
        "lat" : 49.8789135422,
        "lon" : 8.6530598566,
        "time" : "20140705T112233+0200"
      }, {
        "lat" : 49.8797053931,
        "lon" : 8.6521034476,
        "time" : "20140705T112259+0200"
      }, {
        "lat" : 49.879742881,
        "lon" : 8.6511022401,
        "time" : "20140705T112314+0200"
      }, {
        "lat" : 49.880137591,
        "lon" : 8.6507396622,
        "time" : "20140705T112332+0200"
      }, {
        "lat" : 49.8808384962,
        "lon" : 8.6509314366,
        "time" : "20140705T112350+0200"
      }, {
        "lat" : 49.8810824087,
        "lon" : 8.6502160798,
        "time" : "20140705T112412+0200"
      }, {
        "lat" : 49.8815286833,
        "lon" : 8.6481766712,
        "time" : "20140705T112445+0200"
      }, {
        "lat" : 49.8817203634,
        "lon" : 8.6472178841,
        "time" : "20140705T112500+0200"
      }, {
        "lat" : 49.8820735353,
        "lon" : 8.6456350423,
        "time" : "20140705T112525+0200"
      }, {
        "lat" : 49.8821408283,
        "lon" : 8.6452312369,
        "time" : "20140705T112548+0200"
      }, {
        "lat" : 49.8821339019,
        "lon" : 8.6451961974,
        "time" : "20140705T112603+0200"
      }, {
        "lat" : 49.8822752656,
        "lon" : 8.6443912288,
        "time" : "20140705T112620+0200"
      }, {
        "lat" : 49.8824621675,
        "lon" : 8.6432141567,
        "time" : "20140705T112641+0200"
      }, {
        "lat" : 49.8827281789,
        "lon" : 8.6433229433,
        "time" : "20140705T112700+0200"
      }, {
        "lat" : 49.8830739791,
        "lon" : 8.6438776023,
        "time" : "20140705T112730+0200"
      } ]
    } ],
    "lastUpdate" : "20140705T111018Z"
  }, {
    "type" : "place",
    "startTime" : "20140705T112730+0200",
    "endTime" : "20140705T113632+0200",
    "place" : {
      "id" : 226417618,
      "type" : "unknown",
      "location" : {
        "lat" : 49.8830739791,
        "lon" : 8.6438776023
      }
    },
    "activities" : [ {
      "activity" : "walking",
      "group" : "walking",
      "manual" : false,
      "startTime" : "20140705T112730+0200",
      "endTime" : "20140705T113147+0200",
      "duration" : 257.0,
      "distance" : 259.0,
      "steps" : 346,
      "trackPoints" : [ ]
    } ],
    "lastUpdate" : "20140705T111018Z"
  }, {
    "type" : "move",
    "startTime" : "20140705T113632+0200",
    "endTime" : "20140705T114413+0200",
    "activities" : [ {
      "activity" : "cycling",
      "group" : "cycling",
      "manual" : false,
      "startTime" : "20140705T113632+0200",
      "endTime" : "20140705T114413+0200",
      "duration" : 461.0,
      "distance" : 1681.0,
      "trackPoints" : [ {
        "lat" : 49.8830739791,
        "lon" : 8.6438776023,
        "time" : "20140705T113632+0200"
      }, {
        "lat" : 49.8824947331,
        "lon" : 8.6431791208,
        "time" : "20140705T113657+0200"
      }, {
        "lat" : 49.8823520342,
        "lon" : 8.6430450776,
        "time" : "20140705T113730+0200"
      }, {
        "lat" : 49.8821820988,
        "lon" : 8.6435400878,
        "time" : "20140705T113747+0200"
      }, {
        "lat" : 49.8819980886,
        "lon" : 8.6450693526,
        "time" : "20140705T113816+0200"
      }, {
        "lat" : 49.8818627915,
        "lon" : 8.6455121614,
        "time" : "20140705T113834+0200"
      }, {
        "lat" : 49.8814990205,
        "lon" : 8.6475330284,
        "time" : "20140705T113908+0200"
      }, {
        "lat" : 49.8812300651,
        "lon" : 8.6493727162,
        "time" : "20140705T113939+0200"
      }, {
        "lat" : 49.8808749581,
        "lon" : 8.6507891107,
        "time" : "20140705T114006+0200"
      }, {
        "lat" : 49.8802537725,
        "lon" : 8.6507880683,
        "time" : "20140705T114024+0200"
      }, {
        "lat" : 49.8796985026,
        "lon" : 8.6512481343,
        "time" : "20140705T114052+0200"
      }, {
        "lat" : 49.8796807762,
        "lon" : 8.6526041651,
        "time" : "20140705T114115+0200"
      }, {
        "lat" : 49.8794411531,
        "lon" : 8.6529559378,
        "time" : "20140705T114131+0200"
      }, {
        "lat" : 49.878503162,
        "lon" : 8.6530362141,
        "time" : "20140705T114150+0200"
      }, {
        "lat" : 49.8777650982,
        "lon" : 8.6532134139,
        "time" : "20140705T114205+0200"
      }, {
        "lat" : 49.8769581879,
        "lon" : 8.6537963858,
        "time" : "20140705T114229+0200"
      }, {
        "lat" : 49.8769459056,
        "lon" : 8.6552873045,
        "time" : "20140705T114302+0200"
      }, {
        "lat" : 49.877006297,
        "lon" : 8.6557215646,
        "time" : "20140705T114319+0200"
      }, {
        "lat" : 49.8764157282,
        "lon" : 8.6559864986,
        "time" : "20140705T114349+0200"
      }, {
        "lat" : 49.877662904,
        "lon" : 8.654577692,
        "time" : "20140705T114413+0200"
      } ]
    } ],
    "lastUpdate" : "20140705T111018Z"
  }, {
    "type" : "place",
    "startTime" : "20140705T114413+0200",
    "endTime" : "20140705T172914+0200",
    "place" : {
      "id" : 223098012,
      "type" : "unknown",
      "location" : {
        "lat" : 49.877662904,
        "lon" : 8.654577692
      }
    },
    "activities" : [ {
      "activity" : "walking",
      "group" : "walking",
      "manual" : false,
      "startTime" : "20140705T114413+0200",
      "endTime" : "20140705T114823+0200",
      "duration" : 250.0,
      "distance" : 285.0,
      "steps" : 379,
      "trackPoints" : [ ]
    }, {
      "activity" : "walking",
      "group" : "walking",
      "manual" : false,
      "startTime" : "20140705T131644+0200",
      "endTime" : "20140705T132305+0200",
      "duration" : 381.0,
      "distance" : 422.0,
      "steps" : 563,
      "trackPoints" : [ ]
    }, {
      "activity" : "walking",
      "group" : "walking",
      "manual" : false,
      "startTime" : "20140705T171921+0200",
      "endTime" : "20140705T172310+0200",
      "duration" : 229.0,
      "distance" : 267.0,
      "steps" : 356,
      "trackPoints" : [ ]
    } ],
    "lastUpdate" : "20140705T171252Z"
  }, {
    "type" : "move",
    "startTime" : "20140705T172914+0200",
    "endTime" : "20140705T173639+0200",
    "activities" : [ {
      "activity" : "cycling",
      "group" : "cycling",
      "manual" : false,
      "startTime" : "20140705T172914+0200",
      "endTime" : "20140705T173639+0200",
      "duration" : 445.0,
      "distance" : 1690.0,
      "trackPoints" : [ {
        "lat" : 49.877662904,
        "lon" : 8.654577692,
        "time" : "20140705T172914+0200"
      }, {
        "lat" : 49.8763446333,
        "lon" : 8.6568395416,
        "time" : "20140705T172930+0200"
      }, {
        "lat" : 49.8763381488,
        "lon" : 8.6568045479,
        "time" : "20140705T172946+0200"
      }, {
        "lat" : 49.8763248126,
        "lon" : 8.6567704959,
        "time" : "20140705T173002+0200"
      }, {
        "lat" : 49.8768745878,
        "lon" : 8.6561631707,
        "time" : "20140705T173018+0200"
      }, {
        "lat" : 49.8771406836,
        "lon" : 8.6559778394,
        "time" : "20140705T173034+0200"
      }, {
        "lat" : 49.8773042437,
        "lon" : 8.6560284878,
        "time" : "20140705T173058+0200"
      }, {
        "lat" : 49.8774223235,
        "lon" : 8.6563763982,
        "time" : "20140705T173114+0200"
      }, {
        "lat" : 49.8797583792,
        "lon" : 8.6639193184,
        "time" : "20140705T173317+0200"
      }, {
        "lat" : 49.8803782297,
        "lon" : 8.6646042576,
        "time" : "20140705T173340+0200"
      }, {
        "lat" : 49.8819681239,
        "lon" : 8.6703339401,
        "time" : "20140705T173639+0200"
      } ]
    } ],
    "lastUpdate" : "20140705T171252Z"
  }, {
    "type" : "place",
    "startTime" : "20140705T173640+0200",
    "endTime" : "20140707T092228+0200",
    "place" : {
      "id" : 222568631,
      "type" : "unknown",
      "location" : {
        "lat" : 49.8819681239,
        "lon" : 8.6703339401
      }
    },
    "activities" : [ {
      "activity" : "walking",
      "group" : "walking",
      "manual" : false,
      "startTime" : "20140705T173708+0200",
      "endTime" : "20140705T173804+0200",
      "duration" : 56.0,
      "distance" : 38.0,
      "steps" : 75,
      "trackPoints" : [ ]
    }, {
      "activity" : "walking",
      "group" : "walking",
      "manual" : false,
      "startTime" : "20140705T180314+0200",
      "endTime" : "20140705T180315+0200",
      "duration" : 1.0,
      "distance" : 1.0,
      "steps" : 1,
      "trackPoints" : [ ]
    } ],
    "lastUpdate" : "20140707T082054Z"
  } ],
  "lastUpdate" : "20140707T082054Z"
} ]