[ {
  "date" : "20140808",
  "summary" : [ {
    "activity" : "walking",
    "group" : "walking",
    "duration" : 58.0,
    "distance" : 36.0,
    "steps" : 64
  } ],
  "segments" : [ {
    "type" : "place",
    "startTime" : "20140807T235418+0200",
    "endTime" : "20140809T094432+0200",
    "place" : {
      "id" : 222568631,
      "type" : "unknown",
      "location" : {
        "lat" : 49.8819681239,
        "lon" : 8.6703339401
      }
    },
    "activities" : [ {
      "activity" : "walking",
      "group" : "walking",
      "manual" : false,
      "startTime" : "20140808T000115+0200",
      "endTime" : "20140808T000150+0200",
      "duration" : 35.0,
      "distance" : 23.0,
      "steps" : 46,
      "trackPoints" : [ ]
    }, {
      "activity" : "walking",
      "group" : "walking",
      "manual" : false,
      "startTime" : "20140808T010136+0200",
      "endTime" : "20140808T010155+0200",
      "duration" : 19.0,
      "distance" : 10.0,
      "steps" : 13,
      "trackPoints" : [ ]
    }, {
      "activity" : "walking",
      "group" : "walking",
      "manual" : false,
      "startTime" : "20140808T083325+0200",
      "endTime" : "20140808T083329+0200",
      "duration" : 4.0,
      "distance" : 3.0,
      "steps" : 5,
      "trackPoints" : [ ]
    } ],
    "lastUpdate" : "20140809T084555Z"
  } ],
  "lastUpdate" : "20140809T084555Z"
} ]