[ {
  "date" : "20140703",
  "summary" : [ {
    "activity" : "walking",
    "group" : "walking",
    "duration" : 2576.0,
    "distance" : 3187.0,
    "steps" : 4159
  }, {
    "activity" : "transport",
    "group" : "transport",
    "duration" : 390.0,
    "distance" : 1101.0
  }, {
    "activity" : "cycling",
    "group" : "cycling",
    "duration" : 1271.0,
    "distance" : 4718.0
  } ],
  "segments" : [ {
    "type" : "place",
    "startTime" : "20140702T173101+0200",
    "endTime" : "20140703T094537+0200",
    "place" : {
      "id" : 222568631,
      "type" : "unknown",
      "location" : {
        "lat" : 49.8819681239,
        "lon" : 8.6703339401
      }
    },
    "activities" : [ {
      "activity" : "walking",
      "group" : "walking",
      "manual" : false,
      "startTime" : "20140703T094134+0200",
      "endTime" : "20140703T094224+0200",
      "duration" : 50.0,
      "distance" : 29.0,
      "steps" : 57,
      "trackPoints" : [ ]
    } ],
    "lastUpdate" : "20140703T114753Z"
  }, {
    "type" : "move",
    "startTime" : "20140703T094537+0200",
    "endTime" : "20140703T100012+0200",
    "activities" : [ {
      "activity" : "walking",
      "group" : "walking",
      "manual" : false,
      "startTime" : "20140703T094537+0200",
      "endTime" : "20140703T094947+0200",
      "duration" : 250.0,
      "distance" : 244.0,
      "steps" : 489,
      "trackPoints" : [ {
        "lat" : 49.8819681239,
        "lon" : 8.6703339401,
        "time" : "20140703T094537+0200"
      }, {
        "lat" : 49.8819736346,
        "lon" : 8.6702784038,
        "time" : "20140703T094557+0200"
      }, {
        "lat" : 49.8819839174,
        "lon" : 8.6702591161,
        "time" : "20140703T094621+0200"
      }, {
        "lat" : 49.8819983525,
        "lon" : 8.6702319406,
        "time" : "20140703T094642+0200"
      }, {
        "lat" : 49.8820197967,
        "lon" : 8.6701909143,
        "time" : "20140703T094705+0200"
      }, {
        "lat" : 49.8820368611,
        "lon" : 8.6701581943,
        "time" : "20140703T094724+0200"
      }, {
        "lat" : 49.8821609632,
        "lon" : 8.669915478,
        "time" : "20140703T094747+0200"
      }, {
        "lat" : 49.8829197224,
        "lon" : 8.6684082818,
        "time" : "20140703T094817+0200"
      }, {
        "lat" : 49.8830047174,
        "lon" : 8.6682230405,
        "time" : "20140703T094854+0200"
      }, {
        "lat" : 49.8830153043,
        "lon" : 8.6681957493,
        "time" : "20140703T094918+0200"
      }, {
        "lat" : 49.8830015354,
        "lon" : 8.6681786881,
        "time" : "20140703T094947+0200"
      } ]
    }, {
      "activity" : "transport",
      "group" : "transport",
      "manual" : false,
      "startTime" : "20140703T094947+0200",
      "endTime" : "20140703T095617+0200",
      "duration" : 390.0,
      "distance" : 1101.0,
      "trackPoints" : [ {
        "lat" : 49.8830015354,
        "lon" : 8.6681786881,
        "time" : "20140703T094947+0200"
      }, {
        "lat" : 49.8829302407,
        "lon" : 8.6681262865,
        "time" : "20140703T095011+0200"
      }, {
        "lat" : 49.8752784636,
        "lon" : 8.6624622766,
        "time" : "20140703T095602+0200"
      }, {
        "lat" : 49.8753334674,
        "lon" : 8.6624306712,
        "time" : "20140703T095617+0200"
      } ]
    }, {
      "activity" : "walking",
      "group" : "walking",
      "manual" : false,
      "startTime" : "20140703T095617+0200",
      "endTime" : "20140703T100013+0200",
      "duration" : 236.0,
      "distance" : 287.0,
      "steps" : 367,
      "trackPoints" : [ {
        "lat" : 49.8753334674,
        "lon" : 8.6624306712,
        "time" : "20140703T095617+0200"
      }, {
        "lat" : 49.8755818222,
        "lon" : 8.662240628,
        "time" : "20140703T095635+0200"
      }, {
        "lat" : 49.8756630739,
        "lon" : 8.6620460097,
        "time" : "20140703T095705+0200"
      }, {
        "lat" : 49.8751795431,
        "lon" : 8.6607540131,
        "time" : "20140703T095743+0200"
      }, {
        "lat" : 49.8751480238,
        "lon" : 8.660679219,
        "time" : "20140703T095800+0200"
      }, {
        "lat" : 49.8749861298,
        "lon" : 8.6604371326,
        "time" : "20140703T095824+0200"
      }, {
        "lat" : 49.8748773405,
        "lon" : 8.6603198092,
        "time" : "20140703T095840+0200"
      }, {
        "lat" : 49.8748131283,
        "lon" : 8.6602418498,
        "time" : "20140703T095856+0200"
      }, {
        "lat" : 49.8747992707,
        "lon" : 8.6601861505,
        "time" : "20140703T095957+0200"
      }, {
        "lat" : 49.8745469906,
        "lon" : 8.6602275874,
        "time" : "20140703T095959+0200"
      }, {
        "lat" : 49.8745461292,
        "lon" : 8.6602277289,
        "time" : "20140703T100000+0200"
      }, {
        "lat" : 49.8734474315,
        "lon" : 8.6604081896,
        "time" : "20140703T100012+0200"
      } ]
    } ],
    "lastUpdate" : "20140703T114753Z"
  }, {
    "type" : "place",
    "startTime" : "20140703T100012+0200",
    "endTime" : "20140703T104437+0200",
    "place" : {
      "id" : 224376632,
      "type" : "unknown",
      "location" : {
        "lat" : 49.8734474315,
        "lon" : 8.6604081896
      }
    },
    "lastUpdate" : "20140703T114753Z"
  }, {
    "type" : "move",
    "startTime" : "20140703T104437+0200",
    "endTime" : "20140703T105224+0200",
    "activities" : [ {
      "activity" : "walking",
      "group" : "walking",
      "manual" : false,
      "startTime" : "20140703T104437+0200",
      "endTime" : "20140703T105224+0200",
      "duration" : 467.0,
      "distance" : 845.0,
      "steps" : 827,
      "trackPoints" : [ {
        "lat" : 49.8734474315,
        "lon" : 8.6604081896,
        "time" : "20140703T104437+0200"
      }, {
        "lat" : 49.8746392052,
        "lon" : 8.6601723279,
        "time" : "20140703T104454+0200"
      }, {
        "lat" : 49.8746159917,
        "lon" : 8.6601801015,
        "time" : "20140703T104511+0200"
      }, {
        "lat" : 49.8745874135,
        "lon" : 8.6601727772,
        "time" : "20140703T104532+0200"
      }, {
        "lat" : 49.8739099293,
        "lon" : 8.6597664498,
        "time" : "20140703T104659+0200"
      }, {
        "lat" : 49.873916358,
        "lon" : 8.6594464171,
        "time" : "20140703T104716+0200"
      }, {
        "lat" : 49.8739552022,
        "lon" : 8.659320829,
        "time" : "20140703T104757+0200"
      }, {
        "lat" : 49.8748463751,
        "lon" : 8.6583802507,
        "time" : "20140703T104840+0200"
      }, {
        "lat" : 49.8749402951,
        "lon" : 8.6582974004,
        "time" : "20140703T104856+0200"
      }, {
        "lat" : 49.8749634563,
        "lon" : 8.6582975329,
        "time" : "20140703T104915+0200"
      }, {
        "lat" : 49.8749805774,
        "lon" : 8.6582890452,
        "time" : "20140703T104940+0200"
      }, {
        "lat" : 49.8750288219,
        "lon" : 8.6583026639,
        "time" : "20140703T105000+0200"
      }, {
        "lat" : 49.8750951733,
        "lon" : 8.6583166004,
        "time" : "20140703T105019+0200"
      }, {
        "lat" : 49.8751959763,
        "lon" : 8.6582291829,
        "time" : "20140703T105040+0200"
      }, {
        "lat" : 49.8760094273,
        "lon" : 8.6573145276,
        "time" : "20140703T105132+0200"
      }, {
        "lat" : 49.876211863,
        "lon" : 8.6570297128,
        "time" : "20140703T105156+0200"
      }, {
        "lat" : 49.877662904,
        "lon" : 8.654577692,
        "time" : "20140703T105224+0200"
      } ]
    } ],
    "lastUpdate" : "20140703T114753Z"
  }, {
    "type" : "place",
    "startTime" : "20140703T105224+0200",
    "endTime" : "20140703T161258+0200",
    "place" : {
      "id" : 223098012,
      "type" : "unknown",
      "location" : {
        "lat" : 49.877662904,
        "lon" : 8.654577692
      }
    },
    "activities" : [ {
      "activity" : "walking",
      "group" : "walking",
      "manual" : false,
      "startTime" : "20140703T105224+0200",
      "endTime" : "20140703T105449+0200",
      "duration" : 145.0,
      "distance" : 182.0,
      "steps" : 242,
      "trackPoints" : [ ]
    }, {
      "activity" : "walking",
      "group" : "walking",
      "manual" : false,
      "startTime" : "20140703T114817+0200",
      "endTime" : "20140703T115255+0200",
      "duration" : 278.0,
      "distance" : 295.0,
      "steps" : 393,
      "trackPoints" : [ ]
    }, {
      "activity" : "walking",
      "group" : "walking",
      "manual" : false,
      "startTime" : "20140703T130505+0200",
      "endTime" : "20140703T131350+0200",
      "duration" : 525.0,
      "distance" : 621.0,
      "steps" : 828,
      "trackPoints" : [ ]
    }, {
      "activity" : "walking",
      "group" : "walking",
      "manual" : false,
      "startTime" : "20140703T140111+0200",
      "endTime" : "20140703T140648+0200",
      "duration" : 337.0,
      "distance" : 400.0,
      "steps" : 533,
      "trackPoints" : [ ]
    }, {
      "activity" : "walking",
      "group" : "walking",
      "manual" : false,
      "startTime" : "20140703T154658+0200",
      "endTime" : "20140703T154931+0200",
      "duration" : 153.0,
      "distance" : 201.0,
      "steps" : 268,
      "trackPoints" : [ ]
    }, {
      "activity" : "walking",
      "group" : "walking",
      "manual" : false,
      "startTime" : "20140703T160938+0200",
      "endTime" : "20140703T161032+0200",
      "duration" : 54.0,
      "distance" : 34.0,
      "steps" : 67,
      "trackPoints" : [ ]
    } ],
    "lastUpdate" : "20140703T180336Z"
  }, {
    "type" : "place",
    "startTime" : "20140703T182304+0200",
    "endTime" : "20140703T184557+0200",
    "place" : {
      "id" : 222568631,
      "type" : "unknown",
      "location" : {
        "lat" : 49.8819681239,
        "lon" : 8.6703339401
      }
    },
    "activities" : [ {
      "activity" : "walking",
      "group" : "walking",
      "manual" : false,
      "startTime" : "20140703T184431+0200",
      "endTime" : "20140703T184519+0200",
      "duration" : 48.0,
      "distance" : 32.0,
      "steps" : 64,
      "trackPoints" : [ ]
    } ],
    "lastUpdate" : "20140703T180336Z"
  }, {
    "type" : "move",
    "startTime" : "20140703T184557+0200",
    "endTime" : "20140703T190707+0200",
    "activities" : [ {
      "activity" : "cycling",
      "group" : "cycling",
      "manual" : false,
      "startTime" : "20140703T184557+0200",
      "endTime" : "20140703T190708+0200",
      "duration" : 1271.0,
      "distance" : 4718.0,
      "trackPoints" : [ {
        "lat" : 49.8819681239,
        "lon" : 8.6703339401,
        "time" : "20140703T184557+0200"
      }, {
        "lat" : 49.8820282487,
        "lon" : 8.6707380011,
        "time" : "20140703T184622+0200"
      }, {
        "lat" : 49.8814348808,
        "lon" : 8.6699431766,
        "time" : "20140703T184643+0200"
      }, {
        "lat" : 49.8806618671,
        "lon" : 8.6689015866,
        "time" : "20140703T184703+0200"
      }, {
        "lat" : 49.8805144209,
        "lon" : 8.6686979595,
        "time" : "20140703T184719+0200"
      }, {
        "lat" : 49.8803796743,
        "lon" : 8.6687054107,
        "time" : "20140703T184736+0200"
      }, {
        "lat" : 49.8800561035,
        "lon" : 8.668127932,
        "time" : "20140703T184753+0200"
      }, {
        "lat" : 49.8796827801,
        "lon" : 8.6674219217,
        "time" : "20140703T184809+0200"
      }, {
        "lat" : 49.8788497173,
        "lon" : 8.6665115626,
        "time" : "20140703T184836+0200"
      }, {
        "lat" : 49.8781426373,
        "lon" : 8.6653675536,
        "time" : "20140703T184905+0200"
      }, {
        "lat" : 49.8774666781,
        "lon" : 8.6639751179,
        "time" : "20140703T184927+0200"
      }, {
        "lat" : 49.8767942569,
        "lon" : 8.6625332276,
        "time" : "20140703T184947+0200"
      }, {
        "lat" : 49.876468179,
        "lon" : 8.6619031336,
        "time" : "20140703T185007+0200"
      }, {
        "lat" : 49.876398655,
        "lon" : 8.6617921793,
        "time" : "20140703T185025+0200"
      }, {
        "lat" : 49.8763814348,
        "lon" : 8.6617642316,
        "time" : "20140703T185042+0200"
      }, {
        "lat" : 49.8755841051,
        "lon" : 8.6599464026,
        "time" : "20140703T185108+0200"
      }, {
        "lat" : 49.8747636113,
        "lon" : 8.6567607114,
        "time" : "20140703T185139+0200"
      }, {
        "lat" : 49.87465334,
        "lon" : 8.6547655024,
        "time" : "20140703T185203+0200"
      }, {
        "lat" : 49.8745050323,
        "lon" : 8.6533238527,
        "time" : "20140703T185222+0200"
      }, {
        "lat" : 49.8742762261,
        "lon" : 8.6518585295,
        "time" : "20140703T185240+0200"
      }, {
        "lat" : 49.8741275167,
        "lon" : 8.6505948857,
        "time" : "20140703T185300+0200"
      }, {
        "lat" : 49.873803213,
        "lon" : 8.648356767,
        "time" : "20140703T185329+0200"
      }, {
        "lat" : 49.8735383559,
        "lon" : 8.6469718552,
        "time" : "20140703T185346+0200"
      }, {
        "lat" : 49.8732615152,
        "lon" : 8.6460472024,
        "time" : "20140703T185440+0200"
      }, {
        "lat" : 49.8732533672,
        "lon" : 8.6460614078,
        "time" : "20140703T185455+0200"
      }, {
        "lat" : 49.8744888417,
        "lon" : 8.6559525607,
        "time" : "20140703T185810+0200"
      }, {
        "lat" : 49.874594978,
        "lon" : 8.6568624977,
        "time" : "20140703T185825+0200"
      }, {
        "lat" : 49.8746252061,
        "lon" : 8.6570748972,
        "time" : "20140703T185843+0200"
      }, {
        "lat" : 49.8749790847,
        "lon" : 8.6582353682,
        "time" : "20140703T185920+0200"
      }, {
        "lat" : 49.8750088926,
        "lon" : 8.6582950045,
        "time" : "20140703T185940+0200"
      }, {
        "lat" : 49.8750136176,
        "lon" : 8.6583021685,
        "time" : "20140703T185959+0200"
      }, {
        "lat" : 49.8750136199,
        "lon" : 8.6583021721,
        "time" : "20140703T190000+0200"
      }, {
        "lat" : 49.8750144298,
        "lon" : 8.6583034,
        "time" : "20140703T190003+0200"
      }, {
        "lat" : 49.877236829,
        "lon" : 8.6634037572,
        "time" : "20140703T190147+0200"
      }, {
        "lat" : 49.877732657,
        "lon" : 8.6642706024,
        "time" : "20140703T190216+0200"
      }, {
        "lat" : 49.8821495032,
        "lon" : 8.6702013848,
        "time" : "20140703T190510+0200"
      }, {
        "lat" : 49.8827578298,
        "lon" : 8.6700757243,
        "time" : "20140703T190534+0200"
      }, {
        "lat" : 49.8819914805,
        "lon" : 8.670216533,
        "time" : "20140703T190602+0200"
      }, {
        "lat" : 49.8819730826,
        "lon" : 8.6702384162,
        "time" : "20140703T190617+0200"
      }, {
        "lat" : 49.8819724775,
        "lon" : 8.6702539201,
        "time" : "20140703T190632+0200"
      }, {
        "lat" : 49.8819708783,
        "lon" : 8.6702742787,
        "time" : "20140703T190647+0200"
      }, {
        "lat" : 49.8819681239,
        "lon" : 8.6703339401,
        "time" : "20140703T190707+0200"
      } ]
    } ],
    "lastUpdate" : "20140703T180336Z"
  }, {
    "type" : "place",
    "startTime" : "20140703T190707+0200",
    "endTime" : "20140704T094200+0200",
    "place" : {
      "id" : 222568631,
      "type" : "unknown",
      "location" : {
        "lat" : 49.8819681239,
        "lon" : 8.6703339401
      }
    },
    "activities" : [ {
      "activity" : "walking",
      "group" : "walking",
      "manual" : false,
      "startTime" : "20140703T213155+0200",
      "endTime" : "20140703T213228+0200",
      "duration" : 33.0,
      "distance" : 17.0,
      "steps" : 24,
      "trackPoints" : [ ]
    } ],
    "lastUpdate" : "20140704T085331Z"
  } ],
  "lastUpdate" : "20140704T085331Z"
} ]