[ {
  "date" : "20140909",
  "summary" : [ {
    "activity" : "walking",
    "group" : "walking",
    "duration" : 3349.0,
    "distance" : 3385.0,
    "steps" : 4837
  }, {
    "activity" : "transport",
    "group" : "transport",
    "duration" : 2774.0,
    "distance" : 5519.0
  } ],
  "segments" : [ {
    "type" : "place",
    "startTime" : "20140908T202605+0200",
    "endTime" : "20140909T082707+0200",
    "place" : {
      "id" : 251291724,
      "name" : "Home",
      "type" : "home",
      "location" : {
        "lat" : 49.8819996044,
        "lon" : 8.6702592175
      }
    },
    "activities" : [ {
      "activity" : "walking",
      "group" : "walking",
      "manual" : false,
      "startTime" : "20140909T003705+0200",
      "endTime" : "20140909T003711+0200",
      "duration" : 6.0,
      "distance" : 4.0,
      "steps" : 8,
      "trackPoints" : [ ]
    } ],
    "lastUpdate" : "20140909T095700Z"
  }, {
    "type" : "move",
    "startTime" : "20140909T082707+0200",
    "endTime" : "20140909T084914+0200",
    "activities" : [ {
      "activity" : "walking",
      "group" : "walking",
      "manual" : false,
      "startTime" : "20140909T082707+0200",
      "endTime" : "20140909T083437+0200",
      "duration" : 450.0,
      "distance" : 340.0,
      "steps" : 632,
      "trackPoints" : [ {
        "lat" : 49.8819996044,
        "lon" : 8.6702592175,
        "time" : "20140909T082707+0200"
      }, {
        "lat" : 49.8820088762,
        "lon" : 8.6702328224,
        "time" : "20140909T082737+0200"
      }, {
        "lat" : 49.8820045503,
        "lon" : 8.670246259,
        "time" : "20140909T082758+0200"
      }, {
        "lat" : 49.882005281,
        "lon" : 8.6702456689,
        "time" : "20140909T082818+0200"
      }, {
        "lat" : 49.8820066694,
        "lon" : 8.6702426214,
        "time" : "20140909T082838+0200"
      }, {
        "lat" : 49.8820085361,
        "lon" : 8.6702382294,
        "time" : "20140909T082858+0200"
      }, {
        "lat" : 49.8820111229,
        "lon" : 8.6702319513,
        "time" : "20140909T082918+0200"
      }, {
        "lat" : 49.8820145869,
        "lon" : 8.6702225907,
        "time" : "20140909T082938+0200"
      }, {
        "lat" : 49.8820193177,
        "lon" : 8.6702088318,
        "time" : "20140909T082959+0200"
      }, {
        "lat" : 49.8820259911,
        "lon" : 8.6701897292,
        "time" : "20140909T083019+0200"
      }, {
        "lat" : 49.8820348995,
        "lon" : 8.670164411,
        "time" : "20140909T083039+0200"
      }, {
        "lat" : 49.8820445699,
        "lon" : 8.6701370823,
        "time" : "20140909T083055+0200"
      }, {
        "lat" : 49.8820590945,
        "lon" : 8.6700961538,
        "time" : "20140909T083115+0200"
      }, {
        "lat" : 49.8821190385,
        "lon" : 8.6699285087,
        "time" : "20140909T083147+0200"
      }, {
        "lat" : 49.8824500321,
        "lon" : 8.6690081028,
        "time" : "20140909T083205+0200"
      }, {
        "lat" : 49.8825913163,
        "lon" : 8.6686260371,
        "time" : "20140909T083225+0200"
      }, {
        "lat" : 49.8826992065,
        "lon" : 8.6683453118,
        "time" : "20140909T083305+0200"
      }, {
        "lat" : 49.8827111272,
        "lon" : 8.6682049173,
        "time" : "20140909T083325+0200"
      }, {
        "lat" : 49.8826677625,
        "lon" : 8.6678692908,
        "time" : "20140909T083347+0200"
      }, {
        "lat" : 49.8824029851,
        "lon" : 8.666603941,
        "time" : "20140909T083418+0200"
      }, {
        "lat" : 49.8823268069,
        "lon" : 8.6662597402,
        "time" : "20140909T083437+0200"
      } ]
    }, {
      "activity" : "transport",
      "group" : "transport",
      "manual" : false,
      "startTime" : "20140909T083437+0200",
      "endTime" : "20140909T084914+0200",
      "duration" : 877.0,
      "distance" : 1829.0,
      "trackPoints" : [ {
        "lat" : 49.8823268069,
        "lon" : 8.6662597402,
        "time" : "20140909T083437+0200"
      }, {
        "lat" : 49.8822396854,
        "lon" : 8.665995332,
        "time" : "20140909T083510+0200"
      }, {
        "lat" : 49.8822405685,
        "lon" : 8.6659938743,
        "time" : "20140909T083530+0200"
      }, {
        "lat" : 49.8822402469,
        "lon" : 8.6659907655,
        "time" : "20140909T083550+0200"
      }, {
        "lat" : 49.8822387826,
        "lon" : 8.6659873921,
        "time" : "20140909T083610+0200"
      }, {
        "lat" : 49.8822368083,
        "lon" : 8.6659845049,
        "time" : "20140909T083631+0200"
      }, {
        "lat" : 49.8822350855,
        "lon" : 8.6659825529,
        "time" : "20140909T083648+0200"
      }, {
        "lat" : 49.8822330474,
        "lon" : 8.6659806824,
        "time" : "20140909T083708+0200"
      }, {
        "lat" : 49.8822313656,
        "lon" : 8.6659794867,
        "time" : "20140909T083728+0200"
      }, {
        "lat" : 49.8822283964,
        "lon" : 8.665977239,
        "time" : "20140909T083748+0200"
      }, {
        "lat" : 49.8822243873,
        "lon" : 8.6659740371,
        "time" : "20140909T083809+0200"
      }, {
        "lat" : 49.882219491,
        "lon" : 8.6659699128,
        "time" : "20140909T083829+0200"
      }, {
        "lat" : 49.8822134684,
        "lon" : 8.6659645971,
        "time" : "20140909T083849+0200"
      }, {
        "lat" : 49.8822060902,
        "lon" : 8.6659578216,
        "time" : "20140909T083910+0200"
      }, {
        "lat" : 49.8821976623,
        "lon" : 8.6659498522,
        "time" : "20140909T083930+0200"
      }, {
        "lat" : 49.8821864685,
        "lon" : 8.6659391985,
        "time" : "20140909T083948+0200"
      }, {
        "lat" : 49.8821656617,
        "lon" : 8.6659194396,
        "time" : "20140909T084008+0200"
      }, {
        "lat" : 49.8821309945,
        "lon" : 8.6658866431,
        "time" : "20140909T084030+0200"
      }, {
        "lat" : 49.8821258369,
        "lon" : 8.6658819452,
        "time" : "20140909T084050+0200"
      }, {
        "lat" : 49.8821155683,
        "lon" : 8.6658724399,
        "time" : "20140909T084110+0200"
      }, {
        "lat" : 49.8821088223,
        "lon" : 8.6658649729,
        "time" : "20140909T084130+0200"
      }, {
        "lat" : 49.8817655092,
        "lon" : 8.665603604,
        "time" : "20140909T084148+0200"
      }, {
        "lat" : 49.8813377407,
        "lon" : 8.6652515439,
        "time" : "20140909T084208+0200"
      }, {
        "lat" : 49.880407767,
        "lon" : 8.6642847095,
        "time" : "20140909T084251+0200"
      }, {
        "lat" : 49.8795381585,
        "lon" : 8.6633191864,
        "time" : "20140909T084333+0200"
      }, {
        "lat" : 49.8783227098,
        "lon" : 8.6620036374,
        "time" : "20140909T084357+0200"
      }, {
        "lat" : 49.8781514226,
        "lon" : 8.6618270621,
        "time" : "20140909T084421+0200"
      }, {
        "lat" : 49.8780723118,
        "lon" : 8.6617497368,
        "time" : "20140909T084439+0200"
      }, {
        "lat" : 49.8781170975,
        "lon" : 8.6617969312,
        "time" : "20140909T084500+0200"
      }, {
        "lat" : 49.8753554406,
        "lon" : 8.6589279906,
        "time" : "20140909T084628+0200"
      }, {
        "lat" : 49.8752005789,
        "lon" : 8.6587188744,
        "time" : "20140909T084647+0200"
      }, {
        "lat" : 49.8751957074,
        "lon" : 8.6587252528,
        "time" : "20140909T084707+0200"
      }, {
        "lat" : 49.8727024501,
        "lon" : 8.6509480091,
        "time" : "20140909T084914+0200"
      } ]
    } ],
    "lastUpdate" : "20140909T095700Z"
  }, {
    "type" : "place",
    "startTime" : "20140909T084914+0200",
    "endTime" : "20140909T085812+0200",
    "place" : {
      "id" : 226205943,
      "type" : "unknown",
      "location" : {
        "lat" : 49.8727024501,
        "lon" : 8.6509480091
      }
    },
    "activities" : [ {
      "activity" : "walking",
      "group" : "walking",
      "manual" : false,
      "startTime" : "20140909T085653+0200",
      "endTime" : "20140909T085812+0200",
      "duration" : 79.0,
      "distance" : 72.0,
      "steps" : 145,
      "trackPoints" : [ ]
    } ],
    "lastUpdate" : "20140909T095700Z"
  }, {
    "type" : "move",
    "startTime" : "20140909T085812+0200",
    "endTime" : "20140909T090719+0200",
    "activities" : [ {
      "activity" : "walking",
      "group" : "walking",
      "manual" : false,
      "startTime" : "20140909T085812+0200",
      "endTime" : "20140909T090720+0200",
      "duration" : 548.0,
      "distance" : 917.0,
      "steps" : 764,
      "trackPoints" : [ {
        "lat" : 49.8727024501,
        "lon" : 8.6509480091,
        "time" : "20140909T085812+0200"
      }, {
        "lat" : 49.8730011155,
        "lon" : 8.6341796049,
        "time" : "20140909T085959+0200"
      }, {
        "lat" : 49.8730011434,
        "lon" : 8.634178043,
        "time" : "20140909T090000+0200"
      }, {
        "lat" : 49.8730645742,
        "lon" : 8.6306167543,
        "time" : "20140909T090022+0200"
      }, {
        "lat" : 49.8729172178,
        "lon" : 8.6303596962,
        "time" : "20140909T090041+0200"
      }, {
        "lat" : 49.8724046088,
        "lon" : 8.6302898392,
        "time" : "20140909T090131+0200"
      }, {
        "lat" : 49.8723110741,
        "lon" : 8.6302631109,
        "time" : "20140909T090152+0200"
      }, {
        "lat" : 49.872292952,
        "lon" : 8.6302109554,
        "time" : "20140909T090208+0200"
      }, {
        "lat" : 49.8722521039,
        "lon" : 8.629778667,
        "time" : "20140909T090252+0200"
      }, {
        "lat" : 49.8720827895,
        "lon" : 8.6274521665,
        "time" : "20140909T090331+0200"
      }, {
        "lat" : 49.8720451932,
        "lon" : 8.6269931225,
        "time" : "20140909T090349+0200"
      }, {
        "lat" : 49.8720176812,
        "lon" : 8.6268108386,
        "time" : "20140909T090409+0200"
      }, {
        "lat" : 49.8719697046,
        "lon" : 8.6267603054,
        "time" : "20140909T090430+0200"
      }, {
        "lat" : 49.8719317943,
        "lon" : 8.6267466723,
        "time" : "20140909T090450+0200"
      }, {
        "lat" : 49.8719102069,
        "lon" : 8.6267300628,
        "time" : "20140909T090512+0200"
      }, {
        "lat" : 49.8712952279,
        "lon" : 8.6249912643,
        "time" : "20140909T090719+0200"
      } ]
    } ],
    "lastUpdate" : "20140909T095700Z"
  }, {
    "type" : "place",
    "startTime" : "20140909T090720+0200",
    "endTime" : "20140909T171506+0200",
    "place" : {
      "id" : 249718361,
      "name" : "Consetto",
      "type" : "work",
      "location" : {
        "lat" : 49.8712952279,
        "lon" : 8.6249912643
      }
    },
    "activities" : [ {
      "activity" : "walking",
      "group" : "walking",
      "manual" : false,
      "startTime" : "20140909T130407+0200",
      "endTime" : "20140909T130607+0200",
      "duration" : 120.0,
      "distance" : 95.0,
      "steps" : 191,
      "trackPoints" : [ ]
    }, {
      "activity" : "walking",
      "group" : "walking",
      "manual" : false,
      "startTime" : "20140909T165935+0200",
      "endTime" : "20140909T165947+0200",
      "duration" : 12.0,
      "distance" : 8.0,
      "steps" : 16,
      "trackPoints" : [ ]
    }, {
      "activity" : "walking",
      "group" : "walking",
      "manual" : false,
      "startTime" : "20140909T170358+0200",
      "endTime" : "20140909T170625+0200",
      "duration" : 147.0,
      "distance" : 210.0,
      "steps" : 280,
      "trackPoints" : [ ]
    } ],
    "lastUpdate" : "20140909T175415Z"
  }, {
    "type" : "move",
    "startTime" : "20140909T171506+0200",
    "endTime" : "20140909T180922+0200",
    "activities" : [ {
      "activity" : "walking",
      "group" : "walking",
      "manual" : false,
      "startTime" : "20140909T171506+0200",
      "endTime" : "20140909T172452+0200",
      "duration" : 586.0,
      "distance" : 541.0,
      "steps" : 960,
      "trackPoints" : [ {
        "lat" : 49.8712952279,
        "lon" : 8.6249912643,
        "time" : "20140909T171506+0200"
      }, {
        "lat" : 49.8712121612,
        "lon" : 8.6251536523,
        "time" : "20140909T171629+0200"
      }, {
        "lat" : 49.871254252,
        "lon" : 8.625043245,
        "time" : "20140909T171650+0200"
      }, {
        "lat" : 49.8712202174,
        "lon" : 8.6250077538,
        "time" : "20140909T171710+0200"
      }, {
        "lat" : 49.871134514,
        "lon" : 8.625034604,
        "time" : "20140909T171729+0200"
      }, {
        "lat" : 49.8710795109,
        "lon" : 8.6251051479,
        "time" : "20140909T171749+0200"
      }, {
        "lat" : 49.8710730883,
        "lon" : 8.6252188096,
        "time" : "20140909T171810+0200"
      }, {
        "lat" : 49.8710790152,
        "lon" : 8.6253381109,
        "time" : "20140909T171830+0200"
      }, {
        "lat" : 49.8711234411,
        "lon" : 8.6255563366,
        "time" : "20140909T171850+0200"
      }, {
        "lat" : 49.871281664,
        "lon" : 8.6262573096,
        "time" : "20140909T171910+0200"
      }, {
        "lat" : 49.8714438171,
        "lon" : 8.6266421216,
        "time" : "20140909T171930+0200"
      }, {
        "lat" : 49.8716257285,
        "lon" : 8.6268293685,
        "time" : "20140909T171950+0200"
      }, {
        "lat" : 49.8717101865,
        "lon" : 8.6268828576,
        "time" : "20140909T172006+0200"
      }, {
        "lat" : 49.8717628522,
        "lon" : 8.6269093328,
        "time" : "20140909T172027+0200"
      }, {
        "lat" : 49.8717946509,
        "lon" : 8.6269376267,
        "time" : "20140909T172047+0200"
      }, {
        "lat" : 49.8718193356,
        "lon" : 8.6269712818,
        "time" : "20140909T172107+0200"
      }, {
        "lat" : 49.8718521156,
        "lon" : 8.6270558609,
        "time" : "20140909T172129+0200"
      }, {
        "lat" : 49.8727242422,
        "lon" : 8.6300437584,
        "time" : "20140909T172321+0200"
      }, {
        "lat" : 49.8727388331,
        "lon" : 8.6301091595,
        "time" : "20140909T172349+0200"
      }, {
        "lat" : 49.8727286878,
        "lon" : 8.630178675,
        "time" : "20140909T172420+0200"
      }, {
        "lat" : 49.8726537411,
        "lon" : 8.6306118353,
        "time" : "20140909T172453+0200"
      } ]
    }, {
      "activity" : "transport",
      "group" : "transport",
      "manual" : false,
      "startTime" : "20140909T172453+0200",
      "endTime" : "20140909T173502+0200",
      "duration" : 609.0,
      "distance" : 1655.0,
      "trackPoints" : [ {
        "lat" : 49.8726537411,
        "lon" : 8.6306118353,
        "time" : "20140909T172453+0200"
      }, {
        "lat" : 49.8725352913,
        "lon" : 8.6313546525,
        "time" : "20140909T172510+0200"
      }, {
        "lat" : 49.8725215617,
        "lon" : 8.6326270944,
        "time" : "20140909T172637+0200"
      }, {
        "lat" : 49.8724074099,
        "lon" : 8.6328068651,
        "time" : "20140909T172657+0200"
      }, {
        "lat" : 49.8721467685,
        "lon" : 8.6329181667,
        "time" : "20140909T172717+0200"
      }, {
        "lat" : 49.8710412444,
        "lon" : 8.6333745791,
        "time" : "20140909T172920+0200"
      }, {
        "lat" : 49.8708298797,
        "lon" : 8.6335241854,
        "time" : "20140909T172937+0200"
      }, {
        "lat" : 49.8706971471,
        "lon" : 8.6336833148,
        "time" : "20140909T172957+0200"
      }, {
        "lat" : 49.8706608663,
        "lon" : 8.6338047842,
        "time" : "20140909T173028+0200"
      }, {
        "lat" : 49.8710792195,
        "lon" : 8.6377967456,
        "time" : "20140909T173047+0200"
      }, {
        "lat" : 49.871124452,
        "lon" : 8.6382617011,
        "time" : "20140909T173108+0200"
      }, {
        "lat" : 49.8716711209,
        "lon" : 8.6426947677,
        "time" : "20140909T173138+0200"
      }, {
        "lat" : 49.8716711209,
        "lon" : 8.6426947677,
        "time" : "20140909T173158+0200"
      }, {
        "lat" : 49.8716711209,
        "lon" : 8.6426947677,
        "time" : "20140909T173230+0200"
      }, {
        "lat" : 49.8717244558,
        "lon" : 8.6431064201,
        "time" : "20140909T173301+0200"
      }, {
        "lat" : 49.8721155983,
        "lon" : 8.6459018736,
        "time" : "20140909T173333+0200"
      }, {
        "lat" : 49.8722949421,
        "lon" : 8.6473227732,
        "time" : "20140909T173353+0200"
      }, {
        "lat" : 49.8723578021,
        "lon" : 8.6479116449,
        "time" : "20140909T173417+0200"
      }, {
        "lat" : 49.8723603417,
        "lon" : 8.6479868202,
        "time" : "20140909T173434+0200"
      }, {
        "lat" : 49.8721786763,
        "lon" : 8.6483313593,
        "time" : "20140909T173501+0200"
      } ]
    }, {
      "activity" : "walking",
      "group" : "walking",
      "manual" : false,
      "startTime" : "20140909T173501+0200",
      "endTime" : "20140909T174143+0200",
      "duration" : 402.0,
      "distance" : 302.0,
      "steps" : 467,
      "trackPoints" : [ {
        "lat" : 49.8721786763,
        "lon" : 8.6483313593,
        "time" : "20140909T173501+0200"
      }, {
        "lat" : 49.8708594559,
        "lon" : 8.65088078,
        "time" : "20140909T173958+0200"
      }, {
        "lat" : 49.8708431762,
        "lon" : 8.6508759726,
        "time" : "20140909T174019+0200"
      }, {
        "lat" : 49.8708442794,
        "lon" : 8.650834961,
        "time" : "20140909T174037+0200"
      }, {
        "lat" : 49.8708501994,
        "lon" : 8.6507990208,
        "time" : "20140909T174056+0200"
      }, {
        "lat" : 49.8708710403,
        "lon" : 8.6507934757,
        "time" : "20140909T174119+0200"
      }, {
        "lat" : 49.8710455549,
        "lon" : 8.6508620682,
        "time" : "20140909T174144+0200"
      } ]
    }, {
      "activity" : "transport",
      "group" : "transport",
      "manual" : false,
      "startTime" : "20140909T174144+0200",
      "endTime" : "20140909T180312+0200",
      "duration" : 1288.0,
      "distance" : 2035.0,
      "trackPoints" : [ {
        "lat" : 49.8710455549,
        "lon" : 8.6508620682,
        "time" : "20140909T174144+0200"
      }, {
        "lat" : 49.8712452233,
        "lon" : 8.650934889,
        "time" : "20140909T174210+0200"
      }, {
        "lat" : 49.8712452233,
        "lon" : 8.650934889,
        "time" : "20140909T174339+0200"
      }, {
        "lat" : 49.8712481657,
        "lon" : 8.650943299,
        "time" : "20140909T174440+0200"
      }, {
        "lat" : 49.8717681205,
        "lon" : 8.6508915874,
        "time" : "20140909T174511+0200"
      }, {
        "lat" : 49.872193287,
        "lon" : 8.650928857,
        "time" : "20140909T174552+0200"
      }, {
        "lat" : 49.8725757824,
        "lon" : 8.6512561671,
        "time" : "20140909T174616+0200"
      }, {
        "lat" : 49.8729454554,
        "lon" : 8.6510880947,
        "time" : "20140909T174908+0200"
      }, {
        "lat" : 49.8729504291,
        "lon" : 8.651177463,
        "time" : "20140909T174930+0200"
      }, {
        "lat" : 49.8729527429,
        "lon" : 8.6512166989,
        "time" : "20140909T174947+0200"
      }, {
        "lat" : 49.872953891,
        "lon" : 8.6512357819,
        "time" : "20140909T175008+0200"
      }, {
        "lat" : 49.8733549136,
        "lon" : 8.6564789064,
        "time" : "20140909T175042+0200"
      }, {
        "lat" : 49.8733207824,
        "lon" : 8.6566506643,
        "time" : "20140909T175102+0200"
      }, {
        "lat" : 49.874904969,
        "lon" : 8.6579408996,
        "time" : "20140909T175142+0200"
      }, {
        "lat" : 49.8750165756,
        "lon" : 8.6582005662,
        "time" : "20140909T175202+0200"
      }, {
        "lat" : 49.8750531486,
        "lon" : 8.6583645299,
        "time" : "20140909T175220+0200"
      }, {
        "lat" : 49.8750827907,
        "lon" : 8.6585083295,
        "time" : "20140909T175238+0200"
      }, {
        "lat" : 49.8750945545,
        "lon" : 8.6585709437,
        "time" : "20140909T175257+0200"
      }, {
        "lat" : 49.8751084379,
        "lon" : 8.6586273547,
        "time" : "20140909T175318+0200"
      }, {
        "lat" : 49.8751114797,
        "lon" : 8.6586438328,
        "time" : "20140909T175338+0200"
      }, {
        "lat" : 49.8753716938,
        "lon" : 8.6591953614,
        "time" : "20140909T175421+0200"
      }, {
        "lat" : 49.875507013,
        "lon" : 8.659476218,
        "time" : "20140909T175441+0200"
      }, {
        "lat" : 49.8755763079,
        "lon" : 8.65963221,
        "time" : "20140909T175459+0200"
      }, {
        "lat" : 49.875628544,
        "lon" : 8.6597705111,
        "time" : "20140909T175518+0200"
      }, {
        "lat" : 49.8757336414,
        "lon" : 8.6601001704,
        "time" : "20140909T175540+0200"
      }, {
        "lat" : 49.8757336414,
        "lon" : 8.6601001704,
        "time" : "20140909T175558+0200"
      }, {
        "lat" : 49.8757336414,
        "lon" : 8.6601001704,
        "time" : "20140909T175618+0200"
      }, {
        "lat" : 49.8757336414,
        "lon" : 8.6601001704,
        "time" : "20140909T175641+0200"
      }, {
        "lat" : 49.8757336414,
        "lon" : 8.6601001704,
        "time" : "20140909T175702+0200"
      }, {
        "lat" : 49.8757358038,
        "lon" : 8.6601068767,
        "time" : "20140909T175722+0200"
      }, {
        "lat" : 49.8757418455,
        "lon" : 8.6601253543,
        "time" : "20140909T175742+0200"
      }, {
        "lat" : 49.8757595905,
        "lon" : 8.6601798225,
        "time" : "20140909T175800+0200"
      }, {
        "lat" : 49.8757796207,
        "lon" : 8.6602410071,
        "time" : "20140909T175819+0200"
      }, {
        "lat" : 49.8757796207,
        "lon" : 8.6602410071,
        "time" : "20140909T175839+0200"
      }, {
        "lat" : 49.8758442821,
        "lon" : 8.6604338552,
        "time" : "20140909T175909+0200"
      }, {
        "lat" : 49.8758442821,
        "lon" : 8.6604338552,
        "time" : "20140909T175929+0200"
      }, {
        "lat" : 49.8758442821,
        "lon" : 8.6604338552,
        "time" : "20140909T175949+0200"
      }, {
        "lat" : 49.8758657447,
        "lon" : 8.6604982375,
        "time" : "20140909T175959+0200"
      }, {
        "lat" : 49.875865765,
        "lon" : 8.6604982984,
        "time" : "20140909T180000+0200"
      }, {
        "lat" : 49.8759054677,
        "lon" : 8.6606173968,
        "time" : "20140909T180019+0200"
      }, {
        "lat" : 49.8759275098,
        "lon" : 8.6606773171,
        "time" : "20140909T180039+0200"
      }, {
        "lat" : 49.8759524964,
        "lon" : 8.6607228655,
        "time" : "20140909T180102+0200"
      }, {
        "lat" : 49.8759802294,
        "lon" : 8.6607658691,
        "time" : "20140909T180119+0200"
      }, {
        "lat" : 49.8760325936,
        "lon" : 8.6608356567,
        "time" : "20140909T180140+0200"
      }, {
        "lat" : 49.8818298142,
        "lon" : 8.6656340229,
        "time" : "20140909T180311+0200"
      } ]
    }, {
      "activity" : "walking",
      "group" : "walking",
      "manual" : false,
      "startTime" : "20140909T180311+0200",
      "endTime" : "20140909T180921+0200",
      "duration" : 370.0,
      "distance" : 324.0,
      "steps" : 518,
      "trackPoints" : [ {
        "lat" : 49.8818298142,
        "lon" : 8.6656340229,
        "time" : "20140909T180311+0200"
      }, {
        "lat" : 49.8822808208,
        "lon" : 8.6659992096,
        "time" : "20140909T180402+0200"
      }, {
        "lat" : 49.8822762428,
        "lon" : 8.6659916414,
        "time" : "20140909T180422+0200"
      }, {
        "lat" : 49.8823296025,
        "lon" : 8.666027779,
        "time" : "20140909T180442+0200"
      }, {
        "lat" : 49.8826444016,
        "lon" : 8.6663003178,
        "time" : "20140909T180502+0200"
      }, {
        "lat" : 49.8828920365,
        "lon" : 8.6665943798,
        "time" : "20140909T180522+0200"
      }, {
        "lat" : 49.8828233155,
        "lon" : 8.6671747777,
        "time" : "20140909T180552+0200"
      }, {
        "lat" : 49.8827086673,
        "lon" : 8.6679850377,
        "time" : "20140909T180623+0200"
      }, {
        "lat" : 49.8826917873,
        "lon" : 8.6682457804,
        "time" : "20140909T180643+0200"
      }, {
        "lat" : 49.8827165336,
        "lon" : 8.6682644777,
        "time" : "20140909T180703+0200"
      }, {
        "lat" : 49.8827314314,
        "lon" : 8.6682210505,
        "time" : "20140909T180719+0200"
      }, {
        "lat" : 49.8827412592,
        "lon" : 8.668181027,
        "time" : "20140909T180740+0200"
      }, {
        "lat" : 49.882738906,
        "lon" : 8.6682000406,
        "time" : "20140909T180811+0200"
      }, {
        "lat" : 49.8827343854,
        "lon" : 8.6682347589,
        "time" : "20140909T180831+0200"
      }, {
        "lat" : 49.8827495649,
        "lon" : 8.6683233114,
        "time" : "20140909T180902+0200"
      }, {
        "lat" : 49.8829100725,
        "lon" : 8.6682008619,
        "time" : "20140909T180922+0200"
      } ]
    } ],
    "lastUpdate" : "20140909T175415Z"
  }, {
    "type" : "place",
    "startTime" : "20140909T180922+0200",
    "endTime" : "20140909T185417+0200",
    "place" : {
      "id" : 223509887,
      "type" : "unknown",
      "location" : {
        "lat" : 49.8829100725,
        "lon" : 8.6682008619
      }
    },
    "activities" : [ {
      "activity" : "walking",
      "group" : "walking",
      "manual" : false,
      "startTime" : "20140909T184415+0200",
      "endTime" : "20140909T184559+0200",
      "duration" : 104.0,
      "distance" : 73.0,
      "steps" : 145,
      "trackPoints" : [ ]
    } ],
    "lastUpdate" : "20140909T175415Z"
  }, {
    "type" : "move",
    "startTime" : "20140909T185417+0200",
    "endTime" : "20140909T185729+0200",
    "activities" : [ {
      "activity" : "walking",
      "group" : "walking",
      "manual" : false,
      "startTime" : "20140909T185417+0200",
      "endTime" : "20140909T185729+0200",
      "duration" : 192.0,
      "distance" : 195.0,
      "steps" : 254,
      "trackPoints" : [ {
        "lat" : 49.8829100725,
        "lon" : 8.6682008619,
        "time" : "20140909T185417+0200"
      }, {
        "lat" : 49.8828488962,
        "lon" : 8.6687211946,
        "time" : "20140909T185440+0200"
      }, {
        "lat" : 49.8828385176,
        "lon" : 8.6687410994,
        "time" : "20140909T185500+0200"
      }, {
        "lat" : 49.8828244314,
        "lon" : 8.6687701705,
        "time" : "20140909T185521+0200"
      }, {
        "lat" : 49.8828164629,
        "lon" : 8.6687846291,
        "time" : "20140909T185543+0200"
      }, {
        "lat" : 49.8825230356,
        "lon" : 8.6694760868,
        "time" : "20140909T185611+0200"
      }, {
        "lat" : 49.8822455411,
        "lon" : 8.6700776864,
        "time" : "20140909T185644+0200"
      }, {
        "lat" : 49.8821451776,
        "lon" : 8.6702097635,
        "time" : "20140909T185704+0200"
      }, {
        "lat" : 49.8819996044,
        "lon" : 8.6702592175,
        "time" : "20140909T185729+0200"
      } ]
    } ],
    "lastUpdate" : "20140909T175415Z"
  }, {
    "type" : "place",
    "startTime" : "20140909T185729+0200",
    "endTime" : "20140910T122423+0200",
    "place" : {
      "id" : 251291724,
      "name" : "Home",
      "type" : "home",
      "location" : {
        "lat" : 49.8819996044,
        "lon" : 8.6702592175
      }
    },
    "activities" : [ {
      "activity" : "walking",
      "group" : "walking",
      "manual" : false,
      "startTime" : "20140909T205559+0200",
      "endTime" : "20140909T205724+0200",
      "duration" : 85.0,
      "distance" : 64.0,
      "steps" : 127,
      "trackPoints" : [ ]
    }, {
      "activity" : "walking",
      "group" : "walking",
      "manual" : false,
      "startTime" : "20140909T211244+0200",
      "endTime" : "20140909T211620+0200",
      "duration" : 216.0,
      "distance" : 224.0,
      "steps" : 298,
      "trackPoints" : [ ]
    }, {
      "activity" : "walking",
      "group" : "walking",
      "manual" : false,
      "startTime" : "20140909T224110+0200",
      "endTime" : "20140909T224142+0200",
      "duration" : 32.0,
      "distance" : 16.0,
      "steps" : 32,
      "trackPoints" : [ ]
    } ],
    "lastUpdate" : "20140910T164200Z"
  } ],
  "lastUpdate" : "20140910T164200Z"
} ]