[ {
  "date" : "20140901",
  "summary" : [ {
    "activity" : "walking",
    "group" : "walking",
    "duration" : 2901.0,
    "distance" : 3067.0,
    "steps" : 4400
  }, {
    "activity" : "cycling",
    "group" : "cycling",
    "duration" : 507.0,
    "distance" : 1167.0
  }, {
    "activity" : "transport",
    "group" : "transport",
    "duration" : 287.0,
    "distance" : 1070.0
  } ],
  "segments" : [ {
    "type" : "place",
    "startTime" : "20140831T200811+0200",
    "endTime" : "20140901T165840+0200",
    "place" : {
      "id" : 223135125,
      "name" : "Volleyball field of Karlshof",
      "type" : "user",
      "location" : {
        "lat" : 49.8826210232,
        "lon" : 8.6675185755
      }
    },
    "activities" : [ {
      "activity" : "walking",
      "group" : "walking",
      "manual" : false,
      "startTime" : "20140901T001700+0200",
      "endTime" : "20140901T001800+0200",
      "duration" : 60.0,
      "distance" : 30.0,
      "steps" : 50,
      "trackPoints" : [ ]
    }, {
      "activity" : "walking",
      "group" : "walking",
      "manual" : false,
      "startTime" : "20140901T131923+0200",
      "endTime" : "20140901T131949+0200",
      "duration" : 26.0,
      "distance" : 18.0,
      "steps" : 35,
      "trackPoints" : [ ]
    }, {
      "activity" : "walking",
      "group" : "walking",
      "manual" : false,
      "startTime" : "20140901T165459+0200",
      "endTime" : "20140901T165708+0200",
      "duration" : 129.0,
      "distance" : 151.0,
      "steps" : 201,
      "trackPoints" : [ ]
    } ],
    "lastUpdate" : "20140901T180045Z"
  }, {
    "type" : "move",
    "startTime" : "20140901T165840+0200",
    "endTime" : "20140901T170320+0200",
    "activities" : [ {
      "activity" : "transport",
      "group" : "transport",
      "manual" : false,
      "startTime" : "20140901T165840+0200",
      "endTime" : "20140901T170029+0200",
      "duration" : 109.0,
      "distance" : 371.0,
      "trackPoints" : [ {
        "lat" : 49.8826210232,
        "lon" : 8.6675185755,
        "time" : "20140901T165840+0200"
      }, {
        "lat" : 49.8809809264,
        "lon" : 8.6654136638,
        "time" : "20140901T165959+0200"
      }, {
        "lat" : 49.8809807201,
        "lon" : 8.6654133991,
        "time" : "20140901T170000+0200"
      }, {
        "lat" : 49.8803818636,
        "lon" : 8.6646448226,
        "time" : "20140901T170029+0200"
      } ]
    }, {
      "activity" : "cycling",
      "group" : "cycling",
      "manual" : false,
      "startTime" : "20140901T170029+0200",
      "endTime" : "20140901T170321+0200",
      "duration" : 172.0,
      "distance" : 708.0,
      "trackPoints" : [ {
        "lat" : 49.8803818636,
        "lon" : 8.6646448226,
        "time" : "20140901T170029+0200"
      }, {
        "lat" : 49.8802652267,
        "lon" : 8.6643151334,
        "time" : "20140901T170051+0200"
      }, {
        "lat" : 49.8802107031,
        "lon" : 8.6642472208,
        "time" : "20140901T170111+0200"
      }, {
        "lat" : 49.8801647432,
        "lon" : 8.6642011293,
        "time" : "20140901T170131+0200"
      }, {
        "lat" : 49.8801206886,
        "lon" : 8.6641190675,
        "time" : "20140901T170153+0200"
      }, {
        "lat" : 49.8770449952,
        "lon" : 8.657750091,
        "time" : "20140901T170320+0200"
      } ]
    } ],
    "lastUpdate" : "20140901T180045Z"
  }, {
    "type" : "place",
    "startTime" : "20140901T170320+0200",
    "endTime" : "20140901T173652+0200",
    "place" : {
      "id" : 236799681,
      "type" : "unknown",
      "location" : {
        "lat" : 49.8770449952,
        "lon" : 8.657750091
      }
    },
    "activities" : [ {
      "activity" : "walking",
      "group" : "walking",
      "manual" : false,
      "startTime" : "20140901T170320+0200",
      "endTime" : "20140901T170533+0200",
      "duration" : 133.0,
      "distance" : 131.0,
      "steps" : 175,
      "trackPoints" : [ ]
    } ],
    "lastUpdate" : "20140901T180045Z"
  }, {
    "type" : "move",
    "startTime" : "20140901T173652+0200",
    "endTime" : "20140901T175344+0200",
    "activities" : [ {
      "activity" : "walking",
      "group" : "walking",
      "manual" : false,
      "startTime" : "20140901T173652+0200",
      "endTime" : "20140901T175344+0200",
      "duration" : 1012.0,
      "distance" : 1151.0,
      "steps" : 1707,
      "trackPoints" : [ {
        "lat" : 49.8770449952,
        "lon" : 8.657750091,
        "time" : "20140901T173652+0200"
      }, {
        "lat" : 49.876617618,
        "lon" : 8.6571906643,
        "time" : "20140901T173722+0200"
      }, {
        "lat" : 49.8766162009,
        "lon" : 8.6571905202,
        "time" : "20140901T173742+0200"
      }, {
        "lat" : 49.8766266155,
        "lon" : 8.6571939458,
        "time" : "20140901T173803+0200"
      }, {
        "lat" : 49.8766461213,
        "lon" : 8.6572045136,
        "time" : "20140901T173823+0200"
      }, {
        "lat" : 49.876665781,
        "lon" : 8.6572153242,
        "time" : "20140901T173840+0200"
      }, {
        "lat" : 49.8766884381,
        "lon" : 8.6572348268,
        "time" : "20140901T173900+0200"
      }, {
        "lat" : 49.8767969966,
        "lon" : 8.6573699519,
        "time" : "20140901T173930+0200"
      }, {
        "lat" : 49.8768672435,
        "lon" : 8.657420627,
        "time" : "20140901T173950+0200"
      }, {
        "lat" : 49.876919272,
        "lon" : 8.6574489533,
        "time" : "20140901T174009+0200"
      }, {
        "lat" : 49.8769629039,
        "lon" : 8.6574750983,
        "time" : "20140901T174029+0200"
      }, {
        "lat" : 49.8770374204,
        "lon" : 8.6575859212,
        "time" : "20140901T174103+0200"
      }, {
        "lat" : 49.8773402124,
        "lon" : 8.6582761145,
        "time" : "20140901T174122+0200"
      }, {
        "lat" : 49.8776371969,
        "lon" : 8.6590114155,
        "time" : "20140901T174142+0200"
      }, {
        "lat" : 49.8777904632,
        "lon" : 8.6594529025,
        "time" : "20140901T174202+0200"
      }, {
        "lat" : 49.8778414034,
        "lon" : 8.6596288344,
        "time" : "20140901T174220+0200"
      }, {
        "lat" : 49.8778608812,
        "lon" : 8.6597235306,
        "time" : "20140901T174240+0200"
      }, {
        "lat" : 49.8778721307,
        "lon" : 8.6598729706,
        "time" : "20140901T174303+0200"
      }, {
        "lat" : 49.8779002077,
        "lon" : 8.6604718251,
        "time" : "20140901T174319+0200"
      }, {
        "lat" : 49.8779248999,
        "lon" : 8.6609704979,
        "time" : "20140901T174340+0200"
      }, {
        "lat" : 49.8779449046,
        "lon" : 8.6612136837,
        "time" : "20140901T174403+0200"
      }, {
        "lat" : 49.8779586585,
        "lon" : 8.6612906814,
        "time" : "20140901T174420+0200"
      }, {
        "lat" : 49.8779703029,
        "lon" : 8.6613336957,
        "time" : "20140901T174441+0200"
      }, {
        "lat" : 49.8779839424,
        "lon" : 8.6613679225,
        "time" : "20140901T174501+0200"
      }, {
        "lat" : 49.877998897,
        "lon" : 8.6614010811,
        "time" : "20140901T174521+0200"
      }, {
        "lat" : 49.8780421689,
        "lon" : 8.661476576,
        "time" : "20140901T174551+0200"
      }, {
        "lat" : 49.8780792931,
        "lon" : 8.6615370506,
        "time" : "20140901T174610+0200"
      }, {
        "lat" : 49.8781446952,
        "lon" : 8.6616367081,
        "time" : "20140901T174632+0200"
      }, {
        "lat" : 49.8789674458,
        "lon" : 8.6628484838,
        "time" : "20140901T174710+0200"
      }, {
        "lat" : 49.8793174874,
        "lon" : 8.6633438265,
        "time" : "20140901T174730+0200"
      }, {
        "lat" : 49.879456531,
        "lon" : 8.6635333435,
        "time" : "20140901T174750+0200"
      }, {
        "lat" : 49.879522654,
        "lon" : 8.6636102518,
        "time" : "20140901T174813+0200"
      }, {
        "lat" : 49.8799080305,
        "lon" : 8.6639855733,
        "time" : "20140901T174840+0200"
      }, {
        "lat" : 49.8803362913,
        "lon" : 8.6644021101,
        "time" : "20140901T174910+0200"
      }, {
        "lat" : 49.8804697893,
        "lon" : 8.6645315356,
        "time" : "20140901T174931+0200"
      }, {
        "lat" : 49.8806192195,
        "lon" : 8.6646731082,
        "time" : "20140901T174954+0200"
      }, {
        "lat" : 49.8811300358,
        "lon" : 8.6651536289,
        "time" : "20140901T175011+0200"
      }, {
        "lat" : 49.8814598384,
        "lon" : 8.6654603137,
        "time" : "20140901T175031+0200"
      }, {
        "lat" : 49.8815638897,
        "lon" : 8.6655438518,
        "time" : "20140901T175052+0200"
      }, {
        "lat" : 49.8815983117,
        "lon" : 8.6655644162,
        "time" : "20140901T175112+0200"
      }, {
        "lat" : 49.8816207108,
        "lon" : 8.6655742752,
        "time" : "20140901T175135+0200"
      }, {
        "lat" : 49.8816345551,
        "lon" : 8.6655789946,
        "time" : "20140901T175152+0200"
      }, {
        "lat" : 49.8816520337,
        "lon" : 8.6655930987,
        "time" : "20140901T175211+0200"
      }, {
        "lat" : 49.8817249639,
        "lon" : 8.665717622,
        "time" : "20140901T175233+0200"
      }, {
        "lat" : 49.8826210232,
        "lon" : 8.6675185755,
        "time" : "20140901T175344+0200"
      } ]
    } ],
    "lastUpdate" : "20140901T180045Z"
  }, {
    "type" : "place",
    "startTime" : "20140901T175344+0200",
    "endTime" : "20140901T175554+0200",
    "place" : {
      "id" : 223135125,
      "name" : "Volleyball field of Karlshof",
      "type" : "user",
      "location" : {
        "lat" : 49.8826210232,
        "lon" : 8.6675185755
      }
    },
    "activities" : [ {
      "activity" : "walking",
      "group" : "walking",
      "manual" : false,
      "startTime" : "20140901T175352+0200",
      "endTime" : "20140901T175411+0200",
      "duration" : 19.0,
      "distance" : 12.0,
      "steps" : 25,
      "trackPoints" : [ ]
    } ],
    "lastUpdate" : "20140901T180045Z"
  }, {
    "type" : "move",
    "startTime" : "20140901T175554+0200",
    "endTime" : "20140901T175803+0200",
    "activities" : [ {
      "activity" : "walking",
      "group" : "walking",
      "manual" : false,
      "startTime" : "20140901T175554+0200",
      "endTime" : "20140901T175803+0200",
      "duration" : 129.0,
      "distance" : 222.0,
      "steps" : 197,
      "trackPoints" : [ {
        "lat" : 49.8826210232,
        "lon" : 8.6675185755,
        "time" : "20140901T175554+0200"
      }, {
        "lat" : 49.8827683872,
        "lon" : 8.668096519,
        "time" : "20140901T175611+0200"
      }, {
        "lat" : 49.8827673999,
        "lon" : 8.6681208186,
        "time" : "20140901T175631+0200"
      }, {
        "lat" : 49.8827626637,
        "lon" : 8.6681528978,
        "time" : "20140901T175651+0200"
      }, {
        "lat" : 49.8827529735,
        "lon" : 8.6681984276,
        "time" : "20140901T175712+0200"
      }, {
        "lat" : 49.882737989,
        "lon" : 8.6682616928,
        "time" : "20140901T175735+0200"
      }, {
        "lat" : 49.8819996044,
        "lon" : 8.6702592175,
        "time" : "20140901T175803+0200"
      } ]
    } ],
    "lastUpdate" : "20140901T180045Z"
  }, {
    "type" : "place",
    "startTime" : "20140901T175803+0200",
    "endTime" : "20140901T185023+0200",
    "place" : {
      "id" : 251291724,
      "name" : "Home",
      "type" : "home",
      "location" : {
        "lat" : 49.8819996044,
        "lon" : 8.6702592175
      }
    },
    "activities" : [ {
      "activity" : "walking",
      "group" : "walking",
      "manual" : false,
      "startTime" : "20140901T175803+0200",
      "endTime" : "20140901T175821+0200",
      "duration" : 18.0,
      "distance" : 13.0,
      "steps" : 26,
      "trackPoints" : [ ]
    }, {
      "activity" : "walking",
      "group" : "walking",
      "manual" : false,
      "startTime" : "20140901T180000+0200",
      "endTime" : "20140901T181103+0200",
      "duration" : 663.0,
      "distance" : 765.0,
      "steps" : 1019,
      "trackPoints" : [ ]
    } ],
    "lastUpdate" : "20140901T180045Z"
  }, {
    "type" : "move",
    "startTime" : "20140901T185023+0200",
    "endTime" : "20140901T185321+0200",
    "activities" : [ {
      "activity" : "transport",
      "group" : "transport",
      "manual" : false,
      "startTime" : "20140901T185023+0200",
      "endTime" : "20140901T185321+0200",
      "duration" : 178.0,
      "distance" : 699.0,
      "trackPoints" : [ {
        "lat" : 49.8819996044,
        "lon" : 8.6702592175,
        "time" : "20140901T185023+0200"
      }, {
        "lat" : 49.8827688867,
        "lon" : 8.6680746733,
        "time" : "20140901T185052+0200"
      }, {
        "lat" : 49.8828597305,
        "lon" : 8.6674089561,
        "time" : "20140901T185113+0200"
      }, {
        "lat" : 49.8829473229,
        "lon" : 8.6663457952,
        "time" : "20140901T185133+0200"
      }, {
        "lat" : 49.8826484041,
        "lon" : 8.6662165231,
        "time" : "20140901T185153+0200"
      }, {
        "lat" : 49.8827935118,
        "lon" : 8.6662599186,
        "time" : "20140901T185213+0200"
      }, {
        "lat" : 49.8828408762,
        "lon" : 8.6662907654,
        "time" : "20140901T185233+0200"
      }, {
        "lat" : 49.8843558944,
        "lon" : 8.6674659936,
        "time" : "20140901T185303+0200"
      }, {
        "lat" : 49.8846492734,
        "lon" : 8.6665044713,
        "time" : "20140901T185321+0200"
      } ]
    } ],
    "lastUpdate" : "20140901T180045Z"
  }, {
    "type" : "place",
    "startTime" : "20140901T185348+0200",
    "endTime" : "20140901T200049+0200",
    "place" : {
      "id" : 251672281,
      "type" : "unknown",
      "location" : {
        "lat" : 49.8846492734,
        "lon" : 8.6665044713
      }
    },
    "activities" : [ {
      "activity" : "walking",
      "group" : "walking",
      "manual" : false,
      "startTime" : "20140901T185356+0200",
      "endTime" : "20140901T185412+0200",
      "duration" : 16.0,
      "distance" : 11.0,
      "steps" : 21,
      "trackPoints" : [ ]
    }, {
      "activity" : "walking",
      "group" : "walking",
      "manual" : false,
      "startTime" : "20140901T195827+0200",
      "endTime" : "20140901T195857+0200",
      "duration" : 30.0,
      "distance" : 20.0,
      "steps" : 40,
      "trackPoints" : [ ]
    }, {
      "activity" : "walking",
      "group" : "walking",
      "manual" : false,
      "startTime" : "20140901T200000+0200",
      "endTime" : "20140901T200011+0200",
      "duration" : 11.0,
      "distance" : 7.0,
      "steps" : 14,
      "trackPoints" : [ ]
    } ],
    "lastUpdate" : "20140901T191217Z"
  }, {
    "type" : "move",
    "startTime" : "20140901T200049+0200",
    "endTime" : "20140901T200623+0200",
    "activities" : [ {
      "activity" : "cycling",
      "group" : "cycling",
      "manual" : false,
      "startTime" : "20140901T200049+0200",
      "endTime" : "20140901T200624+0200",
      "duration" : 335.0,
      "distance" : 459.0,
      "trackPoints" : [ {
        "lat" : 49.8846492734,
        "lon" : 8.6665044713,
        "time" : "20140901T200049+0200"
      }, {
        "lat" : 49.8819996044,
        "lon" : 8.6702592175,
        "time" : "20140901T200623+0200"
      } ]
    } ],
    "lastUpdate" : "20140901T191217Z"
  }, {
    "type" : "place",
    "startTime" : "20140901T200624+0200",
    "endTime" : "20140901T211321+0200",
    "place" : {
      "id" : 251291724,
      "name" : "Home",
      "type" : "home",
      "location" : {
        "lat" : 49.8819996044,
        "lon" : 8.6702592175
      }
    },
    "activities" : [ {
      "activity" : "walking",
      "group" : "walking",
      "manual" : false,
      "startTime" : "20140901T200632+0200",
      "endTime" : "20140901T201045+0200",
      "duration" : 253.0,
      "distance" : 270.0,
      "steps" : 360,
      "trackPoints" : [ ]
    }, {
      "activity" : "walking",
      "group" : "walking",
      "manual" : false,
      "startTime" : "20140901T210033+0200",
      "endTime" : "20140901T210142+0200",
      "duration" : 69.0,
      "distance" : 44.0,
      "steps" : 87,
      "trackPoints" : [ ]
    } ],
    "lastUpdate" : "20140901T202851Z"
  }, {
    "type" : "move",
    "startTime" : "20140901T211321+0200",
    "endTime" : "20140901T211637+0200",
    "activities" : [ {
      "activity" : "walking",
      "group" : "walking",
      "manual" : false,
      "startTime" : "20140901T211321+0200",
      "endTime" : "20140901T211637+0200",
      "duration" : 196.0,
      "distance" : 134.0,
      "steps" : 268,
      "trackPoints" : [ {
        "lat" : 49.8819996044,
        "lon" : 8.6702592175,
        "time" : "20140901T211321+0200"
      }, {
        "lat" : 49.8820015838,
        "lon" : 8.6702636097,
        "time" : "20140901T211341+0200"
      }, {
        "lat" : 49.882001989,
        "lon" : 8.6702624711,
        "time" : "20140901T211359+0200"
      }, {
        "lat" : 49.8820057104,
        "lon" : 8.6702581227,
        "time" : "20140901T211419+0200"
      }, {
        "lat" : 49.8820113897,
        "lon" : 8.6702521525,
        "time" : "20140901T211439+0200"
      }, {
        "lat" : 49.8820194565,
        "lon" : 8.670244202,
        "time" : "20140901T211459+0200"
      }, {
        "lat" : 49.8820313052,
        "lon" : 8.6702326221,
        "time" : "20140901T211521+0200"
      }, {
        "lat" : 49.8820455349,
        "lon" : 8.6702184122,
        "time" : "20140901T211541+0200"
      }, {
        "lat" : 49.8820643429,
        "lon" : 8.6701992171,
        "time" : "20140901T211601+0200"
      }, {
        "lat" : 49.8820909954,
        "lon" : 8.6701711886,
        "time" : "20140901T211619+0200"
      }, {
        "lat" : 49.8831093675,
        "lon" : 8.6697840805,
        "time" : "20140901T211637+0200"
      } ]
    } ],
    "lastUpdate" : "20140901T202851Z"
  }, {
    "type" : "place",
    "startTime" : "20140901T211637+0200",
    "endTime" : "20140902T010229+0200",
    "place" : {
      "id" : 251721107,
      "type" : "unknown",
      "location" : {
        "lat" : 49.8831093675,
        "lon" : 8.6697840805
      }
    },
    "activities" : [ {
      "activity" : "walking",
      "group" : "walking",
      "manual" : false,
      "startTime" : "20140901T211637+0200",
      "endTime" : "20140901T211723+0200",
      "duration" : 46.0,
      "distance" : 33.0,
      "steps" : 67,
      "trackPoints" : [ ]
    }, {
      "activity" : "walking",
      "group" : "walking",
      "manual" : false,
      "startTime" : "20140901T220008+0200",
      "endTime" : "20140901T220045+0200",
      "duration" : 37.0,
      "distance" : 20.0,
      "steps" : 39,
      "trackPoints" : [ ]
    }, {
      "activity" : "walking",
      "group" : "walking",
      "manual" : false,
      "startTime" : "20140901T230625+0200",
      "endTime" : "20140901T230719+0200",
      "duration" : 54.0,
      "distance" : 35.0,
      "steps" : 69,
      "trackPoints" : [ ]
    } ],
    "lastUpdate" : "20140902T000338Z"
  } ],
  "lastUpdate" : "20140902T000338Z"
} ]