[ {
  "date" : "20141024",
  "summary" : [ {
    "activity" : "walking",
    "group" : "walking",
    "duration" : 6067.0,
    "distance" : 7538.0,
    "steps" : 9345
  }, {
    "activity" : "transport",
    "group" : "transport",
    "duration" : 2797.0,
    "distance" : 9727.0
  }, {
    "activity" : "cycling",
    "group" : "cycling",
    "duration" : 700.0,
    "distance" : 2443.0
  } ],
  "segments" : [ {
    "type" : "place",
    "startTime" : "20141023T143020+0200",
    "endTime" : "20141024T083338+0200",
    "place" : {
      "id" : 251291724,
      "name" : "Home",
      "type" : "home",
      "location" : {
        "lat" : 49.8819996044,
        "lon" : 8.6702592175
      }
    },
    "activities" : [ {
      "activity" : "walking",
      "group" : "walking",
      "manual" : false,
      "startTime" : "20141024T004828+0200",
      "endTime" : "20141024T004830+0200",
      "duration" : 2.0,
      "distance" : 2.0,
      "steps" : 4,
      "trackPoints" : [ ]
    }, {
      "activity" : "walking",
      "group" : "walking",
      "manual" : false,
      "startTime" : "20141024T011947+0200",
      "endTime" : "20141024T011952+0200",
      "duration" : 5.0,
      "distance" : 4.0,
      "steps" : 7,
      "trackPoints" : [ ]
    }, {
      "activity" : "walking",
      "group" : "walking",
      "manual" : false,
      "startTime" : "20141024T082533+0200",
      "endTime" : "20141024T082610+0200",
      "duration" : 37.0,
      "distance" : 25.0,
      "steps" : 50,
      "trackPoints" : [ ]
    } ],
    "lastUpdate" : "20141024T074211Z"
  }, {
    "type" : "move",
    "startTime" : "20141024T083338+0200",
    "endTime" : "20141024T090258+0200",
    "activities" : [ {
      "activity" : "walking",
      "group" : "walking",
      "manual" : false,
      "startTime" : "20141024T083338+0200",
      "endTime" : "20141024T083740+0200",
      "duration" : 242.0,
      "distance" : 352.0,
      "steps" : 361,
      "trackPoints" : [ {
        "lat" : 49.8819996044,
        "lon" : 8.6702592175,
        "time" : "20141024T083338+0200"
      }, {
        "lat" : 49.8819946034,
        "lon" : 8.6701938333,
        "time" : "20141024T083358+0200"
      }, {
        "lat" : 49.8819965745,
        "lon" : 8.6701747672,
        "time" : "20141024T083415+0200"
      }, {
        "lat" : 49.8819984496,
        "lon" : 8.6701574246,
        "time" : "20141024T083437+0200"
      }, {
        "lat" : 49.8820909045,
        "lon" : 8.6692808948,
        "time" : "20141024T083516+0200"
      }, {
        "lat" : 49.8821327884,
        "lon" : 8.6687401044,
        "time" : "20141024T083536+0200"
      }, {
        "lat" : 49.8821687984,
        "lon" : 8.6676035867,
        "time" : "20141024T083616+0200"
      }, {
        "lat" : 49.8821745315,
        "lon" : 8.6668841948,
        "time" : "20141024T083639+0200"
      }, {
        "lat" : 49.8821726501,
        "lon" : 8.6664630654,
        "time" : "20141024T083656+0200"
      }, {
        "lat" : 49.8821453251,
        "lon" : 8.6661217414,
        "time" : "20141024T083719+0200"
      }, {
        "lat" : 49.882116387,
        "lon" : 8.6659288481,
        "time" : "20141024T083740+0200"
      } ]
    }, {
      "activity" : "transport",
      "group" : "transport",
      "manual" : false,
      "startTime" : "20141024T083740+0200",
      "endTime" : "20141024T085512+0200",
      "duration" : 1052.0,
      "distance" : 3347.0,
      "trackPoints" : [ {
        "lat" : 49.882116387,
        "lon" : 8.6659288481,
        "time" : "20141024T083740+0200"
      }, {
        "lat" : 49.8820008199,
        "lon" : 8.6657586981,
        "time" : "20141024T083758+0200"
      }, {
        "lat" : 49.8817061335,
        "lon" : 8.66547526,
        "time" : "20141024T083819+0200"
      }, {
        "lat" : 49.8804280947,
        "lon" : 8.6644183083,
        "time" : "20141024T083839+0200"
      }, {
        "lat" : 49.8803094605,
        "lon" : 8.6642911908,
        "time" : "20141024T083856+0200"
      }, {
        "lat" : 49.8802896276,
        "lon" : 8.664268438,
        "time" : "20141024T083916+0200"
      }, {
        "lat" : 49.880284709,
        "lon" : 8.6642627874,
        "time" : "20141024T083936+0200"
      }, {
        "lat" : 49.8785364129,
        "lon" : 8.6622491237,
        "time" : "20141024T084007+0200"
      }, {
        "lat" : 49.8781823983,
        "lon" : 8.6618452729,
        "time" : "20141024T084027+0200"
      }, {
        "lat" : 49.8781319464,
        "lon" : 8.6617936254,
        "time" : "20141024T084046+0200"
      }, {
        "lat" : 49.8727062981,
        "lon" : 8.6550994536,
        "time" : "20141024T084329+0200"
      }, {
        "lat" : 49.8729670767,
        "lon" : 8.653678474,
        "time" : "20141024T084353+0200"
      }, {
        "lat" : 49.8730906466,
        "lon" : 8.6535013905,
        "time" : "20141024T084415+0200"
      }, {
        "lat" : 49.8730268935,
        "lon" : 8.6518501606,
        "time" : "20141024T084450+0200"
      }, {
        "lat" : 49.8730137099,
        "lon" : 8.6516242341,
        "time" : "20141024T084510+0200"
      }, {
        "lat" : 49.8729805627,
        "lon" : 8.651104699,
        "time" : "20141024T084530+0200"
      }, {
        "lat" : 49.8728797449,
        "lon" : 8.6501893058,
        "time" : "20141024T084600+0200"
      }, {
        "lat" : 49.872867624,
        "lon" : 8.6501105117,
        "time" : "20141024T084622+0200"
      }, {
        "lat" : 49.872867624,
        "lon" : 8.6501105117,
        "time" : "20141024T084643+0200"
      }, {
        "lat" : 49.872867624,
        "lon" : 8.6501105117,
        "time" : "20141024T084702+0200"
      }, {
        "lat" : 49.872867624,
        "lon" : 8.6501105117,
        "time" : "20141024T084722+0200"
      }, {
        "lat" : 49.872867624,
        "lon" : 8.6501105117,
        "time" : "20141024T084742+0200"
      }, {
        "lat" : 49.872867624,
        "lon" : 8.6501105117,
        "time" : "20141024T084802+0200"
      }, {
        "lat" : 49.8728688686,
        "lon" : 8.650112353,
        "time" : "20141024T084827+0200"
      }, {
        "lat" : 49.8726952116,
        "lon" : 8.6497097913,
        "time" : "20141024T084844+0200"
      }, {
        "lat" : 49.8725550407,
        "lon" : 8.6487628557,
        "time" : "20141024T084859+0200"
      }, {
        "lat" : 49.8724714482,
        "lon" : 8.6486189348,
        "time" : "20141024T084917+0200"
      }, {
        "lat" : 49.8723803386,
        "lon" : 8.648271043,
        "time" : "20141024T084937+0200"
      }, {
        "lat" : 49.8717059403,
        "lon" : 8.6432319688,
        "time" : "20141024T085007+0200"
      }, {
        "lat" : 49.8716554257,
        "lon" : 8.6428478917,
        "time" : "20141024T085028+0200"
      }, {
        "lat" : 49.8716292738,
        "lon" : 8.642644412,
        "time" : "20141024T085051+0200"
      }, {
        "lat" : 49.8716117501,
        "lon" : 8.6425071212,
        "time" : "20141024T085111+0200"
      }, {
        "lat" : 49.8713287305,
        "lon" : 8.6403141007,
        "time" : "20141024T085132+0200"
      }, {
        "lat" : 49.8707945175,
        "lon" : 8.6360383959,
        "time" : "20141024T085209+0200"
      }, {
        "lat" : 49.8708199085,
        "lon" : 8.6361266862,
        "time" : "20141024T085224+0200"
      }, {
        "lat" : 49.8708312896,
        "lon" : 8.6361437622,
        "time" : "20141024T085241+0200"
      }, {
        "lat" : 49.8708379003,
        "lon" : 8.6361498103,
        "time" : "20141024T085258+0200"
      }, {
        "lat" : 49.8708411642,
        "lon" : 8.6361484203,
        "time" : "20141024T085318+0200"
      }, {
        "lat" : 49.8708425644,
        "lon" : 8.6361461778,
        "time" : "20141024T085338+0200"
      }, {
        "lat" : 49.8708444209,
        "lon" : 8.6361354398,
        "time" : "20141024T085408+0200"
      }, {
        "lat" : 49.8710291308,
        "lon" : 8.6338290489,
        "time" : "20141024T085431+0200"
      }, {
        "lat" : 49.8712955293,
        "lon" : 8.6332767779,
        "time" : "20141024T085451+0200"
      }, {
        "lat" : 49.871459297,
        "lon" : 8.6331334009,
        "time" : "20141024T085512+0200"
      } ]
    }, {
      "activity" : "walking",
      "group" : "walking",
      "manual" : false,
      "startTime" : "20141024T085512+0200",
      "endTime" : "20141024T090258+0200",
      "duration" : 466.0,
      "distance" : 707.0,
      "steps" : 843,
      "trackPoints" : [ {
        "lat" : 49.871459297,
        "lon" : 8.6331334009,
        "time" : "20141024T085512+0200"
      }, {
        "lat" : 49.871529197,
        "lon" : 8.6331385851,
        "time" : "20141024T085545+0200"
      }, {
        "lat" : 49.8715569299,
        "lon" : 8.6331264756,
        "time" : "20141024T085606+0200"
      }, {
        "lat" : 49.8715818164,
        "lon" : 8.6330639303,
        "time" : "20141024T085630+0200"
      }, {
        "lat" : 49.8716127019,
        "lon" : 8.6329252595,
        "time" : "20141024T085657+0200"
      }, {
        "lat" : 49.871661284,
        "lon" : 8.6326482435,
        "time" : "20141024T085721+0200"
      }, {
        "lat" : 49.8717131692,
        "lon" : 8.6323386303,
        "time" : "20141024T085737+0200"
      }, {
        "lat" : 49.8718300669,
        "lon" : 8.6316295489,
        "time" : "20141024T085757+0200"
      }, {
        "lat" : 49.8720346354,
        "lon" : 8.6303819846,
        "time" : "20141024T085817+0200"
      }, {
        "lat" : 49.8721392937,
        "lon" : 8.6297390996,
        "time" : "20141024T085835+0200"
      }, {
        "lat" : 49.8721846834,
        "lon" : 8.6294501952,
        "time" : "20141024T085851+0200"
      }, {
        "lat" : 49.8722015859,
        "lon" : 8.6291493143,
        "time" : "20141024T085927+0200"
      }, {
        "lat" : 49.8721779893,
        "lon" : 8.6281475355,
        "time" : "20141024T085957+0200"
      }, {
        "lat" : 49.8721749321,
        "lon" : 8.628074944,
        "time" : "20141024T085959+0200"
      }, {
        "lat" : 49.8721749207,
        "lon" : 8.6280746717,
        "time" : "20141024T090000+0200"
      }, {
        "lat" : 49.8721549932,
        "lon" : 8.6276014925,
        "time" : "20141024T090017+0200"
      }, {
        "lat" : 49.8720697791,
        "lon" : 8.6270897835,
        "time" : "20141024T090047+0200"
      }, {
        "lat" : 49.8720059755,
        "lon" : 8.6268211396,
        "time" : "20141024T090107+0200"
      }, {
        "lat" : 49.8718220017,
        "lon" : 8.6262926971,
        "time" : "20141024T090137+0200"
      }, {
        "lat" : 49.8717108851,
        "lon" : 8.6260248579,
        "time" : "20141024T090156+0200"
      }, {
        "lat" : 49.8714244113,
        "lon" : 8.6256619708,
        "time" : "20141024T090237+0200"
      }, {
        "lat" : 49.8712952279,
        "lon" : 8.6249912643,
        "time" : "20141024T090258+0200"
      } ]
    } ],
    "lastUpdate" : "20141024T074211Z"
  }, {
    "type" : "place",
    "startTime" : "20141024T090258+0200",
    "endTime" : "20141024T130005+0200",
    "place" : {
      "id" : 249718361,
      "name" : "Consetto",
      "type" : "work",
      "location" : {
        "lat" : 49.8712952279,
        "lon" : 8.6249912643
      }
    },
    "activities" : [ {
      "activity" : "walking",
      "group" : "walking",
      "manual" : false,
      "startTime" : "20141024T090258+0200",
      "endTime" : "20141024T090333+0200",
      "duration" : 35.0,
      "distance" : 29.0,
      "steps" : 57,
      "trackPoints" : [ ]
    }, {
      "activity" : "walking",
      "group" : "walking",
      "manual" : false,
      "startTime" : "20141024T120347+0200",
      "endTime" : "20141024T120353+0200",
      "duration" : 6.0,
      "distance" : 4.0,
      "steps" : 8,
      "trackPoints" : [ ]
    }, {
      "activity" : "walking",
      "group" : "walking",
      "manual" : false,
      "startTime" : "20141024T130001+0200",
      "endTime" : "20141024T130002+0200",
      "duration" : 1.0,
      "distance" : 1.0,
      "steps" : 1,
      "trackPoints" : [ ]
    } ],
    "lastUpdate" : "20141024T133501Z"
  }, {
    "type" : "move",
    "startTime" : "20141024T130005+0200",
    "endTime" : "20141024T131446+0200",
    "activities" : [ {
      "activity" : "walking",
      "group" : "walking",
      "manual" : false,
      "startTime" : "20141024T130005+0200",
      "endTime" : "20141024T130806+0200",
      "duration" : 481.0,
      "distance" : 564.0,
      "steps" : 793,
      "trackPoints" : [ {
        "lat" : 49.8712952279,
        "lon" : 8.6249912643,
        "time" : "20141024T130005+0200"
      }, {
        "lat" : 49.8712904649,
        "lon" : 8.6250977146,
        "time" : "20141024T130025+0200"
      }, {
        "lat" : 49.8712983086,
        "lon" : 8.6250841829,
        "time" : "20141024T130042+0200"
      }, {
        "lat" : 49.8710371066,
        "lon" : 8.6252780899,
        "time" : "20141024T130117+0200"
      }, {
        "lat" : 49.8709450399,
        "lon" : 8.6253703196,
        "time" : "20141024T130137+0200"
      }, {
        "lat" : 49.8709153264,
        "lon" : 8.6254604361,
        "time" : "20141024T130157+0200"
      }, {
        "lat" : 49.8709325655,
        "lon" : 8.6256146996,
        "time" : "20141024T130214+0200"
      }, {
        "lat" : 49.8710531266,
        "lon" : 8.626268391,
        "time" : "20141024T130234+0200"
      }, {
        "lat" : 49.8711442032,
        "lon" : 8.6266856245,
        "time" : "20141024T130252+0200"
      }, {
        "lat" : 49.8712464957,
        "lon" : 8.6269051989,
        "time" : "20141024T130312+0200"
      }, {
        "lat" : 49.871414941,
        "lon" : 8.6270079274,
        "time" : "20141024T130333+0200"
      }, {
        "lat" : 49.8716554419,
        "lon" : 8.6271550397,
        "time" : "20141024T130403+0200"
      }, {
        "lat" : 49.8718643735,
        "lon" : 8.6273158206,
        "time" : "20141024T130427+0200"
      }, {
        "lat" : 49.8719675967,
        "lon" : 8.6274959846,
        "time" : "20141024T130446+0200"
      }, {
        "lat" : 49.8720315626,
        "lon" : 8.627730603,
        "time" : "20141024T130503+0200"
      }, {
        "lat" : 49.8720702994,
        "lon" : 8.6279546326,
        "time" : "20141024T130522+0200"
      }, {
        "lat" : 49.8721837257,
        "lon" : 8.6288092573,
        "time" : "20141024T130603+0200"
      }, {
        "lat" : 49.872241968,
        "lon" : 8.6291803999,
        "time" : "20141024T130624+0200"
      }, {
        "lat" : 49.8723373377,
        "lon" : 8.6296321811,
        "time" : "20141024T130654+0200"
      }, {
        "lat" : 49.8724271456,
        "lon" : 8.6299231789,
        "time" : "20141024T130714+0200"
      }, {
        "lat" : 49.8726764424,
        "lon" : 8.6305037954,
        "time" : "20141024T130747+0200"
      }, {
        "lat" : 49.8727395886,
        "lon" : 8.630758075,
        "time" : "20141024T130806+0200"
      } ]
    }, {
      "activity" : "transport",
      "group" : "transport",
      "manual" : false,
      "startTime" : "20141024T130806+0200",
      "endTime" : "20141024T131446+0200",
      "duration" : 400.0,
      "distance" : 1830.0,
      "trackPoints" : [ {
        "lat" : 49.8727395886,
        "lon" : 8.630758075,
        "time" : "20141024T130806+0200"
      }, {
        "lat" : 49.872702522,
        "lon" : 8.6316738353,
        "time" : "20141024T130834+0200"
      }, {
        "lat" : 49.8724698832,
        "lon" : 8.6327725003,
        "time" : "20141024T130914+0200"
      }, {
        "lat" : 49.8723515875,
        "lon" : 8.6331568149,
        "time" : "20141024T130934+0200"
      }, {
        "lat" : 49.8721745707,
        "lon" : 8.6332854455,
        "time" : "20141024T131002+0200"
      }, {
        "lat" : 49.8720130348,
        "lon" : 8.6333249318,
        "time" : "20141024T131025+0200"
      }, {
        "lat" : 49.8708461135,
        "lon" : 8.6332441162,
        "time" : "20141024T131055+0200"
      }, {
        "lat" : 49.8705177209,
        "lon" : 8.6332414073,
        "time" : "20141024T131112+0200"
      }, {
        "lat" : 49.8704536274,
        "lon" : 8.6336136035,
        "time" : "20141024T131132+0200"
      }, {
        "lat" : 49.8708075995,
        "lon" : 8.636386242,
        "time" : "20141024T131222+0200"
      }, {
        "lat" : 49.8708424795,
        "lon" : 8.6366339633,
        "time" : "20141024T131252+0200"
      }, {
        "lat" : 49.8708473111,
        "lon" : 8.636667591,
        "time" : "20141024T131312+0200"
      }, {
        "lat" : 49.8712415318,
        "lon" : 8.6400662453,
        "time" : "20141024T131346+0200"
      }, {
        "lat" : 49.8726261215,
        "lon" : 8.649758177,
        "time" : "20141024T131446+0200"
      } ]
    } ],
    "lastUpdate" : "20141024T133501Z"
  }, {
    "type" : "place",
    "startTime" : "20141024T131446+0200",
    "endTime" : "20141024T132930+0200",
    "place" : {
      "id" : 230177678,
      "type" : "unknown",
      "location" : {
        "lat" : 49.8726261215,
        "lon" : 8.649758177
      }
    },
    "activities" : [ {
      "activity" : "walking",
      "group" : "walking",
      "manual" : false,
      "startTime" : "20141024T131458+0200",
      "endTime" : "20141024T131949+0200",
      "duration" : 291.0,
      "distance" : 361.0,
      "steps" : 482,
      "trackPoints" : [ ]
    } ],
    "lastUpdate" : "20141024T133501Z"
  }, {
    "type" : "move",
    "startTime" : "20141024T132930+0200",
    "endTime" : "20141024T133401+0200",
    "activities" : [ {
      "activity" : "walking",
      "group" : "walking",
      "manual" : false,
      "startTime" : "20141024T132930+0200",
      "endTime" : "20141024T133402+0200",
      "duration" : 272.0,
      "distance" : 473.0,
      "steps" : 394,
      "trackPoints" : [ {
        "lat" : 49.8726261215,
        "lon" : 8.649758177,
        "time" : "20141024T132930+0200"
      }, {
        "lat" : 49.8709336848,
        "lon" : 8.6507831648,
        "time" : "20141024T133001+0200"
      }, {
        "lat" : 49.8708703758,
        "lon" : 8.6509200492,
        "time" : "20141024T133021+0200"
      }, {
        "lat" : 49.870819618,
        "lon" : 8.6510031535,
        "time" : "20141024T133051+0200"
      }, {
        "lat" : 49.8707091599,
        "lon" : 8.6511113879,
        "time" : "20141024T133111+0200"
      }, {
        "lat" : 49.8704316498,
        "lon" : 8.6513439788,
        "time" : "20141024T133141+0200"
      }, {
        "lat" : 49.8703742423,
        "lon" : 8.6513971873,
        "time" : "20141024T133201+0200"
      }, {
        "lat" : 49.8703602839,
        "lon" : 8.6514232565,
        "time" : "20141024T133220+0200"
      }, {
        "lat" : 49.8703610014,
        "lon" : 8.6514686983,
        "time" : "20141024T133240+0200"
      }, {
        "lat" : 49.8704334425,
        "lon" : 8.6520405513,
        "time" : "20141024T133310+0200"
      }, {
        "lat" : 49.8704871138,
        "lon" : 8.6524291509,
        "time" : "20141024T133330+0200"
      }, {
        "lat" : 49.8707852336,
        "lon" : 8.6532179149,
        "time" : "20141024T133401+0200"
      } ]
    } ],
    "lastUpdate" : "20141024T133501Z"
  }, {
    "type" : "place",
    "startTime" : "20141024T133401+0200",
    "endTime" : "20141024T133643+0200",
    "place" : {
      "id" : 225933586,
      "type" : "unknown",
      "location" : {
        "lat" : 49.8707852336,
        "lon" : 8.6532179149
      }
    },
    "activities" : [ {
      "activity" : "walking",
      "group" : "walking",
      "manual" : false,
      "startTime" : "20141024T133401+0200",
      "endTime" : "20141024T133536+0200",
      "duration" : 95.0,
      "distance" : 65.0,
      "steps" : 131,
      "trackPoints" : [ ]
    } ],
    "lastUpdate" : "20141024T133501Z"
  }, {
    "type" : "move",
    "startTime" : "20141024T133643+0200",
    "endTime" : "20141024T135350+0200",
    "activities" : [ {
      "activity" : "walking",
      "group" : "walking",
      "manual" : false,
      "startTime" : "20141024T133643+0200",
      "endTime" : "20141024T134349+0200",
      "duration" : 426.0,
      "distance" : 321.0,
      "steps" : 576,
      "trackPoints" : [ {
        "lat" : 49.8707852336,
        "lon" : 8.6532179149,
        "time" : "20141024T133643+0200"
      }, {
        "lat" : 49.8706993855,
        "lon" : 8.6532170685,
        "time" : "20141024T133700+0200"
      }, {
        "lat" : 49.8707056249,
        "lon" : 8.6532424462,
        "time" : "20141024T133720+0200"
      }, {
        "lat" : 49.8707179192,
        "lon" : 8.6533037679,
        "time" : "20141024T133751+0200"
      }, {
        "lat" : 49.8707152932,
        "lon" : 8.653302324,
        "time" : "20141024T133810+0200"
      }, {
        "lat" : 49.8709066435,
        "lon" : 8.6540612467,
        "time" : "20141024T133853+0200"
      }, {
        "lat" : 49.8709658497,
        "lon" : 8.6542591677,
        "time" : "20141024T133910+0200"
      }, {
        "lat" : 49.8710260065,
        "lon" : 8.6543911033,
        "time" : "20141024T133930+0200"
      }, {
        "lat" : 49.8713246583,
        "lon" : 8.6547711428,
        "time" : "20141024T134011+0200"
      }, {
        "lat" : 49.8713405326,
        "lon" : 8.6547550112,
        "time" : "20141024T134031+0200"
      }, {
        "lat" : 49.8713610517,
        "lon" : 8.6547686782,
        "time" : "20141024T134053+0200"
      }, {
        "lat" : 49.8713820685,
        "lon" : 8.6547873572,
        "time" : "20141024T134113+0200"
      }, {
        "lat" : 49.8714023655,
        "lon" : 8.6548044242,
        "time" : "20141024T134131+0200"
      }, {
        "lat" : 49.8714252212,
        "lon" : 8.6548201906,
        "time" : "20141024T134151+0200"
      }, {
        "lat" : 49.8714309773,
        "lon" : 8.6548264186,
        "time" : "20141024T134211+0200"
      }, {
        "lat" : 49.8714272604,
        "lon" : 8.6548278002,
        "time" : "20141024T134231+0200"
      }, {
        "lat" : 49.8714493998,
        "lon" : 8.654837627,
        "time" : "20141024T134254+0200"
      }, {
        "lat" : 49.8719835747,
        "lon" : 8.6550214687,
        "time" : "20141024T134313+0200"
      }, {
        "lat" : 49.8724841857,
        "lon" : 8.655216909,
        "time" : "20141024T134334+0200"
      }, {
        "lat" : 49.8726731014,
        "lon" : 8.6553291276,
        "time" : "20141024T134349+0200"
      } ]
    }, {
      "activity" : "cycling",
      "group" : "cycling",
      "manual" : false,
      "startTime" : "20141024T134349+0200",
      "endTime" : "20141024T134652+0200",
      "duration" : 183.0,
      "distance" : 582.0,
      "trackPoints" : [ {
        "lat" : 49.8726731014,
        "lon" : 8.6553291276,
        "time" : "20141024T134349+0200"
      }, {
        "lat" : 49.8730309026,
        "lon" : 8.655569569,
        "time" : "20141024T134415+0200"
      }, {
        "lat" : 49.8732828337,
        "lon" : 8.6557791605,
        "time" : "20141024T134443+0200"
      }, {
        "lat" : 49.873390492,
        "lon" : 8.6559675586,
        "time" : "20141024T134503+0200"
      }, {
        "lat" : 49.8757095638,
        "lon" : 8.660587531,
        "time" : "20141024T134652+0200"
      } ]
    }, {
      "activity" : "transport",
      "group" : "transport",
      "manual" : false,
      "startTime" : "20141024T134652+0200",
      "endTime" : "20141024T135020+0200",
      "duration" : 208.0,
      "distance" : 906.0,
      "trackPoints" : [ {
        "lat" : 49.8757095638,
        "lon" : 8.660587531,
        "time" : "20141024T134652+0200"
      }, {
        "lat" : 49.8772448969,
        "lon" : 8.6636451742,
        "time" : "20141024T134723+0200"
      }, {
        "lat" : 49.8776175673,
        "lon" : 8.6644132872,
        "time" : "20141024T134739+0200"
      }, {
        "lat" : 49.8774532507,
        "lon" : 8.6641800107,
        "time" : "20141024T134806+0200"
      }, {
        "lat" : 49.8781179752,
        "lon" : 8.6659792816,
        "time" : "20141024T134827+0200"
      }, {
        "lat" : 49.8783268365,
        "lon" : 8.6665901427,
        "time" : "20141024T134857+0200"
      }, {
        "lat" : 49.8789451119,
        "lon" : 8.6687860323,
        "time" : "20141024T134917+0200"
      }, {
        "lat" : 49.8789451119,
        "lon" : 8.6687860323,
        "time" : "20141024T134940+0200"
      }, {
        "lat" : 49.8789451119,
        "lon" : 8.6687860323,
        "time" : "20141024T135000+0200"
      }, {
        "lat" : 49.8791954453,
        "lon" : 8.6695127107,
        "time" : "20141024T135019+0200"
      } ]
    }, {
      "activity" : "walking",
      "group" : "walking",
      "manual" : false,
      "startTime" : "20141024T135019+0200",
      "endTime" : "20141024T135350+0200",
      "duration" : 211.0,
      "distance" : 402.0,
      "steps" : 412,
      "trackPoints" : [ {
        "lat" : 49.8791954453,
        "lon" : 8.6695127107,
        "time" : "20141024T135019+0200"
      }, {
        "lat" : 49.8795840211,
        "lon" : 8.6701832358,
        "time" : "20141024T135041+0200"
      }, {
        "lat" : 49.8800342523,
        "lon" : 8.6706928774,
        "time" : "20141024T135107+0200"
      }, {
        "lat" : 49.8802957133,
        "lon" : 8.6707721158,
        "time" : "20141024T135125+0200"
      }, {
        "lat" : 49.8803830817,
        "lon" : 8.6706931949,
        "time" : "20141024T135150+0200"
      }, {
        "lat" : 49.880531523,
        "lon" : 8.6706306348,
        "time" : "20141024T135212+0200"
      }, {
        "lat" : 49.8808284338,
        "lon" : 8.6705253716,
        "time" : "20141024T135232+0200"
      }, {
        "lat" : 49.8810342001,
        "lon" : 8.6705172066,
        "time" : "20141024T135249+0200"
      }, {
        "lat" : 49.8815186367,
        "lon" : 8.6709250803,
        "time" : "20141024T135332+0200"
      }, {
        "lat" : 49.8819996044,
        "lon" : 8.6702592175,
        "time" : "20141024T135350+0200"
      } ]
    } ],
    "lastUpdate" : "20141024T133501Z"
  }, {
    "type" : "place",
    "startTime" : "20141024T135350+0200",
    "endTime" : "20141024T184514+0200",
    "place" : {
      "id" : 251291724,
      "name" : "Home",
      "type" : "home",
      "location" : {
        "lat" : 49.8819996044,
        "lon" : 8.6702592175
      }
    },
    "activities" : [ {
      "activity" : "walking",
      "group" : "walking",
      "manual" : false,
      "startTime" : "20141024T135350+0200",
      "endTime" : "20141024T135636+0200",
      "duration" : 166.0,
      "distance" : 197.0,
      "steps" : 263,
      "trackPoints" : [ ]
    }, {
      "activity" : "walking",
      "group" : "walking",
      "manual" : false,
      "startTime" : "20141024T145129+0200",
      "endTime" : "20141024T145136+0200",
      "duration" : 7.0,
      "distance" : 6.0,
      "steps" : 12,
      "trackPoints" : [ ]
    }, {
      "activity" : "walking",
      "group" : "walking",
      "manual" : false,
      "startTime" : "20141024T154334+0200",
      "endTime" : "20141024T154613+0200",
      "duration" : 159.0,
      "distance" : 179.0,
      "steps" : 239,
      "trackPoints" : [ ]
    }, {
      "activity" : "walking",
      "group" : "walking",
      "manual" : false,
      "startTime" : "20141024T183325+0200",
      "endTime" : "20141024T183422+0200",
      "duration" : 57.0,
      "distance" : 33.0,
      "steps" : 66,
      "trackPoints" : [ ]
    } ],
    "lastUpdate" : "20141024T181206Z"
  }, {
    "type" : "move",
    "startTime" : "20141024T184514+0200",
    "endTime" : "20141024T191305+0200",
    "activities" : [ {
      "activity" : "walking",
      "group" : "walking",
      "manual" : false,
      "startTime" : "20141024T184514+0200",
      "endTime" : "20141024T184804+0200",
      "duration" : 170.0,
      "distance" : 240.0,
      "steps" : 200,
      "trackPoints" : [ {
        "lat" : 49.8819996044,
        "lon" : 8.6702592175,
        "time" : "20141024T184514+0200"
      }, {
        "lat" : 49.8821063769,
        "lon" : 8.6696014588,
        "time" : "20141024T184548+0200"
      }, {
        "lat" : 49.8820490695,
        "lon" : 8.6684868308,
        "time" : "20141024T184618+0200"
      }, {
        "lat" : 49.8817648801,
        "lon" : 8.6661526121,
        "time" : "20141024T184654+0200"
      }, {
        "lat" : 49.88167936,
        "lon" : 8.6656730461,
        "time" : "20141024T184711+0200"
      }, {
        "lat" : 49.8815536209,
        "lon" : 8.6653594612,
        "time" : "20141024T184731+0200"
      }, {
        "lat" : 49.8808464449,
        "lon" : 8.664710212,
        "time" : "20141024T184804+0200"
      } ]
    }, {
      "activity" : "cycling",
      "group" : "cycling",
      "manual" : false,
      "startTime" : "20141024T184804+0200",
      "endTime" : "20141024T185415+0200",
      "duration" : 371.0,
      "distance" : 1648.0,
      "trackPoints" : [ {
        "lat" : 49.8808464449,
        "lon" : 8.664710212,
        "time" : "20141024T184804+0200"
      }, {
        "lat" : 49.8804569725,
        "lon" : 8.6643673336,
        "time" : "20141024T184822+0200"
      }, {
        "lat" : 49.8801322859,
        "lon" : 8.6640191043,
        "time" : "20141024T184838+0200"
      }, {
        "lat" : 49.8787767648,
        "lon" : 8.6624279531,
        "time" : "20141024T184859+0200"
      }, {
        "lat" : 49.8782743684,
        "lon" : 8.6617846808,
        "time" : "20141024T184919+0200"
      }, {
        "lat" : 49.8779536675,
        "lon" : 8.6603391066,
        "time" : "20141024T184952+0200"
      }, {
        "lat" : 49.8776992689,
        "lon" : 8.6589535903,
        "time" : "20141024T185012+0200"
      }, {
        "lat" : 49.8772990446,
        "lon" : 8.6580628999,
        "time" : "20141024T185040+0200"
      }, {
        "lat" : 49.87495928,
        "lon" : 8.6557049263,
        "time" : "20141024T185142+0200"
      }, {
        "lat" : 49.8743914443,
        "lon" : 8.6536256453,
        "time" : "20141024T185239+0200"
      }, {
        "lat" : 49.8741434255,
        "lon" : 8.6514630908,
        "time" : "20141024T185301+0200"
      }, {
        "lat" : 49.8740200472,
        "lon" : 8.6507568008,
        "time" : "20141024T185319+0200"
      }, {
        "lat" : 49.8739096918,
        "lon" : 8.6506485948,
        "time" : "20141024T185339+0200"
      }, {
        "lat" : 49.8731914025,
        "lon" : 8.6505178066,
        "time" : "20141024T185359+0200"
      }, {
        "lat" : 49.8729630131,
        "lon" : 8.6503402257,
        "time" : "20141024T185415+0200"
      } ]
    }, {
      "activity" : "cycling",
      "group" : "cycling",
      "manual" : false,
      "startTime" : "20141024T190009+0200",
      "endTime" : "20141024T190235+0200",
      "duration" : 146.0,
      "distance" : 213.0,
      "trackPoints" : [ {
        "lat" : 49.872447092,
        "lon" : 8.6486198446,
        "time" : "20141024T190009+0200"
      }, {
        "lat" : 49.872446318,
        "lon" : 8.6486159341,
        "time" : "20141024T190031+0200"
      }, {
        "lat" : 49.8727366652,
        "lon" : 8.6496395064,
        "time" : "20141024T190112+0200"
      }, {
        "lat" : 49.8729406052,
        "lon" : 8.6503519043,
        "time" : "20141024T190155+0200"
      }, {
        "lat" : 49.8729673625,
        "lon" : 8.6504611388,
        "time" : "20141024T190210+0200"
      }, {
        "lat" : 49.8729307526,
        "lon" : 8.6510286084,
        "time" : "20141024T190235+0200"
      } ]
    }, {
      "activity" : "transport",
      "group" : "transport",
      "manual" : false,
      "startTime" : "20141024T190235+0200",
      "endTime" : "20141024T191015+0200",
      "duration" : 460.0,
      "distance" : 1728.0,
      "trackPoints" : [ {
        "lat" : 49.8729307526,
        "lon" : 8.6510286084,
        "time" : "20141024T190235+0200"
      }, {
        "lat" : 49.8727590278,
        "lon" : 8.6534779695,
        "time" : "20141024T190251+0200"
      }, {
        "lat" : 49.8726972012,
        "lon" : 8.6549590293,
        "time" : "20141024T190321+0200"
      }, {
        "lat" : 49.8728159533,
        "lon" : 8.6552340327,
        "time" : "20141024T190346+0200"
      }, {
        "lat" : 49.8729130809,
        "lon" : 8.6553494179,
        "time" : "20141024T190401+0200"
      }, {
        "lat" : 49.8729348885,
        "lon" : 8.6554159509,
        "time" : "20141024T190424+0200"
      }, {
        "lat" : 49.8734264307,
        "lon" : 8.6558025107,
        "time" : "20141024T190447+0200"
      }, {
        "lat" : 49.8740781049,
        "lon" : 8.6560571022,
        "time" : "20141024T190507+0200"
      }, {
        "lat" : 49.8759094958,
        "lon" : 8.6607484527,
        "time" : "20141024T190625+0200"
      }, {
        "lat" : 49.8760620043,
        "lon" : 8.6610581565,
        "time" : "20141024T190642+0200"
      }, {
        "lat" : 49.8761610536,
        "lon" : 8.6612114673,
        "time" : "20141024T190702+0200"
      }, {
        "lat" : 49.8762929333,
        "lon" : 8.6614058702,
        "time" : "20141024T190732+0200"
      }, {
        "lat" : 49.8764282751,
        "lon" : 8.6614641886,
        "time" : "20141024T190753+0200"
      }, {
        "lat" : 49.8780169294,
        "lon" : 8.6616671043,
        "time" : "20141024T190823+0200"
      }, {
        "lat" : 49.8803868675,
        "lon" : 8.6643271055,
        "time" : "20141024T190901+0200"
      }, {
        "lat" : 49.8805661423,
        "lon" : 8.6644984608,
        "time" : "20141024T190922+0200"
      }, {
        "lat" : 49.880618729,
        "lon" : 8.6645479319,
        "time" : "20141024T190952+0200"
      }, {
        "lat" : 49.8809334558,
        "lon" : 8.6648101429,
        "time" : "20141024T191014+0200"
      } ]
    }, {
      "activity" : "walking",
      "group" : "walking",
      "manual" : false,
      "startTime" : "20141024T191014+0200",
      "endTime" : "20141024T191304+0200",
      "duration" : 170.0,
      "distance" : 370.0,
      "steps" : 309,
      "trackPoints" : [ {
        "lat" : 49.8809334558,
        "lon" : 8.6648101429,
        "time" : "20141024T191014+0200"
      }, {
        "lat" : 49.8813813832,
        "lon" : 8.6651902331,
        "time" : "20141024T191042+0200"
      }, {
        "lat" : 49.881644813,
        "lon" : 8.6654387565,
        "time" : "20141024T191102+0200"
      }, {
        "lat" : 49.8818711387,
        "lon" : 8.6657585836,
        "time" : "20141024T191125+0200"
      }, {
        "lat" : 49.8822100564,
        "lon" : 8.6665401303,
        "time" : "20141024T191144+0200"
      }, {
        "lat" : 49.8825205497,
        "lon" : 8.6675565421,
        "time" : "20141024T191214+0200"
      }, {
        "lat" : 49.8825513768,
        "lon" : 8.668139732,
        "time" : "20141024T191236+0200"
      }, {
        "lat" : 49.8819996044,
        "lon" : 8.6702592175,
        "time" : "20141024T191305+0200"
      } ]
    } ],
    "lastUpdate" : "20141024T181206Z"
  }, {
    "type" : "place",
    "startTime" : "20141024T191305+0200",
    "endTime" : "20141024T215848+0200",
    "place" : {
      "id" : 251291724,
      "name" : "Home",
      "type" : "home",
      "location" : {
        "lat" : 49.8819996044,
        "lon" : 8.6702592175
      }
    },
    "activities" : [ {
      "activity" : "walking",
      "group" : "walking",
      "manual" : false,
      "startTime" : "20141024T191305+0200",
      "endTime" : "20141024T191357+0200",
      "duration" : 52.0,
      "distance" : 35.0,
      "steps" : 69,
      "trackPoints" : [ ]
    }, {
      "activity" : "walking",
      "group" : "walking",
      "manual" : false,
      "startTime" : "20141024T204245+0200",
      "endTime" : "20141024T204327+0200",
      "duration" : 42.0,
      "distance" : 23.0,
      "steps" : 46,
      "trackPoints" : [ ]
    }, {
      "activity" : "walking",
      "group" : "walking",
      "manual" : false,
      "startTime" : "20141024T210520+0200",
      "endTime" : "20141024T210553+0200",
      "duration" : 33.0,
      "distance" : 22.0,
      "steps" : 44,
      "trackPoints" : [ ]
    } ],
    "lastUpdate" : "20141024T212039Z"
  }, {
    "type" : "move",
    "startTime" : "20141024T215848+0200",
    "endTime" : "20141024T221443+0200",
    "activities" : [ {
      "activity" : "walking",
      "group" : "walking",
      "manual" : false,
      "startTime" : "20141024T215848+0200",
      "endTime" : "20141024T220326+0200",
      "duration" : 278.0,
      "distance" : 383.0,
      "steps" : 486,
      "trackPoints" : [ {
        "lat" : 49.8819996044,
        "lon" : 8.6702592175,
        "time" : "20141024T215848+0200"
      }, {
        "lat" : 49.8820046551,
        "lon" : 8.6702295337,
        "time" : "20141024T215923+0200"
      }, {
        "lat" : 49.8820084631,
        "lon" : 8.670215691,
        "time" : "20141024T215943+0200"
      }, {
        "lat" : 49.8820132791,
        "lon" : 8.6701996964,
        "time" : "20141024T215959+0200"
      }, {
        "lat" : 49.8820132821,
        "lon" : 8.6701996866,
        "time" : "20141024T220000+0200"
      }, {
        "lat" : 49.8820142073,
        "lon" : 8.6701966137,
        "time" : "20141024T220003+0200"
      }, {
        "lat" : 49.882022429,
        "lon" : 8.6701698416,
        "time" : "20141024T220023+0200"
      }, {
        "lat" : 49.8820328114,
        "lon" : 8.6701345069,
        "time" : "20141024T220043+0200"
      }, {
        "lat" : 49.8820385142,
        "lon" : 8.6701199144,
        "time" : "20141024T220103+0200"
      }, {
        "lat" : 49.8822011969,
        "lon" : 8.6694195793,
        "time" : "20141024T220131+0200"
      }, {
        "lat" : 49.8822999502,
        "lon" : 8.6688248372,
        "time" : "20141024T220151+0200"
      }, {
        "lat" : 49.8823052809,
        "lon" : 8.6677707447,
        "time" : "20141024T220230+0200"
      }, {
        "lat" : 49.8822896837,
        "lon" : 8.6672150683,
        "time" : "20141024T220250+0200"
      }, {
        "lat" : 49.8822357007,
        "lon" : 8.6662852397,
        "time" : "20141024T220325+0200"
      } ]
    }, {
      "activity" : "transport",
      "group" : "transport",
      "manual" : false,
      "startTime" : "20141024T220325+0200",
      "endTime" : "20141024T221442+0200",
      "duration" : 677.0,
      "distance" : 1916.0,
      "trackPoints" : [ {
        "lat" : 49.8822357007,
        "lon" : 8.6662852397,
        "time" : "20141024T220325+0200"
      }, {
        "lat" : 49.8821873067,
        "lon" : 8.6659833346,
        "time" : "20141024T220342+0200"
      }, {
        "lat" : 49.8820755744,
        "lon" : 8.6657933979,
        "time" : "20141024T220403+0200"
      }, {
        "lat" : 49.8819611691,
        "lon" : 8.6656750483,
        "time" : "20141024T220423+0200"
      }, {
        "lat" : 49.8819604814,
        "lon" : 8.6656743307,
        "time" : "20141024T220440+0200"
      }, {
        "lat" : 49.8819604814,
        "lon" : 8.6656743307,
        "time" : "20141024T220500+0200"
      }, {
        "lat" : 49.8819604814,
        "lon" : 8.6656743307,
        "time" : "20141024T220523+0200"
      }, {
        "lat" : 49.8819604814,
        "lon" : 8.6656743307,
        "time" : "20141024T220540+0200"
      }, {
        "lat" : 49.8819583207,
        "lon" : 8.6656717979,
        "time" : "20141024T220600+0200"
      }, {
        "lat" : 49.8819345959,
        "lon" : 8.6656540814,
        "time" : "20141024T220631+0200"
      }, {
        "lat" : 49.8818700828,
        "lon" : 8.6656191406,
        "time" : "20141024T220704+0200"
      }, {
        "lat" : 49.8818130917,
        "lon" : 8.6655883352,
        "time" : "20141024T220725+0200"
      }, {
        "lat" : 49.8816808506,
        "lon" : 8.6655142859,
        "time" : "20141024T220753+0200"
      }, {
        "lat" : 49.8811341663,
        "lon" : 8.6652027855,
        "time" : "20141024T220833+0200"
      }, {
        "lat" : 49.8808856394,
        "lon" : 8.6649745256,
        "time" : "20141024T220853+0200"
      }, {
        "lat" : 49.8792361089,
        "lon" : 8.6631136246,
        "time" : "20141024T220915+0200"
      }, {
        "lat" : 49.8778870939,
        "lon" : 8.6614202285,
        "time" : "20141024T220942+0200"
      }, {
        "lat" : 49.8735651622,
        "lon" : 8.6561655989,
        "time" : "20141024T221126+0200"
      }, {
        "lat" : 49.8732818042,
        "lon" : 8.6564901599,
        "time" : "20141024T221206+0200"
      }, {
        "lat" : 49.8728123815,
        "lon" : 8.6553104592,
        "time" : "20141024T221226+0200"
      }, {
        "lat" : 49.8728110933,
        "lon" : 8.6549389979,
        "time" : "20141024T221245+0200"
      }, {
        "lat" : 49.8728138399,
        "lon" : 8.6548764498,
        "time" : "20141024T221305+0200"
      }, {
        "lat" : 49.8728183895,
        "lon" : 8.65482108,
        "time" : "20141024T221325+0200"
      }, {
        "lat" : 49.873061437,
        "lon" : 8.653173717,
        "time" : "20141024T221342+0200"
      }, {
        "lat" : 49.8730686638,
        "lon" : 8.6527056558,
        "time" : "20141024T221402+0200"
      }, {
        "lat" : 49.8729068593,
        "lon" : 8.6505723283,
        "time" : "20141024T221443+0200"
      } ]
    } ],
    "lastUpdate" : "20141024T212039Z"
  }, {
    "type" : "place",
    "startTime" : "20141024T221443+0200",
    "endTime" : "20141024T231219+0200",
    "place" : {
      "id" : 271616851,
      "type" : "unknown",
      "location" : {
        "lat" : 49.8729068593,
        "lon" : 8.6505723283
      }
    },
    "activities" : [ {
      "activity" : "walking",
      "group" : "walking",
      "manual" : false,
      "startTime" : "20141024T221443+0200",
      "endTime" : "20141024T221501+0200",
      "duration" : 18.0,
      "distance" : 14.0,
      "steps" : 27,
      "trackPoints" : [ ]
    }, {
      "activity" : "walking",
      "group" : "walking",
      "manual" : false,
      "startTime" : "20141024T231131+0200",
      "endTime" : "20141024T231212+0200",
      "duration" : 41.0,
      "distance" : 27.0,
      "steps" : 54,
      "trackPoints" : [ ]
    } ],
    "lastUpdate" : "20141024T225611Z"
  }, {
    "type" : "move",
    "startTime" : "20141024T231219+0200",
    "endTime" : "20141024T232658+0200",
    "activities" : [ {
      "activity" : "walking",
      "group" : "walking",
      "manual" : false,
      "startTime" : "20141024T231219+0200",
      "endTime" : "20141024T232658+0200",
      "duration" : 879.0,
      "distance" : 1027.0,
      "steps" : 1410,
      "trackPoints" : [ {
        "lat" : 49.8729068593,
        "lon" : 8.6505723283,
        "time" : "20141024T231219+0200"
      }, {
        "lat" : 49.8729864349,
        "lon" : 8.6505981116,
        "time" : "20141024T231239+0200"
      }, {
        "lat" : 49.8729877923,
        "lon" : 8.6506236988,
        "time" : "20141024T231257+0200"
      }, {
        "lat" : 49.8729890381,
        "lon" : 8.6506595789,
        "time" : "20141024T231317+0200"
      }, {
        "lat" : 49.8729905837,
        "lon" : 8.650732798,
        "time" : "20141024T231348+0200"
      }, {
        "lat" : 49.8729909076,
        "lon" : 8.6507533241,
        "time" : "20141024T231408+0200"
      }, {
        "lat" : 49.8729909644,
        "lon" : 8.6507872603,
        "time" : "20141024T231429+0200"
      }, {
        "lat" : 49.8730288053,
        "lon" : 8.652788444,
        "time" : "20141024T231509+0200"
      }, {
        "lat" : 49.8729899899,
        "lon" : 8.6533841602,
        "time" : "20141024T231529+0200"
      }, {
        "lat" : 49.8728484559,
        "lon" : 8.6540482739,
        "time" : "20141024T231548+0200"
      }, {
        "lat" : 49.8727276169,
        "lon" : 8.6545783554,
        "time" : "20141024T231608+0200"
      }, {
        "lat" : 49.8726775519,
        "lon" : 8.6549287826,
        "time" : "20141024T231650+0200"
      }, {
        "lat" : 49.8726753138,
        "lon" : 8.6550020283,
        "time" : "20141024T231711+0200"
      }, {
        "lat" : 49.872685745,
        "lon" : 8.6550780569,
        "time" : "20141024T231737+0200"
      }, {
        "lat" : 49.8726967252,
        "lon" : 8.6551023002,
        "time" : "20141024T231757+0200"
      }, {
        "lat" : 49.8727607323,
        "lon" : 8.6551335167,
        "time" : "20141024T231829+0200"
      }, {
        "lat" : 49.8728232923,
        "lon" : 8.6551771098,
        "time" : "20141024T231849+0200"
      }, {
        "lat" : 49.8743144049,
        "lon" : 8.6565076252,
        "time" : "20141024T232047+0200"
      }, {
        "lat" : 49.8746438659,
        "lon" : 8.6570072135,
        "time" : "20141024T232141+0200"
      }, {
        "lat" : 49.8747960176,
        "lon" : 8.6574556452,
        "time" : "20141024T232211+0200"
      }, {
        "lat" : 49.8748948626,
        "lon" : 8.6577700067,
        "time" : "20141024T232231+0200"
      }, {
        "lat" : 49.8749529062,
        "lon" : 8.6579583231,
        "time" : "20141024T232250+0200"
      }, {
        "lat" : 49.8749819889,
        "lon" : 8.6580556711,
        "time" : "20141024T232310+0200"
      }, {
        "lat" : 49.8750125613,
        "lon" : 8.6581594239,
        "time" : "20141024T232330+0200"
      }, {
        "lat" : 49.8750394937,
        "lon" : 8.6582502715,
        "time" : "20141024T232350+0200"
      }, {
        "lat" : 49.8751564331,
        "lon" : 8.6586409651,
        "time" : "20141024T232418+0200"
      }, {
        "lat" : 49.8752486017,
        "lon" : 8.6589193396,
        "time" : "20141024T232438+0200"
      }, {
        "lat" : 49.8755459851,
        "lon" : 8.6596610443,
        "time" : "20141024T232511+0200"
      }, {
        "lat" : 49.875689072,
        "lon" : 8.6600353595,
        "time" : "20141024T232531+0200"
      }, {
        "lat" : 49.8757809482,
        "lon" : 8.660289739,
        "time" : "20141024T232551+0200"
      }, {
        "lat" : 49.8760837955,
        "lon" : 8.6611698496,
        "time" : "20141024T232658+0200"
      } ]
    } ],
    "lastUpdate" : "20141024T225611Z"
  }, {
    "type" : "place",
    "startTime" : "20141024T232659+0200",
    "endTime" : "20141024T233254+0200",
    "place" : {
      "id" : 271638991,
      "type" : "unknown",
      "location" : {
        "lat" : 49.8760837955,
        "lon" : 8.6611698496
      }
    },
    "activities" : [ {
      "activity" : "walking",
      "group" : "walking",
      "manual" : false,
      "startTime" : "20141024T233124+0200",
      "endTime" : "20141024T233205+0200",
      "duration" : 41.0,
      "distance" : 27.0,
      "steps" : 55,
      "trackPoints" : [ ]
    } ],
    "lastUpdate" : "20141024T225611Z"
  }, {
    "type" : "move",
    "startTime" : "20141024T233254+0200",
    "endTime" : "20141024T235337+0200",
    "activities" : [ {
      "activity" : "walking",
      "group" : "walking",
      "manual" : false,
      "startTime" : "20141024T233254+0200",
      "endTime" : "20141024T235337+0200",
      "duration" : 1243.0,
      "distance" : 1490.0,
      "steps" : 1740,
      "trackPoints" : [ {
        "lat" : 49.8760837955,
        "lon" : 8.6611698496,
        "time" : "20141024T233254+0200"
      }, {
        "lat" : 49.8761225647,
        "lon" : 8.6612560677,
        "time" : "20141024T233314+0200"
      }, {
        "lat" : 49.8761292802,
        "lon" : 8.6612698333,
        "time" : "20141024T233334+0200"
      }, {
        "lat" : 49.8761333483,
        "lon" : 8.6612757439,
        "time" : "20141024T233352+0200"
      }, {
        "lat" : 49.8761159238,
        "lon" : 8.6612231708,
        "time" : "20141024T233413+0200"
      }, {
        "lat" : 49.8762060682,
        "lon" : 8.6614632793,
        "time" : "20141024T233433+0200"
      }, {
        "lat" : 49.8762939304,
        "lon" : 8.661674073,
        "time" : "20141024T233453+0200"
      }, {
        "lat" : 49.8766636112,
        "lon" : 8.6624002669,
        "time" : "20141024T233534+0200"
      }, {
        "lat" : 49.8769568466,
        "lon" : 8.6630282178,
        "time" : "20141024T233615+0200"
      }, {
        "lat" : 49.8770684192,
        "lon" : 8.6632573428,
        "time" : "20141024T233634+0200"
      }, {
        "lat" : 49.8771229869,
        "lon" : 8.66336619,
        "time" : "20141024T233652+0200"
      }, {
        "lat" : 49.8771680361,
        "lon" : 8.6634554916,
        "time" : "20141024T233712+0200"
      }, {
        "lat" : 49.8775757885,
        "lon" : 8.6642840977,
        "time" : "20141024T233803+0200"
      }, {
        "lat" : 49.8779637921,
        "lon" : 8.6650512885,
        "time" : "20141024T233843+0200"
      }, {
        "lat" : 49.8781838804,
        "lon" : 8.6654798816,
        "time" : "20141024T233903+0200"
      }, {
        "lat" : 49.8787529687,
        "lon" : 8.6666510627,
        "time" : "20141024T233952+0200"
      }, {
        "lat" : 49.8786798927,
        "lon" : 8.6668092374,
        "time" : "20141024T234012+0200"
      }, {
        "lat" : 49.8784701036,
        "lon" : 8.6668307612,
        "time" : "20141024T234045+0200"
      }, {
        "lat" : 49.8784477889,
        "lon" : 8.6668390694,
        "time" : "20141024T234104+0200"
      }, {
        "lat" : 49.8784531648,
        "lon" : 8.666888943,
        "time" : "20141024T234125+0200"
      }, {
        "lat" : 49.8786572415,
        "lon" : 8.6677583027,
        "time" : "20141024T234205+0200"
      }, {
        "lat" : 49.8788655291,
        "lon" : 8.6686325873,
        "time" : "20141024T234238+0200"
      }, {
        "lat" : 49.8790571822,
        "lon" : 8.6693802631,
        "time" : "20141024T234306+0200"
      }, {
        "lat" : 49.8792348573,
        "lon" : 8.6700464523,
        "time" : "20141024T234332+0200"
      }, {
        "lat" : 49.8791685563,
        "lon" : 8.670537524,
        "time" : "20141024T234355+0200"
      }, {
        "lat" : 49.8788085079,
        "lon" : 8.6706410999,
        "time" : "20141024T234426+0200"
      }, {
        "lat" : 49.8787330894,
        "lon" : 8.6704811671,
        "time" : "20141024T234443+0200"
      }, {
        "lat" : 49.8787066073,
        "lon" : 8.6700219425,
        "time" : "20141024T234526+0200"
      }, {
        "lat" : 49.8787066073,
        "lon" : 8.6700219425,
        "time" : "20141024T234556+0200"
      }, {
        "lat" : 49.8787029283,
        "lon" : 8.6700172044,
        "time" : "20141024T234616+0200"
      }, {
        "lat" : 49.8792251366,
        "lon" : 8.6706836156,
        "time" : "20141024T234646+0200"
      }, {
        "lat" : 49.8793102735,
        "lon" : 8.6707451255,
        "time" : "20141024T234706+0200"
      }, {
        "lat" : 49.8793982166,
        "lon" : 8.6707957124,
        "time" : "20141024T234726+0200"
      }, {
        "lat" : 49.8795136283,
        "lon" : 8.6707999797,
        "time" : "20141024T234746+0200"
      }, {
        "lat" : 49.879601193,
        "lon" : 8.6707686881,
        "time" : "20141024T234806+0200"
      }, {
        "lat" : 49.8796678982,
        "lon" : 8.6707340169,
        "time" : "20141024T234827+0200"
      }, {
        "lat" : 49.8797198913,
        "lon" : 8.6707140677,
        "time" : "20141024T234845+0200"
      }, {
        "lat" : 49.8797826251,
        "lon" : 8.670712622,
        "time" : "20141024T234905+0200"
      }, {
        "lat" : 49.8801790148,
        "lon" : 8.6709060773,
        "time" : "20141024T234933+0200"
      }, {
        "lat" : 49.8803588487,
        "lon" : 8.6710046502,
        "time" : "20141024T234953+0200"
      }, {
        "lat" : 49.8810867576,
        "lon" : 8.6715216773,
        "time" : "20141024T235036+0200"
      }, {
        "lat" : 49.8813009953,
        "lon" : 8.6716705414,
        "time" : "20141024T235056+0200"
      }, {
        "lat" : 49.8814140149,
        "lon" : 8.6717121512,
        "time" : "20141024T235116+0200"
      }, {
        "lat" : 49.8814778289,
        "lon" : 8.6716197604,
        "time" : "20141024T235136+0200"
      }, {
        "lat" : 49.881576616,
        "lon" : 8.6714901713,
        "time" : "20141024T235156+0200"
      }, {
        "lat" : 49.8816326378,
        "lon" : 8.6714237406,
        "time" : "20141024T235218+0200"
      }, {
        "lat" : 49.8816611465,
        "lon" : 8.671373047,
        "time" : "20141024T235236+0200"
      }, {
        "lat" : 49.8816833067,
        "lon" : 8.6713333175,
        "time" : "20141024T235256+0200"
      }, {
        "lat" : 49.8817276917,
        "lon" : 8.6712546909,
        "time" : "20141024T235317+0200"
      }, {
        "lat" : 49.8819996044,
        "lon" : 8.6702592175,
        "time" : "20141024T235337+0200"
      } ]
    } ],
    "lastUpdate" : "20141024T225611Z"
  }, {
    "type" : "place",
    "startTime" : "20141024T235337+0200",
    "endTime" : "20141025T111211+0200",
    "place" : {
      "id" : 251291724,
      "name" : "Home",
      "type" : "home",
      "location" : {
        "lat" : 49.8819996044,
        "lon" : 8.6702592175
      }
    },
    "activities" : [ {
      "activity" : "walking",
      "group" : "walking",
      "manual" : false,
      "startTime" : "20141024T235639+0200",
      "endTime" : "20141024T235900+0200",
      "duration" : 141.0,
      "distance" : 155.0,
      "steps" : 206,
      "trackPoints" : [ ]
    } ],
    "lastUpdate" : "20141025T122131Z"
  } ],
  "lastUpdate" : "20141025T122131Z"
} ]