[ {
  "date" : "20141103",
  "summary" : [ {
    "activity" : "walking",
    "group" : "walking",
    "duration" : 4393.0,
    "distance" : 5165.0,
    "steps" : 5459
  }, {
    "activity" : "transport",
    "group" : "transport",
    "duration" : 719.0,
    "distance" : 3460.0
  } ],
  "segments" : [ {
    "type" : "place",
    "startTime" : "20141101T163458+0100",
    "endTime" : "20141103T111800+0100",
    "place" : {
      "id" : 251291724,
      "name" : "Home",
      "type" : "home",
      "location" : {
        "lat" : 49.8819996044,
        "lon" : 8.6702592175
      }
    },
    "activities" : [ {
      "activity" : "walking",
      "group" : "walking",
      "manual" : false,
      "startTime" : "20141103T033715+0100",
      "endTime" : "20141103T033745+0100",
      "duration" : 30.0,
      "distance" : 15.0,
      "steps" : 30,
      "trackPoints" : [ ]
    }, {
      "activity" : "walking",
      "group" : "walking",
      "manual" : false,
      "startTime" : "20141103T093338+0100",
      "endTime" : "20141103T093408+0100",
      "duration" : 30.0,
      "distance" : 15.0,
      "steps" : 20,
      "trackPoints" : [ ]
    }, {
      "activity" : "walking",
      "group" : "walking",
      "manual" : false,
      "startTime" : "20141103T102430+0100",
      "endTime" : "20141103T102530+0100",
      "duration" : 60.0,
      "distance" : 36.0,
      "steps" : 71,
      "trackPoints" : [ ]
    } ],
    "lastUpdate" : "20141103T134803Z"
  }, {
    "type" : "move",
    "startTime" : "20141103T111800+0100",
    "endTime" : "20141103T113240+0100",
    "activities" : [ {
      "activity" : "walking",
      "group" : "walking",
      "manual" : false,
      "startTime" : "20141103T111800+0100",
      "endTime" : "20141103T113241+0100",
      "duration" : 881.0,
      "distance" : 1419.0,
      "steps" : 1183,
      "trackPoints" : [ {
        "lat" : 49.8819996044,
        "lon" : 8.6702592175,
        "time" : "20141103T111800+0100"
      }, {
        "lat" : 49.8820332725,
        "lon" : 8.6701146286,
        "time" : "20141103T111820+0100"
      }, {
        "lat" : 49.8820390019,
        "lon" : 8.6700968324,
        "time" : "20141103T111836+0100"
      }, {
        "lat" : 49.8820488582,
        "lon" : 8.6700694255,
        "time" : "20141103T111857+0100"
      }, {
        "lat" : 49.8820557896,
        "lon" : 8.6700545306,
        "time" : "20141103T111918+0100"
      }, {
        "lat" : 49.8823087965,
        "lon" : 8.669071866,
        "time" : "20141103T112001+0100"
      }, {
        "lat" : 49.8824291879,
        "lon" : 8.6683743508,
        "time" : "20141103T112022+0100"
      }, {
        "lat" : 49.8828001554,
        "lon" : 8.667032862,
        "time" : "20141103T112102+0100"
      }, {
        "lat" : 49.8828092057,
        "lon" : 8.6667497545,
        "time" : "20141103T112119+0100"
      }, {
        "lat" : 49.8824031715,
        "lon" : 8.66611507,
        "time" : "20141103T112201+0100"
      }, {
        "lat" : 49.8822125594,
        "lon" : 8.6659172285,
        "time" : "20141103T112221+0100"
      }, {
        "lat" : 49.8819588014,
        "lon" : 8.6657125245,
        "time" : "20141103T112238+0100"
      }, {
        "lat" : 49.8819588014,
        "lon" : 8.6657125245,
        "time" : "20141103T112302+0100"
      }, {
        "lat" : 49.8819536138,
        "lon" : 8.6657082252,
        "time" : "20141103T112331+0100"
      }, {
        "lat" : 49.8819505097,
        "lon" : 8.6657057512,
        "time" : "20141103T112352+0100"
      }, {
        "lat" : 49.8818728287,
        "lon" : 8.6656406864,
        "time" : "20141103T112413+0100"
      }, {
        "lat" : 49.880991775,
        "lon" : 8.6649019903,
        "time" : "20141103T112438+0100"
      }, {
        "lat" : 49.8807310301,
        "lon" : 8.664666094,
        "time" : "20141103T112458+0100"
      }, {
        "lat" : 49.8807310301,
        "lon" : 8.664666094,
        "time" : "20141103T112518+0100"
      }, {
        "lat" : 49.8803826671,
        "lon" : 8.6643313807,
        "time" : "20141103T112538+0100"
      }, {
        "lat" : 49.8787146455,
        "lon" : 8.6616850453,
        "time" : "20141103T112629+0100"
      }, {
        "lat" : 49.878091052,
        "lon" : 8.6605077973,
        "time" : "20141103T112653+0100"
      }, {
        "lat" : 49.8780101299,
        "lon" : 8.6602802399,
        "time" : "20141103T112712+0100"
      }, {
        "lat" : 49.8779240499,
        "lon" : 8.6600257218,
        "time" : "20141103T112732+0100"
      }, {
        "lat" : 49.8778642302,
        "lon" : 8.6597459345,
        "time" : "20141103T112753+0100"
      }, {
        "lat" : 49.8778208568,
        "lon" : 8.6594902631,
        "time" : "20141103T112813+0100"
      }, {
        "lat" : 49.877776993,
        "lon" : 8.6591823581,
        "time" : "20141103T112832+0100"
      }, {
        "lat" : 49.8776435308,
        "lon" : 8.6582166802,
        "time" : "20141103T112851+0100"
      }, {
        "lat" : 49.8774552555,
        "lon" : 8.6569222703,
        "time" : "20141103T112926+0100"
      }, {
        "lat" : 49.8773853185,
        "lon" : 8.6565499772,
        "time" : "20141103T112947+0100"
      }, {
        "lat" : 49.8772549991,
        "lon" : 8.6559767628,
        "time" : "20141103T113022+0100"
      }, {
        "lat" : 49.8772523818,
        "lon" : 8.6554172917,
        "time" : "20141103T113053+0100"
      }, {
        "lat" : 49.8773043173,
        "lon" : 8.6551649206,
        "time" : "20141103T113114+0100"
      }, {
        "lat" : 49.8775364124,
        "lon" : 8.6548553545,
        "time" : "20141103T113149+0100"
      }, {
        "lat" : 49.8776624889,
        "lon" : 8.6546789687,
        "time" : "20141103T113223+0100"
      }, {
        "lat" : 49.877662904,
        "lon" : 8.654577692,
        "time" : "20141103T113240+0100"
      } ]
    } ],
    "lastUpdate" : "20141103T134803Z"
  }, {
    "type" : "place",
    "startTime" : "20141103T113240+0100",
    "endTime" : "20141103T113803+0100",
    "place" : {
      "id" : 223098012,
      "type" : "unknown",
      "location" : {
        "lat" : 49.877662904,
        "lon" : 8.654577692
      }
    },
    "activities" : [ {
      "activity" : "walking",
      "group" : "walking",
      "manual" : false,
      "startTime" : "20141103T113802+0100",
      "endTime" : "20141103T113803+0100",
      "duration" : 1.0,
      "distance" : 1.0,
      "steps" : 1,
      "trackPoints" : [ ]
    } ],
    "lastUpdate" : "20141103T134803Z"
  }, {
    "type" : "move",
    "startTime" : "20141103T113803+0100",
    "endTime" : "20141103T115022+0100",
    "activities" : [ {
      "activity" : "walking",
      "group" : "walking",
      "manual" : false,
      "startTime" : "20141103T113803+0100",
      "endTime" : "20141103T115022+0100",
      "duration" : 739.0,
      "distance" : 887.0,
      "steps" : 487,
      "trackPoints" : [ {
        "lat" : 49.877662904,
        "lon" : 8.654577692,
        "time" : "20141103T113803+0100"
      }, {
        "lat" : 49.877549767,
        "lon" : 8.654566065,
        "time" : "20141103T113821+0100"
      }, {
        "lat" : 49.8775301323,
        "lon" : 8.654548719,
        "time" : "20141103T113841+0100"
      }, {
        "lat" : 49.8775053251,
        "lon" : 8.6545271153,
        "time" : "20141103T113859+0100"
      }, {
        "lat" : 49.8775059571,
        "lon" : 8.6544910214,
        "time" : "20141103T113930+0100"
      }, {
        "lat" : 49.8772970217,
        "lon" : 8.6544310822,
        "time" : "20141103T113950+0100"
      }, {
        "lat" : 49.8770699385,
        "lon" : 8.6543772327,
        "time" : "20141103T114010+0100"
      }, {
        "lat" : 49.8768261109,
        "lon" : 8.6543721802,
        "time" : "20141103T114031+0100"
      }, {
        "lat" : 49.8765459972,
        "lon" : 8.654466609,
        "time" : "20141103T114051+0100"
      }, {
        "lat" : 49.8756339192,
        "lon" : 8.6549820471,
        "time" : "20141103T114141+0100"
      }, {
        "lat" : 49.8752614735,
        "lon" : 8.6552057577,
        "time" : "20141103T114202+0100"
      }, {
        "lat" : 49.8747641255,
        "lon" : 8.6555305646,
        "time" : "20141103T114230+0100"
      }, {
        "lat" : 49.8746399661,
        "lon" : 8.6554727601,
        "time" : "20141103T114247+0100"
      }, {
        "lat" : 49.8745006847,
        "lon" : 8.6547424972,
        "time" : "20141103T114321+0100"
      }, {
        "lat" : 49.8743431778,
        "lon" : 8.6539369262,
        "time" : "20141103T114356+0100"
      }, {
        "lat" : 49.8742753404,
        "lon" : 8.6536007576,
        "time" : "20141103T114412+0100"
      }, {
        "lat" : 49.8741790666,
        "lon" : 8.6533005538,
        "time" : "20141103T114433+0100"
      }, {
        "lat" : 49.874012416,
        "lon" : 8.6531896946,
        "time" : "20141103T114454+0100"
      }, {
        "lat" : 49.8733905631,
        "lon" : 8.6532893171,
        "time" : "20141103T114526+0100"
      }, {
        "lat" : 49.8730628973,
        "lon" : 8.6533818386,
        "time" : "20141103T114543+0100"
      }, {
        "lat" : 49.8726639359,
        "lon" : 8.653618897,
        "time" : "20141103T114603+0100"
      }, {
        "lat" : 49.8724014523,
        "lon" : 8.6538421385,
        "time" : "20141103T114618+0100"
      }, {
        "lat" : 49.8724783816,
        "lon" : 8.6536415674,
        "time" : "20141103T114651+0100"
      }, {
        "lat" : 49.8719930063,
        "lon" : 8.6537072212,
        "time" : "20141103T114733+0100"
      }, {
        "lat" : 49.8717608111,
        "lon" : 8.6537473894,
        "time" : "20141103T114753+0100"
      }, {
        "lat" : 49.8714603276,
        "lon" : 8.6537383985,
        "time" : "20141103T114823+0100"
      }, {
        "lat" : 49.8711947478,
        "lon" : 8.6536719772,
        "time" : "20141103T114843+0100"
      }, {
        "lat" : 49.8707815075,
        "lon" : 8.6535222749,
        "time" : "20141103T114904+0100"
      }, {
        "lat" : 49.8706753818,
        "lon" : 8.6534849664,
        "time" : "20141103T114921+0100"
      }, {
        "lat" : 49.8706586305,
        "lon" : 8.653487703,
        "time" : "20141103T114944+0100"
      }, {
        "lat" : 49.8706565159,
        "lon" : 8.6534922151,
        "time" : "20141103T115002+0100"
      }, {
        "lat" : 49.8708322551,
        "lon" : 8.6537079152,
        "time" : "20141103T115022+0100"
      } ]
    } ],
    "lastUpdate" : "20141103T134803Z"
  }, {
    "type" : "place",
    "startTime" : "20141103T115022+0100",
    "endTime" : "20141103T115736+0100",
    "place" : {
      "id" : 225958839,
      "type" : "unknown",
      "location" : {
        "lat" : 49.8708322551,
        "lon" : 8.6537079152
      }
    },
    "activities" : [ {
      "activity" : "walking",
      "group" : "walking",
      "manual" : false,
      "startTime" : "20141103T115141+0100",
      "endTime" : "20141103T115211+0100",
      "duration" : 30.0,
      "distance" : 15.0,
      "steps" : 30,
      "trackPoints" : [ ]
    } ],
    "lastUpdate" : "20141103T134803Z"
  }, {
    "type" : "move",
    "startTime" : "20141103T115736+0100",
    "endTime" : "20141103T120141+0100",
    "activities" : [ {
      "activity" : "walking",
      "group" : "walking",
      "manual" : false,
      "startTime" : "20141103T115736+0100",
      "endTime" : "20141103T120142+0100",
      "duration" : 246.0,
      "distance" : 206.0,
      "steps" : 322,
      "trackPoints" : [ {
        "lat" : 49.8708322551,
        "lon" : 8.6537079152,
        "time" : "20141103T115736+0100"
      }, {
        "lat" : 49.8706610243,
        "lon" : 8.6535786645,
        "time" : "20141103T115803+0100"
      }, {
        "lat" : 49.8706629886,
        "lon" : 8.65359924,
        "time" : "20141103T115822+0100"
      }, {
        "lat" : 49.8706676053,
        "lon" : 8.6536392606,
        "time" : "20141103T115846+0100"
      }, {
        "lat" : 49.8706916013,
        "lon" : 8.6537143276,
        "time" : "20141103T115908+0100"
      }, {
        "lat" : 49.8707282017,
        "lon" : 8.6537271663,
        "time" : "20141103T115927+0100"
      }, {
        "lat" : 49.8707598998,
        "lon" : 8.6536753348,
        "time" : "20141103T115948+0100"
      }, {
        "lat" : 49.8708409332,
        "lon" : 8.6539003134,
        "time" : "20141103T115959+0100"
      }, {
        "lat" : 49.8708410028,
        "lon" : 8.6539005065,
        "time" : "20141103T120000+0100"
      }, {
        "lat" : 49.8709872217,
        "lon" : 8.6543064647,
        "time" : "20141103T120021+0100"
      }, {
        "lat" : 49.8710714613,
        "lon" : 8.6544739374,
        "time" : "20141103T120040+0100"
      }, {
        "lat" : 49.8711486587,
        "lon" : 8.6546073244,
        "time" : "20141103T120102+0100"
      }, {
        "lat" : 49.8712215715,
        "lon" : 8.6547592997,
        "time" : "20141103T120121+0100"
      }, {
        "lat" : 49.8713664158,
        "lon" : 8.6551462382,
        "time" : "20141103T120141+0100"
      } ]
    } ],
    "lastUpdate" : "20141103T134803Z"
  }, {
    "type" : "place",
    "startTime" : "20141103T120141+0100",
    "endTime" : "20141103T121744+0100",
    "place" : {
      "id" : 255635055,
      "type" : "unknown",
      "location" : {
        "lat" : 49.8713664158,
        "lon" : 8.6551462382
      }
    },
    "activities" : [ {
      "activity" : "walking",
      "group" : "walking",
      "manual" : false,
      "startTime" : "20141103T120454+0100",
      "endTime" : "20141103T120631+0100",
      "duration" : 97.0,
      "distance" : 81.0,
      "steps" : 161,
      "trackPoints" : [ ]
    } ],
    "lastUpdate" : "20141103T134803Z"
  }, {
    "type" : "move",
    "startTime" : "20141103T121744+0100",
    "endTime" : "20141103T123957+0100",
    "activities" : [ {
      "activity" : "walking",
      "group" : "walking",
      "manual" : false,
      "startTime" : "20141103T121744+0100",
      "endTime" : "20141103T121947+0100",
      "duration" : 123.0,
      "distance" : 147.0,
      "steps" : 258,
      "trackPoints" : [ {
        "lat" : 49.8713664158,
        "lon" : 8.6551462382,
        "time" : "20141103T121744+0100"
      }, {
        "lat" : 49.8714067108,
        "lon" : 8.6551134879,
        "time" : "20141103T121805+0100"
      }, {
        "lat" : 49.8714333215,
        "lon" : 8.6551276804,
        "time" : "20141103T121825+0100"
      }, {
        "lat" : 49.8714525228,
        "lon" : 8.6551331109,
        "time" : "20141103T121843+0100"
      }, {
        "lat" : 49.8714560606,
        "lon" : 8.655132049,
        "time" : "20141103T121901+0100"
      }, {
        "lat" : 49.8722002218,
        "lon" : 8.6553281365,
        "time" : "20141103T121932+0100"
      }, {
        "lat" : 49.8724973762,
        "lon" : 8.6554663384,
        "time" : "20141103T121947+0100"
      } ]
    }, {
      "activity" : "transport",
      "group" : "transport",
      "manual" : false,
      "startTime" : "20141103T121947+0100",
      "endTime" : "20141103T122811+0100",
      "duration" : 504.0,
      "distance" : 1467.0,
      "trackPoints" : [ {
        "lat" : 49.8724973762,
        "lon" : 8.6554663384,
        "time" : "20141103T121947+0100"
      }, {
        "lat" : 49.8727229073,
        "lon" : 8.6556382333,
        "time" : "20141103T122032+0100"
      }, {
        "lat" : 49.8727361044,
        "lon" : 8.655662552,
        "time" : "20141103T122052+0100"
      }, {
        "lat" : 49.872778688,
        "lon" : 8.6557533876,
        "time" : "20141103T122122+0100"
      }, {
        "lat" : 49.8728131233,
        "lon" : 8.6558125616,
        "time" : "20141103T122142+0100"
      }, {
        "lat" : 49.8728736522,
        "lon" : 8.6559106643,
        "time" : "20141103T122203+0100"
      }, {
        "lat" : 49.8729534476,
        "lon" : 8.6560393642,
        "time" : "20141103T122223+0100"
      }, {
        "lat" : 49.8733107414,
        "lon" : 8.6565697828,
        "time" : "20141103T122253+0100"
      }, {
        "lat" : 49.8757069745,
        "lon" : 8.6600767533,
        "time" : "20141103T122326+0100"
      }, {
        "lat" : 49.8759040169,
        "lon" : 8.6605218671,
        "time" : "20141103T122347+0100"
      }, {
        "lat" : 49.8760026248,
        "lon" : 8.6607884207,
        "time" : "20141103T122407+0100"
      }, {
        "lat" : 49.8760858072,
        "lon" : 8.6609874174,
        "time" : "20141103T122427+0100"
      }, {
        "lat" : 49.8761394196,
        "lon" : 8.6610947802,
        "time" : "20141103T122446+0100"
      }, {
        "lat" : 49.8761675349,
        "lon" : 8.6611489583,
        "time" : "20141103T122502+0100"
      }, {
        "lat" : 49.8761868759,
        "lon" : 8.6611802372,
        "time" : "20141103T122522+0100"
      }, {
        "lat" : 49.8762396445,
        "lon" : 8.661255816,
        "time" : "20141103T122552+0100"
      }, {
        "lat" : 49.8763627835,
        "lon" : 8.6613449009,
        "time" : "20141103T122612+0100"
      }, {
        "lat" : 49.877524296,
        "lon" : 8.6613777982,
        "time" : "20141103T122632+0100"
      }, {
        "lat" : 49.8780704486,
        "lon" : 8.6615784503,
        "time" : "20141103T122652+0100"
      }, {
        "lat" : 49.8802217665,
        "lon" : 8.6642151407,
        "time" : "20141103T122732+0100"
      }, {
        "lat" : 49.8803069288,
        "lon" : 8.6643039525,
        "time" : "20141103T122752+0100"
      }, {
        "lat" : 49.8816276582,
        "lon" : 8.6655447595,
        "time" : "20141103T122811+0100"
      } ]
    }, {
      "activity" : "walking",
      "group" : "walking",
      "manual" : false,
      "startTime" : "20141103T122811+0100",
      "endTime" : "20141103T123958+0100",
      "duration" : 707.0,
      "distance" : 806.0,
      "steps" : 997,
      "trackPoints" : [ {
        "lat" : 49.8816276582,
        "lon" : 8.6655447595,
        "time" : "20141103T122811+0100"
      }, {
        "lat" : 49.8820887627,
        "lon" : 8.6662780487,
        "time" : "20141103T122906+0100"
      }, {
        "lat" : 49.8823217022,
        "lon" : 8.6667921668,
        "time" : "20141103T122925+0100"
      }, {
        "lat" : 49.8825152772,
        "lon" : 8.6675517318,
        "time" : "20141103T122946+0100"
      }, {
        "lat" : 49.882622961,
        "lon" : 8.6680451663,
        "time" : "20141103T123006+0100"
      }, {
        "lat" : 49.8826170466,
        "lon" : 8.6683552636,
        "time" : "20141103T123026+0100"
      }, {
        "lat" : 49.8824902658,
        "lon" : 8.6687632,
        "time" : "20141103T123047+0100"
      }, {
        "lat" : 49.882178542,
        "lon" : 8.6697091575,
        "time" : "20141103T123121+0100"
      }, {
        "lat" : 49.8822261363,
        "lon" : 8.6698852611,
        "time" : "20141103T123137+0100"
      }, {
        "lat" : 49.8822036943,
        "lon" : 8.6700474331,
        "time" : "20141103T123208+0100"
      }, {
        "lat" : 49.8821800452,
        "lon" : 8.6701068915,
        "time" : "20141103T123228+0100"
      }, {
        "lat" : 49.882113319,
        "lon" : 8.6701603813,
        "time" : "20141103T123258+0100"
      }, {
        "lat" : 49.8820875771,
        "lon" : 8.6701604193,
        "time" : "20141103T123319+0100"
      }, {
        "lat" : 49.8820385572,
        "lon" : 8.6701232868,
        "time" : "20141103T123341+0100"
      }, {
        "lat" : 49.8820419925,
        "lon" : 8.6700829587,
        "time" : "20141103T123402+0100"
      }, {
        "lat" : 49.8820734148,
        "lon" : 8.6700592911,
        "time" : "20141103T123425+0100"
      }, {
        "lat" : 49.8820803874,
        "lon" : 8.6700511159,
        "time" : "20141103T123442+0100"
      }, {
        "lat" : 49.8820947123,
        "lon" : 8.6700348605,
        "time" : "20141103T123502+0100"
      }, {
        "lat" : 49.8821335759,
        "lon" : 8.6699930675,
        "time" : "20141103T123532+0100"
      }, {
        "lat" : 49.8821519498,
        "lon" : 8.6699819903,
        "time" : "20141103T123553+0100"
      }, {
        "lat" : 49.8822113584,
        "lon" : 8.6699211818,
        "time" : "20141103T123623+0100"
      }, {
        "lat" : 49.8822961393,
        "lon" : 8.669719912,
        "time" : "20141103T123643+0100"
      }, {
        "lat" : 49.8825028105,
        "lon" : 8.6684914643,
        "time" : "20141103T123734+0100"
      }, {
        "lat" : 49.8824857814,
        "lon" : 8.6679609648,
        "time" : "20141103T123755+0100"
      }, {
        "lat" : 49.8824789429,
        "lon" : 8.668255304,
        "time" : "20141103T123815+0100"
      }, {
        "lat" : 49.8824759972,
        "lon" : 8.668211218,
        "time" : "20141103T123836+0100"
      }, {
        "lat" : 49.8824686824,
        "lon" : 8.6679750374,
        "time" : "20141103T123856+0100"
      }, {
        "lat" : 49.8824538505,
        "lon" : 8.6674269294,
        "time" : "20141103T123916+0100"
      }, {
        "lat" : 49.8824218228,
        "lon" : 8.6665876466,
        "time" : "20141103T123937+0100"
      }, {
        "lat" : 49.882194,
        "lon" : 8.665967,
        "time" : "20141103T123957+0100"
      } ]
    } ],
    "lastUpdate" : "20141103T134803Z"
  }, {
    "type" : "place",
    "startTime" : "20141103T123957+0100",
    "endTime" : "20141103T124217+0100",
    "place" : {
      "id" : 251292369,
      "name" : "H Karlshof",
      "type" : "foursquare",
      "foursquareId" : "4d31931eb60937045413eddf",
      "location" : {
        "lat" : 49.882194,
        "lon" : 8.665967
      }
    },
    "lastUpdate" : "20141103T134803Z"
  }, {
    "type" : "move",
    "startTime" : "20141103T124217+0100",
    "endTime" : "20141103T124443+0100",
    "activities" : [ {
      "activity" : "walking",
      "group" : "walking",
      "manual" : false,
      "startTime" : "20141103T124217+0100",
      "endTime" : "20141103T124443+0100",
      "duration" : 146.0,
      "distance" : 235.0,
      "steps" : 196,
      "trackPoints" : [ {
        "lat" : 49.882194,
        "lon" : 8.665967,
        "time" : "20141103T124217+0100"
      }, {
        "lat" : 49.8858910148,
        "lon" : 8.669357897,
        "time" : "20141103T124420+0100"
      }, {
        "lat" : 49.8858867959,
        "lon" : 8.6692874477,
        "time" : "20141103T124443+0100"
      } ]
    } ],
    "lastUpdate" : "20141103T134803Z"
  }, {
    "type" : "place",
    "startTime" : "20141103T124443+0100",
    "endTime" : "20141103T125909+0100",
    "place" : {
      "id" : 274979322,
      "type" : "unknown",
      "location" : {
        "lat" : 49.8858867959,
        "lon" : 8.6692874477
      }
    },
    "lastUpdate" : "20141103T134803Z"
  }, {
    "type" : "move",
    "startTime" : "20141103T125909+0100",
    "endTime" : "20141103T130351+0100",
    "activities" : [ {
      "activity" : "walking",
      "group" : "walking",
      "manual" : false,
      "startTime" : "20141103T125909+0100",
      "endTime" : "20141103T130351+0100",
      "duration" : 282.0,
      "distance" : 418.0,
      "steps" : 348,
      "trackPoints" : [ {
        "lat" : 49.8858867959,
        "lon" : 8.6692874477,
        "time" : "20141103T125909+0100"
      }, {
        "lat" : 49.8898714793,
        "lon" : 8.6735259262,
        "time" : "20141103T125959+0100"
      }, {
        "lat" : 49.8898722658,
        "lon" : 8.6735267627,
        "time" : "20141103T130000+0100"
      }, {
        "lat" : 49.8955078422,
        "lon" : 8.6795212839,
        "time" : "20141103T130111+0100"
      }, {
        "lat" : 49.8955775345,
        "lon" : 8.6796613525,
        "time" : "20141103T130128+0100"
      }, {
        "lat" : 49.8955876375,
        "lon" : 8.6797400392,
        "time" : "20141103T130150+0100"
      }, {
        "lat" : 49.8955809956,
        "lon" : 8.679718781,
        "time" : "20141103T130208+0100"
      }, {
        "lat" : 49.8955670922,
        "lon" : 8.6795695283,
        "time" : "20141103T130228+0100"
      }, {
        "lat" : 49.8955476199,
        "lon" : 8.6782241767,
        "time" : "20141103T130311+0100"
      }, {
        "lat" : 49.895543534,
        "lon" : 8.6778720785,
        "time" : "20141103T130330+0100"
      }, {
        "lat" : 49.8955261459,
        "lon" : 8.677832634,
        "time" : "20141103T130351+0100"
      } ]
    } ],
    "lastUpdate" : "20141103T134803Z"
  }, {
    "type" : "place",
    "startTime" : "20141103T130351+0100",
    "endTime" : "20141103T133920+0100",
    "place" : {
      "id" : 255238542,
      "type" : "unknown",
      "location" : {
        "lat" : 49.8955261459,
        "lon" : 8.677832634
      }
    },
    "activities" : [ {
      "activity" : "walking",
      "group" : "walking",
      "manual" : false,
      "startTime" : "20141103T131656+0100",
      "endTime" : "20141103T131930+0100",
      "duration" : 154.0,
      "distance" : 156.0,
      "steps" : 208,
      "trackPoints" : [ ]
    } ],
    "lastUpdate" : "20141103T134803Z"
  }, {
    "type" : "move",
    "startTime" : "20141103T133920+0100",
    "endTime" : "20141103T134301+0100",
    "activities" : [ {
      "activity" : "walking",
      "group" : "walking",
      "manual" : false,
      "startTime" : "20141103T133920+0100",
      "endTime" : "20141103T134301+0100",
      "duration" : 221.0,
      "distance" : 222.0,
      "steps" : 306,
      "trackPoints" : [ {
        "lat" : 49.8955261459,
        "lon" : 8.677832634,
        "time" : "20141103T133920+0100"
      }, {
        "lat" : 49.8956843155,
        "lon" : 8.6787844591,
        "time" : "20141103T134009+0100"
      }, {
        "lat" : 49.8957693755,
        "lon" : 8.6790465181,
        "time" : "20141103T134041+0100"
      }, {
        "lat" : 49.8958703751,
        "lon" : 8.678807043,
        "time" : "20141103T134101+0100"
      }, {
        "lat" : 49.8961003622,
        "lon" : 8.6793391266,
        "time" : "20141103T134142+0100"
      }, {
        "lat" : 49.8961702843,
        "lon" : 8.6795437857,
        "time" : "20141103T134202+0100"
      }, {
        "lat" : 49.8962785259,
        "lon" : 8.6797909272,
        "time" : "20141103T134301+0100"
      } ]
    } ],
    "lastUpdate" : "20141103T134803Z"
  }, {
    "type" : "place",
    "startTime" : "20141103T134302+0100",
    "endTime" : "20141103T140647+0100",
    "place" : {
      "id" : 274979323,
      "type" : "unknown",
      "location" : {
        "lat" : 49.8962785259,
        "lon" : 8.6797909272
      }
    },
    "lastUpdate" : "20141103T134803Z"
  }, {
    "type" : "move",
    "startTime" : "20141103T140647+0100",
    "endTime" : "20141103T141716+0100",
    "activities" : [ {
      "activity" : "transport",
      "group" : "transport",
      "manual" : false,
      "startTime" : "20141103T140647+0100",
      "endTime" : "20141103T141022+0100",
      "duration" : 215.0,
      "distance" : 1993.0,
      "trackPoints" : [ {
        "lat" : 49.8962785259,
        "lon" : 8.6797909272,
        "time" : "20141103T140647+0100"
      }, {
        "lat" : 49.8862387651,
        "lon" : 8.6693724344,
        "time" : "20141103T140939+0100"
      }, {
        "lat" : 49.8855260645,
        "lon" : 8.6689935031,
        "time" : "20141103T141000+0100"
      }, {
        "lat" : 49.8832782376,
        "lon" : 8.6665195757,
        "time" : "20141103T141022+0100"
      } ]
    }, {
      "activity" : "walking",
      "group" : "walking",
      "manual" : false,
      "startTime" : "20141103T141022+0100",
      "endTime" : "20141103T141715+0100",
      "duration" : 413.0,
      "distance" : 390.0,
      "steps" : 695,
      "trackPoints" : [ {
        "lat" : 49.8832782376,
        "lon" : 8.6665195757,
        "time" : "20141103T141022+0100"
      }, {
        "lat" : 49.8829411545,
        "lon" : 8.6664415148,
        "time" : "20141103T141209+0100"
      }, {
        "lat" : 49.8829317638,
        "lon" : 8.6665499515,
        "time" : "20141103T141229+0100"
      }, {
        "lat" : 49.8827401362,
        "lon" : 8.6676404727,
        "time" : "20141103T141310+0100"
      }, {
        "lat" : 49.8826447198,
        "lon" : 8.6683257969,
        "time" : "20141103T141358+0100"
      }, {
        "lat" : 49.8826024409,
        "lon" : 8.6686047518,
        "time" : "20141103T141420+0100"
      }, {
        "lat" : 49.8825451854,
        "lon" : 8.6689108795,
        "time" : "20141103T141447+0100"
      }, {
        "lat" : 49.8824960995,
        "lon" : 8.6691372612,
        "time" : "20141103T141507+0100"
      }, {
        "lat" : 49.8824296678,
        "lon" : 8.6694422473,
        "time" : "20141103T141527+0100"
      }, {
        "lat" : 49.8823813765,
        "lon" : 8.6696641785,
        "time" : "20141103T141547+0100"
      }, {
        "lat" : 49.8822947756,
        "lon" : 8.6700876929,
        "time" : "20141103T141630+0100"
      }, {
        "lat" : 49.8822190738,
        "lon" : 8.670329562,
        "time" : "20141103T141658+0100"
      }, {
        "lat" : 49.8819996044,
        "lon" : 8.6702592175,
        "time" : "20141103T141716+0100"
      } ]
    } ],
    "lastUpdate" : "20141103T134803Z"
  }, {
    "type" : "place",
    "startTime" : "20141103T141716+0100",
    "endTime" : "20141104T083051+0100",
    "place" : {
      "id" : 251291724,
      "name" : "Home",
      "type" : "home",
      "location" : {
        "lat" : 49.8819996044,
        "lon" : 8.6702592175
      }
    },
    "activities" : [ {
      "activity" : "walking",
      "group" : "walking",
      "manual" : false,
      "startTime" : "20141103T143652+0100",
      "endTime" : "20141103T143752+0100",
      "duration" : 60.0,
      "distance" : 30.0,
      "steps" : 40,
      "trackPoints" : [ ]
    }, {
      "activity" : "walking",
      "group" : "walking",
      "manual" : false,
      "startTime" : "20141103T173117+0100",
      "endTime" : "20141103T173210+0100",
      "duration" : 53.0,
      "distance" : 26.0,
      "steps" : 36,
      "trackPoints" : [ ]
    }, {
      "activity" : "walking",
      "group" : "walking",
      "manual" : false,
      "startTime" : "20141103T184856+0100",
      "endTime" : "20141103T184926+0100",
      "duration" : 30.0,
      "distance" : 15.0,
      "steps" : 20,
      "trackPoints" : [ ]
    }, {
      "activity" : "walking",
      "group" : "walking",
      "manual" : false,
      "startTime" : "20141103T215544+0100",
      "endTime" : "20141103T215614+0100",
      "duration" : 30.0,
      "distance" : 15.0,
      "steps" : 15,
      "trackPoints" : [ ]
    }, {
      "activity" : "walking",
      "group" : "walking",
      "manual" : false,
      "startTime" : "20141103T223226+0100",
      "endTime" : "20141103T223326+0100",
      "duration" : 60.0,
      "distance" : 30.0,
      "steps" : 35,
      "trackPoints" : [ ]
    } ],
    "lastUpdate" : "20141104T094208Z"
  } ],
  "lastUpdate" : "20141104T094208Z"
} ]