[ {
  "date" : "20140913",
  "summary" : [ {
    "activity" : "walking",
    "group" : "walking",
    "duration" : 699.0,
    "distance" : 564.0,
    "steps" : 1026
  } ],
  "segments" : [ {
    "type" : "place",
    "startTime" : "20140912T104044+0200",
    "endTime" : "20140913T142359+0200",
    "place" : {
      "id" : 251291724,
      "name" : "Home",
      "type" : "home",
      "location" : {
        "lat" : 49.8819996044,
        "lon" : 8.6702592175
      }
    },
    "activities" : [ {
      "activity" : "walking",
      "group" : "walking",
      "manual" : false,
      "startTime" : "20140913T010832+0200",
      "endTime" : "20140913T010935+0200",
      "duration" : 63.0,
      "distance" : 32.0,
      "steps" : 64,
      "trackPoints" : [ ]
    }, {
      "activity" : "walking",
      "group" : "walking",
      "manual" : false,
      "startTime" : "20140913T142225+0200",
      "endTime" : "20140913T142317+0200",
      "duration" : 52.0,
      "distance" : 40.0,
      "steps" : 80,
      "trackPoints" : [ ]
    } ],
    "lastUpdate" : "20140913T131140Z"
  }, {
    "type" : "move",
    "startTime" : "20140913T142359+0200",
    "endTime" : "20140913T142738+0200",
    "activities" : [ {
      "activity" : "walking",
      "group" : "walking",
      "manual" : false,
      "startTime" : "20140913T142359+0200",
      "endTime" : "20140913T142737+0200",
      "duration" : 218.0,
      "distance" : 199.0,
      "steps" : 366,
      "trackPoints" : [ {
        "lat" : 49.8819996044,
        "lon" : 8.6702592175,
        "time" : "20140913T142359+0200"
      }, {
        "lat" : 49.882011962,
        "lon" : 8.6702177353,
        "time" : "20140913T142428+0200"
      }, {
        "lat" : 49.8820253214,
        "lon" : 8.6702025156,
        "time" : "20140913T142448+0200"
      }, {
        "lat" : 49.8820447731,
        "lon" : 8.670181431,
        "time" : "20140913T142508+0200"
      }, {
        "lat" : 49.8820544484,
        "lon" : 8.6701710323,
        "time" : "20140913T142532+0200"
      }, {
        "lat" : 49.8826005416,
        "lon" : 8.6695963049,
        "time" : "20140913T142602+0200"
      }, {
        "lat" : 49.8828491224,
        "lon" : 8.6692454791,
        "time" : "20140913T142623+0200"
      }, {
        "lat" : 49.8828769449,
        "lon" : 8.6688184732,
        "time" : "20140913T142654+0200"
      }, {
        "lat" : 49.8828821708,
        "lon" : 8.6686013386,
        "time" : "20140913T142719+0200"
      }, {
        "lat" : 49.8826852249,
        "lon" : 8.6688546976,
        "time" : "20140913T142738+0200"
      } ]
    } ],
    "lastUpdate" : "20140913T131140Z"
  }, {
    "type" : "place",
    "startTime" : "20140913T142738+0200",
    "endTime" : "20140913T153712+0200",
    "place" : {
      "id" : 229496202,
      "type" : "unknown",
      "location" : {
        "lat" : 49.8826852249,
        "lon" : 8.6688546976
      }
    },
    "activities" : [ {
      "activity" : "walking",
      "group" : "walking",
      "manual" : false,
      "startTime" : "20140913T142738+0200",
      "endTime" : "20140913T142750+0200",
      "duration" : 12.0,
      "distance" : 9.0,
      "steps" : 17,
      "trackPoints" : [ ]
    }, {
      "activity" : "walking",
      "group" : "walking",
      "manual" : false,
      "startTime" : "20140913T150151+0200",
      "endTime" : "20140913T150304+0200",
      "duration" : 73.0,
      "distance" : 46.0,
      "steps" : 91,
      "trackPoints" : [ ]
    } ],
    "lastUpdate" : "20140913T163007Z"
  }, {
    "type" : "move",
    "startTime" : "20140913T153712+0200",
    "endTime" : "20140913T154026+0200",
    "activities" : [ {
      "activity" : "walking",
      "group" : "walking",
      "manual" : false,
      "startTime" : "20140913T153712+0200",
      "endTime" : "20140913T154026+0200",
      "duration" : 194.0,
      "distance" : 189.0,
      "steps" : 317,
      "trackPoints" : [ {
        "lat" : 49.8826852249,
        "lon" : 8.6688546976,
        "time" : "20140913T153712+0200"
      }, {
        "lat" : 49.8828313287,
        "lon" : 8.6686898023,
        "time" : "20140913T153732+0200"
      }, {
        "lat" : 49.8828448842,
        "lon" : 8.6686433566,
        "time" : "20140913T153748+0200"
      }, {
        "lat" : 49.8828369778,
        "lon" : 8.6686783085,
        "time" : "20140913T153815+0200"
      }, {
        "lat" : 49.8828258443,
        "lon" : 8.6687174907,
        "time" : "20140913T153835+0200"
      }, {
        "lat" : 49.8828134493,
        "lon" : 8.6687591034,
        "time" : "20140913T153855+0200"
      }, {
        "lat" : 49.8828018527,
        "lon" : 8.6687943732,
        "time" : "20140913T153912+0200"
      }, {
        "lat" : 49.8827945135,
        "lon" : 8.6688161159,
        "time" : "20140913T153932+0200"
      }, {
        "lat" : 49.8826184756,
        "lon" : 8.669355649,
        "time" : "20140913T153953+0200"
      }, {
        "lat" : 49.8819996044,
        "lon" : 8.6702592175,
        "time" : "20140913T154026+0200"
      } ]
    } ],
    "lastUpdate" : "20140913T163007Z"
  }, {
    "type" : "place",
    "startTime" : "20140913T154026+0200",
    "endTime" : "20140915T123916+0200",
    "place" : {
      "id" : 251291724,
      "name" : "Home",
      "type" : "home",
      "location" : {
        "lat" : 49.8819996044,
        "lon" : 8.6702592175
      }
    },
    "activities" : [ {
      "activity" : "walking",
      "group" : "walking",
      "manual" : false,
      "startTime" : "20140913T154026+0200",
      "endTime" : "20140913T154027+0200",
      "duration" : 1.0,
      "distance" : 1.0,
      "steps" : 1,
      "trackPoints" : [ ]
    }, {
      "activity" : "walking",
      "group" : "walking",
      "manual" : false,
      "startTime" : "20140913T161659+0200",
      "endTime" : "20140913T161704+0200",
      "duration" : 5.0,
      "distance" : 4.0,
      "steps" : 7,
      "trackPoints" : [ ]
    }, {
      "activity" : "walking",
      "group" : "walking",
      "manual" : false,
      "startTime" : "20140913T172004+0200",
      "endTime" : "20140913T172018+0200",
      "duration" : 14.0,
      "distance" : 10.0,
      "steps" : 19,
      "trackPoints" : [ ]
    }, {
      "activity" : "walking",
      "group" : "walking",
      "manual" : false,
      "startTime" : "20140913T192138+0200",
      "endTime" : "20140913T192212+0200",
      "duration" : 34.0,
      "distance" : 17.0,
      "steps" : 30,
      "trackPoints" : [ ]
    }, {
      "activity" : "walking",
      "group" : "walking",
      "manual" : false,
      "startTime" : "20140913T202229+0200",
      "endTime" : "20140913T202232+0200",
      "duration" : 3.0,
      "distance" : 2.0,
      "steps" : 4,
      "trackPoints" : [ ]
    }, {
      "activity" : "walking",
      "group" : "walking",
      "manual" : false,
      "startTime" : "20140913T213417+0200",
      "endTime" : "20140913T213447+0200",
      "duration" : 30.0,
      "distance" : 15.0,
      "steps" : 30,
      "trackPoints" : [ ]
    } ],
    "lastUpdate" : "20140915T114216Z"
  } ],
  "lastUpdate" : "20140915T114216Z"
} ]