[ {
  "date" : "20140721",
  "summary" : [ {
    "activity" : "walking",
    "group" : "walking",
    "duration" : 4720.0,
    "distance" : 4804.0,
    "steps" : 7790
  }, {
    "activity" : "transport",
    "group" : "transport",
    "duration" : 381.0,
    "distance" : 957.0
  } ],
  "segments" : [ {
    "type" : "place",
    "startTime" : "20140719T201438+0200",
    "endTime" : "20140721T103341+0200",
    "place" : {
      "id" : 222568631,
      "type" : "unknown",
      "location" : {
        "lat" : 49.8819681239,
        "lon" : 8.6703339401
      }
    },
    "activities" : [ {
      "activity" : "walking",
      "group" : "walking",
      "manual" : false,
      "startTime" : "20140721T031609+0200",
      "endTime" : "20140721T031639+0200",
      "duration" : 30.0,
      "distance" : 15.0,
      "steps" : 30,
      "trackPoints" : [ ]
    }, {
      "activity" : "walking",
      "group" : "walking",
      "manual" : false,
      "startTime" : "20140721T100758+0200",
      "endTime" : "20140721T100801+0200",
      "duration" : 3.0,
      "distance" : 2.0,
      "steps" : 4,
      "trackPoints" : [ ]
    } ],
    "lastUpdate" : "20140721T101823Z"
  }, {
    "type" : "move",
    "startTime" : "20140721T103341+0200",
    "endTime" : "20140721T104337+0200",
    "activities" : [ {
      "activity" : "walking",
      "group" : "walking",
      "manual" : false,
      "startTime" : "20140721T103341+0200",
      "endTime" : "20140721T104337+0200",
      "duration" : 596.0,
      "distance" : 487.0,
      "steps" : 975,
      "trackPoints" : [ {
        "lat" : 49.8819681239,
        "lon" : 8.6703339401,
        "time" : "20140721T103341+0200"
      }, {
        "lat" : 49.881959054,
        "lon" : 8.6702257684,
        "time" : "20140721T103401+0200"
      }, {
        "lat" : 49.8819585291,
        "lon" : 8.6702257118,
        "time" : "20140721T103416+0200"
      }, {
        "lat" : 49.8819635587,
        "lon" : 8.6702267802,
        "time" : "20140721T103436+0200"
      }, {
        "lat" : 49.881969059,
        "lon" : 8.6702278491,
        "time" : "20140721T103451+0200"
      }, {
        "lat" : 49.8819769474,
        "lon" : 8.6702294687,
        "time" : "20140721T103507+0200"
      }, {
        "lat" : 49.8819900849,
        "lon" : 8.6702322449,
        "time" : "20140721T103528+0200"
      }, {
        "lat" : 49.8820235255,
        "lon" : 8.6702395564,
        "time" : "20140721T103605+0200"
      }, {
        "lat" : 49.882033074,
        "lon" : 8.6702422687,
        "time" : "20140721T103621+0200"
      }, {
        "lat" : 49.8820164512,
        "lon" : 8.670241794,
        "time" : "20140721T103638+0200"
      }, {
        "lat" : 49.8819734752,
        "lon" : 8.6702373581,
        "time" : "20140721T103653+0200"
      }, {
        "lat" : 49.8819594689,
        "lon" : 8.6702359213,
        "time" : "20140721T103718+0200"
      }, {
        "lat" : 49.8819622974,
        "lon" : 8.6702363669,
        "time" : "20140721T103738+0200"
      }, {
        "lat" : 49.8819878523,
        "lon" : 8.6702397805,
        "time" : "20140721T103802+0200"
      }, {
        "lat" : 49.8820512639,
        "lon" : 8.6702482032,
        "time" : "20140721T103822+0200"
      }, {
        "lat" : 49.8822353388,
        "lon" : 8.6702726386,
        "time" : "20140721T103843+0200"
      }, {
        "lat" : 49.8842269922,
        "lon" : 8.6704978988,
        "time" : "20140721T103959+0200"
      }, {
        "lat" : 49.8844406178,
        "lon" : 8.6704609138,
        "time" : "20140721T104017+0200"
      }, {
        "lat" : 49.8845921818,
        "lon" : 8.6704496029,
        "time" : "20140721T104042+0200"
      }, {
        "lat" : 49.8846019234,
        "lon" : 8.6704567162,
        "time" : "20140721T104102+0200"
      }, {
        "lat" : 49.8846264196,
        "lon" : 8.6704744654,
        "time" : "20140721T104128+0200"
      }, {
        "lat" : 49.8853907879,
        "lon" : 8.6710590028,
        "time" : "20140721T104337+0200"
      } ]
    } ],
    "lastUpdate" : "20140721T101823Z"
  }, {
    "type" : "place",
    "startTime" : "20140721T104338+0200",
    "endTime" : "20140721T111038+0200",
    "place" : {
      "id" : 233376386,
      "type" : "unknown",
      "location" : {
        "lat" : 49.8853907879,
        "lon" : 8.6710590028
      }
    },
    "activities" : [ {
      "activity" : "walking",
      "group" : "walking",
      "manual" : false,
      "startTime" : "20140721T104407+0200",
      "endTime" : "20140721T104448+0200",
      "duration" : 41.0,
      "distance" : 28.0,
      "steps" : 56,
      "trackPoints" : [ ]
    }, {
      "activity" : "walking",
      "group" : "walking",
      "manual" : false,
      "startTime" : "20140721T110104+0200",
      "endTime" : "20140721T110245+0200",
      "duration" : 101.0,
      "distance" : 67.0,
      "steps" : 134,
      "trackPoints" : [ ]
    } ],
    "lastUpdate" : "20140721T101823Z"
  }, {
    "type" : "move",
    "startTime" : "20140721T111038+0200",
    "endTime" : "20140721T112120+0200",
    "activities" : [ {
      "activity" : "walking",
      "group" : "walking",
      "manual" : false,
      "startTime" : "20140721T111038+0200",
      "endTime" : "20140721T112120+0200",
      "duration" : 642.0,
      "distance" : 621.0,
      "steps" : 1114,
      "trackPoints" : [ {
        "lat" : 49.8853907879,
        "lon" : 8.6710590028,
        "time" : "20140721T111038+0200"
      }, {
        "lat" : 49.8854574154,
        "lon" : 8.6711763525,
        "time" : "20140721T111131+0200"
      }, {
        "lat" : 49.8854605636,
        "lon" : 8.6710393294,
        "time" : "20140721T111149+0200"
      }, {
        "lat" : 49.8850765268,
        "lon" : 8.6727605007,
        "time" : "20140721T111512+0200"
      }, {
        "lat" : 49.882748666,
        "lon" : 8.6709693576,
        "time" : "20140721T111836+0200"
      }, {
        "lat" : 49.8826643768,
        "lon" : 8.6707615951,
        "time" : "20140721T111900+0200"
      }, {
        "lat" : 49.8822473647,
        "lon" : 8.67033646,
        "time" : "20140721T111948+0200"
      }, {
        "lat" : 49.8821684948,
        "lon" : 8.670257901,
        "time" : "20140721T112008+0200"
      }, {
        "lat" : 49.8821406237,
        "lon" : 8.6702394062,
        "time" : "20140721T112031+0200"
      }, {
        "lat" : 49.8821181751,
        "lon" : 8.6702340833,
        "time" : "20140721T112052+0200"
      }, {
        "lat" : 49.8819681239,
        "lon" : 8.6703339401,
        "time" : "20140721T112120+0200"
      } ]
    } ],
    "lastUpdate" : "20140721T101823Z"
  }, {
    "type" : "place",
    "startTime" : "20140721T112120+0200",
    "endTime" : "20140721T125932+0200",
    "place" : {
      "id" : 222568631,
      "type" : "unknown",
      "location" : {
        "lat" : 49.8819681239,
        "lon" : 8.6703339401
      }
    },
    "activities" : [ {
      "activity" : "walking",
      "group" : "walking",
      "manual" : false,
      "startTime" : "20140721T112243+0200",
      "endTime" : "20140721T112310+0200",
      "duration" : 27.0,
      "distance" : 16.0,
      "steps" : 32,
      "trackPoints" : [ ]
    }, {
      "activity" : "walking",
      "group" : "walking",
      "manual" : false,
      "startTime" : "20140721T124931+0200",
      "endTime" : "20140721T124936+0200",
      "duration" : 5.0,
      "distance" : 6.0,
      "steps" : 11,
      "trackPoints" : [ ]
    } ],
    "lastUpdate" : "20140721T114937Z"
  }, {
    "type" : "move",
    "startTime" : "20140721T125932+0200",
    "endTime" : "20140721T132152+0200",
    "activities" : [ {
      "activity" : "walking",
      "group" : "walking",
      "manual" : false,
      "startTime" : "20140721T125932+0200",
      "endTime" : "20140721T130529+0200",
      "duration" : 357.0,
      "distance" : 377.0,
      "steps" : 582,
      "trackPoints" : [ {
        "lat" : 49.8819681239,
        "lon" : 8.6703339401,
        "time" : "20140721T125932+0200"
      }, {
        "lat" : 49.8819740278,
        "lon" : 8.6701922318,
        "time" : "20140721T125959+0200"
      }, {
        "lat" : 49.881974184,
        "lon" : 8.6701920239,
        "time" : "20140721T125959+0200"
      }, {
        "lat" : 49.881974188,
        "lon" : 8.6701920186,
        "time" : "20140721T130000+0200"
      }, {
        "lat" : 49.8819823618,
        "lon" : 8.6701811446,
        "time" : "20140721T130020+0200"
      }, {
        "lat" : 49.8819964816,
        "lon" : 8.6701617459,
        "time" : "20140721T130043+0200"
      }, {
        "lat" : 49.8820093627,
        "lon" : 8.670143712,
        "time" : "20140721T130058+0200"
      }, {
        "lat" : 49.8820314422,
        "lon" : 8.6701128036,
        "time" : "20140721T130119+0200"
      }, {
        "lat" : 49.8820860378,
        "lon" : 8.6700445123,
        "time" : "20140721T130153+0200"
      }, {
        "lat" : 49.8824744993,
        "lon" : 8.6678963126,
        "time" : "20140721T130325+0200"
      }, {
        "lat" : 49.8826143777,
        "lon" : 8.6672321433,
        "time" : "20140721T130358+0200"
      }, {
        "lat" : 49.8827461615,
        "lon" : 8.6666730549,
        "time" : "20140721T130415+0200"
      }, {
        "lat" : 49.8827483329,
        "lon" : 8.6665605778,
        "time" : "20140721T130434+0200"
      }, {
        "lat" : 49.8824777294,
        "lon" : 8.6662108561,
        "time" : "20140721T130528+0200"
      } ]
    }, {
      "activity" : "transport",
      "group" : "transport",
      "manual" : false,
      "startTime" : "20140721T130528+0200",
      "endTime" : "20140721T131149+0200",
      "duration" : 381.0,
      "distance" : 957.0,
      "trackPoints" : [ {
        "lat" : 49.8824777294,
        "lon" : 8.6662108561,
        "time" : "20140721T130528+0200"
      }, {
        "lat" : 49.8822246859,
        "lon" : 8.6658845653,
        "time" : "20140721T130841+0200"
      }, {
        "lat" : 49.8822026705,
        "lon" : 8.6658819411,
        "time" : "20140721T130857+0200"
      }, {
        "lat" : 49.8759306138,
        "lon" : 8.6606066833,
        "time" : "20140721T131149+0200"
      } ]
    }, {
      "activity" : "walking",
      "group" : "walking",
      "manual" : false,
      "startTime" : "20140721T131149+0200",
      "endTime" : "20140721T132152+0200",
      "duration" : 603.0,
      "distance" : 600.0,
      "steps" : 973,
      "trackPoints" : [ {
        "lat" : 49.8759306138,
        "lon" : 8.6606066833,
        "time" : "20140721T131149+0200"
      }, {
        "lat" : 49.875782192,
        "lon" : 8.6604803924,
        "time" : "20140721T131207+0200"
      }, {
        "lat" : 49.8757055157,
        "lon" : 8.6601051572,
        "time" : "20140721T131226+0200"
      }, {
        "lat" : 49.8756743524,
        "lon" : 8.6600476054,
        "time" : "20140721T131334+0200"
      }, {
        "lat" : 49.8756838727,
        "lon" : 8.6600417272,
        "time" : "20140721T131354+0200"
      }, {
        "lat" : 49.8757147942,
        "lon" : 8.6599007684,
        "time" : "20140721T131414+0200"
      }, {
        "lat" : 49.876008361,
        "lon" : 8.6584143239,
        "time" : "20140721T131455+0200"
      }, {
        "lat" : 49.8761555778,
        "lon" : 8.6577138198,
        "time" : "20140721T131514+0200"
      }, {
        "lat" : 49.8762381591,
        "lon" : 8.6573951687,
        "time" : "20140721T131532+0200"
      }, {
        "lat" : 49.8762887709,
        "lon" : 8.6571875964,
        "time" : "20140721T131600+0200"
      }, {
        "lat" : 49.8761478901,
        "lon" : 8.6569193285,
        "time" : "20140721T131629+0200"
      }, {
        "lat" : 49.8760455346,
        "lon" : 8.656759255,
        "time" : "20140721T131646+0200"
      }, {
        "lat" : 49.8759261356,
        "lon" : 8.6565990247,
        "time" : "20140721T131703+0200"
      }, {
        "lat" : 49.875747136,
        "lon" : 8.6562280873,
        "time" : "20140721T131740+0200"
      }, {
        "lat" : 49.8756782218,
        "lon" : 8.6560788317,
        "time" : "20140721T131756+0200"
      }, {
        "lat" : 49.8756413438,
        "lon" : 8.6560132095,
        "time" : "20140721T131817+0200"
      }, {
        "lat" : 49.875689969,
        "lon" : 8.6561592829,
        "time" : "20140721T131837+0200"
      }, {
        "lat" : 49.8758616925,
        "lon" : 8.6566438792,
        "time" : "20140721T131854+0200"
      }, {
        "lat" : 49.8759892538,
        "lon" : 8.6568712283,
        "time" : "20140721T131912+0200"
      }, {
        "lat" : 49.8761218534,
        "lon" : 8.6569125771,
        "time" : "20140721T131954+0200"
      }, {
        "lat" : 49.8761618062,
        "lon" : 8.6569443263,
        "time" : "20140721T132010+0200"
      }, {
        "lat" : 49.8761999402,
        "lon" : 8.6569883464,
        "time" : "20140721T132036+0200"
      }, {
        "lat" : 49.876152446,
        "lon" : 8.6570260293,
        "time" : "20140721T132052+0200"
      }, {
        "lat" : 49.8758342519,
        "lon" : 8.657164368,
        "time" : "20140721T132132+0200"
      }, {
        "lat" : 49.876159775,
        "lon" : 8.6572254169,
        "time" : "20140721T132152+0200"
      } ]
    } ],
    "lastUpdate" : "20140721T114937Z"
  }, {
    "type" : "place",
    "startTime" : "20140721T132152+0200",
    "endTime" : "20140721T142802+0200",
    "place" : {
      "id" : 227346831,
      "type" : "unknown",
      "location" : {
        "lat" : 49.876159775,
        "lon" : 8.6572254169
      }
    },
    "activities" : [ {
      "activity" : "walking",
      "group" : "walking",
      "manual" : false,
      "startTime" : "20140721T132212+0200",
      "endTime" : "20140721T133105+0200",
      "duration" : 533.0,
      "distance" : 671.0,
      "steps" : 895,
      "trackPoints" : [ ]
    }, {
      "activity" : "walking",
      "group" : "walking",
      "manual" : false,
      "startTime" : "20140721T141851+0200",
      "endTime" : "20140721T142018+0200",
      "duration" : 87.0,
      "distance" : 73.0,
      "steps" : 147,
      "trackPoints" : [ ]
    } ],
    "lastUpdate" : "20140721T133534Z"
  }, {
    "type" : "move",
    "startTime" : "20140721T142802+0200",
    "endTime" : "20140721T144838+0200",
    "activities" : [ {
      "activity" : "walking",
      "group" : "walking",
      "manual" : false,
      "startTime" : "20140721T142802+0200",
      "endTime" : "20140721T144838+0200",
      "duration" : 1236.0,
      "distance" : 1446.0,
      "steps" : 2048,
      "trackPoints" : [ {
        "lat" : 49.876159775,
        "lon" : 8.6572254169,
        "time" : "20140721T142802+0200"
      }, {
        "lat" : 49.876398814,
        "lon" : 8.6569309816,
        "time" : "20140721T142835+0200"
      }, {
        "lat" : 49.8764278272,
        "lon" : 8.6569263806,
        "time" : "20140721T142856+0200"
      }, {
        "lat" : 49.8764378134,
        "lon" : 8.6569189851,
        "time" : "20140721T142912+0200"
      }, {
        "lat" : 49.8763967378,
        "lon" : 8.6568653449,
        "time" : "20140721T143011+0200"
      }, {
        "lat" : 49.8770022872,
        "lon" : 8.6571756119,
        "time" : "20140721T143126+0200"
      }, {
        "lat" : 49.8771736168,
        "lon" : 8.657286571,
        "time" : "20140721T143149+0200"
      }, {
        "lat" : 49.8773016099,
        "lon" : 8.6573939702,
        "time" : "20140721T143205+0200"
      }, {
        "lat" : 49.8774240318,
        "lon" : 8.6575341705,
        "time" : "20140721T143221+0200"
      }, {
        "lat" : 49.8775522418,
        "lon" : 8.6577627075,
        "time" : "20140721T143242+0200"
      }, {
        "lat" : 49.8775894025,
        "lon" : 8.6579312034,
        "time" : "20140721T143301+0200"
      }, {
        "lat" : 49.8781230387,
        "lon" : 8.6618554504,
        "time" : "20140721T143653+0200"
      }, {
        "lat" : 49.8782950893,
        "lon" : 8.6619766112,
        "time" : "20140721T143709+0200"
      }, {
        "lat" : 49.8805002018,
        "lon" : 8.6646157799,
        "time" : "20140721T144042+0200"
      }, {
        "lat" : 49.8807126312,
        "lon" : 8.6648032739,
        "time" : "20140721T144101+0200"
      }, {
        "lat" : 49.8807753615,
        "lon" : 8.6647993341,
        "time" : "20140721T144126+0200"
      }, {
        "lat" : 49.8807784189,
        "lon" : 8.664799169,
        "time" : "20140721T144144+0200"
      }, {
        "lat" : 49.880778754,
        "lon" : 8.6647993088,
        "time" : "20140721T144204+0200"
      }, {
        "lat" : 49.8807789411,
        "lon" : 8.6647993986,
        "time" : "20140721T144224+0200"
      }, {
        "lat" : 49.8807790899,
        "lon" : 8.6647997404,
        "time" : "20140721T144244+0200"
      }, {
        "lat" : 49.8807792966,
        "lon" : 8.6648002439,
        "time" : "20140721T144307+0200"
      }, {
        "lat" : 49.8807794691,
        "lon" : 8.6648008387,
        "time" : "20140721T144324+0200"
      }, {
        "lat" : 49.8807797512,
        "lon" : 8.6648019081,
        "time" : "20140721T144345+0200"
      }, {
        "lat" : 49.8807800931,
        "lon" : 8.6648033015,
        "time" : "20140721T144406+0200"
      }, {
        "lat" : 49.8807805768,
        "lon" : 8.6648054149,
        "time" : "20140721T144426+0200"
      }, {
        "lat" : 49.8807812919,
        "lon" : 8.6648086306,
        "time" : "20140721T144447+0200"
      }, {
        "lat" : 49.8807821489,
        "lon" : 8.6648125356,
        "time" : "20140721T144505+0200"
      }, {
        "lat" : 49.8807836034,
        "lon" : 8.6648192123,
        "time" : "20140721T144525+0200"
      }, {
        "lat" : 49.8807862276,
        "lon" : 8.6648312967,
        "time" : "20140721T144549+0200"
      }, {
        "lat" : 49.8807895447,
        "lon" : 8.6648465911,
        "time" : "20140721T144610+0200"
      }, {
        "lat" : 49.8818556464,
        "lon" : 8.6697703047,
        "time" : "20140721T144737+0200"
      }, {
        "lat" : 49.8819372296,
        "lon" : 8.6701480348,
        "time" : "20140721T144802+0200"
      }, {
        "lat" : 49.8819501903,
        "lon" : 8.6702066426,
        "time" : "20140721T144818+0200"
      }, {
        "lat" : 49.8819681239,
        "lon" : 8.6703339401,
        "time" : "20140721T144838+0200"
      } ]
    } ],
    "lastUpdate" : "20140721T133534Z"
  }, {
    "type" : "place",
    "startTime" : "20140721T144838+0200",
    "endTime" : "20140721T215029+0200",
    "place" : {
      "id" : 222568631,
      "type" : "unknown",
      "location" : {
        "lat" : 49.8819681239,
        "lon" : 8.6703339401
      }
    },
    "activities" : [ {
      "activity" : "walking",
      "group" : "walking",
      "manual" : false,
      "startTime" : "20140721T144838+0200",
      "endTime" : "20140721T144903+0200",
      "duration" : 25.0,
      "distance" : 17.0,
      "steps" : 34,
      "trackPoints" : [ ]
    } ],
    "lastUpdate" : "20140721T205008Z"
  }, {
    "type" : "move",
    "startTime" : "20140721T215029+0200",
    "endTime" : "20140721T215657+0200",
    "activities" : [ {
      "activity" : "walking",
      "group" : "walking",
      "manual" : false,
      "startTime" : "20140721T215029+0200",
      "endTime" : "20140721T215658+0200",
      "duration" : 389.0,
      "distance" : 348.0,
      "steps" : 696,
      "trackPoints" : [ {
        "lat" : 49.8819681239,
        "lon" : 8.6703339401,
        "time" : "20140721T215029+0200"
      }, {
        "lat" : 49.8820091377,
        "lon" : 8.670191291,
        "time" : "20140721T215049+0200"
      }, {
        "lat" : 49.8819751142,
        "lon" : 8.6702116754,
        "time" : "20140721T215123+0200"
      }, {
        "lat" : 49.8819825211,
        "lon" : 8.6702089633,
        "time" : "20140721T215147+0200"
      }, {
        "lat" : 49.8819934641,
        "lon" : 8.6702055096,
        "time" : "20140721T215208+0200"
      }, {
        "lat" : 49.8820124726,
        "lon" : 8.6702003322,
        "time" : "20140721T215232+0200"
      }, {
        "lat" : 49.8820641787,
        "lon" : 8.6701850396,
        "time" : "20140721T215309+0200"
      }, {
        "lat" : 49.8820809408,
        "lon" : 8.6701782979,
        "time" : "20140721T215326+0200"
      }, {
        "lat" : 49.8820879112,
        "lon" : 8.6701710078,
        "time" : "20140721T215344+0200"
      }, {
        "lat" : 49.8820883088,
        "lon" : 8.6701625024,
        "time" : "20140721T215408+0200"
      }, {
        "lat" : 49.8820877759,
        "lon" : 8.6701556584,
        "time" : "20140721T215426+0200"
      }, {
        "lat" : 49.8820885285,
        "lon" : 8.6701485299,
        "time" : "20140721T215442+0200"
      }, {
        "lat" : 49.8820882814,
        "lon" : 8.6701440353,
        "time" : "20140721T215457+0200"
      }, {
        "lat" : 49.8820801152,
        "lon" : 8.6701538561,
        "time" : "20140721T215514+0200"
      }, {
        "lat" : 49.8822125425,
        "lon" : 8.6699187924,
        "time" : "20140721T215530+0200"
      }, {
        "lat" : 49.8823383164,
        "lon" : 8.6696879099,
        "time" : "20140721T215547+0200"
      }, {
        "lat" : 49.8824329016,
        "lon" : 8.6694932812,
        "time" : "20140721T215607+0200"
      }, {
        "lat" : 49.8826184068,
        "lon" : 8.6690502717,
        "time" : "20140721T215637+0200"
      }, {
        "lat" : 49.8829100725,
        "lon" : 8.6682008619,
        "time" : "20140721T215657+0200"
      } ]
    } ],
    "lastUpdate" : "20140721T205008Z"
  }, {
    "type" : "place",
    "startTime" : "20140721T215657+0200",
    "endTime" : "20140722T002534+0200",
    "place" : {
      "id" : 223509887,
      "type" : "unknown",
      "location" : {
        "lat" : 49.8829100725,
        "lon" : 8.6682008619
      }
    },
    "activities" : [ {
      "activity" : "walking",
      "group" : "walking",
      "manual" : false,
      "startTime" : "20140721T215710+0200",
      "endTime" : "20140721T215715+0200",
      "duration" : 5.0,
      "distance" : 3.0,
      "steps" : 6,
      "trackPoints" : [ ]
    }, {
      "activity" : "walking",
      "group" : "walking",
      "manual" : false,
      "startTime" : "20140721T220344+0200",
      "endTime" : "20140721T220424+0200",
      "duration" : 40.0,
      "distance" : 27.0,
      "steps" : 53,
      "trackPoints" : [ ]
    } ],
    "lastUpdate" : "20140722T002339Z"
  } ],
  "lastUpdate" : "20140722T002339Z"
} ]