[ {
  "date" : "20140831",
  "summary" : [ {
    "activity" : "walking",
    "group" : "walking",
    "duration" : 563.0,
    "distance" : 522.0,
    "steps" : 774
  }, {
    "activity" : "cycling",
    "group" : "cycling",
    "duration" : 2197.0,
    "distance" : 8284.0
  } ],
  "segments" : [ {
    "type" : "place",
    "startTime" : "20140830T102403+0200",
    "endTime" : "20140831T193134+0200",
    "place" : {
      "id" : 251291724,
      "name" : "Home",
      "type" : "home",
      "location" : {
        "lat" : 49.8819996044,
        "lon" : 8.6702592175
      }
    },
    "activities" : [ {
      "activity" : "walking",
      "group" : "walking",
      "manual" : false,
      "startTime" : "20140831T002707+0200",
      "endTime" : "20140831T002712+0200",
      "duration" : 5.0,
      "distance" : 4.0,
      "steps" : 7,
      "trackPoints" : [ ]
    }, {
      "activity" : "walking",
      "group" : "walking",
      "manual" : false,
      "startTime" : "20140831T100908+0200",
      "endTime" : "20140831T100944+0200",
      "duration" : 36.0,
      "distance" : 24.0,
      "steps" : 49,
      "trackPoints" : [ ]
    }, {
      "activity" : "walking",
      "group" : "walking",
      "manual" : false,
      "startTime" : "20140831T123554+0200",
      "endTime" : "20140831T123555+0200",
      "duration" : 1.0,
      "distance" : 1.0,
      "steps" : 1,
      "trackPoints" : [ ]
    }, {
      "activity" : "walking",
      "group" : "walking",
      "manual" : false,
      "startTime" : "20140831T145544+0200",
      "endTime" : "20140831T145545+0200",
      "duration" : 1.0,
      "distance" : 1.0,
      "steps" : 1,
      "trackPoints" : [ ]
    }, {
      "activity" : "walking",
      "group" : "walking",
      "manual" : false,
      "startTime" : "20140831T150006+0200",
      "endTime" : "20140831T150011+0200",
      "duration" : 5.0,
      "distance" : 4.0,
      "steps" : 7,
      "trackPoints" : [ ]
    }, {
      "activity" : "walking",
      "group" : "walking",
      "manual" : false,
      "startTime" : "20140831T170430+0200",
      "endTime" : "20140831T170519+0200",
      "duration" : 49.0,
      "distance" : 33.0,
      "steps" : 65,
      "trackPoints" : [ ]
    }, {
      "activity" : "walking",
      "group" : "walking",
      "manual" : false,
      "startTime" : "20140831T192846+0200",
      "endTime" : "20140831T192942+0200",
      "duration" : 56.0,
      "distance" : 39.0,
      "steps" : 78,
      "trackPoints" : [ ]
    } ],
    "lastUpdate" : "20140831T184927Z"
  }, {
    "type" : "move",
    "startTime" : "20140831T193134+0200",
    "endTime" : "20140831T200811+0200",
    "activities" : [ {
      "activity" : "cycling",
      "group" : "cycling",
      "manual" : false,
      "startTime" : "20140831T193134+0200",
      "endTime" : "20140831T200811+0200",
      "duration" : 2197.0,
      "distance" : 8284.0,
      "trackPoints" : [ {
        "lat" : 49.8819681239,
        "lon" : 8.6703339401,
        "time" : "20140831T193134+0200"
      }, {
        "lat" : 49.8823368328,
        "lon" : 8.6699961841,
        "time" : "20140831T193157+0200"
      }, {
        "lat" : 49.8825589869,
        "lon" : 8.6683677692,
        "time" : "20140831T193215+0200"
      }, {
        "lat" : 49.8828763916,
        "lon" : 8.6665361216,
        "time" : "20140831T193235+0200"
      }, {
        "lat" : 49.8835839488,
        "lon" : 8.6667313625,
        "time" : "20140831T193254+0200"
      }, {
        "lat" : 49.8847538771,
        "lon" : 8.6680172796,
        "time" : "20140831T193320+0200"
      }, {
        "lat" : 49.8857696972,
        "lon" : 8.6691902345,
        "time" : "20140831T193347+0200"
      }, {
        "lat" : 49.8865869751,
        "lon" : 8.669695351,
        "time" : "20140831T193404+0200"
      }, {
        "lat" : 49.8875189159,
        "lon" : 8.6699150541,
        "time" : "20140831T193421+0200"
      }, {
        "lat" : 49.888696189,
        "lon" : 8.6707744954,
        "time" : "20140831T193444+0200"
      }, {
        "lat" : 49.8897406581,
        "lon" : 8.6716399059,
        "time" : "20140831T193503+0200"
      }, {
        "lat" : 49.8904669704,
        "lon" : 8.6724842224,
        "time" : "20140831T193519+0200"
      }, {
        "lat" : 49.8913715955,
        "lon" : 8.6735672319,
        "time" : "20140831T193539+0200"
      }, {
        "lat" : 49.8923462136,
        "lon" : 8.6746522453,
        "time" : "20140831T193555+0200"
      }, {
        "lat" : 49.8931743718,
        "lon" : 8.6756410215,
        "time" : "20140831T193611+0200"
      }, {
        "lat" : 49.8938320381,
        "lon" : 8.676371424,
        "time" : "20140831T193630+0200"
      }, {
        "lat" : 49.8943175294,
        "lon" : 8.6770440138,
        "time" : "20140831T193649+0200"
      }, {
        "lat" : 49.8945933818,
        "lon" : 8.6777644732,
        "time" : "20140831T193704+0200"
      }, {
        "lat" : 49.8947575374,
        "lon" : 8.6787199202,
        "time" : "20140831T193720+0200"
      }, {
        "lat" : 49.895089868,
        "lon" : 8.6805115689,
        "time" : "20140831T193749+0200"
      }, {
        "lat" : 49.8952722546,
        "lon" : 8.6818470644,
        "time" : "20140831T193813+0200"
      }, {
        "lat" : 49.8954975057,
        "lon" : 8.6837813434,
        "time" : "20140831T193842+0200"
      }, {
        "lat" : 49.895577662,
        "lon" : 8.6849366089,
        "time" : "20140831T193859+0200"
      }, {
        "lat" : 49.8957442679,
        "lon" : 8.6864137297,
        "time" : "20140831T193926+0200"
      }, {
        "lat" : 49.8958521696,
        "lon" : 8.6871363805,
        "time" : "20140831T193941+0200"
      }, {
        "lat" : 49.8961918658,
        "lon" : 8.6893645923,
        "time" : "20140831T194012+0200"
      }, {
        "lat" : 49.8967163624,
        "lon" : 8.6906374321,
        "time" : "20140831T194032+0200"
      }, {
        "lat" : 49.8973725226,
        "lon" : 8.691787836,
        "time" : "20140831T194051+0200"
      }, {
        "lat" : 49.8981673858,
        "lon" : 8.6929619915,
        "time" : "20140831T194113+0200"
      }, {
        "lat" : 49.89881697,
        "lon" : 8.6937582025,
        "time" : "20140831T194136+0200"
      }, {
        "lat" : 49.8994324143,
        "lon" : 8.6945111686,
        "time" : "20140831T194156+0200"
      }, {
        "lat" : 49.8997496081,
        "lon" : 8.695044088,
        "time" : "20140831T194211+0200"
      }, {
        "lat" : 49.899865414,
        "lon" : 8.6966363691,
        "time" : "20140831T194240+0200"
      }, {
        "lat" : 49.8997605615,
        "lon" : 8.6973268529,
        "time" : "20140831T194256+0200"
      }, {
        "lat" : 49.8996029365,
        "lon" : 8.6975683796,
        "time" : "20140831T194323+0200"
      }, {
        "lat" : 49.8995657998,
        "lon" : 8.697524098,
        "time" : "20140831T194349+0200"
      }, {
        "lat" : 49.899314413,
        "lon" : 8.6974648563,
        "time" : "20140831T194406+0200"
      }, {
        "lat" : 49.8989391041,
        "lon" : 8.6975948205,
        "time" : "20140831T194425+0200"
      }, {
        "lat" : 49.898887032,
        "lon" : 8.6976574744,
        "time" : "20140831T194450+0200"
      }, {
        "lat" : 49.898928379,
        "lon" : 8.6976535139,
        "time" : "20140831T194510+0200"
      }, {
        "lat" : 49.8996773372,
        "lon" : 8.6979394577,
        "time" : "20140831T194536+0200"
      }, {
        "lat" : 49.8998945576,
        "lon" : 8.699018876,
        "time" : "20140831T194556+0200"
      }, {
        "lat" : 49.9001216999,
        "lon" : 8.7000588495,
        "time" : "20140831T194614+0200"
      }, {
        "lat" : 49.9002990719,
        "lon" : 8.7007007485,
        "time" : "20140831T194632+0200"
      }, {
        "lat" : 49.9005099919,
        "lon" : 8.7011642775,
        "time" : "20140831T194647+0200"
      }, {
        "lat" : 49.9003993922,
        "lon" : 8.7017573441,
        "time" : "20140831T194709+0200"
      }, {
        "lat" : 49.8996384913,
        "lon" : 8.7018906735,
        "time" : "20140831T194726+0200"
      }, {
        "lat" : 49.8991602991,
        "lon" : 8.7013592434,
        "time" : "20140831T194741+0200"
      }, {
        "lat" : 49.898613651,
        "lon" : 8.7009137097,
        "time" : "20140831T194801+0200"
      }, {
        "lat" : 49.8981687002,
        "lon" : 8.7015161796,
        "time" : "20140831T194819+0200"
      }, {
        "lat" : 49.8978302255,
        "lon" : 8.7019981572,
        "time" : "20140831T194835+0200"
      }, {
        "lat" : 49.8972776766,
        "lon" : 8.7028367535,
        "time" : "20140831T194856+0200"
      }, {
        "lat" : 49.8968459008,
        "lon" : 8.7033098464,
        "time" : "20140831T194915+0200"
      }, {
        "lat" : 49.8966550397,
        "lon" : 8.7022625789,
        "time" : "20140831T194937+0200"
      }, {
        "lat" : 49.8965314762,
        "lon" : 8.7012708672,
        "time" : "20140831T194956+0200"
      }, {
        "lat" : 49.896405109,
        "lon" : 8.700674522,
        "time" : "20140831T195011+0200"
      }, {
        "lat" : 49.8963468356,
        "lon" : 8.700104863,
        "time" : "20140831T195029+0200"
      }, {
        "lat" : 49.8963221784,
        "lon" : 8.6998186329,
        "time" : "20140831T195044+0200"
      }, {
        "lat" : 49.8963291303,
        "lon" : 8.6995753811,
        "time" : "20140831T195105+0200"
      }, {
        "lat" : 49.8963478525,
        "lon" : 8.6992747844,
        "time" : "20140831T195127+0200"
      }, {
        "lat" : 49.8964352157,
        "lon" : 8.6982652551,
        "time" : "20140831T195213+0200"
      }, {
        "lat" : 49.8964623196,
        "lon" : 8.6978645381,
        "time" : "20140831T195230+0200"
      }, {
        "lat" : 49.8965158858,
        "lon" : 8.6971411892,
        "time" : "20140831T195250+0200"
      }, {
        "lat" : 49.8965722396,
        "lon" : 8.6965402402,
        "time" : "20140831T195311+0200"
      }, {
        "lat" : 49.8965680408,
        "lon" : 8.6959465384,
        "time" : "20140831T195327+0200"
      }, {
        "lat" : 49.8965295471,
        "lon" : 8.6954425864,
        "time" : "20140831T195344+0200"
      }, {
        "lat" : 49.8965406296,
        "lon" : 8.6951246053,
        "time" : "20140831T195401+0200"
      }, {
        "lat" : 49.8964539757,
        "lon" : 8.6950439427,
        "time" : "20140831T195431+0200"
      }, {
        "lat" : 49.8958922733,
        "lon" : 8.694661242,
        "time" : "20140831T195449+0200"
      }, {
        "lat" : 49.8942045317,
        "lon" : 8.6945136144,
        "time" : "20140831T195517+0200"
      }, {
        "lat" : 49.8933104567,
        "lon" : 8.6955856451,
        "time" : "20140831T195539+0200"
      }, {
        "lat" : 49.8927845919,
        "lon" : 8.6963001295,
        "time" : "20140831T195555+0200"
      }, {
        "lat" : 49.8926277357,
        "lon" : 8.6961672419,
        "time" : "20140831T195625+0200"
      }, {
        "lat" : 49.8923968986,
        "lon" : 8.6954692513,
        "time" : "20140831T195658+0200"
      }, {
        "lat" : 49.8919652627,
        "lon" : 8.6943103049,
        "time" : "20140831T195717+0200"
      }, {
        "lat" : 49.8916648069,
        "lon" : 8.6935957397,
        "time" : "20140831T195737+0200"
      }, {
        "lat" : 49.8915781759,
        "lon" : 8.6933190058,
        "time" : "20140831T195804+0200"
      }, {
        "lat" : 49.8915421346,
        "lon" : 8.693135416,
        "time" : "20140831T195819+0200"
      }, {
        "lat" : 49.891311787,
        "lon" : 8.6915550143,
        "time" : "20140831T195850+0200"
      }, {
        "lat" : 49.8912845757,
        "lon" : 8.6905623767,
        "time" : "20140831T195908+0200"
      }, {
        "lat" : 49.8911862182,
        "lon" : 8.6892879986,
        "time" : "20140831T195932+0200"
      }, {
        "lat" : 49.8911547268,
        "lon" : 8.6885177619,
        "time" : "20140831T195948+0200"
      }, {
        "lat" : 49.8911226094,
        "lon" : 8.6880125031,
        "time" : "20140831T195959+0200"
      }, {
        "lat" : 49.891122582,
        "lon" : 8.6880120733,
        "time" : "20140831T200000+0200"
      }, {
        "lat" : 49.8910891066,
        "lon" : 8.6874854504,
        "time" : "20140831T200012+0200"
      }, {
        "lat" : 49.8909583731,
        "lon" : 8.6865490072,
        "time" : "20140831T200029+0200"
      }, {
        "lat" : 49.8909278461,
        "lon" : 8.6857518618,
        "time" : "20140831T200045+0200"
      }, {
        "lat" : 49.8909045788,
        "lon" : 8.6850420954,
        "time" : "20140831T200104+0200"
      }, {
        "lat" : 49.8907787886,
        "lon" : 8.6843686966,
        "time" : "20140831T200120+0200"
      }, {
        "lat" : 49.8907444147,
        "lon" : 8.6836018695,
        "time" : "20140831T200137+0200"
      }, {
        "lat" : 49.8906571746,
        "lon" : 8.6819266286,
        "time" : "20140831T200158+0200"
      }, {
        "lat" : 49.8904932059,
        "lon" : 8.6793806951,
        "time" : "20140831T200215+0200"
      }, {
        "lat" : 49.8901134342,
        "lon" : 8.6771367029,
        "time" : "20140831T200244+0200"
      }, {
        "lat" : 49.8895377127,
        "lon" : 8.6773285416,
        "time" : "20140831T200304+0200"
      }, {
        "lat" : 49.8890742801,
        "lon" : 8.677516582,
        "time" : "20140831T200320+0200"
      }, {
        "lat" : 49.8885512726,
        "lon" : 8.6776705721,
        "time" : "20140831T200336+0200"
      }, {
        "lat" : 49.8883781331,
        "lon" : 8.6764746927,
        "time" : "20140831T200354+0200"
      }, {
        "lat" : 49.8880581545,
        "lon" : 8.6754700739,
        "time" : "20140831T200410+0200"
      }, {
        "lat" : 49.8870424454,
        "lon" : 8.6749564926,
        "time" : "20140831T200435+0200"
      }, {
        "lat" : 49.8865073131,
        "lon" : 8.6745473457,
        "time" : "20140831T200452+0200"
      }, {
        "lat" : 49.8859866536,
        "lon" : 8.6741536287,
        "time" : "20140831T200510+0200"
      }, {
        "lat" : 49.8858500039,
        "lon" : 8.6737705273,
        "time" : "20140831T200526+0200"
      }, {
        "lat" : 49.8852535186,
        "lon" : 8.672973486,
        "time" : "20140831T200553+0200"
      }, {
        "lat" : 49.8846177404,
        "lon" : 8.6724729228,
        "time" : "20140831T200609+0200"
      }, {
        "lat" : 49.8843431262,
        "lon" : 8.6722705368,
        "time" : "20140831T200627+0200"
      }, {
        "lat" : 49.8832042525,
        "lon" : 8.6714499246,
        "time" : "20140831T200656+0200"
      }, {
        "lat" : 49.8827924181,
        "lon" : 8.67083812,
        "time" : "20140831T200721+0200"
      }, {
        "lat" : 49.882775214,
        "lon" : 8.6694646866,
        "time" : "20140831T200741+0200"
      }, {
        "lat" : 49.8826210232,
        "lon" : 8.6675185755,
        "time" : "20140831T200811+0200"
      } ]
    } ],
    "lastUpdate" : "20140831T184907Z"
  }, {
    "type" : "place",
    "startTime" : "20140831T200811+0200",
    "endTime" : "20140901T165840+0200",
    "place" : {
      "id" : 223135125,
      "name" : "Volleyball field of Karlshof",
      "type" : "user",
      "location" : {
        "lat" : 49.8826210232,
        "lon" : 8.6675185755
      }
    },
    "activities" : [ {
      "activity" : "walking",
      "group" : "walking",
      "manual" : false,
      "startTime" : "20140831T200827+0200",
      "endTime" : "20140831T201444+0200",
      "duration" : 377.0,
      "distance" : 399.0,
      "steps" : 532,
      "trackPoints" : [ ]
    }, {
      "activity" : "walking",
      "group" : "walking",
      "manual" : false,
      "startTime" : "20140831T211631+0200",
      "endTime" : "20140831T211634+0200",
      "duration" : 3.0,
      "distance" : 2.0,
      "steps" : 4,
      "trackPoints" : [ ]
    }, {
      "activity" : "walking",
      "group" : "walking",
      "manual" : false,
      "startTime" : "20140831T234145+0200",
      "endTime" : "20140831T234215+0200",
      "duration" : 30.0,
      "distance" : 15.0,
      "steps" : 30,
      "trackPoints" : [ ]
    } ],
    "lastUpdate" : "20140901T180045Z"
  } ],
  "lastUpdate" : "20140901T180045Z"
} ]