[ {
  "date" : "20141029",
  "summary" : [ {
    "activity" : "walking",
    "group" : "walking",
    "duration" : 3841.0,
    "distance" : 4923.0,
    "steps" : 6348
  }, {
    "activity" : "transport",
    "group" : "transport",
    "duration" : 2042.0,
    "distance" : 6554.0
  } ],
  "segments" : [ {
    "type" : "place",
    "startTime" : "20141028T191314+0100",
    "endTime" : "20141029T032944+0100",
    "place" : {
      "id" : 251291724,
      "name" : "Home",
      "type" : "home",
      "location" : {
        "lat" : 49.8819996044,
        "lon" : 8.6702592175
      }
    },
    "lastUpdate" : "20141029T103318Z"
  }, {
    "type" : "place",
    "startTime" : "20141029T083403+0100",
    "endTime" : "20141029T101616+0100",
    "place" : {
      "id" : 251291724,
      "name" : "Home",
      "type" : "home",
      "location" : {
        "lat" : 49.8819996044,
        "lon" : 8.6702592175
      }
    },
    "activities" : [ {
      "activity" : "walking",
      "group" : "walking",
      "manual" : false,
      "startTime" : "20141029T100851+0100",
      "endTime" : "20141029T100929+0100",
      "duration" : 38.0,
      "distance" : 26.0,
      "steps" : 52,
      "trackPoints" : [ ]
    } ],
    "lastUpdate" : "20141029T103318Z"
  }, {
    "type" : "move",
    "startTime" : "20141029T101616+0100",
    "endTime" : "20141029T103024+0100",
    "activities" : [ {
      "activity" : "walking",
      "group" : "walking",
      "manual" : false,
      "startTime" : "20141029T101616+0100",
      "endTime" : "20141029T102054+0100",
      "duration" : 278.0,
      "distance" : 372.0,
      "steps" : 461,
      "trackPoints" : [ {
        "lat" : 49.8819996044,
        "lon" : 8.6702592175,
        "time" : "20141029T101616+0100"
      }, {
        "lat" : 49.8820062215,
        "lon" : 8.6702027166,
        "time" : "20141029T101636+0100"
      }, {
        "lat" : 49.8820070214,
        "lon" : 8.6702032029,
        "time" : "20141029T101657+0100"
      }, {
        "lat" : 49.8820126109,
        "lon" : 8.6701888808,
        "time" : "20141029T101718+0100"
      }, {
        "lat" : 49.8820190843,
        "lon" : 8.6701717627,
        "time" : "20141029T101734+0100"
      }, {
        "lat" : 49.8820281594,
        "lon" : 8.6701471371,
        "time" : "20141029T101752+0100"
      }, {
        "lat" : 49.882040706,
        "lon" : 8.6701109636,
        "time" : "20141029T101813+0100"
      }, {
        "lat" : 49.8820597833,
        "lon" : 8.6700450414,
        "time" : "20141029T101833+0100"
      }, {
        "lat" : 49.8823749583,
        "lon" : 8.6687440149,
        "time" : "20141029T101914+0100"
      }, {
        "lat" : 49.8826576721,
        "lon" : 8.6673071074,
        "time" : "20141029T101956+0100"
      }, {
        "lat" : 49.8827206406,
        "lon" : 8.6666701709,
        "time" : "20141029T102016+0100"
      }, {
        "lat" : 49.8826447038,
        "lon" : 8.6660539974,
        "time" : "20141029T102038+0100"
      }, {
        "lat" : 49.8825032136,
        "lon" : 8.6659139403,
        "time" : "20141029T102054+0100"
      } ]
    }, {
      "activity" : "transport",
      "group" : "transport",
      "manual" : false,
      "startTime" : "20141029T102054+0100",
      "endTime" : "20141029T102627+0100",
      "duration" : 333.0,
      "distance" : 866.0,
      "trackPoints" : [ {
        "lat" : 49.8825032136,
        "lon" : 8.6659139403,
        "time" : "20141029T102054+0100"
      }, {
        "lat" : 49.8818516027,
        "lon" : 8.6656385555,
        "time" : "20141029T102316+0100"
      }, {
        "lat" : 49.8817646935,
        "lon" : 8.6655693456,
        "time" : "20141029T102334+0100"
      }, {
        "lat" : 49.8817431593,
        "lon" : 8.6655522913,
        "time" : "20141029T102355+0100"
      }, {
        "lat" : 49.8806256023,
        "lon" : 8.6645184243,
        "time" : "20141029T102433+0100"
      }, {
        "lat" : 49.8781150948,
        "lon" : 8.6616769897,
        "time" : "20141029T102527+0100"
      }, {
        "lat" : 49.8779073066,
        "lon" : 8.6615036617,
        "time" : "20141029T102547+0100"
      }, {
        "lat" : 49.877901763,
        "lon" : 8.6614879323,
        "time" : "20141029T102608+0100"
      }, {
        "lat" : 49.8765714054,
        "lon" : 8.6612816492,
        "time" : "20141029T102627+0100"
      } ]
    }, {
      "activity" : "walking",
      "group" : "walking",
      "manual" : false,
      "startTime" : "20141029T102627+0100",
      "endTime" : "20141029T103024+0100",
      "duration" : 237.0,
      "distance" : 328.0,
      "steps" : 394,
      "trackPoints" : [ {
        "lat" : 49.8765714054,
        "lon" : 8.6612816492,
        "time" : "20141029T102627+0100"
      }, {
        "lat" : 49.8760936338,
        "lon" : 8.661106371,
        "time" : "20141029T102703+0100"
      }, {
        "lat" : 49.8759638725,
        "lon" : 8.6610323024,
        "time" : "20141029T102723+0100"
      }, {
        "lat" : 49.8753300199,
        "lon" : 8.6605156407,
        "time" : "20141029T102803+0100"
      }, {
        "lat" : 49.8751842248,
        "lon" : 8.6604002769,
        "time" : "20141029T102823+0100"
      }, {
        "lat" : 49.8751066267,
        "lon" : 8.6603763186,
        "time" : "20141029T102843+0100"
      }, {
        "lat" : 49.8743552361,
        "lon" : 8.6604646159,
        "time" : "20141029T102924+0100"
      }, {
        "lat" : 49.8741826132,
        "lon" : 8.6604846853,
        "time" : "20141029T102945+0100"
      }, {
        "lat" : 49.8741642505,
        "lon" : 8.6604805019,
        "time" : "20141029T103003+0100"
      }, {
        "lat" : 49.8742715717,
        "lon" : 8.6605648722,
        "time" : "20141029T103024+0100"
      } ]
    } ],
    "lastUpdate" : "20141029T103318Z"
  }, {
    "type" : "place",
    "startTime" : "20141029T103024+0100",
    "endTime" : "20141029T113439+0100",
    "place" : {
      "id" : 227329234,
      "name" : "KOM Lab",
      "type" : "work",
      "location" : {
        "lat" : 49.8742715717,
        "lon" : 8.6605648722
      }
    },
    "activities" : [ {
      "activity" : "walking",
      "group" : "walking",
      "manual" : false,
      "startTime" : "20141029T113238+0100",
      "endTime" : "20141029T113339+0100",
      "duration" : 61.0,
      "distance" : 43.0,
      "steps" : 85,
      "trackPoints" : [ ]
    } ],
    "lastUpdate" : "20141029T120448Z"
  }, {
    "type" : "move",
    "startTime" : "20141029T113439+0100",
    "endTime" : "20141029T114251+0100",
    "activities" : [ {
      "activity" : "walking",
      "group" : "walking",
      "manual" : false,
      "startTime" : "20141029T113439+0100",
      "endTime" : "20141029T114251+0100",
      "duration" : 492.0,
      "distance" : 528.0,
      "steps" : 827,
      "trackPoints" : [ {
        "lat" : 49.8742715717,
        "lon" : 8.6605648722,
        "time" : "20141029T113439+0100"
      }, {
        "lat" : 49.8742072693,
        "lon" : 8.6603455922,
        "time" : "20141029T113459+0100"
      }, {
        "lat" : 49.8741945741,
        "lon" : 8.6603141348,
        "time" : "20141029T113519+0100"
      }, {
        "lat" : 49.8741965856,
        "lon" : 8.6603392183,
        "time" : "20141029T113540+0100"
      }, {
        "lat" : 49.8741027177,
        "lon" : 8.660016721,
        "time" : "20141029T113600+0100"
      }, {
        "lat" : 49.8740201985,
        "lon" : 8.659655258,
        "time" : "20141029T113627+0100"
      }, {
        "lat" : 49.8740102567,
        "lon" : 8.6594374794,
        "time" : "20141029T113647+0100"
      }, {
        "lat" : 49.8740681228,
        "lon" : 8.6592465283,
        "time" : "20141029T113707+0100"
      }, {
        "lat" : 49.8747966671,
        "lon" : 8.6585519708,
        "time" : "20141029T113752+0100"
      }, {
        "lat" : 49.8749878071,
        "lon" : 8.6584079503,
        "time" : "20141029T113812+0100"
      }, {
        "lat" : 49.8751407064,
        "lon" : 8.6583609151,
        "time" : "20141029T113832+0100"
      }, {
        "lat" : 49.8753175655,
        "lon" : 8.6583203373,
        "time" : "20141029T113852+0100"
      }, {
        "lat" : 49.8754079529,
        "lon" : 8.6582451852,
        "time" : "20141029T113913+0100"
      }, {
        "lat" : 49.8757300305,
        "lon" : 8.6578276548,
        "time" : "20141029T113940+0100"
      }, {
        "lat" : 49.8759628141,
        "lon" : 8.6576719922,
        "time" : "20141029T114000+0100"
      }, {
        "lat" : 49.8761771128,
        "lon" : 8.6575441891,
        "time" : "20141029T114030+0100"
      }, {
        "lat" : 49.8763400514,
        "lon" : 8.6574030789,
        "time" : "20141029T114052+0100"
      }, {
        "lat" : 49.8766486848,
        "lon" : 8.65707292,
        "time" : "20141029T114112+0100"
      }, {
        "lat" : 49.876787258,
        "lon" : 8.6569018685,
        "time" : "20141029T114132+0100"
      }, {
        "lat" : 49.8767929543,
        "lon" : 8.6568680984,
        "time" : "20141029T114152+0100"
      }, {
        "lat" : 49.8767497578,
        "lon" : 8.6568641912,
        "time" : "20141029T114213+0100"
      }, {
        "lat" : 49.8767101013,
        "lon" : 8.6568669783,
        "time" : "20141029T114231+0100"
      }, {
        "lat" : 49.8763206317,
        "lon" : 8.6568254738,
        "time" : "20141029T114251+0100"
      } ]
    } ],
    "lastUpdate" : "20141029T120448Z"
  }, {
    "type" : "place",
    "startTime" : "20141029T114251+0100",
    "endTime" : "20141029T132141+0100",
    "place" : {
      "id" : 223174315,
      "type" : "unknown",
      "location" : {
        "lat" : 49.8763206317,
        "lon" : 8.6568254738
      }
    },
    "activities" : [ {
      "activity" : "walking",
      "group" : "walking",
      "manual" : false,
      "startTime" : "20141029T131808+0100",
      "endTime" : "20141029T132011+0100",
      "duration" : 123.0,
      "distance" : 145.0,
      "steps" : 194,
      "trackPoints" : [ ]
    } ],
    "lastUpdate" : "20141029T133622Z"
  }, {
    "type" : "move",
    "startTime" : "20141029T132141+0100",
    "endTime" : "20141029T133321+0100",
    "activities" : [ {
      "activity" : "walking",
      "group" : "walking",
      "manual" : false,
      "startTime" : "20141029T132141+0100",
      "endTime" : "20141029T133321+0100",
      "duration" : 700.0,
      "distance" : 1053.0,
      "steps" : 1075,
      "trackPoints" : [ {
        "lat" : 49.8763206317,
        "lon" : 8.6568254738,
        "time" : "20141029T132141+0100"
      }, {
        "lat" : 49.8771843813,
        "lon" : 8.6563961306,
        "time" : "20141029T132200+0100"
      }, {
        "lat" : 49.8771796308,
        "lon" : 8.6563603481,
        "time" : "20141029T132220+0100"
      }, {
        "lat" : 49.8771694394,
        "lon" : 8.6563122139,
        "time" : "20141029T132242+0100"
      }, {
        "lat" : 49.87716198,
        "lon" : 8.6562767149,
        "time" : "20141029T132258+0100"
      }, {
        "lat" : 49.8771518585,
        "lon" : 8.6562230427,
        "time" : "20141029T132323+0100"
      }, {
        "lat" : 49.8771571579,
        "lon" : 8.6561902858,
        "time" : "20141029T132341+0100"
      }, {
        "lat" : 49.8771761466,
        "lon" : 8.6561618197,
        "time" : "20141029T132403+0100"
      }, {
        "lat" : 49.8772140294,
        "lon" : 8.6561616455,
        "time" : "20141029T132435+0100"
      }, {
        "lat" : 49.8771447482,
        "lon" : 8.6560613509,
        "time" : "20141029T132457+0100"
      }, {
        "lat" : 49.8770021912,
        "lon" : 8.6558903377,
        "time" : "20141029T132522+0100"
      }, {
        "lat" : 49.8768281428,
        "lon" : 8.655699753,
        "time" : "20141029T132542+0100"
      }, {
        "lat" : 49.8765682864,
        "lon" : 8.6554249753,
        "time" : "20141029T132604+0100"
      }, {
        "lat" : 49.8763416079,
        "lon" : 8.6552511556,
        "time" : "20141029T132621+0100"
      }, {
        "lat" : 49.8759952119,
        "lon" : 8.6550921276,
        "time" : "20141029T132641+0100"
      }, {
        "lat" : 49.8756839897,
        "lon" : 8.6546169359,
        "time" : "20141029T132728+0100"
      }, {
        "lat" : 49.8753377149,
        "lon" : 8.6543715556,
        "time" : "20141029T132808+0100"
      }, {
        "lat" : 49.8751456101,
        "lon" : 8.6544882025,
        "time" : "20141029T132823+0100"
      }, {
        "lat" : 49.8747729368,
        "lon" : 8.6540978812,
        "time" : "20141029T132858+0100"
      }, {
        "lat" : 49.8745632024,
        "lon" : 8.6538643584,
        "time" : "20141029T132919+0100"
      }, {
        "lat" : 49.8744513104,
        "lon" : 8.6537212782,
        "time" : "20141029T132939+0100"
      }, {
        "lat" : 49.8739544297,
        "lon" : 8.652420901,
        "time" : "20141029T133033+0100"
      }, {
        "lat" : 49.87403275,
        "lon" : 8.6517907,
        "time" : "20141029T133049+0100"
      }, {
        "lat" : 49.8740838511,
        "lon" : 8.6513612122,
        "time" : "20141029T133109+0100"
      }, {
        "lat" : 49.8740975289,
        "lon" : 8.6512116869,
        "time" : "20141029T133128+0100"
      }, {
        "lat" : 49.8741074366,
        "lon" : 8.6510767918,
        "time" : "20141029T133148+0100"
      }, {
        "lat" : 49.8741088739,
        "lon" : 8.6507569814,
        "time" : "20141029T133218+0100"
      }, {
        "lat" : 49.8740963392,
        "lon" : 8.6505979122,
        "time" : "20141029T133238+0100"
      }, {
        "lat" : 49.8740316183,
        "lon" : 8.6505888981,
        "time" : "20141029T133258+0100"
      }, {
        "lat" : 49.873520488,
        "lon" : 8.6540199876,
        "time" : "20141029T133321+0100"
      } ]
    } ],
    "lastUpdate" : "20141029T133622Z"
  }, {
    "type" : "place",
    "startTime" : "20141029T133321+0100",
    "endTime" : "20141029T135921+0100",
    "place" : {
      "id" : 227596613,
      "type" : "unknown",
      "location" : {
        "lat" : 49.873520488,
        "lon" : 8.6540199876
      }
    },
    "activities" : [ {
      "activity" : "walking",
      "group" : "walking",
      "manual" : false,
      "startTime" : "20141029T133321+0100",
      "endTime" : "20141029T133553+0100",
      "duration" : 152.0,
      "distance" : 188.0,
      "steps" : 251,
      "trackPoints" : [ ]
    } ],
    "lastUpdate" : "20141029T133622Z"
  }, {
    "type" : "move",
    "startTime" : "20141029T135921+0100",
    "endTime" : "20141029T141253+0100",
    "activities" : [ {
      "activity" : "transport",
      "group" : "transport",
      "manual" : false,
      "startTime" : "20141029T135921+0100",
      "endTime" : "20141029T140350+0100",
      "duration" : 269.0,
      "distance" : 1692.0,
      "trackPoints" : [ {
        "lat" : 49.873520488,
        "lon" : 8.6540199876,
        "time" : "20141029T135921+0100"
      }, {
        "lat" : 49.8724315326,
        "lon" : 8.648506298,
        "time" : "20141029T135949+0100"
      }, {
        "lat" : 49.8724067598,
        "lon" : 8.6483928906,
        "time" : "20141029T135959+0100"
      }, {
        "lat" : 49.8724067359,
        "lon" : 8.6483927812,
        "time" : "20141029T140000+0100"
      }, {
        "lat" : 49.8723791163,
        "lon" : 8.6482663414,
        "time" : "20141029T140011+0100"
      }, {
        "lat" : 49.8723264027,
        "lon" : 8.647953993,
        "time" : "20141029T140030+0100"
      }, {
        "lat" : 49.8723161623,
        "lon" : 8.6478929621,
        "time" : "20141029T140050+0100"
      }, {
        "lat" : 49.8705451671,
        "lon" : 8.6343833661,
        "time" : "20141029T140241+0100"
      }, {
        "lat" : 49.8710568006,
        "lon" : 8.633562366,
        "time" : "20141029T140349+0100"
      } ]
    }, {
      "activity" : "walking",
      "group" : "walking",
      "manual" : false,
      "startTime" : "20141029T140349+0100",
      "endTime" : "20141029T141253+0100",
      "duration" : 544.0,
      "distance" : 883.0,
      "steps" : 985,
      "trackPoints" : [ {
        "lat" : 49.8710568006,
        "lon" : 8.633562366,
        "time" : "20141029T140349+0100"
      }, {
        "lat" : 49.8716897558,
        "lon" : 8.6334503705,
        "time" : "20141029T140411+0100"
      }, {
        "lat" : 49.8722313177,
        "lon" : 8.6332717821,
        "time" : "20141029T140439+0100"
      }, {
        "lat" : 49.8724414954,
        "lon" : 8.6331265412,
        "time" : "20141029T140459+0100"
      }, {
        "lat" : 49.8725888249,
        "lon" : 8.6326269309,
        "time" : "20141029T140539+0100"
      }, {
        "lat" : 49.8726455793,
        "lon" : 8.6321217326,
        "time" : "20141029T140559+0100"
      }, {
        "lat" : 49.8727239622,
        "lon" : 8.6310454162,
        "time" : "20141029T140621+0100"
      }, {
        "lat" : 49.8726903379,
        "lon" : 8.630583979,
        "time" : "20141029T140641+0100"
      }, {
        "lat" : 49.8725677642,
        "lon" : 8.6301773892,
        "time" : "20141029T140702+0100"
      }, {
        "lat" : 49.8722902322,
        "lon" : 8.629503214,
        "time" : "20141029T140729+0100"
      }, {
        "lat" : 49.8722059312,
        "lon" : 8.6292854003,
        "time" : "20141029T140749+0100"
      }, {
        "lat" : 49.8721833367,
        "lon" : 8.6291440391,
        "time" : "20141029T140819+0100"
      }, {
        "lat" : 49.8721768078,
        "lon" : 8.6290398869,
        "time" : "20141029T140839+0100"
      }, {
        "lat" : 49.8721547572,
        "lon" : 8.6285522313,
        "time" : "20141029T140909+0100"
      }, {
        "lat" : 49.8721347622,
        "lon" : 8.6282481319,
        "time" : "20141029T140929+0100"
      }, {
        "lat" : 49.8720518548,
        "lon" : 8.6275647027,
        "time" : "20141029T140959+0100"
      }, {
        "lat" : 49.8720025474,
        "lon" : 8.6271211102,
        "time" : "20141029T141019+0100"
      }, {
        "lat" : 49.8719458266,
        "lon" : 8.6262013578,
        "time" : "20141029T141059+0100"
      }, {
        "lat" : 49.8719139912,
        "lon" : 8.6258338154,
        "time" : "20141029T141119+0100"
      }, {
        "lat" : 49.8718699495,
        "lon" : 8.6255611712,
        "time" : "20141029T141139+0100"
      }, {
        "lat" : 49.8717874514,
        "lon" : 8.625406232,
        "time" : "20141029T141159+0100"
      }, {
        "lat" : 49.87115715,
        "lon" : 8.6252653061,
        "time" : "20141029T141232+0100"
      }, {
        "lat" : 49.8712952279,
        "lon" : 8.6249912643,
        "time" : "20141029T141253+0100"
      } ]
    } ],
    "lastUpdate" : "20141029T133622Z"
  }, {
    "type" : "place",
    "startTime" : "20141029T141253+0100",
    "endTime" : "20141029T170923+0100",
    "place" : {
      "id" : 249718361,
      "name" : "Consetto",
      "type" : "work",
      "location" : {
        "lat" : 49.8712952279,
        "lon" : 8.6249912643
      }
    },
    "activities" : [ {
      "activity" : "walking",
      "group" : "walking",
      "manual" : false,
      "startTime" : "20141029T141253+0100",
      "endTime" : "20141029T141319+0100",
      "duration" : 26.0,
      "distance" : 19.0,
      "steps" : 38,
      "trackPoints" : [ ]
    } ],
    "lastUpdate" : "20141029T181133Z"
  }, {
    "type" : "move",
    "startTime" : "20141029T170923+0100",
    "endTime" : "20141029T174852+0100",
    "activities" : [ {
      "activity" : "walking",
      "group" : "walking",
      "manual" : false,
      "startTime" : "20141029T170923+0100",
      "endTime" : "20141029T171516+0100",
      "duration" : 353.0,
      "distance" : 324.0,
      "steps" : 649,
      "trackPoints" : [ {
        "lat" : 49.8712952279,
        "lon" : 8.6249912643,
        "time" : "20141029T170923+0100"
      }, {
        "lat" : 49.8710486662,
        "lon" : 8.624880881,
        "time" : "20141029T171044+0100"
      }, {
        "lat" : 49.8708817215,
        "lon" : 8.6248602206,
        "time" : "20141029T171106+0100"
      }, {
        "lat" : 49.8709280978,
        "lon" : 8.6253722222,
        "time" : "20141029T171139+0100"
      }, {
        "lat" : 49.8709661339,
        "lon" : 8.6256323668,
        "time" : "20141029T171200+0100"
      }, {
        "lat" : 49.8711343724,
        "lon" : 8.6265384164,
        "time" : "20141029T171240+0100"
      }, {
        "lat" : 49.8711985256,
        "lon" : 8.62679671,
        "time" : "20141029T171259+0100"
      }, {
        "lat" : 49.8712900495,
        "lon" : 8.6269691474,
        "time" : "20141029T171321+0100"
      }, {
        "lat" : 49.8713872435,
        "lon" : 8.6270396582,
        "time" : "20141029T171340+0100"
      }, {
        "lat" : 49.8714407881,
        "lon" : 8.6270426082,
        "time" : "20141029T171356+0100"
      }, {
        "lat" : 49.8715026677,
        "lon" : 8.6270266256,
        "time" : "20141029T171426+0100"
      }, {
        "lat" : 49.8715389665,
        "lon" : 8.6270485251,
        "time" : "20141029T171446+0100"
      }, {
        "lat" : 49.8716488741,
        "lon" : 8.6273278014,
        "time" : "20141029T171516+0100"
      } ]
    }, {
      "activity" : "transport",
      "group" : "transport",
      "manual" : false,
      "startTime" : "20141029T171516+0100",
      "endTime" : "20141029T173916+0100",
      "duration" : 1440.0,
      "distance" : 3996.0,
      "trackPoints" : [ {
        "lat" : 49.8716488741,
        "lon" : 8.6273278014,
        "time" : "20141029T171516+0100"
      }, {
        "lat" : 49.8721936258,
        "lon" : 8.6289581965,
        "time" : "20141029T171556+0100"
      }, {
        "lat" : 49.8722691951,
        "lon" : 8.6291826745,
        "time" : "20141029T171616+0100"
      }, {
        "lat" : 49.8722633587,
        "lon" : 8.6292002359,
        "time" : "20141029T171637+0100"
      }, {
        "lat" : 49.8722291515,
        "lon" : 8.6291925257,
        "time" : "20141029T171656+0100"
      }, {
        "lat" : 49.8722131916,
        "lon" : 8.6291880542,
        "time" : "20141029T171716+0100"
      }, {
        "lat" : 49.8722064804,
        "lon" : 8.6291866078,
        "time" : "20141029T171736+0100"
      }, {
        "lat" : 49.87220164,
        "lon" : 8.6291860079,
        "time" : "20141029T171756+0100"
      }, {
        "lat" : 49.8721977798,
        "lon" : 8.6291856707,
        "time" : "20141029T171816+0100"
      }, {
        "lat" : 49.8721963627,
        "lon" : 8.6291857363,
        "time" : "20141029T171836+0100"
      }, {
        "lat" : 49.8721925149,
        "lon" : 8.6291859699,
        "time" : "20141029T171905+0100"
      }, {
        "lat" : 49.8721831318,
        "lon" : 8.6291842522,
        "time" : "20141029T171925+0100"
      }, {
        "lat" : 49.8721610965,
        "lon" : 8.6291792706,
        "time" : "20141029T171945+0100"
      }, {
        "lat" : 49.8721318747,
        "lon" : 8.629173307,
        "time" : "20141029T172006+0100"
      }, {
        "lat" : 49.8720976194,
        "lon" : 8.629167079,
        "time" : "20141029T172026+0100"
      }, {
        "lat" : 49.8720680383,
        "lon" : 8.6291611156,
        "time" : "20141029T172046+0100"
      }, {
        "lat" : 49.8720590836,
        "lon" : 8.6291592246,
        "time" : "20141029T172106+0100"
      }, {
        "lat" : 49.8720400408,
        "lon" : 8.6291532954,
        "time" : "20141029T172129+0100"
      }, {
        "lat" : 49.8710971647,
        "lon" : 8.6286812652,
        "time" : "20141029T172212+0100"
      }, {
        "lat" : 49.8707481771,
        "lon" : 8.6287256633,
        "time" : "20141029T172229+0100"
      }, {
        "lat" : 49.8701406901,
        "lon" : 8.6316844607,
        "time" : "20141029T172312+0100"
      }, {
        "lat" : 49.8701920805,
        "lon" : 8.6319927532,
        "time" : "20141029T172329+0100"
      }, {
        "lat" : 49.8701976537,
        "lon" : 8.6320337108,
        "time" : "20141029T172346+0100"
      }, {
        "lat" : 49.8701950893,
        "lon" : 8.6321316157,
        "time" : "20141029T172407+0100"
      }, {
        "lat" : 49.8701901588,
        "lon" : 8.6323179866,
        "time" : "20141029T172427+0100"
      }, {
        "lat" : 49.8701955596,
        "lon" : 8.6325095054,
        "time" : "20141029T172447+0100"
      }, {
        "lat" : 49.8702519172,
        "lon" : 8.632945185,
        "time" : "20141029T172512+0100"
      }, {
        "lat" : 49.8708111227,
        "lon" : 8.6367659921,
        "time" : "20141029T172542+0100"
      }, {
        "lat" : 49.8709195513,
        "lon" : 8.6374454111,
        "time" : "20141029T172602+0100"
      }, {
        "lat" : 49.8713163969,
        "lon" : 8.6405737852,
        "time" : "20141029T172620+0100"
      }, {
        "lat" : 49.8713759408,
        "lon" : 8.64102016,
        "time" : "20141029T172638+0100"
      }, {
        "lat" : 49.8713907518,
        "lon" : 8.6411092912,
        "time" : "20141029T172712+0100"
      }, {
        "lat" : 49.8716676707,
        "lon" : 8.6427160861,
        "time" : "20141029T172732+0100"
      }, {
        "lat" : 49.8719283096,
        "lon" : 8.6449770785,
        "time" : "20141029T172805+0100"
      }, {
        "lat" : 49.873097757,
        "lon" : 8.6530237134,
        "time" : "20141029T173010+0100"
      }, {
        "lat" : 49.8727349153,
        "lon" : 8.654812493,
        "time" : "20141029T173030+0100"
      }, {
        "lat" : 49.8728823736,
        "lon" : 8.6555439856,
        "time" : "20141029T173051+0100"
      }, {
        "lat" : 49.8730706309,
        "lon" : 8.6557175446,
        "time" : "20141029T173110+0100"
      }, {
        "lat" : 49.8731719437,
        "lon" : 8.6557868944,
        "time" : "20141029T173130+0100"
      }, {
        "lat" : 49.873163739,
        "lon" : 8.655777401,
        "time" : "20141029T173150+0100"
      }, {
        "lat" : 49.8744797579,
        "lon" : 8.6567870532,
        "time" : "20141029T173220+0100"
      }, {
        "lat" : 49.8748653883,
        "lon" : 8.6573438436,
        "time" : "20141029T173237+0100"
      }, {
        "lat" : 49.8750643885,
        "lon" : 8.6584052917,
        "time" : "20141029T173257+0100"
      }, {
        "lat" : 49.8752511304,
        "lon" : 8.6588826912,
        "time" : "20141029T173338+0100"
      }, {
        "lat" : 49.8752880212,
        "lon" : 8.6589778313,
        "time" : "20141029T173358+0100"
      }, {
        "lat" : 49.8755822298,
        "lon" : 8.659766359,
        "time" : "20141029T173420+0100"
      }, {
        "lat" : 49.8756902156,
        "lon" : 8.6601502647,
        "time" : "20141029T173440+0100"
      }, {
        "lat" : 49.8757549393,
        "lon" : 8.6603727936,
        "time" : "20141029T173500+0100"
      }, {
        "lat" : 49.8758744458,
        "lon" : 8.6606504014,
        "time" : "20141029T173521+0100"
      }, {
        "lat" : 49.8760336142,
        "lon" : 8.6609929072,
        "time" : "20141029T173541+0100"
      }, {
        "lat" : 49.8768281647,
        "lon" : 8.6626949942,
        "time" : "20141029T173600+0100"
      }, {
        "lat" : 49.8770188023,
        "lon" : 8.6631135563,
        "time" : "20141029T173623+0100"
      }, {
        "lat" : 49.8771211156,
        "lon" : 8.6633471339,
        "time" : "20141029T173640+0100"
      }, {
        "lat" : 49.8771602728,
        "lon" : 8.6634364369,
        "time" : "20141029T173700+0100"
      }, {
        "lat" : 49.8775400374,
        "lon" : 8.6643401596,
        "time" : "20141029T173731+0100"
      }, {
        "lat" : 49.8787712464,
        "lon" : 8.6681647008,
        "time" : "20141029T173751+0100"
      }, {
        "lat" : 49.8789145958,
        "lon" : 8.6684718819,
        "time" : "20141029T173841+0100"
      }, {
        "lat" : 49.879095868,
        "lon" : 8.6687674389,
        "time" : "20141029T173858+0100"
      }, {
        "lat" : 49.8791681482,
        "lon" : 8.6688603471,
        "time" : "20141029T173916+0100"
      } ]
    }, {
      "activity" : "walking",
      "group" : "walking",
      "manual" : false,
      "startTime" : "20141029T173916+0100",
      "endTime" : "20141029T174852+0100",
      "duration" : 576.0,
      "distance" : 672.0,
      "steps" : 936,
      "trackPoints" : [ {
        "lat" : 49.8791681482,
        "lon" : 8.6688603471,
        "time" : "20141029T173916+0100"
      }, {
        "lat" : 49.8791796955,
        "lon" : 8.6688707122,
        "time" : "20141029T173938+0100"
      }, {
        "lat" : 49.8793322738,
        "lon" : 8.6690966561,
        "time" : "20141029T173958+0100"
      }, {
        "lat" : 49.8800388468,
        "lon" : 8.6701881428,
        "time" : "20141029T174031+0100"
      }, {
        "lat" : 49.8803658744,
        "lon" : 8.6705801037,
        "time" : "20141029T174051+0100"
      }, {
        "lat" : 49.8807943618,
        "lon" : 8.670984586,
        "time" : "20141029T174112+0100"
      }, {
        "lat" : 49.8813473703,
        "lon" : 8.6714213449,
        "time" : "20141029T174132+0100"
      }, {
        "lat" : 49.8815497702,
        "lon" : 8.6713635553,
        "time" : "20141029T174152+0100"
      }, {
        "lat" : 49.8816808818,
        "lon" : 8.671335822,
        "time" : "20141029T174222+0100"
      }, {
        "lat" : 49.8818024131,
        "lon" : 8.6713369417,
        "time" : "20141029T174242+0100"
      }, {
        "lat" : 49.8818629616,
        "lon" : 8.6712655977,
        "time" : "20141029T174302+0100"
      }, {
        "lat" : 49.8818924477,
        "lon" : 8.6711547155,
        "time" : "20141029T174322+0100"
      }, {
        "lat" : 49.8819099191,
        "lon" : 8.6710092469,
        "time" : "20141029T174340+0100"
      }, {
        "lat" : 49.8819246731,
        "lon" : 8.6708631052,
        "time" : "20141029T174401+0100"
      }, {
        "lat" : 49.8819869206,
        "lon" : 8.6703456163,
        "time" : "20141029T174441+0100"
      }, {
        "lat" : 49.8819999492,
        "lon" : 8.6702533547,
        "time" : "20141029T174459+0100"
      }, {
        "lat" : 49.8820127695,
        "lon" : 8.6702066275,
        "time" : "20141029T174532+0100"
      }, {
        "lat" : 49.8820319384,
        "lon" : 8.6701789294,
        "time" : "20141029T174549+0100"
      }, {
        "lat" : 49.8820582685,
        "lon" : 8.6701540286,
        "time" : "20141029T174609+0100"
      }, {
        "lat" : 49.8821968642,
        "lon" : 8.6701189913,
        "time" : "20141029T174639+0100"
      }, {
        "lat" : 49.8822782185,
        "lon" : 8.6700727786,
        "time" : "20141029T174659+0100"
      }, {
        "lat" : 49.8825283265,
        "lon" : 8.6697237155,
        "time" : "20141029T174730+0100"
      }, {
        "lat" : 49.8826902197,
        "lon" : 8.6694247723,
        "time" : "20141029T174752+0100"
      }, {
        "lat" : 49.8828652878,
        "lon" : 8.6686074691,
        "time" : "20141029T174832+0100"
      }, {
        "lat" : 49.8829100725,
        "lon" : 8.6682008619,
        "time" : "20141029T174852+0100"
      } ]
    } ],
    "lastUpdate" : "20141029T181133Z"
  }, {
    "type" : "place",
    "startTime" : "20141029T174852+0100",
    "endTime" : "20141029T190846+0100",
    "place" : {
      "id" : 223509887,
      "type" : "unknown",
      "location" : {
        "lat" : 49.8829100725,
        "lon" : 8.6682008619
      }
    },
    "activities" : [ {
      "activity" : "walking",
      "group" : "walking",
      "manual" : false,
      "startTime" : "20141029T174852+0100",
      "endTime" : "20141029T174900+0100",
      "duration" : 8.0,
      "distance" : 5.0,
      "steps" : 10,
      "trackPoints" : [ ]
    }, {
      "activity" : "walking",
      "group" : "walking",
      "manual" : false,
      "startTime" : "20141029T182256+0100",
      "endTime" : "20141029T182337+0100",
      "duration" : 41.0,
      "distance" : 23.0,
      "steps" : 45,
      "trackPoints" : [ ]
    }, {
      "activity" : "walking",
      "group" : "walking",
      "manual" : false,
      "startTime" : "20141029T190746+0100",
      "endTime" : "20141029T190806+0100",
      "duration" : 20.0,
      "distance" : 13.0,
      "steps" : 27,
      "trackPoints" : [ ]
    } ],
    "lastUpdate" : "20141029T194004Z"
  }, {
    "type" : "move",
    "startTime" : "20141029T190846+0100",
    "endTime" : "20141029T191059+0100",
    "activities" : [ {
      "activity" : "walking",
      "group" : "walking",
      "manual" : false,
      "startTime" : "20141029T190846+0100",
      "endTime" : "20141029T191100+0100",
      "duration" : 134.0,
      "distance" : 255.0,
      "steps" : 228,
      "trackPoints" : [ {
        "lat" : 49.8829100725,
        "lon" : 8.6682008619,
        "time" : "20141029T190846+0100"
      }, {
        "lat" : 49.8828331615,
        "lon" : 8.6685165994,
        "time" : "20141029T190908+0100"
      }, {
        "lat" : 49.8828271437,
        "lon" : 8.6685507024,
        "time" : "20141029T190927+0100"
      }, {
        "lat" : 49.8828206979,
        "lon" : 8.6685815355,
        "time" : "20141029T190944+0100"
      }, {
        "lat" : 49.882638101,
        "lon" : 8.669150309,
        "time" : "20141029T191017+0100"
      }, {
        "lat" : 49.8824836024,
        "lon" : 8.6695068066,
        "time" : "20141029T191039+0100"
      }, {
        "lat" : 49.8826210232,
        "lon" : 8.6675185755,
        "time" : "20141029T191059+0100"
      } ]
    } ],
    "lastUpdate" : "20141029T194004Z"
  }, {
    "type" : "place",
    "startTime" : "20141029T191059+0100",
    "endTime" : "20141030T083506+0100",
    "place" : {
      "id" : 223509887,
      "type" : "unknown",
      "location" : {
        "lat" : 49.8829100725,
        "lon" : 8.6682008619
      }
    },
    "activities" : [ {
      "activity" : "walking",
      "group" : "walking",
      "manual" : false,
      "startTime" : "20141029T191059+0100",
      "endTime" : "20141029T191157+0100",
      "duration" : 58.0,
      "distance" : 46.0,
      "steps" : 91,
      "trackPoints" : [ ]
    } ],
    "lastUpdate" : "20141030T102040Z"
  } ],
  "lastUpdate" : "20141030T102040Z"
} ]