[ {
  "date" : "20140904",
  "summary" : [ {
    "activity" : "walking",
    "group" : "walking",
    "duration" : 3743.0,
    "distance" : 4548.0,
    "steps" : 6579
  }, {
    "activity" : "cycling",
    "group" : "cycling",
    "duration" : 151.0,
    "distance" : 689.0
  }, {
    "activity" : "transport",
    "group" : "transport",
    "duration" : 118.0,
    "distance" : 490.0
  } ],
  "segments" : [ {
    "type" : "move",
    "startTime" : "20140903T235922+0200",
    "endTime" : "20140904T000320+0200",
    "activities" : [ {
      "activity" : "walking",
      "group" : "walking",
      "manual" : false,
      "startTime" : "20140904T000000+0200",
      "endTime" : "20140904T000320+0200",
      "duration" : 200.0,
      "distance" : 177.0,
      "steps" : 353,
      "trackPoints" : [ {
        "lat" : 49.8830144161,
        "lon" : 8.6695216334,
        "time" : "20140904T000000+0200"
      }, {
        "lat" : 49.8830065268,
        "lon" : 8.6695148511,
        "time" : "20140904T000005+0200"
      }, {
        "lat" : 49.8829812555,
        "lon" : 8.669487773,
        "time" : "20140904T000023+0200"
      }, {
        "lat" : 49.8829551872,
        "lon" : 8.6694572665,
        "time" : "20140904T000043+0200"
      }, {
        "lat" : 49.8829343303,
        "lon" : 8.6694324583,
        "time" : "20140904T000105+0200"
      }, {
        "lat" : 49.8829239411,
        "lon" : 8.6694190828,
        "time" : "20140904T000123+0200"
      }, {
        "lat" : 49.8829041516,
        "lon" : 8.6694097719,
        "time" : "20140904T000148+0200"
      }, {
        "lat" : 49.8828876255,
        "lon" : 8.6694066421,
        "time" : "20140904T000208+0200"
      }, {
        "lat" : 49.8828408588,
        "lon" : 8.6694353492,
        "time" : "20140904T000241+0200"
      }, {
        "lat" : 49.8819996044,
        "lon" : 8.6702592175,
        "time" : "20140904T000320+0200"
      } ]
    } ],
    "lastUpdate" : "20140903T235841Z"
  }, {
    "type" : "place",
    "startTime" : "20140904T000320+0200",
    "endTime" : "20140904T123515+0200",
    "place" : {
      "id" : 251291724,
      "name" : "Home",
      "type" : "home",
      "location" : {
        "lat" : 49.8819996044,
        "lon" : 8.6702592175
      }
    },
    "activities" : [ {
      "activity" : "walking",
      "group" : "walking",
      "manual" : false,
      "startTime" : "20140904T000327+0200",
      "endTime" : "20140904T000335+0200",
      "duration" : 8.0,
      "distance" : 6.0,
      "steps" : 11,
      "trackPoints" : [ ]
    }, {
      "activity" : "walking",
      "group" : "walking",
      "manual" : false,
      "startTime" : "20140904T015340+0200",
      "endTime" : "20140904T015349+0200",
      "duration" : 9.0,
      "distance" : 6.0,
      "steps" : 12,
      "trackPoints" : [ ]
    }, {
      "activity" : "walking",
      "group" : "walking",
      "manual" : false,
      "startTime" : "20140904T020720+0200",
      "endTime" : "20140904T020724+0200",
      "duration" : 4.0,
      "distance" : 3.0,
      "steps" : 5,
      "trackPoints" : [ ]
    }, {
      "activity" : "walking",
      "group" : "walking",
      "manual" : false,
      "startTime" : "20140904T084039+0200",
      "endTime" : "20140904T084040+0200",
      "duration" : 1.0,
      "distance" : 1.0,
      "steps" : 1,
      "trackPoints" : [ ]
    }, {
      "activity" : "walking",
      "group" : "walking",
      "manual" : false,
      "startTime" : "20140904T090159+0200",
      "endTime" : "20140904T090240+0200",
      "duration" : 41.0,
      "distance" : 32.0,
      "steps" : 64,
      "trackPoints" : [ ]
    }, {
      "activity" : "walking",
      "group" : "walking",
      "manual" : false,
      "startTime" : "20140904T100431+0200",
      "endTime" : "20140904T100503+0200",
      "duration" : 32.0,
      "distance" : 16.0,
      "steps" : 23,
      "trackPoints" : [ ]
    }, {
      "activity" : "walking",
      "group" : "walking",
      "manual" : false,
      "startTime" : "20140904T110305+0200",
      "endTime" : "20140904T110307+0200",
      "duration" : 2.0,
      "distance" : 1.0,
      "steps" : 2,
      "trackPoints" : [ ]
    }, {
      "activity" : "walking",
      "group" : "walking",
      "manual" : false,
      "startTime" : "20140904T123211+0200",
      "endTime" : "20140904T123347+0200",
      "duration" : 96.0,
      "distance" : 68.0,
      "steps" : 137,
      "trackPoints" : [ ]
    } ],
    "lastUpdate" : "20140904T112442Z"
  }, {
    "type" : "move",
    "startTime" : "20140904T123515+0200",
    "endTime" : "20140904T125247+0200",
    "activities" : [ {
      "activity" : "transport",
      "group" : "transport",
      "manual" : false,
      "startTime" : "20140904T123515+0200",
      "endTime" : "20140904T123713+0200",
      "duration" : 118.0,
      "distance" : 490.0,
      "trackPoints" : [ {
        "lat" : 49.8819996044,
        "lon" : 8.6702592175,
        "time" : "20140904T123515+0200"
      }, {
        "lat" : 49.8825543934,
        "lon" : 8.6686958692,
        "time" : "20140904T123532+0200"
      }, {
        "lat" : 49.8825884091,
        "lon" : 8.6679108209,
        "time" : "20140904T123552+0200"
      }, {
        "lat" : 49.881907752,
        "lon" : 8.6657616227,
        "time" : "20140904T123612+0200"
      }, {
        "lat" : 49.8817082605,
        "lon" : 8.6652192219,
        "time" : "20140904T123632+0200"
      }, {
        "lat" : 49.8815551709,
        "lon" : 8.6651082089,
        "time" : "20140904T123655+0200"
      }, {
        "lat" : 49.8814761009,
        "lon" : 8.6650606275,
        "time" : "20140904T123713+0200"
      } ]
    }, {
      "activity" : "cycling",
      "group" : "cycling",
      "manual" : false,
      "startTime" : "20140904T123713+0200",
      "endTime" : "20140904T123944+0200",
      "duration" : 151.0,
      "distance" : 689.0,
      "trackPoints" : [ {
        "lat" : 49.8814761009,
        "lon" : 8.6650606275,
        "time" : "20140904T123713+0200"
      }, {
        "lat" : 49.8802356289,
        "lon" : 8.6643515187,
        "time" : "20140904T123743+0200"
      }, {
        "lat" : 49.8801253844,
        "lon" : 8.6642799715,
        "time" : "20140904T123813+0200"
      }, {
        "lat" : 49.8800811826,
        "lon" : 8.6642219667,
        "time" : "20140904T123833+0200"
      }, {
        "lat" : 49.8789768403,
        "lon" : 8.6616124168,
        "time" : "20140904T123922+0200"
      }, {
        "lat" : 49.8781716736,
        "lon" : 8.6589829373,
        "time" : "20140904T123943+0200"
      } ]
    }, {
      "activity" : "walking",
      "group" : "walking",
      "manual" : false,
      "startTime" : "20140904T123943+0200",
      "endTime" : "20140904T125247+0200",
      "duration" : 784.0,
      "distance" : 1092.0,
      "steps" : 1375,
      "trackPoints" : [ {
        "lat" : 49.8781716736,
        "lon" : 8.6589829373,
        "time" : "20140904T123943+0200"
      }, {
        "lat" : 49.8773819733,
        "lon" : 8.6562897876,
        "time" : "20140904T124051+0200"
      }, {
        "lat" : 49.8774107302,
        "lon" : 8.655825431,
        "time" : "20140904T124112+0200"
      }, {
        "lat" : 49.87749998,
        "lon" : 8.6554137452,
        "time" : "20140904T124135+0200"
      }, {
        "lat" : 49.87753482,
        "lon" : 8.655161721,
        "time" : "20140904T124155+0200"
      }, {
        "lat" : 49.8775378412,
        "lon" : 8.6550723665,
        "time" : "20140904T124217+0200"
      }, {
        "lat" : 49.8775363286,
        "lon" : 8.654922061,
        "time" : "20140904T124237+0200"
      }, {
        "lat" : 49.8774657258,
        "lon" : 8.6547458964,
        "time" : "20140904T124257+0200"
      }, {
        "lat" : 49.8773756558,
        "lon" : 8.6546502857,
        "time" : "20140904T124314+0200"
      }, {
        "lat" : 49.8772625158,
        "lon" : 8.6545844474,
        "time" : "20140904T124338+0200"
      }, {
        "lat" : 49.8771982347,
        "lon" : 8.6545707647,
        "time" : "20140904T124358+0200"
      }, {
        "lat" : 49.877148644,
        "lon" : 8.6545939872,
        "time" : "20140904T124418+0200"
      }, {
        "lat" : 49.8764489176,
        "lon" : 8.6568070241,
        "time" : "20140904T124646+0200"
      }, {
        "lat" : 49.8764254157,
        "lon" : 8.6568253991,
        "time" : "20140904T124702+0200"
      }, {
        "lat" : 49.8763946037,
        "lon" : 8.6568458944,
        "time" : "20140904T124722+0200"
      }, {
        "lat" : 49.8763510733,
        "lon" : 8.6568505569,
        "time" : "20140904T124741+0200"
      }, {
        "lat" : 49.8763275967,
        "lon" : 8.65683977,
        "time" : "20140904T124757+0200"
      }, {
        "lat" : 49.8762972204,
        "lon" : 8.6567719918,
        "time" : "20140904T124825+0200"
      }, {
        "lat" : 49.8762421042,
        "lon" : 8.6565625452,
        "time" : "20140904T124856+0200"
      }, {
        "lat" : 49.8762176905,
        "lon" : 8.6564797593,
        "time" : "20140904T124918+0200"
      }, {
        "lat" : 49.8761895445,
        "lon" : 8.6563882739,
        "time" : "20140904T124936+0200"
      }, {
        "lat" : 49.8760643558,
        "lon" : 8.6553704475,
        "time" : "20140904T125007+0200"
      }, {
        "lat" : 49.8760692199,
        "lon" : 8.6549986706,
        "time" : "20140904T125028+0200"
      }, {
        "lat" : 49.8759542905,
        "lon" : 8.6548986841,
        "time" : "20140904T125055+0200"
      }, {
        "lat" : 49.8758664566,
        "lon" : 8.6549634121,
        "time" : "20140904T125116+0200"
      }, {
        "lat" : 49.8756074348,
        "lon" : 8.655638387,
        "time" : "20140904T125149+0200"
      }, {
        "lat" : 49.8755982423,
        "lon" : 8.6560037398,
        "time" : "20140904T125214+0200"
      }, {
        "lat" : 49.8756926075,
        "lon" : 8.6562605153,
        "time" : "20140904T125229+0200"
      }, {
        "lat" : 49.8770449952,
        "lon" : 8.657750091,
        "time" : "20140904T125247+0200"
      } ]
    } ],
    "lastUpdate" : "20140904T112442Z"
  }, {
    "type" : "place",
    "startTime" : "20140904T125247+0200",
    "endTime" : "20140904T135204+0200",
    "place" : {
      "id" : 236799681,
      "type" : "unknown",
      "location" : {
        "lat" : 49.8770449952,
        "lon" : 8.657750091
      }
    },
    "activities" : [ {
      "activity" : "walking",
      "group" : "walking",
      "manual" : false,
      "startTime" : "20140904T125247+0200",
      "endTime" : "20140904T125349+0200",
      "duration" : 62.0,
      "distance" : 51.0,
      "steps" : 101,
      "trackPoints" : [ ]
    }, {
      "activity" : "walking",
      "group" : "walking",
      "manual" : false,
      "startTime" : "20140904T130501+0200",
      "endTime" : "20140904T130512+0200",
      "duration" : 11.0,
      "distance" : 7.0,
      "steps" : 15,
      "trackPoints" : [ ]
    } ],
    "lastUpdate" : "20140904T173348Z"
  }, {
    "type" : "move",
    "startTime" : "20140904T135204+0200",
    "endTime" : "20140904T141459+0200",
    "activities" : [ {
      "activity" : "walking",
      "group" : "walking",
      "manual" : false,
      "startTime" : "20140904T135204+0200",
      "endTime" : "20140904T141459+0200",
      "duration" : 1375.0,
      "distance" : 1741.0,
      "steps" : 2603,
      "trackPoints" : [ {
        "lat" : 49.8770449952,
        "lon" : 8.657750091,
        "time" : "20140904T135204+0200"
      }, {
        "lat" : 49.8764827655,
        "lon" : 8.6569236153,
        "time" : "20140904T135225+0200"
      }, {
        "lat" : 49.8764859766,
        "lon" : 8.6569401103,
        "time" : "20140904T135242+0200"
      }, {
        "lat" : 49.8764790055,
        "lon" : 8.6569171229,
        "time" : "20140904T135305+0200"
      }, {
        "lat" : 49.8764690652,
        "lon" : 8.6568731537,
        "time" : "20140904T135332+0200"
      }, {
        "lat" : 49.8764526919,
        "lon" : 8.6568486207,
        "time" : "20140904T135356+0200"
      }, {
        "lat" : 49.8764264897,
        "lon" : 8.6568617091,
        "time" : "20140904T135414+0200"
      }, {
        "lat" : 49.87641696,
        "lon" : 8.6568973226,
        "time" : "20140904T135445+0200"
      }, {
        "lat" : 49.8764135671,
        "lon" : 8.6568236271,
        "time" : "20140904T135515+0200"
      }, {
        "lat" : 49.8764029377,
        "lon" : 8.6567816882,
        "time" : "20140904T135532+0200"
      }, {
        "lat" : 49.8763952505,
        "lon" : 8.6567472677,
        "time" : "20140904T135547+0200"
      }, {
        "lat" : 49.8763945822,
        "lon" : 8.6566987895,
        "time" : "20140904T135607+0200"
      }, {
        "lat" : 49.8764255307,
        "lon" : 8.6566028613,
        "time" : "20140904T135628+0200"
      }, {
        "lat" : 49.8765040526,
        "lon" : 8.65643154,
        "time" : "20140904T135646+0200"
      }, {
        "lat" : 49.8769236025,
        "lon" : 8.655616192,
        "time" : "20140904T135719+0200"
      }, {
        "lat" : 49.8770302031,
        "lon" : 8.6555153159,
        "time" : "20140904T135739+0200"
      }, {
        "lat" : 49.8771444063,
        "lon" : 8.6557472531,
        "time" : "20140904T135754+0200"
      }, {
        "lat" : 49.8774389561,
        "lon" : 8.6564620673,
        "time" : "20140904T135810+0200"
      }, {
        "lat" : 49.8775857049,
        "lon" : 8.6567058273,
        "time" : "20140904T135827+0200"
      }, {
        "lat" : 49.8774586678,
        "lon" : 8.656634506,
        "time" : "20140904T135901+0200"
      }, {
        "lat" : 49.8774219903,
        "lon" : 8.6566218417,
        "time" : "20140904T135921+0200"
      }, {
        "lat" : 49.8774144678,
        "lon" : 8.6566320384,
        "time" : "20140904T135941+0200"
      }, {
        "lat" : 49.8774135571,
        "lon" : 8.6566489045,
        "time" : "20140904T135959+0200"
      }, {
        "lat" : 49.8774135567,
        "lon" : 8.6566489135,
        "time" : "20140904T140000+0200"
      }, {
        "lat" : 49.877413479,
        "lon" : 8.6566503517,
        "time" : "20140904T140001+0200"
      }, {
        "lat" : 49.8774171766,
        "lon" : 8.656694596,
        "time" : "20140904T140022+0200"
      }, {
        "lat" : 49.8774340992,
        "lon" : 8.656901666,
        "time" : "20140904T140042+0200"
      }, {
        "lat" : 49.8775292914,
        "lon" : 8.6580873024,
        "time" : "20140904T140104+0200"
      }, {
        "lat" : 49.8776506632,
        "lon" : 8.6590351808,
        "time" : "20140904T140124+0200"
      }, {
        "lat" : 49.8777306009,
        "lon" : 8.659439125,
        "time" : "20140904T140144+0200"
      }, {
        "lat" : 49.8777891941,
        "lon" : 8.659678892,
        "time" : "20140904T140205+0200"
      }, {
        "lat" : 49.8778471696,
        "lon" : 8.6599149532,
        "time" : "20140904T140222+0200"
      }, {
        "lat" : 49.8778888489,
        "lon" : 8.6600879487,
        "time" : "20140904T140242+0200"
      }, {
        "lat" : 49.8779055074,
        "lon" : 8.6602121894,
        "time" : "20140904T140312+0200"
      }, {
        "lat" : 49.8779059545,
        "lon" : 8.6603736357,
        "time" : "20140904T140343+0200"
      }, {
        "lat" : 49.877906279,
        "lon" : 8.6604644598,
        "time" : "20140904T140403+0200"
      }, {
        "lat" : 49.8779070752,
        "lon" : 8.6605419247,
        "time" : "20140904T140423+0200"
      }, {
        "lat" : 49.8779127875,
        "lon" : 8.6606196739,
        "time" : "20140904T140443+0200"
      }, {
        "lat" : 49.8779643419,
        "lon" : 8.6607803141,
        "time" : "20140904T140505+0200"
      }, {
        "lat" : 49.878285823,
        "lon" : 8.6615965711,
        "time" : "20140904T140522+0200"
      }, {
        "lat" : 49.8785609139,
        "lon" : 8.6622924338,
        "time" : "20140904T140542+0200"
      }, {
        "lat" : 49.8786708641,
        "lon" : 8.662566005,
        "time" : "20140904T140603+0200"
      }, {
        "lat" : 49.8787135254,
        "lon" : 8.6626565832,
        "time" : "20140904T140623+0200"
      }, {
        "lat" : 49.8787958908,
        "lon" : 8.6627628431,
        "time" : "20140904T140645+0200"
      }, {
        "lat" : 49.8791526025,
        "lon" : 8.663178467,
        "time" : "20140904T140703+0200"
      }, {
        "lat" : 49.8796563451,
        "lon" : 8.663771267,
        "time" : "20140904T140736+0200"
      }, {
        "lat" : 49.8797902335,
        "lon" : 8.6639317745,
        "time" : "20140904T140751+0200"
      }, {
        "lat" : 49.8798895575,
        "lon" : 8.6640426954,
        "time" : "20140904T140811+0200"
      }, {
        "lat" : 49.8799949147,
        "lon" : 8.6641321058,
        "time" : "20140904T140831+0200"
      }, {
        "lat" : 49.8800929754,
        "lon" : 8.6642117303,
        "time" : "20140904T140852+0200"
      }, {
        "lat" : 49.8804467907,
        "lon" : 8.6645344165,
        "time" : "20140904T140922+0200"
      }, {
        "lat" : 49.8806736,
        "lon" : 8.6647454515,
        "time" : "20140904T140943+0200"
      }, {
        "lat" : 49.8808973061,
        "lon" : 8.664962024,
        "time" : "20140904T141005+0200"
      }, {
        "lat" : 49.8810531941,
        "lon" : 8.6651151691,
        "time" : "20140904T141023+0200"
      }, {
        "lat" : 49.8811765163,
        "lon" : 8.6652297117,
        "time" : "20140904T141043+0200"
      }, {
        "lat" : 49.8813275644,
        "lon" : 8.6653376397,
        "time" : "20140904T141104+0200"
      }, {
        "lat" : 49.8818415373,
        "lon" : 8.6656558749,
        "time" : "20140904T141124+0200"
      }, {
        "lat" : 49.8822401835,
        "lon" : 8.6659102223,
        "time" : "20140904T141144+0200"
      }, {
        "lat" : 49.8824048924,
        "lon" : 8.6660721003,
        "time" : "20140904T141206+0200"
      }, {
        "lat" : 49.8823799994,
        "lon" : 8.6664246484,
        "time" : "20140904T141244+0200"
      }, {
        "lat" : 49.8823845668,
        "lon" : 8.6666188241,
        "time" : "20140904T141302+0200"
      }, {
        "lat" : 49.8824020635,
        "lon" : 8.6669360469,
        "time" : "20140904T141322+0200"
      }, {
        "lat" : 49.8824354105,
        "lon" : 8.6676237841,
        "time" : "20140904T141343+0200"
      }, {
        "lat" : 49.8824336258,
        "lon" : 8.6689455379,
        "time" : "20140904T141403+0200"
      }, {
        "lat" : 49.8823505556,
        "lon" : 8.6693360435,
        "time" : "20140904T141422+0200"
      }, {
        "lat" : 49.8819996044,
        "lon" : 8.6702592175,
        "time" : "20140904T141459+0200"
      } ]
    } ],
    "lastUpdate" : "20140904T173348Z"
  }, {
    "type" : "place",
    "startTime" : "20140904T141459+0200",
    "endTime" : "20140904T221617+0200",
    "place" : {
      "id" : 251291724,
      "name" : "Home",
      "type" : "home",
      "location" : {
        "lat" : 49.8819996044,
        "lon" : 8.6702592175
      }
    },
    "activities" : [ {
      "activity" : "walking",
      "group" : "walking",
      "manual" : false,
      "startTime" : "20140904T141459+0200",
      "endTime" : "20140904T141707+0200",
      "duration" : 128.0,
      "distance" : 128.0,
      "steps" : 171,
      "trackPoints" : [ ]
    }, {
      "activity" : "walking",
      "group" : "walking",
      "manual" : false,
      "startTime" : "20140904T150240+0200",
      "endTime" : "20140904T150252+0200",
      "duration" : 12.0,
      "distance" : 8.0,
      "steps" : 16,
      "trackPoints" : [ ]
    }, {
      "activity" : "walking",
      "group" : "walking",
      "manual" : false,
      "startTime" : "20140904T164800+0200",
      "endTime" : "20140904T165243+0200",
      "duration" : 283.0,
      "distance" : 356.0,
      "steps" : 475,
      "trackPoints" : [ ]
    }, {
      "activity" : "walking",
      "group" : "walking",
      "manual" : false,
      "startTime" : "20140904T170000+0200",
      "endTime" : "20140904T170303+0200",
      "duration" : 183.0,
      "distance" : 262.0,
      "steps" : 350,
      "trackPoints" : [ ]
    }, {
      "activity" : "walking",
      "group" : "walking",
      "manual" : false,
      "startTime" : "20140904T180000+0200",
      "endTime" : "20140904T180119+0200",
      "duration" : 79.0,
      "distance" : 67.0,
      "steps" : 134,
      "trackPoints" : [ ]
    }, {
      "activity" : "walking",
      "group" : "walking",
      "manual" : false,
      "startTime" : "20140904T193211+0200",
      "endTime" : "20140904T193816+0200",
      "duration" : 365.0,
      "distance" : 479.0,
      "steps" : 639,
      "trackPoints" : [ ]
    }, {
      "activity" : "walking",
      "group" : "walking",
      "manual" : false,
      "startTime" : "20140904T221444+0200",
      "endTime" : "20140904T221457+0200",
      "duration" : 13.0,
      "distance" : 9.0,
      "steps" : 17,
      "trackPoints" : [ ]
    } ],
    "lastUpdate" : "20140904T220947Z"
  }, {
    "type" : "place",
    "startTime" : "20140904T222636+0200",
    "endTime" : "20140905T084656+0200",
    "place" : {
      "id" : 251291724,
      "name" : "Home",
      "type" : "home",
      "location" : {
        "lat" : 49.8819996044,
        "lon" : 8.6702592175
      }
    },
    "activities" : [ {
      "activity" : "walking",
      "group" : "walking",
      "manual" : false,
      "startTime" : "20140904T222842+0200",
      "endTime" : "20140904T222844+0200",
      "duration" : 2.0,
      "distance" : 2.0,
      "steps" : 3,
      "trackPoints" : [ ]
    }, {
      "activity" : "walking",
      "group" : "walking",
      "manual" : false,
      "startTime" : "20140904T230344+0200",
      "endTime" : "20140904T230437+0200",
      "duration" : 53.0,
      "distance" : 36.0,
      "steps" : 72,
      "trackPoints" : [ ]
    } ],
    "lastUpdate" : "20140905T082810Z"
  } ],
  "lastUpdate" : "20140905T082810Z"
} ]