[ {
  "date" : "20140716",
  "summary" : [ {
    "activity" : "walking",
    "group" : "walking",
    "duration" : 1256.0,
    "distance" : 1301.0,
    "steps" : 2077
  }, {
    "activity" : "transport",
    "group" : "transport",
    "duration" : 426.0,
    "distance" : 1064.0
  } ],
  "segments" : [ {
    "type" : "place",
    "startTime" : "20140715T194011+0200",
    "endTime" : "20140716T131458+0200",
    "place" : {
      "id" : 222568631,
      "type" : "unknown",
      "location" : {
        "lat" : 49.8819681239,
        "lon" : 8.6703339401
      }
    },
    "activities" : [ {
      "activity" : "walking",
      "group" : "walking",
      "manual" : false,
      "startTime" : "20140716T115611+0200",
      "endTime" : "20140716T115630+0200",
      "duration" : 19.0,
      "distance" : 13.0,
      "steps" : 26,
      "trackPoints" : [ ]
    }, {
      "activity" : "walking",
      "group" : "walking",
      "manual" : false,
      "startTime" : "20140716T120048+0200",
      "endTime" : "20140716T120143+0200",
      "duration" : 55.0,
      "distance" : 34.0,
      "steps" : 69,
      "trackPoints" : [ ]
    }, {
      "activity" : "walking",
      "group" : "walking",
      "manual" : false,
      "startTime" : "20140716T131345+0200",
      "endTime" : "20140716T131407+0200",
      "duration" : 22.0,
      "distance" : 15.0,
      "steps" : 29,
      "trackPoints" : [ ]
    } ],
    "lastUpdate" : "20140716T170044Z"
  }, {
    "type" : "move",
    "startTime" : "20140716T131458+0200",
    "endTime" : "20140716T133125+0200",
    "activities" : [ {
      "activity" : "walking",
      "group" : "walking",
      "manual" : false,
      "startTime" : "20140716T131458+0200",
      "endTime" : "20140716T131946+0200",
      "duration" : 288.0,
      "distance" : 322.0,
      "steps" : 538,
      "trackPoints" : [ {
        "lat" : 49.8819681239,
        "lon" : 8.6703339401,
        "time" : "20140716T131458+0200"
      }, {
        "lat" : 49.881971927,
        "lon" : 8.6701944861,
        "time" : "20140716T131518+0200"
      }, {
        "lat" : 49.8819780905,
        "lon" : 8.6701825295,
        "time" : "20140716T131544+0200"
      }, {
        "lat" : 49.8819844942,
        "lon" : 8.6701699561,
        "time" : "20140716T131559+0200"
      }, {
        "lat" : 49.8819918234,
        "lon" : 8.6701648681,
        "time" : "20140716T131618+0200"
      }, {
        "lat" : 49.8823028593,
        "lon" : 8.6664506023,
        "time" : "20140716T131946+0200"
      } ]
    }, {
      "activity" : "transport",
      "group" : "transport",
      "manual" : false,
      "startTime" : "20140716T131946+0200",
      "endTime" : "20140716T132652+0200",
      "duration" : 426.0,
      "distance" : 1064.0,
      "trackPoints" : [ {
        "lat" : 49.8823028593,
        "lon" : 8.6664506023,
        "time" : "20140716T131946+0200"
      }, {
        "lat" : 49.8823464129,
        "lon" : 8.6658233711,
        "time" : "20140716T132010+0200"
      }, {
        "lat" : 49.8823261086,
        "lon" : 8.6658126171,
        "time" : "20140716T132029+0200"
      }, {
        "lat" : 49.8823215855,
        "lon" : 8.6658104872,
        "time" : "20140716T132044+0200"
      }, {
        "lat" : 49.8823195235,
        "lon" : 8.6658095813,
        "time" : "20140716T132059+0200"
      }, {
        "lat" : 49.8823185369,
        "lon" : 8.6658091711,
        "time" : "20140716T132119+0200"
      }, {
        "lat" : 49.8823173022,
        "lon" : 8.6658087199,
        "time" : "20140716T132139+0200"
      }, {
        "lat" : 49.8801017317,
        "lon" : 8.6651637299,
        "time" : "20140716T132329+0200"
      }, {
        "lat" : 49.8800171857,
        "lon" : 8.6651593204,
        "time" : "20140716T132355+0200"
      }, {
        "lat" : 49.8760221876,
        "lon" : 8.6607885283,
        "time" : "20140716T132619+0200"
      }, {
        "lat" : 49.8755669349,
        "lon" : 8.6600245653,
        "time" : "20140716T132652+0200"
      } ]
    }, {
      "activity" : "walking",
      "group" : "walking",
      "manual" : false,
      "startTime" : "20140716T132652+0200",
      "endTime" : "20140716T133125+0200",
      "duration" : 273.0,
      "distance" : 424.0,
      "steps" : 534,
      "trackPoints" : [ {
        "lat" : 49.8755669349,
        "lon" : 8.6600245653,
        "time" : "20140716T132652+0200"
      }, {
        "lat" : 49.875259594,
        "lon" : 8.6590806073,
        "time" : "20140716T132752+0200"
      }, {
        "lat" : 49.8750876047,
        "lon" : 8.6586535619,
        "time" : "20140716T132830+0200"
      }, {
        "lat" : 49.8749746407,
        "lon" : 8.6585799166,
        "time" : "20140716T132850+0200"
      }, {
        "lat" : 49.8744977013,
        "lon" : 8.6586901942,
        "time" : "20140716T132919+0200"
      }, {
        "lat" : 49.8741035811,
        "lon" : 8.6588581788,
        "time" : "20140716T132943+0200"
      }, {
        "lat" : 49.8738882177,
        "lon" : 8.6593251872,
        "time" : "20140716T133008+0200"
      }, {
        "lat" : 49.8738873742,
        "lon" : 8.6601759283,
        "time" : "20140716T133032+0200"
      }, {
        "lat" : 49.8739342318,
        "lon" : 8.660420281,
        "time" : "20140716T133053+0200"
      }, {
        "lat" : 49.8734474315,
        "lon" : 8.6604081896,
        "time" : "20140716T133125+0200"
      } ]
    } ],
    "lastUpdate" : "20140716T170044Z"
  }, {
    "type" : "place",
    "startTime" : "20140716T133125+0200",
    "endTime" : "20140716T143940+0200",
    "place" : {
      "id" : 224376632,
      "type" : "unknown",
      "location" : {
        "lat" : 49.8734474315,
        "lon" : 8.6604081896
      }
    },
    "activities" : [ {
      "activity" : "walking",
      "group" : "walking",
      "manual" : false,
      "startTime" : "20140716T133125+0200",
      "endTime" : "20140716T133156+0200",
      "duration" : 31.0,
      "distance" : 21.0,
      "steps" : 42,
      "trackPoints" : [ ]
    }, {
      "activity" : "walking",
      "group" : "walking",
      "manual" : false,
      "startTime" : "20140716T141746+0200",
      "endTime" : "20140716T141803+0200",
      "duration" : 17.0,
      "distance" : 12.0,
      "steps" : 23,
      "trackPoints" : [ ]
    } ],
    "lastUpdate" : "20140716T170044Z"
  }, {
    "type" : "place",
    "startTime" : "20140716T173001+0200",
    "endTime" : "20140716T220149+0200",
    "place" : {
      "id" : 222568631,
      "type" : "unknown",
      "location" : {
        "lat" : 49.8819681239,
        "lon" : 8.6703339401
      }
    },
    "activities" : [ {
      "activity" : "walking",
      "group" : "walking",
      "manual" : false,
      "startTime" : "20140716T220145+0200",
      "endTime" : "20140716T220148+0200",
      "duration" : 3.0,
      "distance" : 2.0,
      "steps" : 4,
      "trackPoints" : [ ]
    } ],
    "lastUpdate" : "20140716T213323Z"
  }, {
    "type" : "move",
    "startTime" : "20140716T220149+0200",
    "endTime" : "20140716T220641+0200",
    "activities" : [ {
      "activity" : "walking",
      "group" : "walking",
      "manual" : false,
      "startTime" : "20140716T220149+0200",
      "endTime" : "20140716T220641+0200",
      "duration" : 292.0,
      "distance" : 212.0,
      "steps" : 381,
      "trackPoints" : [ {
        "lat" : 49.8819681239,
        "lon" : 8.6703339401,
        "time" : "20140716T220149+0200"
      }, {
        "lat" : 49.8819710785,
        "lon" : 8.6701648342,
        "time" : "20140716T220217+0200"
      }, {
        "lat" : 49.8819564005,
        "lon" : 8.6701876159,
        "time" : "20140716T220302+0200"
      }, {
        "lat" : 49.8819581457,
        "lon" : 8.6701842854,
        "time" : "20140716T220318+0200"
      }, {
        "lat" : 49.8819669206,
        "lon" : 8.6701712929,
        "time" : "20140716T220345+0200"
      }, {
        "lat" : 49.8819754692,
        "lon" : 8.6701587312,
        "time" : "20140716T220405+0200"
      }, {
        "lat" : 49.8819886292,
        "lon" : 8.6701396198,
        "time" : "20140716T220432+0200"
      }, {
        "lat" : 49.8819979801,
        "lon" : 8.6701253375,
        "time" : "20140716T220448+0200"
      }, {
        "lat" : 49.882011543,
        "lon" : 8.670103008,
        "time" : "20140716T220508+0200"
      }, {
        "lat" : 49.8826801171,
        "lon" : 8.6685927309,
        "time" : "20140716T220620+0200"
      }, {
        "lat" : 49.8829100725,
        "lon" : 8.6682008619,
        "time" : "20140716T220641+0200"
      } ]
    } ],
    "lastUpdate" : "20140716T213323Z"
  }, {
    "type" : "place",
    "startTime" : "20140716T220641+0200",
    "endTime" : "20140716T234305+0200",
    "place" : {
      "id" : 223509887,
      "type" : "unknown",
      "location" : {
        "lat" : 49.8829100725,
        "lon" : 8.6682008619
      }
    },
    "activities" : [ {
      "activity" : "walking",
      "group" : "walking",
      "manual" : false,
      "startTime" : "20140716T220641+0200",
      "endTime" : "20140716T220709+0200",
      "duration" : 28.0,
      "distance" : 19.0,
      "steps" : 37,
      "trackPoints" : [ ]
    }, {
      "activity" : "walking",
      "group" : "walking",
      "manual" : false,
      "startTime" : "20140716T230814+0200",
      "endTime" : "20140716T230846+0200",
      "duration" : 32.0,
      "distance" : 26.0,
      "steps" : 52,
      "trackPoints" : [ ]
    } ],
    "lastUpdate" : "20140716T230418Z"
  }, {
    "type" : "move",
    "startTime" : "20140716T234305+0200",
    "endTime" : "20140716T234612+0200",
    "activities" : [ {
      "activity" : "walking",
      "group" : "walking",
      "manual" : false,
      "startTime" : "20140716T234305+0200",
      "endTime" : "20140716T234612+0200",
      "duration" : 187.0,
      "distance" : 195.0,
      "steps" : 330,
      "trackPoints" : [ {
        "lat" : 49.8829100725,
        "lon" : 8.6682008619,
        "time" : "20140716T234305+0200"
      }, {
        "lat" : 49.8828364518,
        "lon" : 8.6684026572,
        "time" : "20140716T234335+0200"
      }, {
        "lat" : 49.8828242731,
        "lon" : 8.66844414,
        "time" : "20140716T234355+0200"
      }, {
        "lat" : 49.8828201138,
        "lon" : 8.6684753654,
        "time" : "20140716T234417+0200"
      }, {
        "lat" : 49.8827067507,
        "lon" : 8.6688048795,
        "time" : "20140716T234451+0200"
      }, {
        "lat" : 49.8825492171,
        "lon" : 8.66924235,
        "time" : "20140716T234512+0200"
      }, {
        "lat" : 49.8823343488,
        "lon" : 8.6698286742,
        "time" : "20140716T234532+0200"
      }, {
        "lat" : 49.8822186122,
        "lon" : 8.6700853286,
        "time" : "20140716T234550+0200"
      }, {
        "lat" : 49.8819681239,
        "lon" : 8.6703339401,
        "time" : "20140716T234612+0200"
      } ]
    } ],
    "lastUpdate" : "20140716T230418Z"
  }, {
    "type" : "place",
    "startTime" : "20140716T234612+0200",
    "endTime" : "20140717T134055+0200",
    "place" : {
      "id" : 222568631,
      "type" : "unknown",
      "location" : {
        "lat" : 49.8819681239,
        "lon" : 8.6703339401
      }
    },
    "activities" : [ {
      "activity" : "walking",
      "group" : "walking",
      "manual" : false,
      "startTime" : "20140716T234612+0200",
      "endTime" : "20140716T234621+0200",
      "duration" : 9.0,
      "distance" : 6.0,
      "steps" : 12,
      "trackPoints" : [ ]
    } ],
    "lastUpdate" : "20140717T152939Z"
  } ],
  "lastUpdate" : "20140717T152939Z"
} ]