[ {
  "date" : "20141106",
  "summary" : [ {
    "activity" : "walking",
    "group" : "walking",
    "duration" : 5988.0,
    "distance" : 6604.0,
    "steps" : 8874
  }, {
    "activity" : "transport",
    "group" : "transport",
    "duration" : 692.0,
    "distance" : 2592.0
  } ],
  "segments" : [ {
    "type" : "place",
    "startTime" : "20141105T134303+0100",
    "endTime" : "20141106T083041+0100",
    "place" : {
      "id" : 251291724,
      "name" : "Home",
      "type" : "home",
      "location" : {
        "lat" : 49.8819996044,
        "lon" : 8.6702592175
      }
    },
    "activities" : [ {
      "activity" : "walking",
      "group" : "walking",
      "manual" : false,
      "startTime" : "20141106T001939+0100",
      "endTime" : "20141106T002058+0100",
      "duration" : 79.0,
      "distance" : 53.0,
      "steps" : 105,
      "trackPoints" : [ ]
    }, {
      "activity" : "walking",
      "group" : "walking",
      "manual" : false,
      "startTime" : "20141106T081446+0100",
      "endTime" : "20141106T081516+0100",
      "duration" : 30.0,
      "distance" : 15.0,
      "steps" : 30,
      "trackPoints" : [ ]
    } ],
    "lastUpdate" : "20141106T090143Z"
  }, {
    "type" : "move",
    "startTime" : "20141106T083041+0100",
    "endTime" : "20141106T085513+0100",
    "activities" : [ {
      "activity" : "walking",
      "group" : "walking",
      "manual" : false,
      "startTime" : "20141106T083041+0100",
      "endTime" : "20141106T085513+0100",
      "duration" : 1472.0,
      "distance" : 1591.0,
      "steps" : 2253,
      "trackPoints" : [ {
        "lat" : 49.8819996044,
        "lon" : 8.6702592175,
        "time" : "20141106T083041+0100"
      }, {
        "lat" : 49.8820599085,
        "lon" : 8.6702078347,
        "time" : "20141106T083157+0100"
      }, {
        "lat" : 49.8821058427,
        "lon" : 8.6701671492,
        "time" : "20141106T083216+0100"
      }, {
        "lat" : 49.8821178882,
        "lon" : 8.6701110081,
        "time" : "20141106T083247+0100"
      }, {
        "lat" : 49.8821498296,
        "lon" : 8.6700413938,
        "time" : "20141106T083307+0100"
      }, {
        "lat" : 49.8823890483,
        "lon" : 8.6695420556,
        "time" : "20141106T083341+0100"
      }, {
        "lat" : 49.882463413,
        "lon" : 8.6692480866,
        "time" : "20141106T083401+0100"
      }, {
        "lat" : 49.8824947858,
        "lon" : 8.6689063294,
        "time" : "20141106T083423+0100"
      }, {
        "lat" : 49.8824504912,
        "lon" : 8.6680325744,
        "time" : "20141106T083454+0100"
      }, {
        "lat" : 49.8823703573,
        "lon" : 8.6669776433,
        "time" : "20141106T083529+0100"
      }, {
        "lat" : 49.8823906082,
        "lon" : 8.6665886834,
        "time" : "20141106T083550+0100"
      }, {
        "lat" : 49.8823623925,
        "lon" : 8.6662989508,
        "time" : "20141106T083610+0100"
      }, {
        "lat" : 49.8823136672,
        "lon" : 8.6660861274,
        "time" : "20141106T083630+0100"
      }, {
        "lat" : 49.8822575467,
        "lon" : 8.6659198078,
        "time" : "20141106T083650+0100"
      }, {
        "lat" : 49.8821865765,
        "lon" : 8.6658042697,
        "time" : "20141106T083710+0100"
      }, {
        "lat" : 49.8820911926,
        "lon" : 8.6657118821,
        "time" : "20141106T083730+0100"
      }, {
        "lat" : 49.8819846785,
        "lon" : 8.665629366,
        "time" : "20141106T083750+0100"
      }, {
        "lat" : 49.8819017247,
        "lon" : 8.6655734123,
        "time" : "20141106T083807+0100"
      }, {
        "lat" : 49.8818266441,
        "lon" : 8.6655233941,
        "time" : "20141106T083826+0100"
      }, {
        "lat" : 49.8813883778,
        "lon" : 8.6652039747,
        "time" : "20141106T083907+0100"
      }, {
        "lat" : 49.881084416,
        "lon" : 8.6649676758,
        "time" : "20141106T083927+0100"
      }, {
        "lat" : 49.8805231523,
        "lon" : 8.6645089061,
        "time" : "20141106T083957+0100"
      }, {
        "lat" : 49.880396149,
        "lon" : 8.664402839,
        "time" : "20141106T084017+0100"
      }, {
        "lat" : 49.880327669,
        "lon" : 8.6643393633,
        "time" : "20141106T084037+0100"
      }, {
        "lat" : 49.8802589766,
        "lon" : 8.6642757531,
        "time" : "20141106T084058+0100"
      }, {
        "lat" : 49.8798745632,
        "lon" : 8.6639201098,
        "time" : "20141106T084127+0100"
      }, {
        "lat" : 49.8796623383,
        "lon" : 8.6637167619,
        "time" : "20141106T084147+0100"
      }, {
        "lat" : 49.8792513231,
        "lon" : 8.6632559123,
        "time" : "20141106T084228+0100"
      }, {
        "lat" : 49.879107371,
        "lon" : 8.6630901433,
        "time" : "20141106T084248+0100"
      }, {
        "lat" : 49.8789848211,
        "lon" : 8.6629459212,
        "time" : "20141106T084308+0100"
      }, {
        "lat" : 49.8788916631,
        "lon" : 8.6628219852,
        "time" : "20141106T084328+0100"
      }, {
        "lat" : 49.8782828561,
        "lon" : 8.661871594,
        "time" : "20141106T084409+0100"
      }, {
        "lat" : 49.8781337515,
        "lon" : 8.6616256098,
        "time" : "20141106T084428+0100"
      }, {
        "lat" : 49.8780174531,
        "lon" : 8.661380357,
        "time" : "20141106T084501+0100"
      }, {
        "lat" : 49.8779917001,
        "lon" : 8.6613292879,
        "time" : "20141106T084522+0100"
      }, {
        "lat" : 49.877989493,
        "lon" : 8.6612850311,
        "time" : "20141106T084542+0100"
      }, {
        "lat" : 49.8779851118,
        "lon" : 8.6611568743,
        "time" : "20141106T084602+0100"
      }, {
        "lat" : 49.8779735801,
        "lon" : 8.6609368355,
        "time" : "20141106T084622+0100"
      }, {
        "lat" : 49.877959153,
        "lon" : 8.6607263233,
        "time" : "20141106T084642+0100"
      }, {
        "lat" : 49.877936747,
        "lon" : 8.660557238,
        "time" : "20141106T084702+0100"
      }, {
        "lat" : 49.8777072891,
        "lon" : 8.6592696268,
        "time" : "20141106T084741+0100"
      }, {
        "lat" : 49.8776416754,
        "lon" : 8.6588261475,
        "time" : "20141106T084801+0100"
      }, {
        "lat" : 49.8775995556,
        "lon" : 8.6584386021,
        "time" : "20141106T084825+0100"
      }, {
        "lat" : 49.877575286,
        "lon" : 8.6579034656,
        "time" : "20141106T084857+0100"
      }, {
        "lat" : 49.8775523164,
        "lon" : 8.6576630209,
        "time" : "20141106T084915+0100"
      }, {
        "lat" : 49.8774181926,
        "lon" : 8.6568757317,
        "time" : "20141106T084944+0100"
      }, {
        "lat" : 49.8773203965,
        "lon" : 8.6563813716,
        "time" : "20141106T085006+0100"
      }, {
        "lat" : 49.8772655288,
        "lon" : 8.6561216562,
        "time" : "20141106T085022+0100"
      }, {
        "lat" : 49.877222608,
        "lon" : 8.6556696767,
        "time" : "20141106T085043+0100"
      }, {
        "lat" : 49.877230731,
        "lon" : 8.655309923,
        "time" : "20141106T085104+0100"
      }, {
        "lat" : 49.8773035314,
        "lon" : 8.6551237494,
        "time" : "20141106T085124+0100"
      }, {
        "lat" : 49.8776649358,
        "lon" : 8.65472117,
        "time" : "20141106T085156+0100"
      }, {
        "lat" : 49.8777469625,
        "lon" : 8.6546276634,
        "time" : "20141106T085214+0100"
      }, {
        "lat" : 49.877748124,
        "lon" : 8.6545959936,
        "time" : "20141106T085235+0100"
      }, {
        "lat" : 49.8777093908,
        "lon" : 8.6545418463,
        "time" : "20141106T085256+0100"
      }, {
        "lat" : 49.8775704465,
        "lon" : 8.6544245573,
        "time" : "20141106T085322+0100"
      }, {
        "lat" : 49.8775353632,
        "lon" : 8.6544183179,
        "time" : "20141106T085339+0100"
      }, {
        "lat" : 49.8776047827,
        "lon" : 8.6544780899,
        "time" : "20141106T085414+0100"
      }, {
        "lat" : 49.8775891002,
        "lon" : 8.6544715948,
        "time" : "20141106T085431+0100"
      }, {
        "lat" : 49.877662904,
        "lon" : 8.654577692,
        "time" : "20141106T085513+0100"
      } ]
    } ],
    "lastUpdate" : "20141106T090143Z"
  }, {
    "type" : "place",
    "startTime" : "20141106T085513+0100",
    "endTime" : "20141106T092603+0100",
    "place" : {
      "id" : 223098012,
      "type" : "unknown",
      "location" : {
        "lat" : 49.877662904,
        "lon" : 8.654577692
      }
    },
    "lastUpdate" : "20141106T090143Z"
  }, {
    "type" : "move",
    "startTime" : "20141106T092603+0100",
    "endTime" : "20141106T093201+0100",
    "activities" : [ {
      "activity" : "walking",
      "group" : "walking",
      "manual" : false,
      "startTime" : "20141106T092603+0100",
      "endTime" : "20141106T093201+0100",
      "duration" : 358.0,
      "distance" : 560.0,
      "steps" : 466,
      "trackPoints" : [ {
        "lat" : 49.877662904,
        "lon" : 8.654577692,
        "time" : "20141106T092603+0100"
      }, {
        "lat" : 49.8775445288,
        "lon" : 8.654416769,
        "time" : "20141106T092631+0100"
      }, {
        "lat" : 49.8775001224,
        "lon" : 8.6543877398,
        "time" : "20141106T092651+0100"
      }, {
        "lat" : 49.8774366432,
        "lon" : 8.654340416,
        "time" : "20141106T092713+0100"
      }, {
        "lat" : 49.8773436259,
        "lon" : 8.6542222007,
        "time" : "20141106T092733+0100"
      }, {
        "lat" : 49.8769200582,
        "lon" : 8.6533000258,
        "time" : "20141106T092806+0100"
      }, {
        "lat" : 49.8767339116,
        "lon" : 8.6529821819,
        "time" : "20141106T092824+0100"
      }, {
        "lat" : 49.8762243935,
        "lon" : 8.6525531092,
        "time" : "20141106T092931+0100"
      }, {
        "lat" : 49.8761032116,
        "lon" : 8.6525961003,
        "time" : "20141106T092952+0100"
      }, {
        "lat" : 49.8755700357,
        "lon" : 8.6529223227,
        "time" : "20141106T093023+0100"
      }, {
        "lat" : 49.8755581801,
        "lon" : 8.6528052843,
        "time" : "20141106T093046+0100"
      }, {
        "lat" : 49.875919888,
        "lon" : 8.6517841233,
        "time" : "20141106T093116+0100"
      }, {
        "lat" : 49.8761545263,
        "lon" : 8.6511282439,
        "time" : "20141106T093136+0100"
      }, {
        "lat" : 49.8766118079,
        "lon" : 8.6503262206,
        "time" : "20141106T093201+0100"
      } ]
    } ],
    "lastUpdate" : "20141106T090143Z"
  }, {
    "type" : "place",
    "startTime" : "20141106T093201+0100",
    "endTime" : "20141106T095739+0100",
    "place" : {
      "id" : 275776470,
      "type" : "unknown",
      "location" : {
        "lat" : 49.8766118079,
        "lon" : 8.6503262206
      }
    },
    "activities" : [ {
      "activity" : "walking",
      "group" : "walking",
      "manual" : false,
      "startTime" : "20141106T093201+0100",
      "endTime" : "20141106T093239+0100",
      "duration" : 38.0,
      "distance" : 20.0,
      "steps" : 41,
      "trackPoints" : [ ]
    } ],
    "lastUpdate" : "20141106T102732Z"
  }, {
    "type" : "move",
    "startTime" : "20141106T095739+0100",
    "endTime" : "20141106T100142+0100",
    "activities" : [ {
      "activity" : "transport",
      "group" : "transport",
      "manual" : false,
      "startTime" : "20141106T095739+0100",
      "endTime" : "20141106T095910+0100",
      "duration" : 91.0,
      "distance" : 706.0,
      "trackPoints" : [ {
        "lat" : 49.8766118079,
        "lon" : 8.6503262206,
        "time" : "20141106T095739+0100"
      }, {
        "lat" : 49.8802488771,
        "lon" : 8.6504089482,
        "time" : "20141106T095820+0100"
      }, {
        "lat" : 49.8812238101,
        "lon" : 8.6489433805,
        "time" : "20141106T095843+0100"
      }, {
        "lat" : 49.8815273453,
        "lon" : 8.6479601336,
        "time" : "20141106T095910+0100"
      } ]
    }, {
      "activity" : "walking",
      "group" : "walking",
      "manual" : false,
      "startTime" : "20141106T095910+0100",
      "endTime" : "20141106T100143+0100",
      "duration" : 153.0,
      "distance" : 283.0,
      "steps" : 236,
      "trackPoints" : [ {
        "lat" : 49.8815273453,
        "lon" : 8.6479601336,
        "time" : "20141106T095910+0100"
      }, {
        "lat" : 49.8817997246,
        "lon" : 8.6462963223,
        "time" : "20141106T095959+0100"
      }, {
        "lat" : 49.8817997793,
        "lon" : 8.6462959881,
        "time" : "20141106T100000+0100"
      }, {
        "lat" : 49.8823617392,
        "lon" : 8.6428632917,
        "time" : "20141106T100142+0100"
      } ]
    } ],
    "lastUpdate" : "20141106T102732Z"
  }, {
    "type" : "place",
    "startTime" : "20141106T100142+0100",
    "endTime" : "20141106T103737+0100",
    "place" : {
      "id" : 237322693,
      "type" : "unknown",
      "location" : {
        "lat" : 49.8823617392,
        "lon" : 8.6428632917
      }
    },
    "activities" : [ {
      "activity" : "walking",
      "group" : "walking",
      "manual" : false,
      "startTime" : "20141106T101406+0100",
      "endTime" : "20141106T101843+0100",
      "duration" : 277.0,
      "distance" : 232.0,
      "steps" : 309,
      "trackPoints" : [ ]
    } ],
    "lastUpdate" : "20141106T122524Z"
  }, {
    "type" : "move",
    "startTime" : "20141106T103737+0100",
    "endTime" : "20141106T105631+0100",
    "activities" : [ {
      "activity" : "walking",
      "group" : "walking",
      "manual" : false,
      "startTime" : "20141106T103737+0100",
      "endTime" : "20141106T105631+0100",
      "duration" : 1134.0,
      "distance" : 1061.0,
      "steps" : 1786,
      "trackPoints" : [ {
        "lat" : 49.8823617392,
        "lon" : 8.6428632917,
        "time" : "20141106T103737+0100"
      }, {
        "lat" : 49.8822456323,
        "lon" : 8.6430724073,
        "time" : "20141106T103813+0100"
      }, {
        "lat" : 49.8822352788,
        "lon" : 8.6431905998,
        "time" : "20141106T103839+0100"
      }, {
        "lat" : 49.8822261401,
        "lon" : 8.6432653654,
        "time" : "20141106T103900+0100"
      }, {
        "lat" : 49.882240486,
        "lon" : 8.6432939793,
        "time" : "20141106T103920+0100"
      }, {
        "lat" : 49.8820674808,
        "lon" : 8.6436422392,
        "time" : "20141106T103950+0100"
      }, {
        "lat" : 49.8819250395,
        "lon" : 8.6439051924,
        "time" : "20141106T104010+0100"
      }, {
        "lat" : 49.8815586615,
        "lon" : 8.6444373603,
        "time" : "20141106T104050+0100"
      }, {
        "lat" : 49.8813571699,
        "lon" : 8.6446710864,
        "time" : "20141106T104111+0100"
      }, {
        "lat" : 49.8809369051,
        "lon" : 8.6448503449,
        "time" : "20141106T104155+0100"
      }, {
        "lat" : 49.8806128133,
        "lon" : 8.6448332838,
        "time" : "20141106T104221+0100"
      }, {
        "lat" : 49.8804717515,
        "lon" : 8.6448233563,
        "time" : "20141106T104240+0100"
      }, {
        "lat" : 49.8802669737,
        "lon" : 8.6447047856,
        "time" : "20141106T104311+0100"
      }, {
        "lat" : 49.8801199593,
        "lon" : 8.6446175669,
        "time" : "20141106T104331+0100"
      }, {
        "lat" : 49.8797488347,
        "lon" : 8.644424996,
        "time" : "20141106T104356+0100"
      }, {
        "lat" : 49.8794906126,
        "lon" : 8.6442863266,
        "time" : "20141106T104412+0100"
      }, {
        "lat" : 49.8792451887,
        "lon" : 8.6441306846,
        "time" : "20141106T104432+0100"
      }, {
        "lat" : 49.8789654895,
        "lon" : 8.6438781598,
        "time" : "20141106T104456+0100"
      }, {
        "lat" : 49.8786877396,
        "lon" : 8.6436537655,
        "time" : "20141106T104523+0100"
      }, {
        "lat" : 49.8787007562,
        "lon" : 8.6437756474,
        "time" : "20141106T104600+0100"
      }, {
        "lat" : 49.8786059603,
        "lon" : 8.643791552,
        "time" : "20141106T104620+0100"
      }, {
        "lat" : 49.8781308597,
        "lon" : 8.6437495015,
        "time" : "20141106T104653+0100"
      }, {
        "lat" : 49.8780333761,
        "lon" : 8.6437355452,
        "time" : "20141106T104713+0100"
      }, {
        "lat" : 49.8779933673,
        "lon" : 8.6437246351,
        "time" : "20141106T104730+0100"
      }, {
        "lat" : 49.877948211,
        "lon" : 8.6437072264,
        "time" : "20141106T104750+0100"
      }, {
        "lat" : 49.8778977843,
        "lon" : 8.643687118,
        "time" : "20141106T104821+0100"
      }, {
        "lat" : 49.8778936977,
        "lon" : 8.6436855145,
        "time" : "20141106T104841+0100"
      }, {
        "lat" : 49.8778876786,
        "lon" : 8.6436833425,
        "time" : "20141106T104904+0100"
      }, {
        "lat" : 49.8778832469,
        "lon" : 8.6436815235,
        "time" : "20141106T104924+0100"
      }, {
        "lat" : 49.8778822601,
        "lon" : 8.6436806797,
        "time" : "20141106T104945+0100"
      }, {
        "lat" : 49.8778860795,
        "lon" : 8.6436811818,
        "time" : "20141106T105005+0100"
      }, {
        "lat" : 49.8778990482,
        "lon" : 8.6436840691,
        "time" : "20141106T105025+0100"
      }, {
        "lat" : 49.8779223583,
        "lon" : 8.6436897447,
        "time" : "20141106T105045+0100"
      }, {
        "lat" : 49.8779562717,
        "lon" : 8.6436982403,
        "time" : "20141106T105105+0100"
      }, {
        "lat" : 49.8779922568,
        "lon" : 8.6437071702,
        "time" : "20141106T105125+0100"
      }, {
        "lat" : 49.8780884986,
        "lon" : 8.6437314765,
        "time" : "20141106T105143+0100"
      }, {
        "lat" : 49.878658085,
        "lon" : 8.6438736159,
        "time" : "20141106T105201+0100"
      }, {
        "lat" : 49.8788366204,
        "lon" : 8.6439130334,
        "time" : "20141106T105221+0100"
      }, {
        "lat" : 49.8788937416,
        "lon" : 8.643957097,
        "time" : "20141106T105251+0100"
      }, {
        "lat" : 49.8789412029,
        "lon" : 8.6440036323,
        "time" : "20141106T105311+0100"
      }, {
        "lat" : 49.879444621,
        "lon" : 8.6444836924,
        "time" : "20141106T105351+0100"
      }, {
        "lat" : 49.8796638264,
        "lon" : 8.6448029182,
        "time" : "20141106T105411+0100"
      }, {
        "lat" : 49.8800113808,
        "lon" : 8.6455817345,
        "time" : "20141106T105443+0100"
      }, {
        "lat" : 49.8800361494,
        "lon" : 8.6459144525,
        "time" : "20141106T105458+0100"
      }, {
        "lat" : 49.8800278599,
        "lon" : 8.6461069896,
        "time" : "20141106T105521+0100"
      }, {
        "lat" : 49.8800246679,
        "lon" : 8.6462813974,
        "time" : "20141106T105551+0100"
      }, {
        "lat" : 49.8800218438,
        "lon" : 8.6464374623,
        "time" : "20141106T105611+0100"
      }, {
        "lat" : 49.8800710534,
        "lon" : 8.6471457235,
        "time" : "20141106T105631+0100"
      } ]
    } ],
    "lastUpdate" : "20141106T122524Z"
  }, {
    "type" : "place",
    "startTime" : "20141106T105632+0100",
    "endTime" : "20141106T105857+0100",
    "place" : {
      "id" : 275793582,
      "type" : "unknown",
      "location" : {
        "lat" : 49.8800710534,
        "lon" : 8.6471457235
      }
    },
    "activities" : [ {
      "activity" : "walking",
      "group" : "walking",
      "manual" : false,
      "startTime" : "20141106T105856+0100",
      "endTime" : "20141106T105857+0100",
      "duration" : 1.0,
      "distance" : 1.0,
      "steps" : 1,
      "trackPoints" : [ ]
    } ],
    "lastUpdate" : "20141106T122524Z"
  }, {
    "type" : "move",
    "startTime" : "20141106T105857+0100",
    "endTime" : "20141106T113330+0100",
    "activities" : [ {
      "activity" : "walking",
      "group" : "walking",
      "manual" : false,
      "startTime" : "20141106T105857+0100",
      "endTime" : "20141106T111530+0100",
      "duration" : 993.0,
      "distance" : 1058.0,
      "steps" : 1622,
      "trackPoints" : [ {
        "lat" : 49.8800710534,
        "lon" : 8.6471457235,
        "time" : "20141106T105857+0100"
      }, {
        "lat" : 49.8800719708,
        "lon" : 8.6471951598,
        "time" : "20141106T105918+0100"
      }, {
        "lat" : 49.8800911091,
        "lon" : 8.6470796472,
        "time" : "20141106T105934+0100"
      }, {
        "lat" : 49.88003184,
        "lon" : 8.6469541003,
        "time" : "20141106T105958+0100"
      }, {
        "lat" : 49.8800296784,
        "lon" : 8.6469474431,
        "time" : "20141106T105959+0100"
      }, {
        "lat" : 49.8800296606,
        "lon" : 8.6469473884,
        "time" : "20141106T110000+0100"
      }, {
        "lat" : 49.8799962556,
        "lon" : 8.6468445091,
        "time" : "20141106T110018+0100"
      }, {
        "lat" : 49.8799726523,
        "lon" : 8.6462502661,
        "time" : "20141106T110059+0100"
      }, {
        "lat" : 49.8799306059,
        "lon" : 8.6458869053,
        "time" : "20141106T110119+0100"
      }, {
        "lat" : 49.8798271783,
        "lon" : 8.6452477137,
        "time" : "20141106T110139+0100"
      }, {
        "lat" : 49.8797219344,
        "lon" : 8.6448340183,
        "time" : "20141106T110159+0100"
      }, {
        "lat" : 49.8792409467,
        "lon" : 8.6443123955,
        "time" : "20141106T110237+0100"
      }, {
        "lat" : 49.8790366789,
        "lon" : 8.6441263893,
        "time" : "20141106T110257+0100"
      }, {
        "lat" : 49.8788311289,
        "lon" : 8.6439863015,
        "time" : "20141106T110327+0100"
      }, {
        "lat" : 49.8786972966,
        "lon" : 8.6439219876,
        "time" : "20141106T110348+0100"
      }, {
        "lat" : 49.8782037367,
        "lon" : 8.6437838007,
        "time" : "20141106T110422+0100"
      }, {
        "lat" : 49.877968464,
        "lon" : 8.643713859,
        "time" : "20141106T110442+0100"
      }, {
        "lat" : 49.8778597519,
        "lon" : 8.643679229,
        "time" : "20141106T110502+0100"
      }, {
        "lat" : 49.8777639111,
        "lon" : 8.6436458184,
        "time" : "20141106T110523+0100"
      }, {
        "lat" : 49.8777248277,
        "lon" : 8.6436311151,
        "time" : "20141106T110540+0100"
      }, {
        "lat" : 49.8777014734,
        "lon" : 8.6436221945,
        "time" : "20141106T110600+0100"
      }, {
        "lat" : 49.8776620762,
        "lon" : 8.6436067025,
        "time" : "20141106T110621+0100"
      }, {
        "lat" : 49.8775995282,
        "lon" : 8.643581922,
        "time" : "20141106T110641+0100"
      }, {
        "lat" : 49.8774357137,
        "lon" : 8.6435149208,
        "time" : "20141106T110658+0100"
      }, {
        "lat" : 49.8772696237,
        "lon" : 8.643456931,
        "time" : "20141106T110718+0100"
      }, {
        "lat" : 49.8768853046,
        "lon" : 8.6434206878,
        "time" : "20141106T110758+0100"
      }, {
        "lat" : 49.8766216292,
        "lon" : 8.6433943481,
        "time" : "20141106T110819+0100"
      }, {
        "lat" : 49.8758748634,
        "lon" : 8.6433086528,
        "time" : "20141106T110851+0100"
      }, {
        "lat" : 49.875689439,
        "lon" : 8.6433258374,
        "time" : "20141106T110906+0100"
      }, {
        "lat" : 49.8753533,
        "lon" : 8.643291347,
        "time" : "20141106T110930+0100"
      }, {
        "lat" : 49.8751736997,
        "lon" : 8.6432828521,
        "time" : "20141106T110951+0100"
      }, {
        "lat" : 49.8751054944,
        "lon" : 8.6433248603,
        "time" : "20141106T111011+0100"
      }, {
        "lat" : 49.875089947,
        "lon" : 8.6433680045,
        "time" : "20141106T111028+0100"
      }, {
        "lat" : 49.8750832429,
        "lon" : 8.6434009846,
        "time" : "20141106T111048+0100"
      }, {
        "lat" : 49.875028253,
        "lon" : 8.6434573657,
        "time" : "20141106T111119+0100"
      }, {
        "lat" : 49.8749484736,
        "lon" : 8.6434850583,
        "time" : "20141106T111139+0100"
      }, {
        "lat" : 49.874407635,
        "lon" : 8.6435520115,
        "time" : "20141106T111208+0100"
      }, {
        "lat" : 49.8739350972,
        "lon" : 8.643614128,
        "time" : "20141106T111238+0100"
      }, {
        "lat" : 49.8737353675,
        "lon" : 8.6436508661,
        "time" : "20141106T111258+0100"
      }, {
        "lat" : 49.8736160669,
        "lon" : 8.6436790746,
        "time" : "20141106T111318+0100"
      }, {
        "lat" : 49.8734026052,
        "lon" : 8.6437836924,
        "time" : "20141106T111348+0100"
      }, {
        "lat" : 49.873303362,
        "lon" : 8.6438436817,
        "time" : "20141106T111408+0100"
      }, {
        "lat" : 49.8732096935,
        "lon" : 8.6439675287,
        "time" : "20141106T111439+0100"
      }, {
        "lat" : 49.873143587,
        "lon" : 8.6440945598,
        "time" : "20141106T111459+0100"
      }, {
        "lat" : 49.8730676269,
        "lon" : 8.6442812741,
        "time" : "20141106T111530+0100"
      } ]
    }, {
      "activity" : "transport",
      "group" : "transport",
      "manual" : false,
      "startTime" : "20141106T111530+0100",
      "endTime" : "20141106T112531+0100",
      "duration" : 601.0,
      "distance" : 1886.0,
      "trackPoints" : [ {
        "lat" : 49.8730676269,
        "lon" : 8.6442812741,
        "time" : "20141106T111530+0100"
      }, {
        "lat" : 49.8723246587,
        "lon" : 8.6470606432,
        "time" : "20141106T111704+0100"
      }, {
        "lat" : 49.8723888679,
        "lon" : 8.6480221835,
        "time" : "20141106T111723+0100"
      }, {
        "lat" : 49.8728107874,
        "lon" : 8.649884515,
        "time" : "20141106T111753+0100"
      }, {
        "lat" : 49.8728686932,
        "lon" : 8.6503663533,
        "time" : "20141106T111811+0100"
      }, {
        "lat" : 49.8728586319,
        "lon" : 8.6504838247,
        "time" : "20141106T111831+0100"
      }, {
        "lat" : 49.8728568099,
        "lon" : 8.6505070444,
        "time" : "20141106T111851+0100"
      }, {
        "lat" : 49.8728558001,
        "lon" : 8.6505203797,
        "time" : "20141106T111911+0100"
      }, {
        "lat" : 49.8728549551,
        "lon" : 8.6505320483,
        "time" : "20141106T111931+0100"
      }, {
        "lat" : 49.8728543275,
        "lon" : 8.6505469901,
        "time" : "20141106T111951+0100"
      }, {
        "lat" : 49.8727325807,
        "lon" : 8.6547645759,
        "time" : "20141106T112011+0100"
      }, {
        "lat" : 49.8728456721,
        "lon" : 8.6551737914,
        "time" : "20141106T112032+0100"
      }, {
        "lat" : 49.8728640514,
        "lon" : 8.655275824,
        "time" : "20141106T112054+0100"
      }, {
        "lat" : 49.8739702721,
        "lon" : 8.6560206787,
        "time" : "20141106T112135+0100"
      }, {
        "lat" : 49.8749045505,
        "lon" : 8.657774297,
        "time" : "20141106T112203+0100"
      }, {
        "lat" : 49.8749892654,
        "lon" : 8.6579280938,
        "time" : "20141106T112223+0100"
      }, {
        "lat" : 49.8778939693,
        "lon" : 8.661483493,
        "time" : "20141106T112357+0100"
      }, {
        "lat" : 49.878074405,
        "lon" : 8.6615775193,
        "time" : "20141106T112413+0100"
      }, {
        "lat" : 49.8782025181,
        "lon" : 8.6617736185,
        "time" : "20141106T112429+0100"
      }, {
        "lat" : 49.8782008045,
        "lon" : 8.6617706484,
        "time" : "20141106T112449+0100"
      }, {
        "lat" : 49.8784041208,
        "lon" : 8.6621119173,
        "time" : "20141106T112509+0100"
      }, {
        "lat" : 49.8785825583,
        "lon" : 8.6623702058,
        "time" : "20141106T112531+0100"
      } ]
    }, {
      "activity" : "walking",
      "group" : "walking",
      "manual" : false,
      "startTime" : "20141106T112531+0100",
      "endTime" : "20141106T113330+0100",
      "duration" : 479.0,
      "distance" : 766.0,
      "steps" : 639,
      "trackPoints" : [ {
        "lat" : 49.8785825583,
        "lon" : 8.6623702058,
        "time" : "20141106T112531+0100"
      }, {
        "lat" : 49.8823140462,
        "lon" : 8.6660994157,
        "time" : "20141106T112609+0100"
      }, {
        "lat" : 49.8823365578,
        "lon" : 8.6661165876,
        "time" : "20141106T112629+0100"
      }, {
        "lat" : 49.8824976269,
        "lon" : 8.6663234657,
        "time" : "20141106T112652+0100"
      }, {
        "lat" : 49.8827337944,
        "lon" : 8.6667148752,
        "time" : "20141106T112722+0100"
      }, {
        "lat" : 49.8827488645,
        "lon" : 8.6670471126,
        "time" : "20141106T112740+0100"
      }, {
        "lat" : 49.8828521064,
        "lon" : 8.6679473216,
        "time" : "20141106T112810+0100"
      }, {
        "lat" : 49.882865784,
        "lon" : 8.6682090016,
        "time" : "20141106T112830+0100"
      }, {
        "lat" : 49.8825468529,
        "lon" : 8.6693099372,
        "time" : "20141106T112931+0100"
      }, {
        "lat" : 49.882396566,
        "lon" : 8.6697893947,
        "time" : "20141106T112953+0100"
      }, {
        "lat" : 49.8823043067,
        "lon" : 8.6700879149,
        "time" : "20141106T113010+0100"
      }, {
        "lat" : 49.8821689939,
        "lon" : 8.6703622789,
        "time" : "20141106T113030+0100"
      }, {
        "lat" : 49.8822182226,
        "lon" : 8.6702212341,
        "time" : "20141106T113100+0100"
      }, {
        "lat" : 49.8822216512,
        "lon" : 8.6701649936,
        "time" : "20141106T113120+0100"
      }, {
        "lat" : 49.8821842564,
        "lon" : 8.6701912176,
        "time" : "20141106T113143+0100"
      }, {
        "lat" : 49.8821651384,
        "lon" : 8.6702151856,
        "time" : "20141106T113158+0100"
      }, {
        "lat" : 49.8821598271,
        "lon" : 8.6702451779,
        "time" : "20141106T113218+0100"
      }, {
        "lat" : 49.8822021143,
        "lon" : 8.6703776536,
        "time" : "20141106T113309+0100"
      }, {
        "lat" : 49.8819996044,
        "lon" : 8.6702592175,
        "time" : "20141106T113330+0100"
      } ]
    } ],
    "lastUpdate" : "20141106T122524Z"
  }, {
    "type" : "place",
    "startTime" : "20141106T113330+0100",
    "endTime" : "20141107T091007+0100",
    "place" : {
      "id" : 251291724,
      "name" : "Home",
      "type" : "home",
      "location" : {
        "lat" : 49.8819996044,
        "lon" : 8.6702592175
      }
    },
    "activities" : [ {
      "activity" : "walking",
      "group" : "walking",
      "manual" : false,
      "startTime" : "20141106T113330+0100",
      "endTime" : "20141106T113436+0100",
      "duration" : 66.0,
      "distance" : 39.0,
      "steps" : 78,
      "trackPoints" : [ ]
    }, {
      "activity" : "walking",
      "group" : "walking",
      "manual" : false,
      "startTime" : "20141106T122008+0100",
      "endTime" : "20141106T122248+0100",
      "duration" : 160.0,
      "distance" : 162.0,
      "steps" : 216,
      "trackPoints" : [ ]
    }, {
      "activity" : "walking",
      "group" : "walking",
      "manual" : false,
      "startTime" : "20141106T130648+0100",
      "endTime" : "20141106T130959+0100",
      "duration" : 191.0,
      "distance" : 200.0,
      "steps" : 267,
      "trackPoints" : [ ]
    }, {
      "activity" : "walking",
      "group" : "walking",
      "manual" : false,
      "startTime" : "20141106T140000+0100",
      "endTime" : "20141106T140146+0100",
      "duration" : 106.0,
      "distance" : 73.0,
      "steps" : 146,
      "trackPoints" : [ ]
    }, {
      "activity" : "walking",
      "group" : "walking",
      "manual" : false,
      "startTime" : "20141106T161940+0100",
      "endTime" : "20141106T161945+0100",
      "duration" : 5.0,
      "distance" : 3.0,
      "steps" : 6,
      "trackPoints" : [ ]
    }, {
      "activity" : "walking",
      "group" : "walking",
      "manual" : false,
      "startTime" : "20141106T201219+0100",
      "endTime" : "20141106T201308+0100",
      "duration" : 49.0,
      "distance" : 26.0,
      "steps" : 52,
      "trackPoints" : [ ]
    }, {
      "activity" : "walking",
      "group" : "walking",
      "manual" : false,
      "startTime" : "20141106T214838+0100",
      "endTime" : "20141106T214853+0100",
      "duration" : 15.0,
      "distance" : 10.0,
      "steps" : 20,
      "trackPoints" : [ ]
    }, {
      "activity" : "walking",
      "group" : "walking",
      "manual" : false,
      "startTime" : "20141106T220307+0100",
      "endTime" : "20141106T220929+0100",
      "duration" : 382.0,
      "distance" : 451.0,
      "steps" : 601,
      "trackPoints" : [ ]
    } ],
    "lastUpdate" : "20141107T102734Z"
  } ],
  "lastUpdate" : "20141107T102734Z"
} ]